"","extreme_event","node","est","n","prob","iter"
"1","abl","economic_risk","low",59694,0.59694,1
"2","abl","economic_risk","medium",17265,0.17265,1
"3","abl","economic_risk","high",23041,0.23041,1
"4","abl","go_fishing","no",36014,0.36014,1
"5","abl","go_fishing","yes",63986,0.63986,1
"6","abl","individual_risk","low",33884,0.33884,1
"7","abl","individual_risk","medium",48145,0.48145,1
"8","abl","individual_risk","high",17971,0.17971,1
"9","abl","societal_risk","low",33884,0.33884,1
"10","abl","societal_risk","medium",58695,0.58695,1
"11","abl","societal_risk","high",7421,0.07421,1
"12","abl","strategy_to_change","cope",68407,0.68407,1
"13","abl","strategy_to_change","react",19084,0.19084,1
"14","abl","strategy_to_change","adapt",12509,0.12509,1
"15","hws","economic_risk","low",81368,0.81368,1
"16","hws","economic_risk","medium",9765,0.09765,1
"17","hws","economic_risk","high",8867,0.08867,1
"18","hws","go_fishing","no",8560,0.0856,1
"19","hws","go_fishing","yes",91440,0.9144,1
"20","hws","individual_risk","low",49280,0.4928,1
"21","hws","individual_risk","medium",42684,0.42684,1
"22","hws","individual_risk","high",8036,0.08036,1
"23","hws","societal_risk","low",49280,0.4928,1
"24","hws","societal_risk","medium",45366,0.45366,1
"25","hws","societal_risk","high",5354,0.05354,1
"26","hws","strategy_to_change","cope",21033,0.21033,1
"27","hws","strategy_to_change","react",50873,0.50873,1
"28","hws","strategy_to_change","adapt",28094,0.28094,1
"29","hww","economic_risk","low",73983,0.73983,1
"30","hww","economic_risk","medium",6857,0.06857,1
"31","hww","economic_risk","high",19160,0.1916,1
"32","hww","go_fishing","no",47706,0.47706,1
"33","hww","go_fishing","yes",52294,0.52294,1
"34","hww","individual_risk","low",38896,0.38896,1
"35","hww","individual_risk","medium",33032,0.33032,1
"36","hww","individual_risk","high",28072,0.28072,1
"37","hww","societal_risk","low",38896,0.38896,1
"38","hww","societal_risk","medium",44413,0.44413,1
"39","hww","societal_risk","high",16691,0.16691,1
"40","hww","strategy_to_change","cope",75289,0.75289,1
"41","hww","strategy_to_change","react",15594,0.15594,1
"42","hww","strategy_to_change","adapt",9117,0.09117,1
"43","gal","economic_risk","low",54331,0.54331,1
"44","gal","economic_risk","medium",17116,0.17116,1
"45","gal","economic_risk","high",28553,0.28553,1
"46","gal","go_fishing","no",18620,0.1862,1
"47","gal","go_fishing","yes",81380,0.8138,1
"48","gal","individual_risk","low",40530,0.4053,1
"49","gal","individual_risk","medium",40393,0.40393,1
"50","gal","individual_risk","high",19077,0.19077,1
"51","gal","societal_risk","low",40530,0.4053,1
"52","gal","societal_risk","medium",44064,0.44064,1
"53","gal","societal_risk","high",15406,0.15406,1
"54","gal","strategy_to_change","cope",62826,0.62826,1
"55","gal","strategy_to_change","react",31677,0.31677,1
"56","gal","strategy_to_change","adapt",5497,0.05497,1
"57","sto","economic_risk","low",65183,0.65183,1
"58","sto","economic_risk","medium",8863,0.08863,1
"59","sto","economic_risk","high",25954,0.25954,1
"60","sto","go_fishing","no",82353,0.82353,1
"61","sto","go_fishing","yes",17647,0.17647,1
"62","sto","individual_risk","low",12337,0.12337,1
"63","sto","individual_risk","medium",52625,0.52625,1
"64","sto","individual_risk","high",35038,0.35038,1
"65","sto","societal_risk","low",12337,0.12337,1
"66","sto","societal_risk","medium",67738,0.67738,1
"67","sto","societal_risk","high",19925,0.19925,1
"68","sto","strategy_to_change","cope",82353,0.82353,1
"69","sto","strategy_to_change","react",17647,0.17647,1
"70","erf","economic_risk","low",68917,0.68917,1
"71","erf","economic_risk","medium",7862,0.07862,1
"72","erf","economic_risk","high",23221,0.23221,1
"73","erf","go_fishing","no",68206,0.68206,1
"74","erf","go_fishing","yes",31794,0.31794,1
"75","erf","individual_risk","low",20779,0.20779,1
"76","erf","individual_risk","medium",51691,0.51691,1
"77","erf","individual_risk","high",27530,0.2753,1
"78","erf","societal_risk","low",20779,0.20779,1
"79","erf","societal_risk","medium",67175,0.67175,1
"80","erf","societal_risk","high",12046,0.12046,1
"81","erf","strategy_to_change","cope",100000,1,1
"82","ici","economic_risk","low",4922,0.04922,1
"83","ici","economic_risk","medium",8795,0.08795,1
"84","ici","economic_risk","high",26459,0.26459,1
"85","ici","economic_risk","not_relevant",59824,0.59824,1
"86","ici","go_fishing","no",55141,0.55141,1
"87","ici","go_fishing","yes",44859,0.44859,1
"88","ici","individual_risk","low",38,0.00038,1
"89","ici","individual_risk","medium",6938,0.06938,1
"90","ici","individual_risk","high",33200,0.332,1
"91","ici","individual_risk","not_relevant",59824,0.59824,1
"92","ici","societal_risk","low",38,0.00038,1
"93","ici","societal_risk","medium",22794,0.22794,1
"94","ici","societal_risk","high",17344,0.17344,1
"95","ici","societal_risk","not_relevant",59824,0.59824,1
"96","ici","strategy_to_change","not_relevant",59824,0.59824,1
"97","ici","strategy_to_change","cope",24981,0.24981,1
"98","ici","strategy_to_change","react",15195,0.15195,1
"99","abl","economic_risk","low",69490,0.6949,2
"100","abl","economic_risk","medium",9777,0.09777,2
"101","abl","economic_risk","high",20733,0.20733,2
"102","abl","go_fishing","no",36238,0.36238,2
"103","abl","go_fishing","yes",63762,0.63762,2
"104","abl","individual_risk","low",33958,0.33958,2
"105","abl","individual_risk","medium",47608,0.47608,2
"106","abl","individual_risk","high",18434,0.18434,2
"107","abl","societal_risk","low",33958,0.33958,2
"108","abl","societal_risk","medium",60572,0.60572,2
"109","abl","societal_risk","high",5470,0.0547,2
"110","abl","strategy_to_change","cope",67740,0.6774,2
"111","abl","strategy_to_change","react",12771,0.12771,2
"112","abl","strategy_to_change","adapt",19489,0.19489,2
"113","hws","economic_risk","low",81306,0.81306,2
"114","hws","economic_risk","medium",8441,0.08441,2
"115","hws","economic_risk","high",10253,0.10253,2
"116","hws","go_fishing","no",7268,0.07268,2
"117","hws","go_fishing","yes",92732,0.92732,2
"118","hws","individual_risk","low",49034,0.49034,2
"119","hws","individual_risk","medium",44230,0.4423,2
"120","hws","individual_risk","high",6736,0.06736,2
"121","hws","societal_risk","low",49034,0.49034,2
"122","hws","societal_risk","medium",47543,0.47543,2
"123","hws","societal_risk","high",3423,0.03423,2
"124","hws","strategy_to_change","cope",13931,0.13931,2
"125","hws","strategy_to_change","react",50336,0.50336,2
"126","hws","strategy_to_change","adapt",35733,0.35733,2
"127","hww","economic_risk","low",81198,0.81198,2
"128","hww","economic_risk","medium",2108,0.02108,2
"129","hww","economic_risk","high",16694,0.16694,2
"130","hww","go_fishing","no",34983,0.34983,2
"131","hww","go_fishing","yes",65017,0.65017,2
"132","hww","individual_risk","low",41724,0.41724,2
"133","hww","individual_risk","medium",34607,0.34607,2
"134","hww","individual_risk","high",23669,0.23669,2
"135","hww","societal_risk","low",41724,0.41724,2
"136","hww","societal_risk","medium",48902,0.48902,2
"137","hww","societal_risk","high",9374,0.09374,2
"138","hww","strategy_to_change","cope",68255,0.68255,2
"139","hww","strategy_to_change","react",12902,0.12902,2
"140","hww","strategy_to_change","adapt",18843,0.18843,2
"141","gal","economic_risk","low",47853,0.47853,2
"142","gal","economic_risk","medium",19972,0.19972,2
"143","gal","economic_risk","high",32175,0.32175,2
"144","gal","go_fishing","no",21430,0.2143,2
"145","gal","go_fishing","yes",78570,0.7857,2
"146","gal","individual_risk","low",40093,0.40093,2
"147","gal","individual_risk","medium",41789,0.41789,2
"148","gal","individual_risk","high",18118,0.18118,2
"149","gal","societal_risk","low",40093,0.40093,2
"150","gal","societal_risk","medium",46740,0.4674,2
"151","gal","societal_risk","high",13167,0.13167,2
"152","gal","strategy_to_change","cope",55146,0.55146,2
"153","gal","strategy_to_change","react",39114,0.39114,2
"154","gal","strategy_to_change","adapt",5740,0.0574,2
"155","sto","economic_risk","low",70148,0.70148,2
"156","sto","economic_risk","medium",5844,0.05844,2
"157","sto","economic_risk","high",24008,0.24008,2
"158","sto","go_fishing","no",79180,0.7918,2
"159","sto","go_fishing","yes",20820,0.2082,2
"160","sto","individual_risk","low",14131,0.14131,2
"161","sto","individual_risk","medium",49677,0.49677,2
"162","sto","individual_risk","high",36192,0.36192,2
"163","sto","societal_risk","low",14131,0.14131,2
"164","sto","societal_risk","medium",67619,0.67619,2
"165","sto","societal_risk","high",18250,0.1825,2
"166","sto","strategy_to_change","cope",79180,0.7918,2
"167","sto","strategy_to_change","react",20820,0.2082,2
"168","erf","economic_risk","low",72473,0.72473,2
"169","erf","economic_risk","medium",5206,0.05206,2
"170","erf","economic_risk","high",22321,0.22321,2
"171","erf","go_fishing","no",69706,0.69706,2
"172","erf","go_fishing","yes",30294,0.30294,2
"173","erf","individual_risk","low",17792,0.17792,2
"174","erf","individual_risk","medium",47445,0.47445,2
"175","erf","individual_risk","high",34763,0.34763,2
"176","erf","societal_risk","low",17792,0.17792,2
"177","erf","societal_risk","medium",65164,0.65164,2
"178","erf","societal_risk","high",17044,0.17044,2
"179","erf","strategy_to_change","cope",100000,1,2
"180","ici","economic_risk","low",2565,0.02565,2
"181","ici","economic_risk","medium",9677,0.09677,2
"182","ici","economic_risk","high",27783,0.27783,2
"183","ici","economic_risk","not_relevant",59975,0.59975,2
"184","ici","go_fishing","no",52725,0.52725,2
"185","ici","go_fishing","yes",47275,0.47275,2
"186","ici","individual_risk","low",5,5e-05,2
"187","ici","individual_risk","medium",4502,0.04502,2
"188","ici","individual_risk","high",35518,0.35518,2
"189","ici","individual_risk","not_relevant",59975,0.59975,2
"190","ici","societal_risk","low",5,5e-05,2
"191","ici","societal_risk","medium",21537,0.21537,2
"192","ici","societal_risk","high",18483,0.18483,2
"193","ici","societal_risk","not_relevant",59975,0.59975,2
"194","ici","strategy_to_change","not_relevant",59975,0.59975,2
"195","ici","strategy_to_change","cope",22619,0.22619,2
"196","ici","strategy_to_change","react",17406,0.17406,2
"197","abl","economic_risk","low",71309,0.71309,3
"198","abl","economic_risk","medium",8454,0.08454,3
"199","abl","economic_risk","high",20237,0.20237,3
"200","abl","go_fishing","no",39089,0.39089,3
"201","abl","go_fishing","yes",60911,0.60911,3
"202","abl","individual_risk","low",33451,0.33451,3
"203","abl","individual_risk","medium",46280,0.4628,3
"204","abl","individual_risk","high",20269,0.20269,3
"205","abl","societal_risk","low",33451,0.33451,3
"206","abl","societal_risk","medium",59855,0.59855,3
"207","abl","societal_risk","high",6694,0.06694,3
"208","abl","strategy_to_change","cope",72650,0.7265,3
"209","abl","strategy_to_change","react",5935,0.05935,3
"210","abl","strategy_to_change","adapt",21415,0.21415,3
"211","hws","economic_risk","low",83646,0.83646,3
"212","hws","economic_risk","medium",7018,0.07018,3
"213","hws","economic_risk","high",9336,0.09336,3
"214","hws","go_fishing","no",9870,0.0987,3
"215","hws","go_fishing","yes",90130,0.9013,3
"216","hws","individual_risk","low",48361,0.48361,3
"217","hws","individual_risk","medium",44407,0.44407,3
"218","hws","individual_risk","high",7232,0.07232,3
"219","hws","societal_risk","low",48361,0.48361,3
"220","hws","societal_risk","medium",48042,0.48042,3
"221","hws","societal_risk","high",3597,0.03597,3
"222","hws","strategy_to_change","cope",22461,0.22461,3
"223","hws","strategy_to_change","react",43281,0.43281,3
"224","hws","strategy_to_change","adapt",34258,0.34258,3
"225","hww","economic_risk","low",75739,0.75739,3
"226","hww","economic_risk","medium",3449,0.03449,3
"227","hww","economic_risk","high",20812,0.20812,3
"228","hww","go_fishing","no",38681,0.38681,3
"229","hww","go_fishing","yes",61319,0.61319,3
"230","hww","individual_risk","low",44204,0.44204,3
"231","hww","individual_risk","medium",27474,0.27474,3
"232","hww","individual_risk","high",28322,0.28322,3
"233","hww","societal_risk","low",44204,0.44204,3
"234","hww","societal_risk","medium",45222,0.45222,3
"235","hww","societal_risk","high",10574,0.10574,3
"236","hww","strategy_to_change","cope",71344,0.71344,3
"237","hww","strategy_to_change","react",14561,0.14561,3
"238","hww","strategy_to_change","adapt",14095,0.14095,3
"239","gal","economic_risk","low",44506,0.44506,3
"240","gal","economic_risk","medium",20878,0.20878,3
"241","gal","economic_risk","high",34616,0.34616,3
"242","gal","go_fishing","no",11810,0.1181,3
"243","gal","go_fishing","yes",88190,0.8819,3
"244","gal","individual_risk","low",50401,0.50401,3
"245","gal","individual_risk","medium",36635,0.36635,3
"246","gal","individual_risk","high",12964,0.12964,3
"247","gal","societal_risk","low",50401,0.50401,3
"248","gal","societal_risk","medium",39627,0.39627,3
"249","gal","societal_risk","high",9972,0.09972,3
"250","gal","strategy_to_change","cope",53583,0.53583,3
"251","gal","strategy_to_change","react",42221,0.42221,3
"252","gal","strategy_to_change","adapt",4196,0.04196,3
"253","sto","economic_risk","low",69299,0.69299,3
"254","sto","economic_risk","medium",6402,0.06402,3
"255","sto","economic_risk","high",24299,0.24299,3
"256","sto","go_fishing","no",81545,0.81545,3
"257","sto","go_fishing","yes",18455,0.18455,3
"258","sto","individual_risk","low",12672,0.12672,3
"259","sto","individual_risk","medium",50244,0.50244,3
"260","sto","individual_risk","high",37084,0.37084,3
"261","sto","societal_risk","low",12672,0.12672,3
"262","sto","societal_risk","medium",72028,0.72028,3
"263","sto","societal_risk","high",15300,0.153,3
"264","sto","strategy_to_change","cope",81545,0.81545,3
"265","sto","strategy_to_change","react",18455,0.18455,3
"266","erf","economic_risk","low",49389,0.49389,3
"267","erf","economic_risk","medium",7156,0.07156,3
"268","erf","economic_risk","high",43455,0.43455,3
"269","erf","go_fishing","no",49338,0.49338,3
"270","erf","go_fishing","yes",50662,0.50662,3
"271","erf","individual_risk","low",31488,0.31488,3
"272","erf","individual_risk","medium",41287,0.41287,3
"273","erf","individual_risk","high",27225,0.27225,3
"274","erf","societal_risk","low",31488,0.31488,3
"275","erf","societal_risk","medium",58044,0.58044,3
"276","erf","societal_risk","high",10468,0.10468,3
"277","erf","strategy_to_change","cope",100000,1,3
"278","ici","economic_risk","low",5647,0.05647,3
"279","ici","economic_risk","medium",8087,0.08087,3
"280","ici","economic_risk","high",26180,0.2618,3
"281","ici","economic_risk","not_relevant",60086,0.60086,3
"282","ici","go_fishing","no",55795,0.55795,3
"283","ici","go_fishing","yes",44205,0.44205,3
"284","ici","individual_risk","low",24,0.00024,3
"285","ici","individual_risk","medium",7873,0.07873,3
"286","ici","individual_risk","high",32017,0.32017,3
"287","ici","individual_risk","not_relevant",60086,0.60086,3
"288","ici","societal_risk","low",24,0.00024,3
"289","ici","societal_risk","medium",24671,0.24671,3
"290","ici","societal_risk","high",15219,0.15219,3
"291","ici","societal_risk","not_relevant",60086,0.60086,3
"292","ici","strategy_to_change","not_relevant",60086,0.60086,3
"293","ici","strategy_to_change","cope",25688,0.25688,3
"294","ici","strategy_to_change","react",14226,0.14226,3
"295","abl","economic_risk","low",70879,0.70879,4
"296","abl","economic_risk","medium",9594,0.09594,4
"297","abl","economic_risk","high",19527,0.19527,4
"298","abl","go_fishing","no",34742,0.34742,4
"299","abl","go_fishing","yes",65258,0.65258,4
"300","abl","individual_risk","low",35554,0.35554,4
"301","abl","individual_risk","medium",46590,0.4659,4
"302","abl","individual_risk","high",17856,0.17856,4
"303","abl","societal_risk","low",35554,0.35554,4
"304","abl","societal_risk","medium",57772,0.57772,4
"305","abl","societal_risk","high",6674,0.06674,4
"306","abl","strategy_to_change","cope",64597,0.64597,4
"307","abl","strategy_to_change","react",13841,0.13841,4
"308","abl","strategy_to_change","adapt",21562,0.21562,4
"309","hws","economic_risk","low",84574,0.84574,4
"310","hws","economic_risk","medium",7803,0.07803,4
"311","hws","economic_risk","high",7623,0.07623,4
"312","hws","go_fishing","no",11512,0.11512,4
"313","hws","go_fishing","yes",88488,0.88488,4
"314","hws","individual_risk","low",48098,0.48098,4
"315","hws","individual_risk","medium",43613,0.43613,4
"316","hws","individual_risk","high",8289,0.08289,4
"317","hws","societal_risk","low",48098,0.48098,4
"318","hws","societal_risk","medium",46796,0.46796,4
"319","hws","societal_risk","high",5106,0.05106,4
"320","hws","strategy_to_change","cope",26242,0.26242,4
"321","hws","strategy_to_change","react",46068,0.46068,4
"322","hws","strategy_to_change","adapt",27690,0.2769,4
"323","hww","economic_risk","low",74505,0.74505,4
"324","hww","economic_risk","medium",4350,0.0435,4
"325","hww","economic_risk","high",21145,0.21145,4
"326","hww","go_fishing","no",50663,0.50663,4
"327","hww","go_fishing","yes",49337,0.49337,4
"328","hww","individual_risk","low",35493,0.35493,4
"329","hww","individual_risk","medium",36967,0.36967,4
"330","hww","individual_risk","high",27540,0.2754,4
"331","hww","societal_risk","low",35493,0.35493,4
"332","hww","societal_risk","medium",52410,0.5241,4
"333","hww","societal_risk","high",12097,0.12097,4
"334","hww","strategy_to_change","cope",80930,0.8093,4
"335","hww","strategy_to_change","react",11573,0.11573,4
"336","hww","strategy_to_change","adapt",7497,0.07497,4
"337","gal","economic_risk","low",50345,0.50345,4
"338","gal","economic_risk","medium",19941,0.19941,4
"339","gal","economic_risk","high",29714,0.29714,4
"340","gal","go_fishing","no",23017,0.23017,4
"341","gal","go_fishing","yes",76983,0.76983,4
"342","gal","individual_risk","low",40990,0.4099,4
"343","gal","individual_risk","medium",42837,0.42837,4
"344","gal","individual_risk","high",16173,0.16173,4
"345","gal","societal_risk","low",40990,0.4099,4
"346","gal","societal_risk","medium",46632,0.46632,4
"347","gal","societal_risk","high",12378,0.12378,4
"348","gal","strategy_to_change","cope",56833,0.56833,4
"349","gal","strategy_to_change","react",37087,0.37087,4
"350","gal","strategy_to_change","adapt",6080,0.0608,4
"351","sto","economic_risk","low",70060,0.7006,4
"352","sto","economic_risk","medium",6662,0.06662,4
"353","sto","economic_risk","high",23278,0.23278,4
"354","sto","go_fishing","no",79071,0.79071,4
"355","sto","go_fishing","yes",20929,0.20929,4
"356","sto","individual_risk","low",12492,0.12492,4
"357","sto","individual_risk","medium",58157,0.58157,4
"358","sto","individual_risk","high",29351,0.29351,4
"359","sto","societal_risk","low",12492,0.12492,4
"360","sto","societal_risk","medium",73615,0.73615,4
"361","sto","societal_risk","high",13893,0.13893,4
"362","sto","strategy_to_change","cope",79071,0.79071,4
"363","sto","strategy_to_change","react",20929,0.20929,4
"364","erf","economic_risk","low",64988,0.64988,4
"365","erf","economic_risk","medium",6517,0.06517,4
"366","erf","economic_risk","high",28495,0.28495,4
"367","erf","go_fishing","no",61476,0.61476,4
"368","erf","go_fishing","yes",38524,0.38524,4
"369","erf","individual_risk","low",24269,0.24269,4
"370","erf","individual_risk","medium",49434,0.49434,4
"371","erf","individual_risk","high",26297,0.26297,4
"372","erf","societal_risk","low",24269,0.24269,4
"373","erf","societal_risk","medium",65096,0.65096,4
"374","erf","societal_risk","high",10635,0.10635,4
"375","erf","strategy_to_change","cope",100000,1,4
"376","ici","economic_risk","low",3270,0.0327,4
"377","ici","economic_risk","medium",9777,0.09777,4
"378","ici","economic_risk","high",27157,0.27157,4
"379","ici","economic_risk","not_relevant",59796,0.59796,4
"380","ici","go_fishing","no",53107,0.53107,4
"381","ici","go_fishing","yes",46893,0.46893,4
"382","ici","individual_risk","medium",5228,0.05228,4
"383","ici","individual_risk","high",34976,0.34976,4
"384","ici","individual_risk","not_relevant",59796,0.59796,4
"385","ici","societal_risk","medium",21198,0.21198,4
"386","ici","societal_risk","high",19006,0.19006,4
"387","ici","societal_risk","not_relevant",59796,0.59796,4
"388","ici","strategy_to_change","not_relevant",59796,0.59796,4
"389","ici","strategy_to_change","cope",23468,0.23468,4
"390","ici","strategy_to_change","react",16736,0.16736,4
"391","abl","economic_risk","low",64560,0.6456,5
"392","abl","economic_risk","medium",13575,0.13575,5
"393","abl","economic_risk","high",21865,0.21865,5
"394","abl","go_fishing","no",34876,0.34876,5
"395","abl","go_fishing","yes",65124,0.65124,5
"396","abl","individual_risk","low",30672,0.30672,5
"397","abl","individual_risk","medium",50783,0.50783,5
"398","abl","individual_risk","high",18545,0.18545,5
"399","abl","societal_risk","low",30672,0.30672,5
"400","abl","societal_risk","medium",62786,0.62786,5
"401","abl","societal_risk","high",6542,0.06542,5
"402","abl","strategy_to_change","cope",72100,0.721,5
"403","abl","strategy_to_change","react",18441,0.18441,5
"404","abl","strategy_to_change","adapt",9459,0.09459,5
"405","hws","economic_risk","low",85613,0.85613,5
"406","hws","economic_risk","medium",6207,0.06207,5
"407","hws","economic_risk","high",8180,0.0818,5
"408","hws","go_fishing","no",13917,0.13917,5
"409","hws","go_fishing","yes",86083,0.86083,5
"410","hws","individual_risk","low",43159,0.43159,5
"411","hws","individual_risk","medium",47814,0.47814,5
"412","hws","individual_risk","high",9027,0.09027,5
"413","hws","societal_risk","low",43159,0.43159,5
"414","hws","societal_risk","medium",51866,0.51866,5
"415","hws","societal_risk","high",4975,0.04975,5
"416","hws","strategy_to_change","cope",23230,0.2323,5
"417","hws","strategy_to_change","react",43785,0.43785,5
"418","hws","strategy_to_change","adapt",32985,0.32985,5
"419","hww","economic_risk","low",79765,0.79765,5
"420","hww","economic_risk","medium",2464,0.02464,5
"421","hww","economic_risk","high",17771,0.17771,5
"422","hww","go_fishing","no",45369,0.45369,5
"423","hww","go_fishing","yes",54631,0.54631,5
"424","hww","individual_risk","low",39111,0.39111,5
"425","hww","individual_risk","medium",38555,0.38555,5
"426","hww","individual_risk","high",22334,0.22334,5
"427","hww","societal_risk","low",39111,0.39111,5
"428","hww","societal_risk","medium",53040,0.5304,5
"429","hww","societal_risk","high",7849,0.07849,5
"430","hww","strategy_to_change","cope",75733,0.75733,5
"431","hww","strategy_to_change","react",17180,0.1718,5
"432","hww","strategy_to_change","adapt",7087,0.07087,5
"433","gal","economic_risk","low",57520,0.5752,5
"434","gal","economic_risk","medium",15266,0.15266,5
"435","gal","economic_risk","high",27214,0.27214,5
"436","gal","go_fishing","no",23778,0.23778,5
"437","gal","go_fishing","yes",76222,0.76222,5
"438","gal","individual_risk","low",36448,0.36448,5
"439","gal","individual_risk","medium",45345,0.45345,5
"440","gal","individual_risk","high",18207,0.18207,5
"441","gal","societal_risk","low",36448,0.36448,5
"442","gal","societal_risk","medium",50830,0.5083,5
"443","gal","societal_risk","high",12722,0.12722,5
"444","gal","strategy_to_change","cope",57343,0.57343,5
"445","gal","strategy_to_change","react",38519,0.38519,5
"446","gal","strategy_to_change","adapt",4138,0.04138,5
"447","sto","economic_risk","low",72793,0.72793,5
"448","sto","economic_risk","medium",4941,0.04941,5
"449","sto","economic_risk","high",22266,0.22266,5
"450","sto","go_fishing","no",79500,0.795,5
"451","sto","go_fishing","yes",20500,0.205,5
"452","sto","individual_risk","low",12296,0.12296,5
"453","sto","individual_risk","medium",62033,0.62033,5
"454","sto","individual_risk","high",25671,0.25671,5
"455","sto","societal_risk","low",12296,0.12296,5
"456","sto","societal_risk","medium",78082,0.78082,5
"457","sto","societal_risk","high",9622,0.09622,5
"458","sto","strategy_to_change","cope",79500,0.795,5
"459","sto","strategy_to_change","react",20500,0.205,5
"460","erf","economic_risk","low",74823,0.74823,5
"461","erf","economic_risk","medium",3885,0.03885,5
"462","erf","economic_risk","high",21292,0.21292,5
"463","erf","go_fishing","no",69569,0.69569,5
"464","erf","go_fishing","yes",30431,0.30431,5
"465","erf","individual_risk","low",19985,0.19985,5
"466","erf","individual_risk","medium",54445,0.54445,5
"467","erf","individual_risk","high",25570,0.2557,5
"468","erf","societal_risk","low",19985,0.19985,5
"469","erf","societal_risk","medium",70469,0.70469,5
"470","erf","societal_risk","high",9546,0.09546,5
"471","erf","strategy_to_change","cope",100000,1,5
"472","ici","economic_risk","low",5941,0.05941,5
"473","ici","economic_risk","medium",9047,0.09047,5
"474","ici","economic_risk","high",24933,0.24933,5
"475","ici","economic_risk","not_relevant",60079,0.60079,5
"476","ici","go_fishing","no",55923,0.55923,5
"477","ici","go_fishing","yes",44077,0.44077,5
"478","ici","individual_risk","low",17,0.00017,5
"479","ici","individual_risk","medium",7185,0.07185,5
"480","ici","individual_risk","high",32719,0.32719,5
"481","ici","individual_risk","not_relevant",60079,0.60079,5
"482","ici","societal_risk","low",17,0.00017,5
"483","ici","societal_risk","medium",23483,0.23483,5
"484","ici","societal_risk","high",16421,0.16421,5
"485","ici","societal_risk","not_relevant",60079,0.60079,5
"486","ici","strategy_to_change","not_relevant",60079,0.60079,5
"487","ici","strategy_to_change","cope",25859,0.25859,5
"488","ici","strategy_to_change","react",14062,0.14062,5
"489","abl","economic_risk","low",62789,0.62789,6
"490","abl","economic_risk","medium",14205,0.14205,6
"491","abl","economic_risk","high",23006,0.23006,6
"492","abl","go_fishing","no",36000,0.36,6
"493","abl","go_fishing","yes",64000,0.64,6
"494","abl","individual_risk","low",36075,0.36075,6
"495","abl","individual_risk","medium",46075,0.46075,6
"496","abl","individual_risk","high",17850,0.1785,6
"497","abl","societal_risk","low",36075,0.36075,6
"498","abl","societal_risk","medium",56971,0.56971,6
"499","abl","societal_risk","high",6954,0.06954,6
"500","abl","strategy_to_change","cope",68023,0.68023,6
"501","abl","strategy_to_change","react",20586,0.20586,6
"502","abl","strategy_to_change","adapt",11391,0.11391,6
"503","hws","economic_risk","low",81862,0.81862,6
"504","hws","economic_risk","medium",9339,0.09339,6
"505","hws","economic_risk","high",8799,0.08799,6
"506","hws","go_fishing","no",11444,0.11444,6
"507","hws","go_fishing","yes",88556,0.88556,6
"508","hws","individual_risk","low",48729,0.48729,6
"509","hws","individual_risk","medium",44970,0.4497,6
"510","hws","individual_risk","high",6301,0.06301,6
"511","hws","societal_risk","low",48729,0.48729,6
"512","hws","societal_risk","medium",47279,0.47279,6
"513","hws","societal_risk","high",3992,0.03992,6
"514","hws","strategy_to_change","cope",24906,0.24906,6
"515","hws","strategy_to_change","react",49408,0.49408,6
"516","hws","strategy_to_change","adapt",25686,0.25686,6
"517","hww","economic_risk","low",79764,0.79764,6
"518","hww","economic_risk","medium",2454,0.02454,6
"519","hww","economic_risk","high",17782,0.17782,6
"520","hww","go_fishing","no",46300,0.463,6
"521","hww","go_fishing","yes",53700,0.537,6
"522","hww","individual_risk","low",39108,0.39108,6
"523","hww","individual_risk","medium",38640,0.3864,6
"524","hww","individual_risk","high",22252,0.22252,6
"525","hww","societal_risk","low",39108,0.39108,6
"526","hww","societal_risk","medium",51240,0.5124,6
"527","hww","societal_risk","high",9652,0.09652,6
"528","hww","strategy_to_change","cope",81785,0.81785,6
"529","hww","strategy_to_change","react",13098,0.13098,6
"530","hww","strategy_to_change","adapt",5117,0.05117,6
"531","gal","economic_risk","low",56772,0.56772,6
"532","gal","economic_risk","medium",16665,0.16665,6
"533","gal","economic_risk","high",26563,0.26563,6
"534","gal","go_fishing","no",27272,0.27272,6
"535","gal","go_fishing","yes",72728,0.72728,6
"536","gal","individual_risk","low",39685,0.39685,6
"537","gal","individual_risk","medium",44989,0.44989,6
"538","gal","individual_risk","high",15326,0.15326,6
"539","gal","societal_risk","low",39685,0.39685,6
"540","gal","societal_risk","medium",47619,0.47619,6
"541","gal","societal_risk","high",12696,0.12696,6
"542","gal","strategy_to_change","cope",54062,0.54062,6
"543","gal","strategy_to_change","react",35516,0.35516,6
"544","gal","strategy_to_change","adapt",10422,0.10422,6
"545","sto","economic_risk","low",72703,0.72703,6
"546","sto","economic_risk","medium",4881,0.04881,6
"547","sto","economic_risk","high",22416,0.22416,6
"548","sto","go_fishing","no",81384,0.81384,6
"549","sto","go_fishing","yes",18616,0.18616,6
"550","sto","individual_risk","low",12926,0.12926,6
"551","sto","individual_risk","medium",57803,0.57803,6
"552","sto","individual_risk","high",29271,0.29271,6
"553","sto","societal_risk","low",12926,0.12926,6
"554","sto","societal_risk","medium",72016,0.72016,6
"555","sto","societal_risk","high",15058,0.15058,6
"556","sto","strategy_to_change","cope",81384,0.81384,6
"557","sto","strategy_to_change","react",18616,0.18616,6
"558","erf","economic_risk","low",74521,0.74521,6
"559","erf","economic_risk","medium",4372,0.04372,6
"560","erf","economic_risk","high",21107,0.21107,6
"561","erf","go_fishing","no",66957,0.66957,6
"562","erf","go_fishing","yes",33043,0.33043,6
"563","erf","individual_risk","low",21867,0.21867,6
"564","erf","individual_risk","medium",53807,0.53807,6
"565","erf","individual_risk","high",24326,0.24326,6
"566","erf","societal_risk","low",21867,0.21867,6
"567","erf","societal_risk","medium",68142,0.68142,6
"568","erf","societal_risk","high",9991,0.09991,6
"569","erf","strategy_to_change","cope",100000,1,6
"570","ici","economic_risk","low",1833,0.01833,6
"571","ici","economic_risk","medium",10099,0.10099,6
"572","ici","economic_risk","high",27941,0.27941,6
"573","ici","economic_risk","not_relevant",60127,0.60127,6
"574","ici","go_fishing","no",51933,0.51933,6
"575","ici","go_fishing","yes",48067,0.48067,6
"576","ici","individual_risk","low",26,0.00026,6
"577","ici","individual_risk","medium",4653,0.04653,6
"578","ici","individual_risk","high",35194,0.35194,6
"579","ici","individual_risk","not_relevant",60127,0.60127,6
"580","ici","societal_risk","low",26,0.00026,6
"581","ici","societal_risk","medium",19531,0.19531,6
"582","ici","societal_risk","high",20316,0.20316,6
"583","ici","societal_risk","not_relevant",60127,0.60127,6
"584","ici","strategy_to_change","not_relevant",60127,0.60127,6
"585","ici","strategy_to_change","cope",21922,0.21922,6
"586","ici","strategy_to_change","react",17951,0.17951,6
"587","abl","economic_risk","low",60527,0.60527,7
"588","abl","economic_risk","medium",15555,0.15555,7
"589","abl","economic_risk","high",23918,0.23918,7
"590","abl","go_fishing","no",37672,0.37672,7
"591","abl","go_fishing","yes",62328,0.62328,7
"592","abl","individual_risk","low",30977,0.30977,7
"593","abl","individual_risk","medium",50875,0.50875,7
"594","abl","individual_risk","high",18148,0.18148,7
"595","abl","societal_risk","low",30977,0.30977,7
"596","abl","societal_risk","medium",63290,0.6329,7
"597","abl","societal_risk","high",5733,0.05733,7
"598","abl","strategy_to_change","cope",73076,0.73076,7
"599","abl","strategy_to_change","react",17669,0.17669,7
"600","abl","strategy_to_change","adapt",9255,0.09255,7
"601","hws","economic_risk","low",84470,0.8447,7
"602","hws","economic_risk","medium",6920,0.0692,7
"603","hws","economic_risk","high",8610,0.0861,7
"604","hws","go_fishing","no",15660,0.1566,7
"605","hws","go_fishing","yes",84340,0.8434,7
"606","hws","individual_risk","low",41693,0.41693,7
"607","hws","individual_risk","medium",51613,0.51613,7
"608","hws","individual_risk","high",6694,0.06694,7
"609","hws","societal_risk","low",41693,0.41693,7
"610","hws","societal_risk","medium",55099,0.55099,7
"611","hws","societal_risk","high",3208,0.03208,7
"612","hws","strategy_to_change","cope",24955,0.24955,7
"613","hws","strategy_to_change","react",44375,0.44375,7
"614","hws","strategy_to_change","adapt",30670,0.3067,7
"615","hww","economic_risk","low",77058,0.77058,7
"616","hww","economic_risk","medium",3462,0.03462,7
"617","hww","economic_risk","high",19480,0.1948,7
"618","hww","go_fishing","no",47040,0.4704,7
"619","hww","go_fishing","yes",52960,0.5296,7
"620","hww","individual_risk","low",37144,0.37144,7
"621","hww","individual_risk","medium",38506,0.38506,7
"622","hww","individual_risk","high",24350,0.2435,7
"623","hww","societal_risk","low",37144,0.37144,7
"624","hww","societal_risk","medium",55756,0.55756,7
"625","hww","societal_risk","high",7100,0.071,7
"626","hww","strategy_to_change","cope",80489,0.80489,7
"627","hww","strategy_to_change","react",15440,0.1544,7
"628","hww","strategy_to_change","adapt",4071,0.04071,7
"629","gal","economic_risk","low",60048,0.60048,7
"630","gal","economic_risk","medium",15118,0.15118,7
"631","gal","economic_risk","high",24834,0.24834,7
"632","gal","go_fishing","no",26680,0.2668,7
"633","gal","go_fishing","yes",73320,0.7332,7
"634","gal","individual_risk","low",35975,0.35975,7
"635","gal","individual_risk","medium",49147,0.49147,7
"636","gal","individual_risk","high",14878,0.14878,7
"637","gal","societal_risk","low",35975,0.35975,7
"638","gal","societal_risk","medium",53258,0.53258,7
"639","gal","societal_risk","high",10767,0.10767,7
"640","gal","strategy_to_change","cope",64844,0.64844,7
"641","gal","strategy_to_change","react",29809,0.29809,7
"642","gal","strategy_to_change","adapt",5347,0.05347,7
"643","sto","economic_risk","low",73734,0.73734,7
"644","sto","economic_risk","medium",4521,0.04521,7
"645","sto","economic_risk","high",21745,0.21745,7
"646","sto","go_fishing","no",77103,0.77103,7
"647","sto","go_fishing","yes",22897,0.22897,7
"648","sto","individual_risk","low",15800,0.158,7
"649","sto","individual_risk","medium",57516,0.57516,7
"650","sto","individual_risk","high",26684,0.26684,7
"651","sto","societal_risk","low",15800,0.158,7
"652","sto","societal_risk","medium",75947,0.75947,7
"653","sto","societal_risk","high",8253,0.08253,7
"654","sto","strategy_to_change","cope",77103,0.77103,7
"655","sto","strategy_to_change","react",22897,0.22897,7
"656","erf","economic_risk","low",69762,0.69762,7
"657","erf","economic_risk","medium",5334,0.05334,7
"658","erf","economic_risk","high",24904,0.24904,7
"659","erf","go_fishing","no",66252,0.66252,7
"660","erf","go_fishing","yes",33748,0.33748,7
"661","erf","individual_risk","low",20011,0.20011,7
"662","erf","individual_risk","medium",52627,0.52627,7
"663","erf","individual_risk","high",27362,0.27362,7
"664","erf","societal_risk","low",20011,0.20011,7
"665","erf","societal_risk","medium",70666,0.70666,7
"666","erf","societal_risk","high",9323,0.09323,7
"667","erf","strategy_to_change","cope",100000,1,7
"668","ici","economic_risk","low",4035,0.04035,7
"669","ici","economic_risk","medium",9653,0.09653,7
"670","ici","economic_risk","high",26281,0.26281,7
"671","ici","economic_risk","not_relevant",60031,0.60031,7
"672","ici","go_fishing","no",54040,0.5404,7
"673","ici","go_fishing","yes",45960,0.4596,7
"674","ici","individual_risk","low",30,3e-04,7
"675","ici","individual_risk","medium",5438,0.05438,7
"676","ici","individual_risk","high",34501,0.34501,7
"677","ici","individual_risk","not_relevant",60031,0.60031,7
"678","ici","societal_risk","low",30,3e-04,7
"679","ici","societal_risk","medium",21025,0.21025,7
"680","ici","societal_risk","high",18914,0.18914,7
"681","ici","societal_risk","not_relevant",60031,0.60031,7
"682","ici","strategy_to_change","not_relevant",60031,0.60031,7
"683","ici","strategy_to_change","cope",24006,0.24006,7
"684","ici","strategy_to_change","react",15963,0.15963,7
"685","abl","economic_risk","low",56304,0.56304,8
"686","abl","economic_risk","medium",17489,0.17489,8
"687","abl","economic_risk","high",26207,0.26207,8
"688","abl","go_fishing","no",36560,0.3656,8
"689","abl","go_fishing","yes",63440,0.6344,8
"690","abl","individual_risk","low",32754,0.32754,8
"691","abl","individual_risk","medium",48918,0.48918,8
"692","abl","individual_risk","high",18328,0.18328,8
"693","abl","societal_risk","low",32754,0.32754,8
"694","abl","societal_risk","medium",59685,0.59685,8
"695","abl","societal_risk","high",7561,0.07561,8
"696","abl","strategy_to_change","cope",65220,0.6522,8
"697","abl","strategy_to_change","react",26181,0.26181,8
"698","abl","strategy_to_change","adapt",8599,0.08599,8
"699","hws","economic_risk","low",82718,0.82718,8
"700","hws","economic_risk","medium",8370,0.0837,8
"701","hws","economic_risk","high",8912,0.08912,8
"702","hws","go_fishing","no",12638,0.12638,8
"703","hws","go_fishing","yes",87362,0.87362,8
"704","hws","individual_risk","low",49712,0.49712,8
"705","hws","individual_risk","medium",42528,0.42528,8
"706","hws","individual_risk","high",7760,0.0776,8
"707","hws","societal_risk","low",49712,0.49712,8
"708","hws","societal_risk","medium",45114,0.45114,8
"709","hws","societal_risk","high",5174,0.05174,8
"710","hws","strategy_to_change","cope",21444,0.21444,8
"711","hws","strategy_to_change","react",46294,0.46294,8
"712","hws","strategy_to_change","adapt",32262,0.32262,8
"713","hww","economic_risk","low",78395,0.78395,8
"714","hww","economic_risk","medium",1419,0.01419,8
"715","hww","economic_risk","high",20186,0.20186,8
"716","hww","go_fishing","no",47848,0.47848,8
"717","hww","go_fishing","yes",52152,0.52152,8
"718","hww","individual_risk","low",37060,0.3706,8
"719","hww","individual_risk","medium",28892,0.28892,8
"720","hww","individual_risk","high",34048,0.34048,8
"721","hww","societal_risk","low",37060,0.3706,8
"722","hww","societal_risk","medium",41890,0.4189,8
"723","hww","societal_risk","high",21050,0.2105,8
"724","hww","strategy_to_change","cope",88652,0.88652,8
"725","hww","strategy_to_change","react",9547,0.09547,8
"726","hww","strategy_to_change","adapt",1801,0.01801,8
"727","gal","economic_risk","low",49253,0.49253,8
"728","gal","economic_risk","medium",21615,0.21615,8
"729","gal","economic_risk","high",29132,0.29132,8
"730","gal","go_fishing","no",26910,0.2691,8
"731","gal","go_fishing","yes",73090,0.7309,8
"732","gal","individual_risk","low",38902,0.38902,8
"733","gal","individual_risk","medium",43117,0.43117,8
"734","gal","individual_risk","high",17981,0.17981,8
"735","gal","societal_risk","low",38902,0.38902,8
"736","gal","societal_risk","medium",46871,0.46871,8
"737","gal","societal_risk","high",14227,0.14227,8
"738","gal","strategy_to_change","cope",55241,0.55241,8
"739","gal","strategy_to_change","react",40625,0.40625,8
"740","gal","strategy_to_change","adapt",4134,0.04134,8
"741","sto","economic_risk","low",68225,0.68225,8
"742","sto","economic_risk","medium",6449,0.06449,8
"743","sto","economic_risk","high",25326,0.25326,8
"744","sto","go_fishing","no",75380,0.7538,8
"745","sto","go_fishing","yes",24620,0.2462,8
"746","sto","individual_risk","low",16510,0.1651,8
"747","sto","individual_risk","medium",45597,0.45597,8
"748","sto","individual_risk","high",37893,0.37893,8
"749","sto","societal_risk","low",16510,0.1651,8
"750","sto","societal_risk","medium",58910,0.5891,8
"751","sto","societal_risk","high",24580,0.2458,8
"752","sto","strategy_to_change","cope",75380,0.7538,8
"753","sto","strategy_to_change","react",24620,0.2462,8
"754","erf","economic_risk","low",58051,0.58051,8
"755","erf","economic_risk","medium",6134,0.06134,8
"756","erf","economic_risk","high",35815,0.35815,8
"757","erf","go_fishing","no",55185,0.55185,8
"758","erf","go_fishing","yes",44815,0.44815,8
"759","erf","individual_risk","low",29261,0.29261,8
"760","erf","individual_risk","medium",41606,0.41606,8
"761","erf","individual_risk","high",29133,0.29133,8
"762","erf","societal_risk","low",29261,0.29261,8
"763","erf","societal_risk","medium",55871,0.55871,8
"764","erf","societal_risk","high",14868,0.14868,8
"765","erf","strategy_to_change","cope",100000,1,8
"766","ici","economic_risk","low",7507,0.07507,8
"767","ici","economic_risk","medium",5353,0.05353,8
"768","ici","economic_risk","high",27126,0.27126,8
"769","ici","economic_risk","not_relevant",60014,0.60014,8
"770","ici","go_fishing","no",57406,0.57406,8
"771","ici","go_fishing","yes",42594,0.42594,8
"772","ici","individual_risk","low",7,7e-05,8
"773","ici","individual_risk","medium",9182,0.09182,8
"774","ici","individual_risk","high",30797,0.30797,8
"775","ici","individual_risk","not_relevant",60014,0.60014,8
"776","ici","societal_risk","low",7,7e-05,8
"777","ici","societal_risk","medium",24561,0.24561,8
"778","ici","societal_risk","high",15418,0.15418,8
"779","ici","societal_risk","not_relevant",60014,0.60014,8
"780","ici","strategy_to_change","not_relevant",60014,0.60014,8
"781","ici","strategy_to_change","cope",27455,0.27455,8
"782","ici","strategy_to_change","react",12531,0.12531,8
"783","abl","economic_risk","low",62296,0.62296,9
"784","abl","economic_risk","medium",14132,0.14132,9
"785","abl","economic_risk","high",23572,0.23572,9
"786","abl","go_fishing","no",36291,0.36291,9
"787","abl","go_fishing","yes",63709,0.63709,9
"788","abl","individual_risk","low",36202,0.36202,9
"789","abl","individual_risk","medium",46002,0.46002,9
"790","abl","individual_risk","high",17796,0.17796,9
"791","abl","societal_risk","low",36202,0.36202,9
"792","abl","societal_risk","medium",57211,0.57211,9
"793","abl","societal_risk","high",6587,0.06587,9
"794","abl","strategy_to_change","cope",66891,0.66891,9
"795","abl","strategy_to_change","react",20275,0.20275,9
"796","abl","strategy_to_change","adapt",12834,0.12834,9
"797","hws","economic_risk","low",85617,0.85617,9
"798","hws","economic_risk","medium",5535,0.05535,9
"799","hws","economic_risk","high",8848,0.08848,9
"800","hws","go_fishing","no",10709,0.10709,9
"801","hws","go_fishing","yes",89291,0.89291,9
"802","hws","individual_risk","low",49154,0.49154,9
"803","hws","individual_risk","medium",42654,0.42654,9
"804","hws","individual_risk","high",8192,0.08192,9
"805","hws","societal_risk","low",49154,0.49154,9
"806","hws","societal_risk","medium",46367,0.46367,9
"807","hws","societal_risk","high",4479,0.04479,9
"808","hws","strategy_to_change","cope",25150,0.2515,9
"809","hws","strategy_to_change","react",41690,0.4169,9
"810","hws","strategy_to_change","adapt",33160,0.3316,9
"811","hww","economic_risk","low",80410,0.8041,9
"812","hww","economic_risk","medium",2773,0.02773,9
"813","hww","economic_risk","high",16817,0.16817,9
"814","hww","go_fishing","no",47679,0.47679,9
"815","hww","go_fishing","yes",52321,0.52321,9
"816","hww","individual_risk","low",39236,0.39236,9
"817","hww","individual_risk","medium",31644,0.31644,9
"818","hww","individual_risk","high",29120,0.2912,9
"819","hww","societal_risk","low",39236,0.39236,9
"820","hww","societal_risk","medium",45106,0.45106,9
"821","hww","societal_risk","high",15658,0.15658,9
"822","hww","strategy_to_change","cope",77505,0.77505,9
"823","hww","strategy_to_change","react",12408,0.12408,9
"824","hww","strategy_to_change","adapt",10087,0.10087,9
"825","gal","economic_risk","low",54894,0.54894,9
"826","gal","economic_risk","medium",19718,0.19718,9
"827","gal","economic_risk","high",25388,0.25388,9
"828","gal","go_fishing","no",25727,0.25727,9
"829","gal","go_fishing","yes",74273,0.74273,9
"830","gal","individual_risk","low",40415,0.40415,9
"831","gal","individual_risk","medium",40249,0.40249,9
"832","gal","individual_risk","high",19336,0.19336,9
"833","gal","societal_risk","low",40415,0.40415,9
"834","gal","societal_risk","medium",44427,0.44427,9
"835","gal","societal_risk","high",15158,0.15158,9
"836","gal","strategy_to_change","cope",58620,0.5862,9
"837","gal","strategy_to_change","react",37143,0.37143,9
"838","gal","strategy_to_change","adapt",4237,0.04237,9
"839","sto","economic_risk","low",70818,0.70818,9
"840","sto","economic_risk","medium",5427,0.05427,9
"841","sto","economic_risk","high",23755,0.23755,9
"842","sto","go_fishing","no",76180,0.7618,9
"843","sto","go_fishing","yes",23820,0.2382,9
"844","sto","individual_risk","low",17016,0.17016,9
"845","sto","individual_risk","medium",47327,0.47327,9
"846","sto","individual_risk","high",35657,0.35657,9
"847","sto","societal_risk","low",17016,0.17016,9
"848","sto","societal_risk","medium",64793,0.64793,9
"849","sto","societal_risk","high",18191,0.18191,9
"850","sto","strategy_to_change","cope",76180,0.7618,9
"851","sto","strategy_to_change","react",23820,0.2382,9
"852","erf","economic_risk","low",73265,0.73265,9
"853","erf","economic_risk","medium",4515,0.04515,9
"854","erf","economic_risk","high",22220,0.2222,9
"855","erf","go_fishing","no",70427,0.70427,9
"856","erf","go_fishing","yes",29573,0.29573,9
"857","erf","individual_risk","low",18507,0.18507,9
"858","erf","individual_risk","medium",46509,0.46509,9
"859","erf","individual_risk","high",34984,0.34984,9
"860","erf","societal_risk","low",18507,0.18507,9
"861","erf","societal_risk","medium",63962,0.63962,9
"862","erf","societal_risk","high",17531,0.17531,9
"863","erf","strategy_to_change","cope",100000,1,9
"864","ici","economic_risk","low",3167,0.03167,9
"865","ici","economic_risk","medium",8890,0.0889,9
"866","ici","economic_risk","high",28145,0.28145,9
"867","ici","economic_risk","not_relevant",59798,0.59798,9
"868","ici","go_fishing","no",53271,0.53271,9
"869","ici","go_fishing","yes",46729,0.46729,9
"870","ici","individual_risk","low",17,0.00017,9
"871","ici","individual_risk","medium",5293,0.05293,9
"872","ici","individual_risk","high",34892,0.34892,9
"873","ici","individual_risk","not_relevant",59798,0.59798,9
"874","ici","societal_risk","low",17,0.00017,9
"875","ici","societal_risk","medium",20693,0.20693,9
"876","ici","societal_risk","high",19492,0.19492,9
"877","ici","societal_risk","not_relevant",59798,0.59798,9
"878","ici","strategy_to_change","not_relevant",59798,0.59798,9
"879","ici","strategy_to_change","cope",23426,0.23426,9
"880","ici","strategy_to_change","react",16776,0.16776,9
"881","abl","economic_risk","low",68323,0.68323,10
"882","abl","economic_risk","medium",10576,0.10576,10
"883","abl","economic_risk","high",21101,0.21101,10
"884","abl","go_fishing","no",37612,0.37612,10
"885","abl","go_fishing","yes",62388,0.62388,10
"886","abl","individual_risk","low",35083,0.35083,10
"887","abl","individual_risk","medium",45149,0.45149,10
"888","abl","individual_risk","high",19768,0.19768,10
"889","abl","societal_risk","low",35083,0.35083,10
"890","abl","societal_risk","medium",57277,0.57277,10
"891","abl","societal_risk","high",7640,0.0764,10
"892","abl","strategy_to_change","cope",68115,0.68115,10
"893","abl","strategy_to_change","react",11330,0.1133,10
"894","abl","strategy_to_change","adapt",20555,0.20555,10
"895","hws","economic_risk","low",80685,0.80685,10
"896","hws","economic_risk","medium",9165,0.09165,10
"897","hws","economic_risk","high",10150,0.1015,10
"898","hws","go_fishing","no",14646,0.14646,10
"899","hws","go_fishing","yes",85354,0.85354,10
"900","hws","individual_risk","low",42017,0.42017,10
"901","hws","individual_risk","medium",47479,0.47479,10
"902","hws","individual_risk","high",10504,0.10504,10
"903","hws","societal_risk","low",42017,0.42017,10
"904","hws","societal_risk","medium",51689,0.51689,10
"905","hws","societal_risk","high",6294,0.06294,10
"906","hws","strategy_to_change","cope",26453,0.26453,10
"907","hws","strategy_to_change","react",46587,0.46587,10
"908","hws","strategy_to_change","adapt",26960,0.2696,10
"909","hww","economic_risk","low",73003,0.73003,10
"910","hww","economic_risk","medium",4841,0.04841,10
"911","hww","economic_risk","high",22156,0.22156,10
"912","hww","go_fishing","no",48930,0.4893,10
"913","hww","go_fishing","yes",51070,0.5107,10
"914","hww","individual_risk","low",37742,0.37742,10
"915","hww","individual_risk","medium",34683,0.34683,10
"916","hww","individual_risk","high",27575,0.27575,10
"917","hww","societal_risk","low",37742,0.37742,10
"918","hww","societal_risk","medium",50180,0.5018,10
"919","hww","societal_risk","high",12078,0.12078,10
"920","hww","strategy_to_change","cope",80379,0.80379,10
"921","hww","strategy_to_change","react",13693,0.13693,10
"922","hww","strategy_to_change","adapt",5928,0.05928,10
"923","gal","economic_risk","low",51983,0.51983,10
"924","gal","economic_risk","medium",18205,0.18205,10
"925","gal","economic_risk","high",29812,0.29812,10
"926","gal","go_fishing","no",27734,0.27734,10
"927","gal","go_fishing","yes",72266,0.72266,10
"928","gal","individual_risk","low",36876,0.36876,10
"929","gal","individual_risk","medium",45252,0.45252,10
"930","gal","individual_risk","high",17872,0.17872,10
"931","gal","societal_risk","low",36876,0.36876,10
"932","gal","societal_risk","medium",49763,0.49763,10
"933","gal","societal_risk","high",13361,0.13361,10
"934","gal","strategy_to_change","cope",61991,0.61991,10
"935","gal","strategy_to_change","react",33347,0.33347,10
"936","gal","strategy_to_change","adapt",4662,0.04662,10
"937","sto","economic_risk","low",67756,0.67756,10
"938","sto","economic_risk","medium",7610,0.0761,10
"939","sto","economic_risk","high",24634,0.24634,10
"940","sto","go_fishing","no",78500,0.785,10
"941","sto","go_fishing","yes",21500,0.215,10
"942","sto","individual_risk","low",14391,0.14391,10
"943","sto","individual_risk","medium",57318,0.57318,10
"944","sto","individual_risk","high",28291,0.28291,10
"945","sto","societal_risk","low",14391,0.14391,10
"946","sto","societal_risk","medium",73170,0.7317,10
"947","sto","societal_risk","high",12439,0.12439,10
"948","sto","strategy_to_change","cope",78500,0.785,10
"949","sto","strategy_to_change","react",21500,0.215,10
"950","erf","economic_risk","low",50191,0.50191,10
"951","erf","economic_risk","medium",6954,0.06954,10
"952","erf","economic_risk","high",42855,0.42855,10
"953","erf","go_fishing","no",50297,0.50297,10
"954","erf","go_fishing","yes",49703,0.49703,10
"955","erf","individual_risk","low",31273,0.31273,10
"956","erf","individual_risk","medium",41773,0.41773,10
"957","erf","individual_risk","high",26954,0.26954,10
"958","erf","societal_risk","low",31273,0.31273,10
"959","erf","societal_risk","medium",57629,0.57629,10
"960","erf","societal_risk","high",11098,0.11098,10
"961","erf","strategy_to_change","cope",100000,1,10
"962","ici","economic_risk","low",1793,0.01793,10
"963","ici","economic_risk","medium",11220,0.1122,10
"964","ici","economic_risk","high",26702,0.26702,10
"965","ici","economic_risk","not_relevant",60285,0.60285,10
"966","ici","go_fishing","no",51930,0.5193,10
"967","ici","go_fishing","yes",48070,0.4807,10
"968","ici","individual_risk","low",22,0.00022,10
"969","ici","individual_risk","medium",3510,0.0351,10
"970","ici","individual_risk","high",36183,0.36183,10
"971","ici","individual_risk","not_relevant",60285,0.60285,10
"972","ici","societal_risk","low",22,0.00022,10
"973","ici","societal_risk","medium",19341,0.19341,10
"974","ici","societal_risk","high",20352,0.20352,10
"975","ici","societal_risk","not_relevant",60285,0.60285,10
"976","ici","strategy_to_change","not_relevant",60285,0.60285,10
"977","ici","strategy_to_change","cope",21584,0.21584,10
"978","ici","strategy_to_change","react",18131,0.18131,10
"979","abl","economic_risk","low",63776,0.63776,11
"980","abl","economic_risk","medium",12198,0.12198,11
"981","abl","economic_risk","high",24026,0.24026,11
"982","abl","go_fishing","no",37042,0.37042,11
"983","abl","go_fishing","yes",62958,0.62958,11
"984","abl","individual_risk","low",35770,0.3577,11
"985","abl","individual_risk","medium",46154,0.46154,11
"986","abl","individual_risk","high",18076,0.18076,11
"987","abl","societal_risk","low",35770,0.3577,11
"988","abl","societal_risk","medium",58165,0.58165,11
"989","abl","societal_risk","high",6065,0.06065,11
"990","abl","strategy_to_change","cope",64122,0.64122,11
"991","abl","strategy_to_change","react",19098,0.19098,11
"992","abl","strategy_to_change","adapt",16780,0.1678,11
"993","hws","economic_risk","low",82468,0.82468,11
"994","hws","economic_risk","medium",7356,0.07356,11
"995","hws","economic_risk","high",10176,0.10176,11
"996","hws","go_fishing","no",7427,0.07427,11
"997","hws","go_fishing","yes",92573,0.92573,11
"998","hws","individual_risk","low",51990,0.5199,11
"999","hws","individual_risk","medium",41446,0.41446,11
"1000","hws","individual_risk","high",6564,0.06564,11
"1001","hws","societal_risk","low",51990,0.5199,11
"1002","hws","societal_risk","medium",44487,0.44487,11
"1003","hws","societal_risk","high",3523,0.03523,11
"1004","hws","strategy_to_change","cope",16162,0.16162,11
"1005","hws","strategy_to_change","react",47059,0.47059,11
"1006","hws","strategy_to_change","adapt",36779,0.36779,11
"1007","hww","economic_risk","low",82143,0.82143,11
"1008","hww","economic_risk","medium",1655,0.01655,11
"1009","hww","economic_risk","high",16202,0.16202,11
"1010","hww","go_fishing","no",43293,0.43293,11
"1011","hww","go_fishing","yes",56707,0.56707,11
"1012","hww","individual_risk","low",41501,0.41501,11
"1013","hww","individual_risk","medium",40044,0.40044,11
"1014","hww","individual_risk","high",18455,0.18455,11
"1015","hww","societal_risk","low",41501,0.41501,11
"1016","hww","societal_risk","medium",52505,0.52505,11
"1017","hww","societal_risk","high",5994,0.05994,11
"1018","hww","strategy_to_change","cope",75347,0.75347,11
"1019","hww","strategy_to_change","react",16980,0.1698,11
"1020","hww","strategy_to_change","adapt",7673,0.07673,11
"1021","gal","economic_risk","low",61911,0.61911,11
"1022","gal","economic_risk","medium",16401,0.16401,11
"1023","gal","economic_risk","high",21688,0.21688,11
"1024","gal","go_fishing","no",29516,0.29516,11
"1025","gal","go_fishing","yes",70484,0.70484,11
"1026","gal","individual_risk","low",39591,0.39591,11
"1027","gal","individual_risk","medium",49684,0.49684,11
"1028","gal","individual_risk","high",10725,0.10725,11
"1029","gal","societal_risk","low",39591,0.39591,11
"1030","gal","societal_risk","medium",52551,0.52551,11
"1031","gal","societal_risk","high",7858,0.07858,11
"1032","gal","strategy_to_change","cope",61775,0.61775,11
"1033","gal","strategy_to_change","react",31630,0.3163,11
"1034","gal","strategy_to_change","adapt",6595,0.06595,11
"1035","sto","economic_risk","low",72908,0.72908,11
"1036","sto","economic_risk","medium",4310,0.0431,11
"1037","sto","economic_risk","high",22782,0.22782,11
"1038","sto","go_fishing","no",78763,0.78763,11
"1039","sto","go_fishing","yes",21237,0.21237,11
"1040","sto","individual_risk","low",14889,0.14889,11
"1041","sto","individual_risk","medium",61513,0.61513,11
"1042","sto","individual_risk","high",23598,0.23598,11
"1043","sto","societal_risk","low",14889,0.14889,11
"1044","sto","societal_risk","medium",77031,0.77031,11
"1045","sto","societal_risk","high",8080,0.0808,11
"1046","sto","strategy_to_change","cope",78763,0.78763,11
"1047","sto","strategy_to_change","react",21237,0.21237,11
"1048","erf","economic_risk","low",51981,0.51981,11
"1049","erf","economic_risk","medium",5924,0.05924,11
"1050","erf","economic_risk","high",42095,0.42095,11
"1051","erf","go_fishing","no",44761,0.44761,11
"1052","erf","go_fishing","yes",55239,0.55239,11
"1053","erf","individual_risk","low",34684,0.34684,11
"1054","erf","individual_risk","medium",42581,0.42581,11
"1055","erf","individual_risk","high",22735,0.22735,11
"1056","erf","societal_risk","low",34684,0.34684,11
"1057","erf","societal_risk","medium",57860,0.5786,11
"1058","erf","societal_risk","high",7456,0.07456,11
"1059","erf","strategy_to_change","cope",100000,1,11
"1060","ici","economic_risk","low",3198,0.03198,11
"1061","ici","economic_risk","medium",9263,0.09263,11
"1062","ici","economic_risk","high",27605,0.27605,11
"1063","ici","economic_risk","not_relevant",59934,0.59934,11
"1064","ici","go_fishing","no",53340,0.5334,11
"1065","ici","go_fishing","yes",46660,0.4666,11
"1066","ici","individual_risk","low",21,0.00021,11
"1067","ici","individual_risk","medium",5517,0.05517,11
"1068","ici","individual_risk","high",34528,0.34528,11
"1069","ici","individual_risk","not_relevant",59934,0.59934,11
"1070","ici","societal_risk","low",21,0.00021,11
"1071","ici","societal_risk","medium",21380,0.2138,11
"1072","ici","societal_risk","high",18665,0.18665,11
"1073","ici","societal_risk","not_relevant",59934,0.59934,11
"1074","ici","strategy_to_change","not_relevant",59934,0.59934,11
"1075","ici","strategy_to_change","cope",23278,0.23278,11
"1076","ici","strategy_to_change","react",16788,0.16788,11
"1077","abl","economic_risk","low",69189,0.69189,12
"1078","abl","economic_risk","medium",10954,0.10954,12
"1079","abl","economic_risk","high",19857,0.19857,12
"1080","abl","go_fishing","no",35461,0.35461,12
"1081","abl","go_fishing","yes",64539,0.64539,12
"1082","abl","individual_risk","low",38159,0.38159,12
"1083","abl","individual_risk","medium",43239,0.43239,12
"1084","abl","individual_risk","high",18602,0.18602,12
"1085","abl","societal_risk","low",38159,0.38159,12
"1086","abl","societal_risk","medium",54451,0.54451,12
"1087","abl","societal_risk","high",7390,0.0739,12
"1088","abl","strategy_to_change","cope",70808,0.70808,12
"1089","abl","strategy_to_change","react",11050,0.1105,12
"1090","abl","strategy_to_change","adapt",18142,0.18142,12
"1091","hws","economic_risk","low",84221,0.84221,12
"1092","hws","economic_risk","medium",9546,0.09546,12
"1093","hws","economic_risk","high",6233,0.06233,12
"1094","hws","go_fishing","no",12915,0.12915,12
"1095","hws","go_fishing","yes",87085,0.87085,12
"1096","hws","individual_risk","low",54551,0.54551,12
"1097","hws","individual_risk","medium",38808,0.38808,12
"1098","hws","individual_risk","high",6641,0.06641,12
"1099","hws","societal_risk","low",54551,0.54551,12
"1100","hws","societal_risk","medium",41731,0.41731,12
"1101","hws","societal_risk","high",3718,0.03718,12
"1102","hws","strategy_to_change","cope",23861,0.23861,12
"1103","hws","strategy_to_change","react",50390,0.5039,12
"1104","hws","strategy_to_change","adapt",25749,0.25749,12
"1105","hww","economic_risk","low",76964,0.76964,12
"1106","hww","economic_risk","medium",3678,0.03678,12
"1107","hww","economic_risk","high",19358,0.19358,12
"1108","hww","go_fishing","no",46771,0.46771,12
"1109","hww","go_fishing","yes",53229,0.53229,12
"1110","hww","individual_risk","low",40831,0.40831,12
"1111","hww","individual_risk","medium",38109,0.38109,12
"1112","hww","individual_risk","high",21060,0.2106,12
"1113","hww","societal_risk","low",40831,0.40831,12
"1114","hww","societal_risk","medium",52491,0.52491,12
"1115","hww","societal_risk","high",6678,0.06678,12
"1116","hww","strategy_to_change","cope",77891,0.77891,12
"1117","hww","strategy_to_change","react",19033,0.19033,12
"1118","hww","strategy_to_change","adapt",3076,0.03076,12
"1119","gal","economic_risk","low",52657,0.52657,12
"1120","gal","economic_risk","medium",17878,0.17878,12
"1121","gal","economic_risk","high",29465,0.29465,12
"1122","gal","go_fishing","no",25049,0.25049,12
"1123","gal","go_fishing","yes",74951,0.74951,12
"1124","gal","individual_risk","low",39993,0.39993,12
"1125","gal","individual_risk","medium",43069,0.43069,12
"1126","gal","individual_risk","high",16938,0.16938,12
"1127","gal","societal_risk","low",39993,0.39993,12
"1128","gal","societal_risk","medium",46677,0.46677,12
"1129","gal","societal_risk","high",13330,0.1333,12
"1130","gal","strategy_to_change","cope",58438,0.58438,12
"1131","gal","strategy_to_change","react",35009,0.35009,12
"1132","gal","strategy_to_change","adapt",6553,0.06553,12
"1133","sto","economic_risk","low",71347,0.71347,12
"1134","sto","economic_risk","medium",6048,0.06048,12
"1135","sto","economic_risk","high",22605,0.22605,12
"1136","sto","go_fishing","no",76112,0.76112,12
"1137","sto","go_fishing","yes",23888,0.23888,12
"1138","sto","individual_risk","low",17245,0.17245,12
"1139","sto","individual_risk","medium",57914,0.57914,12
"1140","sto","individual_risk","high",24841,0.24841,12
"1141","sto","societal_risk","low",17245,0.17245,12
"1142","sto","societal_risk","medium",72903,0.72903,12
"1143","sto","societal_risk","high",9852,0.09852,12
"1144","sto","strategy_to_change","cope",76112,0.76112,12
"1145","sto","strategy_to_change","react",23888,0.23888,12
"1146","erf","economic_risk","low",52008,0.52008,12
"1147","erf","economic_risk","medium",6436,0.06436,12
"1148","erf","economic_risk","high",41556,0.41556,12
"1149","erf","go_fishing","no",44294,0.44294,12
"1150","erf","go_fishing","yes",55706,0.55706,12
"1151","erf","individual_risk","low",39152,0.39152,12
"1152","erf","individual_risk","medium",37926,0.37926,12
"1153","erf","individual_risk","high",22922,0.22922,12
"1154","erf","societal_risk","low",39152,0.39152,12
"1155","erf","societal_risk","medium",53423,0.53423,12
"1156","erf","societal_risk","high",7425,0.07425,12
"1157","erf","strategy_to_change","cope",100000,1,12
"1158","ici","economic_risk","low",3268,0.03268,12
"1159","ici","economic_risk","medium",9754,0.09754,12
"1160","ici","economic_risk","high",27022,0.27022,12
"1161","ici","economic_risk","not_relevant",59956,0.59956,12
"1162","ici","go_fishing","no",53233,0.53233,12
"1163","ici","go_fishing","yes",46767,0.46767,12
"1164","ici","individual_risk","low",27,0.00027,12
"1165","ici","individual_risk","medium",5335,0.05335,12
"1166","ici","individual_risk","high",34682,0.34682,12
"1167","ici","individual_risk","not_relevant",59956,0.59956,12
"1168","ici","societal_risk","low",27,0.00027,12
"1169","ici","societal_risk","medium",20756,0.20756,12
"1170","ici","societal_risk","high",19261,0.19261,12
"1171","ici","societal_risk","not_relevant",59956,0.59956,12
"1172","ici","strategy_to_change","not_relevant",59956,0.59956,12
"1173","ici","strategy_to_change","cope",23283,0.23283,12
"1174","ici","strategy_to_change","react",16761,0.16761,12
"1175","abl","economic_risk","low",76457,0.76457,13
"1176","abl","economic_risk","medium",7926,0.07926,13
"1177","abl","economic_risk","high",15617,0.15617,13
"1178","abl","go_fishing","no",32776,0.32776,13
"1179","abl","go_fishing","yes",67224,0.67224,13
"1180","abl","individual_risk","low",35607,0.35607,13
"1181","abl","individual_risk","medium",49437,0.49437,13
"1182","abl","individual_risk","high",14956,0.14956,13
"1183","abl","societal_risk","low",35607,0.35607,13
"1184","abl","societal_risk","medium",58541,0.58541,13
"1185","abl","societal_risk","high",5852,0.05852,13
"1186","abl","strategy_to_change","cope",63312,0.63312,13
"1187","abl","strategy_to_change","react",8273,0.08273,13
"1188","abl","strategy_to_change","adapt",28415,0.28415,13
"1189","hws","economic_risk","low",79045,0.79045,13
"1190","hws","economic_risk","medium",9584,0.09584,13
"1191","hws","economic_risk","high",11371,0.11371,13
"1192","hws","go_fishing","no",10668,0.10668,13
"1193","hws","go_fishing","yes",89332,0.89332,13
"1194","hws","individual_risk","low",50729,0.50729,13
"1195","hws","individual_risk","medium",43098,0.43098,13
"1196","hws","individual_risk","high",6173,0.06173,13
"1197","hws","societal_risk","low",50729,0.50729,13
"1198","hws","societal_risk","medium",44698,0.44698,13
"1199","hws","societal_risk","high",4573,0.04573,13
"1200","hws","strategy_to_change","cope",19205,0.19205,13
"1201","hws","strategy_to_change","react",48222,0.48222,13
"1202","hws","strategy_to_change","adapt",32573,0.32573,13
"1203","hww","economic_risk","low",73920,0.7392,13
"1204","hww","economic_risk","medium",4930,0.0493,13
"1205","hww","economic_risk","high",21150,0.2115,13
"1206","hww","go_fishing","no",47935,0.47935,13
"1207","hww","go_fishing","yes",52065,0.52065,13
"1208","hww","individual_risk","low",36869,0.36869,13
"1209","hww","individual_risk","medium",36419,0.36419,13
"1210","hww","individual_risk","high",26712,0.26712,13
"1211","hww","societal_risk","low",36869,0.36869,13
"1212","hww","societal_risk","medium",50967,0.50967,13
"1213","hww","societal_risk","high",12164,0.12164,13
"1214","hww","strategy_to_change","cope",82762,0.82762,13
"1215","hww","strategy_to_change","react",11812,0.11812,13
"1216","hww","strategy_to_change","adapt",5426,0.05426,13
"1217","gal","economic_risk","low",55011,0.55011,13
"1218","gal","economic_risk","medium",15889,0.15889,13
"1219","gal","economic_risk","high",29100,0.291,13
"1220","gal","go_fishing","no",32689,0.32689,13
"1221","gal","go_fishing","yes",67311,0.67311,13
"1222","gal","individual_risk","low",32965,0.32965,13
"1223","gal","individual_risk","medium",50462,0.50462,13
"1224","gal","individual_risk","high",16573,0.16573,13
"1225","gal","societal_risk","low",32965,0.32965,13
"1226","gal","societal_risk","medium",52880,0.5288,13
"1227","gal","societal_risk","high",14155,0.14155,13
"1228","gal","strategy_to_change","cope",67682,0.67682,13
"1229","gal","strategy_to_change","react",29172,0.29172,13
"1230","gal","strategy_to_change","adapt",3146,0.03146,13
"1231","sto","economic_risk","low",66557,0.66557,13
"1232","sto","economic_risk","medium",9032,0.09032,13
"1233","sto","economic_risk","high",24411,0.24411,13
"1234","sto","go_fishing","no",76513,0.76513,13
"1235","sto","go_fishing","yes",23487,0.23487,13
"1236","sto","individual_risk","low",15700,0.157,13
"1237","sto","individual_risk","medium",56100,0.561,13
"1238","sto","individual_risk","high",28200,0.282,13
"1239","sto","societal_risk","low",15700,0.157,13
"1240","sto","societal_risk","medium",70722,0.70722,13
"1241","sto","societal_risk","high",13578,0.13578,13
"1242","sto","strategy_to_change","cope",76513,0.76513,13
"1243","sto","strategy_to_change","react",23487,0.23487,13
"1244","erf","economic_risk","low",69611,0.69611,13
"1245","erf","economic_risk","medium",7773,0.07773,13
"1246","erf","economic_risk","high",22616,0.22616,13
"1247","erf","go_fishing","no",69260,0.6926,13
"1248","erf","go_fishing","yes",30740,0.3074,13
"1249","erf","individual_risk","low",18652,0.18652,13
"1250","erf","individual_risk","medium",54892,0.54892,13
"1251","erf","individual_risk","high",26456,0.26456,13
"1252","erf","societal_risk","low",18652,0.18652,13
"1253","erf","societal_risk","medium",69806,0.69806,13
"1254","erf","societal_risk","high",11542,0.11542,13
"1255","erf","strategy_to_change","cope",100000,1,13
"1256","ici","economic_risk","low",9735,0.09735,13
"1257","ici","economic_risk","medium",7503,0.07503,13
"1258","ici","economic_risk","high",23178,0.23178,13
"1259","ici","economic_risk","not_relevant",59584,0.59584,13
"1260","ici","go_fishing","no",59716,0.59716,13
"1261","ici","go_fishing","yes",40284,0.40284,13
"1262","ici","individual_risk","low",7,7e-05,13
"1263","ici","individual_risk","medium",11225,0.11225,13
"1264","ici","individual_risk","high",29184,0.29184,13
"1265","ici","individual_risk","not_relevant",59584,0.59584,13
"1266","ici","societal_risk","low",7,7e-05,13
"1267","ici","societal_risk","medium",27173,0.27173,13
"1268","ici","societal_risk","high",13236,0.13236,13
"1269","ici","societal_risk","not_relevant",59584,0.59584,13
"1270","ici","strategy_to_change","not_relevant",59584,0.59584,13
"1271","ici","strategy_to_change","cope",29738,0.29738,13
"1272","ici","strategy_to_change","react",10678,0.10678,13
"1273","abl","economic_risk","low",70955,0.70955,14
"1274","abl","economic_risk","medium",8348,0.08348,14
"1275","abl","economic_risk","high",20697,0.20697,14
"1276","abl","go_fishing","no",38815,0.38815,14
"1277","abl","go_fishing","yes",61185,0.61185,14
"1278","abl","individual_risk","low",34803,0.34803,14
"1279","abl","individual_risk","medium",45149,0.45149,14
"1280","abl","individual_risk","high",20048,0.20048,14
"1281","abl","societal_risk","low",34803,0.34803,14
"1282","abl","societal_risk","medium",58062,0.58062,14
"1283","abl","societal_risk","high",7135,0.07135,14
"1284","abl","strategy_to_change","cope",70684,0.70684,14
"1285","abl","strategy_to_change","react",8743,0.08743,14
"1286","abl","strategy_to_change","adapt",20573,0.20573,14
"1287","hws","economic_risk","low",82993,0.82993,14
"1288","hws","economic_risk","medium",7646,0.07646,14
"1289","hws","economic_risk","high",9361,0.09361,14
"1290","hws","go_fishing","no",9237,0.09237,14
"1291","hws","go_fishing","yes",90763,0.90763,14
"1292","hws","individual_risk","low",50451,0.50451,14
"1293","hws","individual_risk","medium",42676,0.42676,14
"1294","hws","individual_risk","high",6873,0.06873,14
"1295","hws","societal_risk","low",50451,0.50451,14
"1296","hws","societal_risk","medium",46844,0.46844,14
"1297","hws","societal_risk","high",2705,0.02705,14
"1298","hws","strategy_to_change","cope",17725,0.17725,14
"1299","hws","strategy_to_change","react",50586,0.50586,14
"1300","hws","strategy_to_change","adapt",31689,0.31689,14
"1301","hww","economic_risk","low",76615,0.76615,14
"1302","hww","economic_risk","medium",3197,0.03197,14
"1303","hww","economic_risk","high",20188,0.20188,14
"1304","hww","go_fishing","no",48712,0.48712,14
"1305","hww","go_fishing","yes",51288,0.51288,14
"1306","hww","individual_risk","low",38433,0.38433,14
"1307","hww","individual_risk","medium",29757,0.29757,14
"1308","hww","individual_risk","high",31810,0.3181,14
"1309","hww","societal_risk","low",38433,0.38433,14
"1310","hww","societal_risk","medium",48653,0.48653,14
"1311","hww","societal_risk","high",12914,0.12914,14
"1312","hww","strategy_to_change","cope",77555,0.77555,14
"1313","hww","strategy_to_change","react",16877,0.16877,14
"1314","hww","strategy_to_change","adapt",5568,0.05568,14
"1315","gal","economic_risk","low",59476,0.59476,14
"1316","gal","economic_risk","medium",16525,0.16525,14
"1317","gal","economic_risk","high",23999,0.23999,14
"1318","gal","go_fishing","no",32191,0.32191,14
"1319","gal","go_fishing","yes",67809,0.67809,14
"1320","gal","individual_risk","low",33487,0.33487,14
"1321","gal","individual_risk","medium",45155,0.45155,14
"1322","gal","individual_risk","high",21358,0.21358,14
"1323","gal","societal_risk","low",33487,0.33487,14
"1324","gal","societal_risk","medium",52305,0.52305,14
"1325","gal","societal_risk","high",14208,0.14208,14
"1326","gal","strategy_to_change","cope",66000,0.66,14
"1327","gal","strategy_to_change","react",30716,0.30716,14
"1328","gal","strategy_to_change","adapt",3284,0.03284,14
"1329","sto","economic_risk","low",71331,0.71331,14
"1330","sto","economic_risk","medium",5572,0.05572,14
"1331","sto","economic_risk","high",23097,0.23097,14
"1332","sto","go_fishing","no",77878,0.77878,14
"1333","sto","go_fishing","yes",22122,0.22122,14
"1334","sto","individual_risk","low",16688,0.16688,14
"1335","sto","individual_risk","medium",46330,0.4633,14
"1336","sto","individual_risk","high",36982,0.36982,14
"1337","sto","societal_risk","low",16688,0.16688,14
"1338","sto","societal_risk","medium",66821,0.66821,14
"1339","sto","societal_risk","high",16491,0.16491,14
"1340","sto","strategy_to_change","cope",77878,0.77878,14
"1341","sto","strategy_to_change","react",22122,0.22122,14
"1342","erf","economic_risk","low",57082,0.57082,14
"1343","erf","economic_risk","medium",5892,0.05892,14
"1344","erf","economic_risk","high",37026,0.37026,14
"1345","erf","go_fishing","no",52690,0.5269,14
"1346","erf","go_fishing","yes",47310,0.4731,14
"1347","erf","individual_risk","low",31639,0.31639,14
"1348","erf","individual_risk","medium",40807,0.40807,14
"1349","erf","individual_risk","high",27554,0.27554,14
"1350","erf","societal_risk","low",31639,0.31639,14
"1351","erf","societal_risk","medium",58101,0.58101,14
"1352","erf","societal_risk","high",10260,0.1026,14
"1353","erf","strategy_to_change","cope",100000,1,14
"1354","ici","economic_risk","low",2619,0.02619,14
"1355","ici","economic_risk","medium",10269,0.10269,14
"1356","ici","economic_risk","high",27333,0.27333,14
"1357","ici","economic_risk","not_relevant",59779,0.59779,14
"1358","ici","go_fishing","no",52366,0.52366,14
"1359","ici","go_fishing","yes",47634,0.47634,14
"1360","ici","individual_risk","low",54,0.00054,14
"1361","ici","individual_risk","medium",4946,0.04946,14
"1362","ici","individual_risk","high",35221,0.35221,14
"1363","ici","individual_risk","not_relevant",59779,0.59779,14
"1364","ici","societal_risk","low",54,0.00054,14
"1365","ici","societal_risk","medium",20582,0.20582,14
"1366","ici","societal_risk","high",19585,0.19585,14
"1367","ici","societal_risk","not_relevant",59779,0.59779,14
"1368","ici","strategy_to_change","not_relevant",59779,0.59779,14
"1369","ici","strategy_to_change","cope",22437,0.22437,14
"1370","ici","strategy_to_change","react",17784,0.17784,14
"1371","abl","economic_risk","low",71255,0.71255,15
"1372","abl","economic_risk","medium",7320,0.0732,15
"1373","abl","economic_risk","high",21425,0.21425,15
"1374","abl","go_fishing","no",40654,0.40654,15
"1375","abl","go_fishing","yes",59346,0.59346,15
"1376","abl","individual_risk","low",29967,0.29967,15
"1377","abl","individual_risk","medium",48014,0.48014,15
"1378","abl","individual_risk","high",22019,0.22019,15
"1379","abl","societal_risk","low",29967,0.29967,15
"1380","abl","societal_risk","medium",61964,0.61964,15
"1381","abl","societal_risk","high",8069,0.08069,15
"1382","abl","strategy_to_change","cope",69621,0.69621,15
"1383","abl","strategy_to_change","react",12676,0.12676,15
"1384","abl","strategy_to_change","adapt",17703,0.17703,15
"1385","hws","economic_risk","low",84962,0.84962,15
"1386","hws","economic_risk","medium",8107,0.08107,15
"1387","hws","economic_risk","high",6931,0.06931,15
"1388","hws","go_fishing","no",15022,0.15022,15
"1389","hws","go_fishing","yes",84978,0.84978,15
"1390","hws","individual_risk","low",46583,0.46583,15
"1391","hws","individual_risk","medium",46027,0.46027,15
"1392","hws","individual_risk","high",7390,0.0739,15
"1393","hws","societal_risk","low",46583,0.46583,15
"1394","hws","societal_risk","medium",48398,0.48398,15
"1395","hws","societal_risk","high",5019,0.05019,15
"1396","hws","strategy_to_change","cope",22112,0.22112,15
"1397","hws","strategy_to_change","react",49312,0.49312,15
"1398","hws","strategy_to_change","adapt",28576,0.28576,15
"1399","hww","economic_risk","low",79737,0.79737,15
"1400","hww","economic_risk","medium",2972,0.02972,15
"1401","hww","economic_risk","high",17291,0.17291,15
"1402","hww","go_fishing","no",45511,0.45511,15
"1403","hww","go_fishing","yes",54489,0.54489,15
"1404","hww","individual_risk","low",38978,0.38978,15
"1405","hww","individual_risk","medium",29801,0.29801,15
"1406","hww","individual_risk","high",31221,0.31221,15
"1407","hww","societal_risk","low",38978,0.38978,15
"1408","hww","societal_risk","medium",42719,0.42719,15
"1409","hww","societal_risk","high",18303,0.18303,15
"1410","hww","strategy_to_change","cope",75584,0.75584,15
"1411","hww","strategy_to_change","react",14948,0.14948,15
"1412","hww","strategy_to_change","adapt",9468,0.09468,15
"1413","gal","economic_risk","low",53918,0.53918,15
"1414","gal","economic_risk","medium",17481,0.17481,15
"1415","gal","economic_risk","high",28601,0.28601,15
"1416","gal","go_fishing","no",24307,0.24307,15
"1417","gal","go_fishing","yes",75693,0.75693,15
"1418","gal","individual_risk","low",45234,0.45234,15
"1419","gal","individual_risk","medium",39912,0.39912,15
"1420","gal","individual_risk","high",14854,0.14854,15
"1421","gal","societal_risk","low",45234,0.45234,15
"1422","gal","societal_risk","medium",41775,0.41775,15
"1423","gal","societal_risk","high",12991,0.12991,15
"1424","gal","strategy_to_change","cope",47602,0.47602,15
"1425","gal","strategy_to_change","react",43230,0.4323,15
"1426","gal","strategy_to_change","adapt",9168,0.09168,15
"1427","sto","economic_risk","low",73704,0.73704,15
"1428","sto","economic_risk","medium",5068,0.05068,15
"1429","sto","economic_risk","high",21228,0.21228,15
"1430","sto","go_fishing","no",77902,0.77902,15
"1431","sto","go_fishing","yes",22098,0.22098,15
"1432","sto","individual_risk","low",16937,0.16937,15
"1433","sto","individual_risk","medium",44434,0.44434,15
"1434","sto","individual_risk","high",38629,0.38629,15
"1435","sto","societal_risk","low",16937,0.16937,15
"1436","sto","societal_risk","medium",58554,0.58554,15
"1437","sto","societal_risk","high",24509,0.24509,15
"1438","sto","strategy_to_change","cope",77902,0.77902,15
"1439","sto","strategy_to_change","react",22098,0.22098,15
"1440","erf","economic_risk","low",75866,0.75866,15
"1441","erf","economic_risk","medium",4026,0.04026,15
"1442","erf","economic_risk","high",20108,0.20108,15
"1443","erf","go_fishing","no",65563,0.65563,15
"1444","erf","go_fishing","yes",34437,0.34437,15
"1445","erf","individual_risk","low",22267,0.22267,15
"1446","erf","individual_risk","medium",42550,0.4255,15
"1447","erf","individual_risk","high",35183,0.35183,15
"1448","erf","societal_risk","low",22267,0.22267,15
"1449","erf","societal_risk","medium",57281,0.57281,15
"1450","erf","societal_risk","high",20452,0.20452,15
"1451","erf","strategy_to_change","cope",100000,1,15
"1452","ici","economic_risk","low",4246,0.04246,15
"1453","ici","economic_risk","medium",9545,0.09545,15
"1454","ici","economic_risk","high",26090,0.2609,15
"1455","ici","economic_risk","not_relevant",60119,0.60119,15
"1456","ici","go_fishing","no",54353,0.54353,15
"1457","ici","go_fishing","yes",45647,0.45647,15
"1458","ici","individual_risk","low",12,0.00012,15
"1459","ici","individual_risk","medium",5804,0.05804,15
"1460","ici","individual_risk","high",34065,0.34065,15
"1461","ici","individual_risk","not_relevant",60119,0.60119,15
"1462","ici","societal_risk","low",12,0.00012,15
"1463","ici","societal_risk","medium",21023,0.21023,15
"1464","ici","societal_risk","high",18846,0.18846,15
"1465","ici","societal_risk","not_relevant",60119,0.60119,15
"1466","ici","strategy_to_change","not_relevant",60119,0.60119,15
"1467","ici","strategy_to_change","cope",24295,0.24295,15
"1468","ici","strategy_to_change","react",15586,0.15586,15
"1469","abl","economic_risk","low",71031,0.71031,16
"1470","abl","economic_risk","medium",7527,0.07527,16
"1471","abl","economic_risk","high",21442,0.21442,16
"1472","abl","go_fishing","no",38986,0.38986,16
"1473","abl","go_fishing","yes",61014,0.61014,16
"1474","abl","individual_risk","low",33109,0.33109,16
"1475","abl","individual_risk","medium",45146,0.45146,16
"1476","abl","individual_risk","high",21745,0.21745,16
"1477","abl","societal_risk","low",33109,0.33109,16
"1478","abl","societal_risk","medium",58569,0.58569,16
"1479","abl","societal_risk","high",8322,0.08322,16
"1480","abl","strategy_to_change","cope",72821,0.72821,16
"1481","abl","strategy_to_change","react",6243,0.06243,16
"1482","abl","strategy_to_change","adapt",20936,0.20936,16
"1483","hws","economic_risk","low",79955,0.79955,16
"1484","hws","economic_risk","medium",9480,0.0948,16
"1485","hws","economic_risk","high",10565,0.10565,16
"1486","hws","go_fishing","no",10736,0.10736,16
"1487","hws","go_fishing","yes",89264,0.89264,16
"1488","hws","individual_risk","low",46584,0.46584,16
"1489","hws","individual_risk","medium",44435,0.44435,16
"1490","hws","individual_risk","high",8981,0.08981,16
"1491","hws","societal_risk","low",46584,0.46584,16
"1492","hws","societal_risk","medium",47782,0.47782,16
"1493","hws","societal_risk","high",5634,0.05634,16
"1494","hws","strategy_to_change","cope",21968,0.21968,16
"1495","hws","strategy_to_change","react",47155,0.47155,16
"1496","hws","strategy_to_change","adapt",30877,0.30877,16
"1497","hww","economic_risk","low",76066,0.76066,16
"1498","hww","economic_risk","medium",3341,0.03341,16
"1499","hww","economic_risk","high",20593,0.20593,16
"1500","hww","go_fishing","no",49232,0.49232,16
"1501","hww","go_fishing","yes",50768,0.50768,16
"1502","hww","individual_risk","low",35933,0.35933,16
"1503","hww","individual_risk","medium",29999,0.29999,16
"1504","hww","individual_risk","high",34068,0.34068,16
"1505","hww","societal_risk","low",35933,0.35933,16
"1506","hww","societal_risk","medium",47759,0.47759,16
"1507","hww","societal_risk","high",16308,0.16308,16
"1508","hww","strategy_to_change","cope",82188,0.82188,16
"1509","hww","strategy_to_change","react",13166,0.13166,16
"1510","hww","strategy_to_change","adapt",4646,0.04646,16
"1511","gal","economic_risk","low",53615,0.53615,16
"1512","gal","economic_risk","medium",19748,0.19748,16
"1513","gal","economic_risk","high",26637,0.26637,16
"1514","gal","go_fishing","no",11995,0.11995,16
"1515","gal","go_fishing","yes",88005,0.88005,16
"1516","gal","individual_risk","low",41575,0.41575,16
"1517","gal","individual_risk","medium",38701,0.38701,16
"1518","gal","individual_risk","high",19724,0.19724,16
"1519","gal","societal_risk","low",41575,0.41575,16
"1520","gal","societal_risk","medium",43813,0.43813,16
"1521","gal","societal_risk","high",14612,0.14612,16
"1522","gal","strategy_to_change","cope",56963,0.56963,16
"1523","gal","strategy_to_change","react",38250,0.3825,16
"1524","gal","strategy_to_change","adapt",4787,0.04787,16
"1525","sto","economic_risk","low",67044,0.67044,16
"1526","sto","economic_risk","medium",7373,0.07373,16
"1527","sto","economic_risk","high",25583,0.25583,16
"1528","sto","go_fishing","no",77652,0.77652,16
"1529","sto","go_fishing","yes",22348,0.22348,16
"1530","sto","individual_risk","low",13137,0.13137,16
"1531","sto","individual_risk","medium",48475,0.48475,16
"1532","sto","individual_risk","high",38388,0.38388,16
"1533","sto","societal_risk","low",13137,0.13137,16
"1534","sto","societal_risk","medium",68021,0.68021,16
"1535","sto","societal_risk","high",18842,0.18842,16
"1536","sto","strategy_to_change","cope",77652,0.77652,16
"1537","sto","strategy_to_change","react",22348,0.22348,16
"1538","erf","economic_risk","low",52956,0.52956,16
"1539","erf","economic_risk","medium",5243,0.05243,16
"1540","erf","economic_risk","high",41801,0.41801,16
"1541","erf","go_fishing","no",46945,0.46945,16
"1542","erf","go_fishing","yes",53055,0.53055,16
"1543","erf","individual_risk","low",32076,0.32076,16
"1544","erf","individual_risk","medium",41931,0.41931,16
"1545","erf","individual_risk","high",25993,0.25993,16
"1546","erf","societal_risk","low",32076,0.32076,16
"1547","erf","societal_risk","medium",58139,0.58139,16
"1548","erf","societal_risk","high",9785,0.09785,16
"1549","erf","strategy_to_change","cope",100000,1,16
"1550","ici","economic_risk","low",6377,0.06377,16
"1551","ici","economic_risk","medium",8247,0.08247,16
"1552","ici","economic_risk","high",25435,0.25435,16
"1553","ici","economic_risk","not_relevant",59941,0.59941,16
"1554","ici","go_fishing","no",56182,0.56182,16
"1555","ici","go_fishing","yes",43818,0.43818,16
"1556","ici","individual_risk","low",35,0.00035,16
"1557","ici","individual_risk","medium",8227,0.08227,16
"1558","ici","individual_risk","high",31797,0.31797,16
"1559","ici","individual_risk","not_relevant",59941,0.59941,16
"1560","ici","societal_risk","low",35,0.00035,16
"1561","ici","societal_risk","medium",24062,0.24062,16
"1562","ici","societal_risk","high",15962,0.15962,16
"1563","ici","societal_risk","not_relevant",59941,0.59941,16
"1564","ici","strategy_to_change","not_relevant",59941,0.59941,16
"1565","ici","strategy_to_change","cope",26349,0.26349,16
"1566","ici","strategy_to_change","react",13710,0.1371,16
"1567","abl","economic_risk","low",63452,0.63452,17
"1568","abl","economic_risk","medium",11130,0.1113,17
"1569","abl","economic_risk","high",25418,0.25418,17
"1570","abl","go_fishing","no",39479,0.39479,17
"1571","abl","go_fishing","yes",60521,0.60521,17
"1572","abl","individual_risk","low",30611,0.30611,17
"1573","abl","individual_risk","medium",46708,0.46708,17
"1574","abl","individual_risk","high",22681,0.22681,17
"1575","abl","societal_risk","low",30611,0.30611,17
"1576","abl","societal_risk","medium",62302,0.62302,17
"1577","abl","societal_risk","high",7087,0.07087,17
"1578","abl","strategy_to_change","cope",72519,0.72519,17
"1579","abl","strategy_to_change","react",11961,0.11961,17
"1580","abl","strategy_to_change","adapt",15520,0.1552,17
"1581","hws","economic_risk","low",82707,0.82707,17
"1582","hws","economic_risk","medium",7959,0.07959,17
"1583","hws","economic_risk","high",9334,0.09334,17
"1584","hws","go_fishing","no",11337,0.11337,17
"1585","hws","go_fishing","yes",88663,0.88663,17
"1586","hws","individual_risk","low",47140,0.4714,17
"1587","hws","individual_risk","medium",44506,0.44506,17
"1588","hws","individual_risk","high",8354,0.08354,17
"1589","hws","societal_risk","low",47140,0.4714,17
"1590","hws","societal_risk","medium",47390,0.4739,17
"1591","hws","societal_risk","high",5470,0.0547,17
"1592","hws","strategy_to_change","cope",27940,0.2794,17
"1593","hws","strategy_to_change","react",39917,0.39917,17
"1594","hws","strategy_to_change","adapt",32143,0.32143,17
"1595","hww","economic_risk","low",76437,0.76437,17
"1596","hww","economic_risk","medium",3226,0.03226,17
"1597","hww","economic_risk","high",20337,0.20337,17
"1598","hww","go_fishing","no",46524,0.46524,17
"1599","hww","go_fishing","yes",53476,0.53476,17
"1600","hww","individual_risk","low",39177,0.39177,17
"1601","hww","individual_risk","medium",37110,0.3711,17
"1602","hww","individual_risk","high",23713,0.23713,17
"1603","hww","societal_risk","low",39177,0.39177,17
"1604","hww","societal_risk","medium",51763,0.51763,17
"1605","hww","societal_risk","high",9060,0.0906,17
"1606","hww","strategy_to_change","cope",80731,0.80731,17
"1607","hww","strategy_to_change","react",15934,0.15934,17
"1608","hww","strategy_to_change","adapt",3335,0.03335,17
"1609","gal","economic_risk","low",45469,0.45469,17
"1610","gal","economic_risk","medium",21629,0.21629,17
"1611","gal","economic_risk","high",32902,0.32902,17
"1612","gal","go_fishing","no",28376,0.28376,17
"1613","gal","go_fishing","yes",71624,0.71624,17
"1614","gal","individual_risk","low",38709,0.38709,17
"1615","gal","individual_risk","medium",44328,0.44328,17
"1616","gal","individual_risk","high",16963,0.16963,17
"1617","gal","societal_risk","low",38709,0.38709,17
"1618","gal","societal_risk","medium",48260,0.4826,17
"1619","gal","societal_risk","high",13031,0.13031,17
"1620","gal","strategy_to_change","cope",59995,0.59995,17
"1621","gal","strategy_to_change","react",38024,0.38024,17
"1622","gal","strategy_to_change","adapt",1981,0.01981,17
"1623","sto","economic_risk","low",67396,0.67396,17
"1624","sto","economic_risk","medium",7088,0.07088,17
"1625","sto","economic_risk","high",25516,0.25516,17
"1626","sto","go_fishing","no",76877,0.76877,17
"1627","sto","go_fishing","yes",23123,0.23123,17
"1628","sto","individual_risk","low",17490,0.1749,17
"1629","sto","individual_risk","medium",53436,0.53436,17
"1630","sto","individual_risk","high",29074,0.29074,17
"1631","sto","societal_risk","low",17490,0.1749,17
"1632","sto","societal_risk","medium",69506,0.69506,17
"1633","sto","societal_risk","high",13004,0.13004,17
"1634","sto","strategy_to_change","cope",76877,0.76877,17
"1635","sto","strategy_to_change","react",23123,0.23123,17
"1636","erf","economic_risk","low",49069,0.49069,17
"1637","erf","economic_risk","medium",6456,0.06456,17
"1638","erf","economic_risk","high",44475,0.44475,17
"1639","erf","go_fishing","no",53713,0.53713,17
"1640","erf","go_fishing","yes",46287,0.46287,17
"1641","erf","individual_risk","low",31294,0.31294,17
"1642","erf","individual_risk","medium",38839,0.38839,17
"1643","erf","individual_risk","high",29867,0.29867,17
"1644","erf","societal_risk","low",31294,0.31294,17
"1645","erf","societal_risk","medium",55189,0.55189,17
"1646","erf","societal_risk","high",13517,0.13517,17
"1647","erf","strategy_to_change","cope",100000,1,17
"1648","ici","economic_risk","low",4855,0.04855,17
"1649","ici","economic_risk","medium",8701,0.08701,17
"1650","ici","economic_risk","high",26278,0.26278,17
"1651","ici","economic_risk","not_relevant",60166,0.60166,17
"1652","ici","go_fishing","no",54900,0.549,17
"1653","ici","go_fishing","yes",45100,0.451,17
"1654","ici","individual_risk","low",23,0.00023,17
"1655","ici","individual_risk","medium",7121,0.07121,17
"1656","ici","individual_risk","high",32690,0.3269,17
"1657","ici","individual_risk","not_relevant",60166,0.60166,17
"1658","ici","societal_risk","low",23,0.00023,17
"1659","ici","societal_risk","medium",23517,0.23517,17
"1660","ici","societal_risk","high",16294,0.16294,17
"1661","ici","societal_risk","not_relevant",60166,0.60166,17
"1662","ici","strategy_to_change","not_relevant",60166,0.60166,17
"1663","ici","strategy_to_change","cope",24750,0.2475,17
"1664","ici","strategy_to_change","react",15084,0.15084,17
"1665","abl","economic_risk","low",65275,0.65275,18
"1666","abl","economic_risk","medium",12927,0.12927,18
"1667","abl","economic_risk","high",21798,0.21798,18
"1668","abl","go_fishing","no",33503,0.33503,18
"1669","abl","go_fishing","yes",66497,0.66497,18
"1670","abl","individual_risk","low",38233,0.38233,18
"1671","abl","individual_risk","medium",45630,0.4563,18
"1672","abl","individual_risk","high",16137,0.16137,18
"1673","abl","societal_risk","low",38233,0.38233,18
"1674","abl","societal_risk","medium",56617,0.56617,18
"1675","abl","societal_risk","high",5150,0.0515,18
"1676","abl","strategy_to_change","cope",60982,0.60982,18
"1677","abl","strategy_to_change","react",20709,0.20709,18
"1678","abl","strategy_to_change","adapt",18309,0.18309,18
"1679","hws","economic_risk","low",80706,0.80706,18
"1680","hws","economic_risk","medium",9161,0.09161,18
"1681","hws","economic_risk","high",10133,0.10133,18
"1682","hws","go_fishing","no",10773,0.10773,18
"1683","hws","go_fishing","yes",89227,0.89227,18
"1684","hws","individual_risk","low",47729,0.47729,18
"1685","hws","individual_risk","medium",44947,0.44947,18
"1686","hws","individual_risk","high",7324,0.07324,18
"1687","hws","societal_risk","low",47729,0.47729,18
"1688","hws","societal_risk","medium",48323,0.48323,18
"1689","hws","societal_risk","high",3948,0.03948,18
"1690","hws","strategy_to_change","cope",17907,0.17907,18
"1691","hws","strategy_to_change","react",49519,0.49519,18
"1692","hws","strategy_to_change","adapt",32574,0.32574,18
"1693","hww","economic_risk","low",73564,0.73564,18
"1694","hww","economic_risk","medium",5813,0.05813,18
"1695","hww","economic_risk","high",20623,0.20623,18
"1696","hww","go_fishing","no",48417,0.48417,18
"1697","hww","go_fishing","yes",51583,0.51583,18
"1698","hww","individual_risk","low",40791,0.40791,18
"1699","hww","individual_risk","medium",24814,0.24814,18
"1700","hww","individual_risk","high",34395,0.34395,18
"1701","hww","societal_risk","low",40791,0.40791,18
"1702","hww","societal_risk","medium",37833,0.37833,18
"1703","hww","societal_risk","high",21376,0.21376,18
"1704","hww","strategy_to_change","cope",74700,0.747,18
"1705","hww","strategy_to_change","react",17618,0.17618,18
"1706","hww","strategy_to_change","adapt",7682,0.07682,18
"1707","gal","economic_risk","low",57447,0.57447,18
"1708","gal","economic_risk","medium",18735,0.18735,18
"1709","gal","economic_risk","high",23818,0.23818,18
"1710","gal","go_fishing","no",34704,0.34704,18
"1711","gal","go_fishing","yes",65296,0.65296,18
"1712","gal","individual_risk","low",38328,0.38328,18
"1713","gal","individual_risk","medium",42172,0.42172,18
"1714","gal","individual_risk","high",19500,0.195,18
"1715","gal","societal_risk","low",38328,0.38328,18
"1716","gal","societal_risk","medium",44535,0.44535,18
"1717","gal","societal_risk","high",17137,0.17137,18
"1718","gal","strategy_to_change","cope",59342,0.59342,18
"1719","gal","strategy_to_change","react",33814,0.33814,18
"1720","gal","strategy_to_change","adapt",6844,0.06844,18
"1721","sto","economic_risk","low",66858,0.66858,18
"1722","sto","economic_risk","medium",7940,0.0794,18
"1723","sto","economic_risk","high",25202,0.25202,18
"1724","sto","go_fishing","no",80465,0.80465,18
"1725","sto","go_fishing","yes",19535,0.19535,18
"1726","sto","individual_risk","low",13162,0.13162,18
"1727","sto","individual_risk","medium",46378,0.46378,18
"1728","sto","individual_risk","high",40460,0.4046,18
"1729","sto","societal_risk","low",13162,0.13162,18
"1730","sto","societal_risk","medium",61677,0.61677,18
"1731","sto","societal_risk","high",25161,0.25161,18
"1732","sto","strategy_to_change","cope",80465,0.80465,18
"1733","sto","strategy_to_change","react",19535,0.19535,18
"1734","erf","economic_risk","low",65032,0.65032,18
"1735","erf","economic_risk","medium",6447,0.06447,18
"1736","erf","economic_risk","high",28521,0.28521,18
"1737","erf","go_fishing","no",61310,0.6131,18
"1738","erf","go_fishing","yes",38690,0.3869,18
"1739","erf","individual_risk","low",27323,0.27323,18
"1740","erf","individual_risk","medium",41066,0.41066,18
"1741","erf","individual_risk","high",31611,0.31611,18
"1742","erf","societal_risk","low",27323,0.27323,18
"1743","erf","societal_risk","medium",56657,0.56657,18
"1744","erf","societal_risk","high",16020,0.1602,18
"1745","erf","strategy_to_change","cope",100000,1,18
"1746","ici","economic_risk","low",6093,0.06093,18
"1747","ici","economic_risk","medium",7628,0.07628,18
"1748","ici","economic_risk","high",26320,0.2632,18
"1749","ici","economic_risk","not_relevant",59959,0.59959,18
"1750","ici","go_fishing","no",56168,0.56168,18
"1751","ici","go_fishing","yes",43832,0.43832,18
"1752","ici","individual_risk","low",44,0.00044,18
"1753","ici","individual_risk","medium",8106,0.08106,18
"1754","ici","individual_risk","high",31891,0.31891,18
"1755","ici","individual_risk","not_relevant",59959,0.59959,18
"1756","ici","societal_risk","low",44,0.00044,18
"1757","ici","societal_risk","medium",24613,0.24613,18
"1758","ici","societal_risk","high",15384,0.15384,18
"1759","ici","societal_risk","not_relevant",59959,0.59959,18
"1760","ici","strategy_to_change","not_relevant",59959,0.59959,18
"1761","ici","strategy_to_change","cope",26316,0.26316,18
"1762","ici","strategy_to_change","react",13725,0.13725,18
"1763","abl","economic_risk","low",72192,0.72192,19
"1764","abl","economic_risk","medium",8127,0.08127,19
"1765","abl","economic_risk","high",19681,0.19681,19
"1766","abl","go_fishing","no",36935,0.36935,19
"1767","abl","go_fishing","yes",63065,0.63065,19
"1768","abl","individual_risk","low",31771,0.31771,19
"1769","abl","individual_risk","medium",50415,0.50415,19
"1770","abl","individual_risk","high",17814,0.17814,19
"1771","abl","societal_risk","low",31771,0.31771,19
"1772","abl","societal_risk","medium",61351,0.61351,19
"1773","abl","societal_risk","high",6878,0.06878,19
"1774","abl","strategy_to_change","cope",68472,0.68472,19
"1775","abl","strategy_to_change","react",12884,0.12884,19
"1776","abl","strategy_to_change","adapt",18644,0.18644,19
"1777","hws","economic_risk","low",87741,0.87741,19
"1778","hws","economic_risk","medium",4831,0.04831,19
"1779","hws","economic_risk","high",7428,0.07428,19
"1780","hws","go_fishing","no",16037,0.16037,19
"1781","hws","go_fishing","yes",83963,0.83963,19
"1782","hws","individual_risk","low",41194,0.41194,19
"1783","hws","individual_risk","medium",51252,0.51252,19
"1784","hws","individual_risk","high",7554,0.07554,19
"1785","hws","societal_risk","low",41194,0.41194,19
"1786","hws","societal_risk","medium",54301,0.54301,19
"1787","hws","societal_risk","high",4505,0.04505,19
"1788","hws","strategy_to_change","cope",27925,0.27925,19
"1789","hws","strategy_to_change","react",38475,0.38475,19
"1790","hws","strategy_to_change","adapt",33600,0.336,19
"1791","hww","economic_risk","low",80697,0.80697,19
"1792","hww","economic_risk","medium",1343,0.01343,19
"1793","hww","economic_risk","high",17960,0.1796,19
"1794","hww","go_fishing","no",48047,0.48047,19
"1795","hww","go_fishing","yes",51953,0.51953,19
"1796","hww","individual_risk","low",34639,0.34639,19
"1797","hww","individual_risk","medium",44632,0.44632,19
"1798","hww","individual_risk","high",20729,0.20729,19
"1799","hww","societal_risk","low",34639,0.34639,19
"1800","hww","societal_risk","medium",58218,0.58218,19
"1801","hww","societal_risk","high",7143,0.07143,19
"1802","hww","strategy_to_change","cope",83991,0.83991,19
"1803","hww","strategy_to_change","react",12539,0.12539,19
"1804","hww","strategy_to_change","adapt",3470,0.0347,19
"1805","gal","economic_risk","low",47986,0.47986,19
"1806","gal","economic_risk","medium",15781,0.15781,19
"1807","gal","economic_risk","high",36233,0.36233,19
"1808","gal","go_fishing","no",21820,0.2182,19
"1809","gal","go_fishing","yes",78180,0.7818,19
"1810","gal","individual_risk","low",37499,0.37499,19
"1811","gal","individual_risk","medium",47863,0.47863,19
"1812","gal","individual_risk","high",14638,0.14638,19
"1813","gal","societal_risk","low",37499,0.37499,19
"1814","gal","societal_risk","medium",52165,0.52165,19
"1815","gal","societal_risk","high",10336,0.10336,19
"1816","gal","strategy_to_change","cope",60818,0.60818,19
"1817","gal","strategy_to_change","react",34201,0.34201,19
"1818","gal","strategy_to_change","adapt",4981,0.04981,19
"1819","sto","economic_risk","low",73355,0.73355,19
"1820","sto","economic_risk","medium",3901,0.03901,19
"1821","sto","economic_risk","high",22744,0.22744,19
"1822","sto","go_fishing","no",77663,0.77663,19
"1823","sto","go_fishing","yes",22337,0.22337,19
"1824","sto","individual_risk","low",15565,0.15565,19
"1825","sto","individual_risk","medium",57449,0.57449,19
"1826","sto","individual_risk","high",26986,0.26986,19
"1827","sto","societal_risk","low",15565,0.15565,19
"1828","sto","societal_risk","medium",72307,0.72307,19
"1829","sto","societal_risk","high",12128,0.12128,19
"1830","sto","strategy_to_change","cope",77663,0.77663,19
"1831","sto","strategy_to_change","react",22337,0.22337,19
"1832","erf","economic_risk","low",55050,0.5505,19
"1833","erf","economic_risk","medium",3273,0.03273,19
"1834","erf","economic_risk","high",41677,0.41677,19
"1835","erf","go_fishing","no",47856,0.47856,19
"1836","erf","go_fishing","yes",52144,0.52144,19
"1837","erf","individual_risk","low",33237,0.33237,19
"1838","erf","individual_risk","medium",41938,0.41938,19
"1839","erf","individual_risk","high",24825,0.24825,19
"1840","erf","societal_risk","low",33237,0.33237,19
"1841","erf","societal_risk","medium",57173,0.57173,19
"1842","erf","societal_risk","high",9590,0.0959,19
"1843","erf","strategy_to_change","cope",100000,1,19
"1844","ici","economic_risk","low",1521,0.01521,19
"1845","ici","economic_risk","medium",9089,0.09089,19
"1846","ici","economic_risk","high",29336,0.29336,19
"1847","ici","economic_risk","not_relevant",60054,0.60054,19
"1848","ici","go_fishing","no",51482,0.51482,19
"1849","ici","go_fishing","yes",48518,0.48518,19
"1850","ici","individual_risk","low",41,0.00041,19
"1851","ici","individual_risk","medium",3985,0.03985,19
"1852","ici","individual_risk","high",35920,0.3592,19
"1853","ici","individual_risk","not_relevant",60054,0.60054,19
"1854","ici","societal_risk","low",41,0.00041,19
"1855","ici","societal_risk","medium",19571,0.19571,19
"1856","ici","societal_risk","high",20334,0.20334,19
"1857","ici","societal_risk","not_relevant",60054,0.60054,19
"1858","ici","strategy_to_change","not_relevant",60054,0.60054,19
"1859","ici","strategy_to_change","cope",21571,0.21571,19
"1860","ici","strategy_to_change","react",18375,0.18375,19
"1861","abl","economic_risk","low",67036,0.67036,20
"1862","abl","economic_risk","medium",9224,0.09224,20
"1863","abl","economic_risk","high",23740,0.2374,20
"1864","abl","go_fishing","no",38744,0.38744,20
"1865","abl","go_fishing","yes",61256,0.61256,20
"1866","abl","individual_risk","low",28141,0.28141,20
"1867","abl","individual_risk","medium",50427,0.50427,20
"1868","abl","individual_risk","high",21432,0.21432,20
"1869","abl","societal_risk","low",28141,0.28141,20
"1870","abl","societal_risk","medium",64165,0.64165,20
"1871","abl","societal_risk","high",7694,0.07694,20
"1872","abl","strategy_to_change","cope",70844,0.70844,20
"1873","abl","strategy_to_change","react",9572,0.09572,20
"1874","abl","strategy_to_change","adapt",19584,0.19584,20
"1875","hws","economic_risk","low",83267,0.83267,20
"1876","hws","economic_risk","medium",7497,0.07497,20
"1877","hws","economic_risk","high",9236,0.09236,20
"1878","hws","go_fishing","no",12838,0.12838,20
"1879","hws","go_fishing","yes",87162,0.87162,20
"1880","hws","individual_risk","low",49506,0.49506,20
"1881","hws","individual_risk","medium",43915,0.43915,20
"1882","hws","individual_risk","high",6579,0.06579,20
"1883","hws","societal_risk","low",49506,0.49506,20
"1884","hws","societal_risk","medium",46762,0.46762,20
"1885","hws","societal_risk","high",3732,0.03732,20
"1886","hws","strategy_to_change","cope",18969,0.18969,20
"1887","hws","strategy_to_change","react",47494,0.47494,20
"1888","hws","strategy_to_change","adapt",33537,0.33537,20
"1889","hww","economic_risk","low",71813,0.71813,20
"1890","hww","economic_risk","medium",5523,0.05523,20
"1891","hww","economic_risk","high",22664,0.22664,20
"1892","hww","go_fishing","no",48828,0.48828,20
"1893","hww","go_fishing","yes",51172,0.51172,20
"1894","hww","individual_risk","low",38202,0.38202,20
"1895","hww","individual_risk","medium",33626,0.33626,20
"1896","hww","individual_risk","high",28172,0.28172,20
"1897","hww","societal_risk","low",38202,0.38202,20
"1898","hww","societal_risk","medium",46550,0.4655,20
"1899","hww","societal_risk","high",15248,0.15248,20
"1900","hww","strategy_to_change","cope",77591,0.77591,20
"1901","hww","strategy_to_change","react",16846,0.16846,20
"1902","hww","strategy_to_change","adapt",5563,0.05563,20
"1903","gal","economic_risk","low",44545,0.44545,20
"1904","gal","economic_risk","medium",18598,0.18598,20
"1905","gal","economic_risk","high",36857,0.36857,20
"1906","gal","go_fishing","no",35946,0.35946,20
"1907","gal","go_fishing","yes",64054,0.64054,20
"1908","gal","individual_risk","low",34154,0.34154,20
"1909","gal","individual_risk","medium",47473,0.47473,20
"1910","gal","individual_risk","high",18373,0.18373,20
"1911","gal","societal_risk","low",34154,0.34154,20
"1912","gal","societal_risk","medium",48678,0.48678,20
"1913","gal","societal_risk","high",17168,0.17168,20
"1914","gal","strategy_to_change","cope",64387,0.64387,20
"1915","gal","strategy_to_change","react",29187,0.29187,20
"1916","gal","strategy_to_change","adapt",6426,0.06426,20
"1917","sto","economic_risk","low",65670,0.6567,20
"1918","sto","economic_risk","medium",8304,0.08304,20
"1919","sto","economic_risk","high",26026,0.26026,20
"1920","sto","go_fishing","no",78257,0.78257,20
"1921","sto","go_fishing","yes",21743,0.21743,20
"1922","sto","individual_risk","low",14297,0.14297,20
"1923","sto","individual_risk","medium",55804,0.55804,20
"1924","sto","individual_risk","high",29899,0.29899,20
"1925","sto","societal_risk","low",14297,0.14297,20
"1926","sto","societal_risk","medium",69438,0.69438,20
"1927","sto","societal_risk","high",16265,0.16265,20
"1928","sto","strategy_to_change","cope",78257,0.78257,20
"1929","sto","strategy_to_change","react",21743,0.21743,20
"1930","erf","economic_risk","low",50593,0.50593,20
"1931","erf","economic_risk","medium",6854,0.06854,20
"1932","erf","economic_risk","high",42553,0.42553,20
"1933","erf","go_fishing","no",50413,0.50413,20
"1934","erf","go_fishing","yes",49587,0.49587,20
"1935","erf","individual_risk","low",31383,0.31383,20
"1936","erf","individual_risk","medium",40757,0.40757,20
"1937","erf","individual_risk","high",27860,0.2786,20
"1938","erf","societal_risk","low",31383,0.31383,20
"1939","erf","societal_risk","medium",54925,0.54925,20
"1940","erf","societal_risk","high",13692,0.13692,20
"1941","erf","strategy_to_change","cope",100000,1,20
"1942","ici","economic_risk","low",4403,0.04403,20
"1943","ici","economic_risk","medium",8387,0.08387,20
"1944","ici","economic_risk","high",27058,0.27058,20
"1945","ici","economic_risk","not_relevant",60152,0.60152,20
"1946","ici","go_fishing","no",54254,0.54254,20
"1947","ici","go_fishing","yes",45746,0.45746,20
"1948","ici","individual_risk","low",23,0.00023,20
"1949","ici","individual_risk","medium",6118,0.06118,20
"1950","ici","individual_risk","high",33707,0.33707,20
"1951","ici","individual_risk","not_relevant",60152,0.60152,20
"1952","ici","societal_risk","low",23,0.00023,20
"1953","ici","societal_risk","medium",20746,0.20746,20
"1954","ici","societal_risk","high",19079,0.19079,20
"1955","ici","societal_risk","not_relevant",60152,0.60152,20
"1956","ici","strategy_to_change","not_relevant",60152,0.60152,20
"1957","ici","strategy_to_change","cope",24115,0.24115,20
"1958","ici","strategy_to_change","react",15733,0.15733,20
"1959","abl","economic_risk","low",69786,0.69786,21
"1960","abl","economic_risk","medium",11637,0.11637,21
"1961","abl","economic_risk","high",18577,0.18577,21
"1962","abl","go_fishing","no",33450,0.3345,21
"1963","abl","go_fishing","yes",66550,0.6655,21
"1964","abl","individual_risk","low",35591,0.35591,21
"1965","abl","individual_risk","medium",50329,0.50329,21
"1966","abl","individual_risk","high",14080,0.1408,21
"1967","abl","societal_risk","low",35591,0.35591,21
"1968","abl","societal_risk","medium",60395,0.60395,21
"1969","abl","societal_risk","high",4014,0.04014,21
"1970","abl","strategy_to_change","cope",62525,0.62525,21
"1971","abl","strategy_to_change","react",17165,0.17165,21
"1972","abl","strategy_to_change","adapt",20310,0.2031,21
"1973","hws","economic_risk","low",84347,0.84347,21
"1974","hws","economic_risk","medium",6902,0.06902,21
"1975","hws","economic_risk","high",8751,0.08751,21
"1976","hws","go_fishing","no",9467,0.09467,21
"1977","hws","go_fishing","yes",90533,0.90533,21
"1978","hws","individual_risk","low",50915,0.50915,21
"1979","hws","individual_risk","medium",43376,0.43376,21
"1980","hws","individual_risk","high",5709,0.05709,21
"1981","hws","societal_risk","low",50915,0.50915,21
"1982","hws","societal_risk","medium",46306,0.46306,21
"1983","hws","societal_risk","high",2779,0.02779,21
"1984","hws","strategy_to_change","cope",16995,0.16995,21
"1985","hws","strategy_to_change","react",47563,0.47563,21
"1986","hws","strategy_to_change","adapt",35442,0.35442,21
"1987","hww","economic_risk","low",82868,0.82868,21
"1988","hww","economic_risk","medium",2407,0.02407,21
"1989","hww","economic_risk","high",14725,0.14725,21
"1990","hww","go_fishing","no",42982,0.42982,21
"1991","hww","go_fishing","yes",57018,0.57018,21
"1992","hww","individual_risk","low",38240,0.3824,21
"1993","hww","individual_risk","medium",44204,0.44204,21
"1994","hww","individual_risk","high",17556,0.17556,21
"1995","hww","societal_risk","low",38240,0.3824,21
"1996","hww","societal_risk","medium",56964,0.56964,21
"1997","hww","societal_risk","high",4796,0.04796,21
"1998","hww","strategy_to_change","cope",71318,0.71318,21
"1999","hww","strategy_to_change","react",18536,0.18536,21
"2000","hww","strategy_to_change","adapt",10146,0.10146,21
"2001","gal","economic_risk","low",52026,0.52026,21
"2002","gal","economic_risk","medium",16861,0.16861,21
"2003","gal","economic_risk","high",31113,0.31113,21
"2004","gal","go_fishing","no",30055,0.30055,21
"2005","gal","go_fishing","yes",69945,0.69945,21
"2006","gal","individual_risk","low",37431,0.37431,21
"2007","gal","individual_risk","medium",49238,0.49238,21
"2008","gal","individual_risk","high",13331,0.13331,21
"2009","gal","societal_risk","low",37431,0.37431,21
"2010","gal","societal_risk","medium",53227,0.53227,21
"2011","gal","societal_risk","high",9342,0.09342,21
"2012","gal","strategy_to_change","cope",61057,0.61057,21
"2013","gal","strategy_to_change","react",31750,0.3175,21
"2014","gal","strategy_to_change","adapt",7193,0.07193,21
"2015","sto","economic_risk","low",73924,0.73924,21
"2016","sto","economic_risk","medium",4262,0.04262,21
"2017","sto","economic_risk","high",21814,0.21814,21
"2018","sto","go_fishing","no",85030,0.8503,21
"2019","sto","go_fishing","yes",14970,0.1497,21
"2020","sto","individual_risk","low",9877,0.09877,21
"2021","sto","individual_risk","medium",66154,0.66154,21
"2022","sto","individual_risk","high",23969,0.23969,21
"2023","sto","societal_risk","low",9877,0.09877,21
"2024","sto","societal_risk","medium",82897,0.82897,21
"2025","sto","societal_risk","high",7226,0.07226,21
"2026","sto","strategy_to_change","cope",85030,0.8503,21
"2027","sto","strategy_to_change","react",14970,0.1497,21
"2028","erf","economic_risk","low",72574,0.72574,21
"2029","erf","economic_risk","medium",5922,0.05922,21
"2030","erf","economic_risk","high",21504,0.21504,21
"2031","erf","go_fishing","no",67479,0.67479,21
"2032","erf","go_fishing","yes",32521,0.32521,21
"2033","erf","individual_risk","low",21181,0.21181,21
"2034","erf","individual_risk","medium",56211,0.56211,21
"2035","erf","individual_risk","high",22608,0.22608,21
"2036","erf","societal_risk","low",21181,0.21181,21
"2037","erf","societal_risk","medium",73014,0.73014,21
"2038","erf","societal_risk","high",5805,0.05805,21
"2039","erf","strategy_to_change","cope",100000,1,21
"2040","ici","economic_risk","low",4141,0.04141,21
"2041","ici","economic_risk","medium",9577,0.09577,21
"2042","ici","economic_risk","high",26370,0.2637,21
"2043","ici","economic_risk","not_relevant",59912,0.59912,21
"2044","ici","go_fishing","no",54098,0.54098,21
"2045","ici","go_fishing","yes",45902,0.45902,21
"2046","ici","individual_risk","low",13,0.00013,21
"2047","ici","individual_risk","medium",5802,0.05802,21
"2048","ici","individual_risk","high",34273,0.34273,21
"2049","ici","individual_risk","not_relevant",59912,0.59912,21
"2050","ici","societal_risk","low",13,0.00013,21
"2051","ici","societal_risk","medium",22719,0.22719,21
"2052","ici","societal_risk","high",17356,0.17356,21
"2053","ici","societal_risk","not_relevant",59912,0.59912,21
"2054","ici","strategy_to_change","not_relevant",59912,0.59912,21
"2055","ici","strategy_to_change","cope",24133,0.24133,21
"2056","ici","strategy_to_change","react",15955,0.15955,21
"2057","abl","economic_risk","low",55920,0.5592,22
"2058","abl","economic_risk","medium",17674,0.17674,22
"2059","abl","economic_risk","high",26406,0.26406,22
"2060","abl","go_fishing","no",36969,0.36969,22
"2061","abl","go_fishing","yes",63031,0.63031,22
"2062","abl","individual_risk","low",32129,0.32129,22
"2063","abl","individual_risk","medium",48891,0.48891,22
"2064","abl","individual_risk","high",18980,0.1898,22
"2065","abl","societal_risk","low",32146,0.32146,22
"2066","abl","societal_risk","medium",62816,0.62816,22
"2067","abl","societal_risk","high",5038,0.05038,22
"2068","abl","strategy_to_change","cope",71792,0.71792,22
"2069","abl","strategy_to_change","react",20584,0.20584,22
"2070","abl","strategy_to_change","adapt",7624,0.07624,22
"2071","hws","economic_risk","low",83404,0.83404,22
"2072","hws","economic_risk","medium",7796,0.07796,22
"2073","hws","economic_risk","high",8800,0.088,22
"2074","hws","go_fishing","no",7508,0.07508,22
"2075","hws","go_fishing","yes",92492,0.92492,22
"2076","hws","individual_risk","low",50008,0.50008,22
"2077","hws","individual_risk","medium",42572,0.42572,22
"2078","hws","individual_risk","high",7420,0.0742,22
"2079","hws","societal_risk","low",50042,0.50042,22
"2080","hws","societal_risk","medium",46424,0.46424,22
"2081","hws","societal_risk","high",3534,0.03534,22
"2082","hws","strategy_to_change","cope",18919,0.18919,22
"2083","hws","strategy_to_change","react",49457,0.49457,22
"2084","hws","strategy_to_change","adapt",31624,0.31624,22
"2085","hww","economic_risk","low",77135,0.77135,22
"2086","hww","economic_risk","medium",2516,0.02516,22
"2087","hww","economic_risk","high",20349,0.20349,22
"2088","hww","go_fishing","no",54750,0.5475,22
"2089","hww","go_fishing","yes",45250,0.4525,22
"2090","hww","individual_risk","low",34259,0.34259,22
"2091","hww","individual_risk","medium",33834,0.33834,22
"2092","hww","individual_risk","high",31907,0.31907,22
"2093","hww","societal_risk","low",34317,0.34317,22
"2094","hww","societal_risk","medium",53186,0.53186,22
"2095","hww","societal_risk","high",12497,0.12497,22
"2096","hww","strategy_to_change","cope",86778,0.86778,22
"2097","hww","strategy_to_change","react",10917,0.10917,22
"2098","hww","strategy_to_change","adapt",2305,0.02305,22
"2099","gal","economic_risk","low",59814,0.59814,22
"2100","gal","economic_risk","medium",17180,0.1718,22
"2101","gal","economic_risk","high",23006,0.23006,22
"2102","gal","go_fishing","no",28765,0.28765,22
"2103","gal","go_fishing","yes",71235,0.71235,22
"2104","gal","individual_risk","low",38649,0.38649,22
"2105","gal","individual_risk","medium",44503,0.44503,22
"2106","gal","individual_risk","high",16848,0.16848,22
"2107","gal","societal_risk","low",38690,0.3869,22
"2108","gal","societal_risk","medium",49761,0.49761,22
"2109","gal","societal_risk","high",11549,0.11549,22
"2110","gal","strategy_to_change","cope",56337,0.56337,22
"2111","gal","strategy_to_change","react",34238,0.34238,22
"2112","gal","strategy_to_change","adapt",9425,0.09425,22
"2113","sto","economic_risk","low",70676,0.70676,22
"2114","sto","economic_risk","medium",5559,0.05559,22
"2115","sto","economic_risk","high",23765,0.23765,22
"2116","sto","go_fishing","no",76992,0.76992,22
"2117","sto","go_fishing","yes",23008,0.23008,22
"2118","sto","individual_risk","low",15063,0.15063,22
"2119","sto","individual_risk","medium",50826,0.50826,22
"2120","sto","individual_risk","high",34111,0.34111,22
"2121","sto","societal_risk","low",15120,0.1512,22
"2122","sto","societal_risk","medium",71395,0.71395,22
"2123","sto","societal_risk","high",13485,0.13485,22
"2124","sto","strategy_to_change","cope",76992,0.76992,22
"2125","sto","strategy_to_change","react",23008,0.23008,22
"2126","erf","economic_risk","low",72661,0.72661,22
"2127","erf","economic_risk","medium",5098,0.05098,22
"2128","erf","economic_risk","high",22241,0.22241,22
"2129","erf","go_fishing","no",69089,0.69089,22
"2130","erf","go_fishing","yes",30911,0.30911,22
"2131","erf","individual_risk","low",19705,0.19705,22
"2132","erf","individual_risk","medium",46740,0.4674,22
"2133","erf","individual_risk","high",33555,0.33555,22
"2134","erf","societal_risk","low",19771,0.19771,22
"2135","erf","societal_risk","medium",67417,0.67417,22
"2136","erf","societal_risk","high",12812,0.12812,22
"2137","erf","strategy_to_change","cope",100000,1,22
"2138","ici","economic_risk","low",4030,0.0403,22
"2139","ici","economic_risk","medium",7157,0.07157,22
"2140","ici","economic_risk","high",28848,0.28848,22
"2141","ici","economic_risk","not_relevant",59965,0.59965,22
"2142","ici","go_fishing","no",54269,0.54269,22
"2143","ici","go_fishing","yes",45731,0.45731,22
"2144","ici","individual_risk","low",23,0.00023,22
"2145","ici","individual_risk","medium",5658,0.05658,22
"2146","ici","individual_risk","high",34354,0.34354,22
"2147","ici","individual_risk","not_relevant",59965,0.59965,22
"2148","ici","societal_risk","low",23,0.00023,22
"2149","ici","societal_risk","medium",22632,0.22632,22
"2150","ici","societal_risk","high",17380,0.1738,22
"2151","ici","societal_risk","not_relevant",59965,0.59965,22
"2152","ici","strategy_to_change","not_relevant",59965,0.59965,22
"2153","ici","strategy_to_change","cope",24193,0.24193,22
"2154","ici","strategy_to_change","react",15842,0.15842,22
"2155","abl","economic_risk","low",63715,0.63715,23
"2156","abl","economic_risk","medium",11344,0.11344,23
"2157","abl","economic_risk","high",24941,0.24941,23
"2158","abl","go_fishing","no",40602,0.40602,23
"2159","abl","go_fishing","yes",59398,0.59398,23
"2160","abl","individual_risk","low",34884,0.34884,23
"2161","abl","individual_risk","medium",44715,0.44715,23
"2162","abl","individual_risk","high",20401,0.20401,23
"2163","abl","societal_risk","low",34884,0.34884,23
"2164","abl","societal_risk","medium",58105,0.58105,23
"2165","abl","societal_risk","high",7011,0.07011,23
"2166","abl","strategy_to_change","cope",71607,0.71607,23
"2167","abl","strategy_to_change","react",14761,0.14761,23
"2168","abl","strategy_to_change","adapt",13632,0.13632,23
"2169","hws","economic_risk","low",85427,0.85427,23
"2170","hws","economic_risk","medium",7188,0.07188,23
"2171","hws","economic_risk","high",7385,0.07385,23
"2172","hws","go_fishing","no",11900,0.119,23
"2173","hws","go_fishing","yes",88100,0.881,23
"2174","hws","individual_risk","low",47473,0.47473,23
"2175","hws","individual_risk","medium",46097,0.46097,23
"2176","hws","individual_risk","high",6430,0.0643,23
"2177","hws","societal_risk","low",47473,0.47473,23
"2178","hws","societal_risk","medium",49399,0.49399,23
"2179","hws","societal_risk","high",3128,0.03128,23
"2180","hws","strategy_to_change","cope",23950,0.2395,23
"2181","hws","strategy_to_change","react",46609,0.46609,23
"2182","hws","strategy_to_change","adapt",29441,0.29441,23
"2183","hww","economic_risk","low",77025,0.77025,23
"2184","hww","economic_risk","medium",2989,0.02989,23
"2185","hww","economic_risk","high",19986,0.19986,23
"2186","hww","go_fishing","no",49059,0.49059,23
"2187","hww","go_fishing","yes",50941,0.50941,23
"2188","hww","individual_risk","low",37838,0.37838,23
"2189","hww","individual_risk","medium",30868,0.30868,23
"2190","hww","individual_risk","high",31294,0.31294,23
"2191","hww","societal_risk","low",37838,0.37838,23
"2192","hww","societal_risk","medium",49083,0.49083,23
"2193","hww","societal_risk","high",13079,0.13079,23
"2194","hww","strategy_to_change","cope",81866,0.81866,23
"2195","hww","strategy_to_change","react",14645,0.14645,23
"2196","hww","strategy_to_change","adapt",3489,0.03489,23
"2197","gal","economic_risk","low",42953,0.42953,23
"2198","gal","economic_risk","medium",21803,0.21803,23
"2199","gal","economic_risk","high",35244,0.35244,23
"2200","gal","go_fishing","no",21431,0.21431,23
"2201","gal","go_fishing","yes",78569,0.78569,23
"2202","gal","individual_risk","low",45834,0.45834,23
"2203","gal","individual_risk","medium",39589,0.39589,23
"2204","gal","individual_risk","high",14577,0.14577,23
"2205","gal","societal_risk","low",45834,0.45834,23
"2206","gal","societal_risk","medium",42870,0.4287,23
"2207","gal","societal_risk","high",11296,0.11296,23
"2208","gal","strategy_to_change","cope",47676,0.47676,23
"2209","gal","strategy_to_change","react",42285,0.42285,23
"2210","gal","strategy_to_change","adapt",10039,0.10039,23
"2211","sto","economic_risk","low",69260,0.6926,23
"2212","sto","economic_risk","medium",6072,0.06072,23
"2213","sto","economic_risk","high",24668,0.24668,23
"2214","sto","go_fishing","no",75465,0.75465,23
"2215","sto","go_fishing","yes",24535,0.24535,23
"2216","sto","individual_risk","low",16481,0.16481,23
"2217","sto","individual_risk","medium",47756,0.47756,23
"2218","sto","individual_risk","high",35763,0.35763,23
"2219","sto","societal_risk","low",16481,0.16481,23
"2220","sto","societal_risk","medium",67740,0.6774,23
"2221","sto","societal_risk","high",15779,0.15779,23
"2222","sto","strategy_to_change","cope",75465,0.75465,23
"2223","sto","strategy_to_change","react",24535,0.24535,23
"2224","erf","economic_risk","low",71107,0.71107,23
"2225","erf","economic_risk","medium",5221,0.05221,23
"2226","erf","economic_risk","high",23672,0.23672,23
"2227","erf","go_fishing","no",73011,0.73011,23
"2228","erf","go_fishing","yes",26989,0.26989,23
"2229","erf","individual_risk","low",16584,0.16584,23
"2230","erf","individual_risk","medium",47499,0.47499,23
"2231","erf","individual_risk","high",35917,0.35917,23
"2232","erf","societal_risk","low",16584,0.16584,23
"2233","erf","societal_risk","medium",67481,0.67481,23
"2234","erf","societal_risk","high",15935,0.15935,23
"2235","erf","strategy_to_change","cope",100000,1,23
"2236","ici","economic_risk","low",5209,0.05209,23
"2237","ici","economic_risk","medium",9417,0.09417,23
"2238","ici","economic_risk","high",25231,0.25231,23
"2239","ici","economic_risk","not_relevant",60143,0.60143,23
"2240","ici","go_fishing","no",55378,0.55378,23
"2241","ici","go_fishing","yes",44622,0.44622,23
"2242","ici","individual_risk","low",34,0.00034,23
"2243","ici","individual_risk","medium",8443,0.08443,23
"2244","ici","individual_risk","high",31380,0.3138,23
"2245","ici","individual_risk","not_relevant",60143,0.60143,23
"2246","ici","societal_risk","low",34,0.00034,23
"2247","ici","societal_risk","medium",23915,0.23915,23
"2248","ici","societal_risk","high",15908,0.15908,23
"2249","ici","societal_risk","not_relevant",60143,0.60143,23
"2250","ici","strategy_to_change","not_relevant",60143,0.60143,23
"2251","ici","strategy_to_change","cope",25060,0.2506,23
"2252","ici","strategy_to_change","react",14797,0.14797,23
"2253","abl","economic_risk","low",72199,0.72199,24
"2254","abl","economic_risk","medium",9573,0.09573,24
"2255","abl","economic_risk","high",18228,0.18228,24
"2256","abl","go_fishing","no",31849,0.31849,24
"2257","abl","go_fishing","yes",68151,0.68151,24
"2258","abl","individual_risk","low",35015,0.35015,24
"2259","abl","individual_risk","medium",50449,0.50449,24
"2260","abl","individual_risk","high",14536,0.14536,24
"2261","abl","societal_risk","low",34988,0.34988,24
"2262","abl","societal_risk","medium",59443,0.59443,24
"2263","abl","societal_risk","high",5569,0.05569,24
"2264","abl","strategy_to_change","cope",59482,0.59482,24
"2265","abl","strategy_to_change","react",14614,0.14614,24
"2266","abl","strategy_to_change","adapt",25904,0.25904,24
"2267","hws","economic_risk","low",82954,0.82954,24
"2268","hws","economic_risk","medium",6810,0.0681,24
"2269","hws","economic_risk","high",10236,0.10236,24
"2270","hws","go_fishing","no",9011,0.09011,24
"2271","hws","go_fishing","yes",90989,0.90989,24
"2272","hws","individual_risk","low",46585,0.46585,24
"2273","hws","individual_risk","medium",44557,0.44557,24
"2274","hws","individual_risk","high",8858,0.08858,24
"2275","hws","societal_risk","low",46532,0.46532,24
"2276","hws","societal_risk","medium",48289,0.48289,24
"2277","hws","societal_risk","high",5179,0.05179,24
"2278","hws","strategy_to_change","cope",17649,0.17649,24
"2279","hws","strategy_to_change","react",46101,0.46101,24
"2280","hws","strategy_to_change","adapt",36250,0.3625,24
"2281","hww","economic_risk","low",77455,0.77455,24
"2282","hww","economic_risk","medium",3278,0.03278,24
"2283","hww","economic_risk","high",19267,0.19267,24
"2284","hww","go_fishing","no",43341,0.43341,24
"2285","hww","go_fishing","yes",56659,0.56659,24
"2286","hww","individual_risk","low",38712,0.38712,24
"2287","hww","individual_risk","medium",37885,0.37885,24
"2288","hww","individual_risk","high",23403,0.23403,24
"2289","hww","societal_risk","low",38649,0.38649,24
"2290","hww","societal_risk","medium",51030,0.5103,24
"2291","hww","societal_risk","high",10321,0.10321,24
"2292","hww","strategy_to_change","cope",79054,0.79054,24
"2293","hww","strategy_to_change","react",13144,0.13144,24
"2294","hww","strategy_to_change","adapt",7802,0.07802,24
"2295","gal","economic_risk","low",54302,0.54302,24
"2296","gal","economic_risk","medium",19941,0.19941,24
"2297","gal","economic_risk","high",25757,0.25757,24
"2298","gal","go_fishing","no",24049,0.24049,24
"2299","gal","go_fishing","yes",75951,0.75951,24
"2300","gal","individual_risk","low",39053,0.39053,24
"2301","gal","individual_risk","medium",47350,0.4735,24
"2302","gal","individual_risk","high",13597,0.13597,24
"2303","gal","societal_risk","low",38998,0.38998,24
"2304","gal","societal_risk","medium",50186,0.50186,24
"2305","gal","societal_risk","high",10816,0.10816,24
"2306","gal","strategy_to_change","cope",55500,0.555,24
"2307","gal","strategy_to_change","react",41331,0.41331,24
"2308","gal","strategy_to_change","adapt",3169,0.03169,24
"2309","sto","economic_risk","low",66942,0.66942,24
"2310","sto","economic_risk","medium",8082,0.08082,24
"2311","sto","economic_risk","high",24976,0.24976,24
"2312","sto","go_fishing","no",78388,0.78388,24
"2313","sto","go_fishing","yes",21612,0.21612,24
"2314","sto","individual_risk","low",13964,0.13964,24
"2315","sto","individual_risk","medium",56998,0.56998,24
"2316","sto","individual_risk","high",29038,0.29038,24
"2317","sto","societal_risk","low",13889,0.13889,24
"2318","sto","societal_risk","medium",71239,0.71239,24
"2319","sto","societal_risk","high",14872,0.14872,24
"2320","sto","strategy_to_change","cope",78388,0.78388,24
"2321","sto","strategy_to_change","react",21612,0.21612,24
"2322","erf","economic_risk","low",71346,0.71346,24
"2323","erf","economic_risk","medium",6329,0.06329,24
"2324","erf","economic_risk","high",22325,0.22325,24
"2325","erf","go_fishing","no",67784,0.67784,24
"2326","erf","go_fishing","yes",32216,0.32216,24
"2327","erf","individual_risk","low",19877,0.19877,24
"2328","erf","individual_risk","medium",53972,0.53972,24
"2329","erf","individual_risk","high",26151,0.26151,24
"2330","erf","societal_risk","low",19795,0.19795,24
"2331","erf","societal_risk","medium",68150,0.6815,24
"2332","erf","societal_risk","high",12055,0.12055,24
"2333","erf","strategy_to_change","cope",100000,1,24
"2334","ici","economic_risk","low",7657,0.07657,24
"2335","ici","economic_risk","medium",7528,0.07528,24
"2336","ici","economic_risk","high",24496,0.24496,24
"2337","ici","economic_risk","not_relevant",60319,0.60319,24
"2338","ici","go_fishing","no",57659,0.57659,24
"2339","ici","go_fishing","yes",42341,0.42341,24
"2340","ici","individual_risk","low",5,5e-05,24
"2341","ici","individual_risk","medium",9047,0.09047,24
"2342","ici","individual_risk","high",30629,0.30629,24
"2343","ici","individual_risk","not_relevant",60319,0.60319,24
"2344","ici","societal_risk","low",5,5e-05,24
"2345","ici","societal_risk","medium",23362,0.23362,24
"2346","ici","societal_risk","high",16314,0.16314,24
"2347","ici","societal_risk","not_relevant",60319,0.60319,24
"2348","ici","strategy_to_change","not_relevant",60319,0.60319,24
"2349","ici","strategy_to_change","cope",27494,0.27494,24
"2350","ici","strategy_to_change","react",12187,0.12187,24
"2351","abl","economic_risk","low",74900,0.749,25
"2352","abl","economic_risk","medium",8124,0.08124,25
"2353","abl","economic_risk","high",16976,0.16976,25
"2354","abl","go_fishing","no",34963,0.34963,25
"2355","abl","go_fishing","yes",65037,0.65037,25
"2356","abl","individual_risk","low",31900,0.319,25
"2357","abl","individual_risk","medium",50507,0.50507,25
"2358","abl","individual_risk","high",17593,0.17593,25
"2359","abl","societal_risk","low",31907,0.31907,25
"2360","abl","societal_risk","medium",61224,0.61224,25
"2361","abl","societal_risk","high",6869,0.06869,25
"2362","abl","strategy_to_change","cope",67203,0.67203,25
"2363","abl","strategy_to_change","react",6829,0.06829,25
"2364","abl","strategy_to_change","adapt",25968,0.25968,25
"2365","hws","economic_risk","low",85156,0.85156,25
"2366","hws","economic_risk","medium",7792,0.07792,25
"2367","hws","economic_risk","high",7052,0.07052,25
"2368","hws","go_fishing","no",9629,0.09629,25
"2369","hws","go_fishing","yes",90371,0.90371,25
"2370","hws","individual_risk","low",50947,0.50947,25
"2371","hws","individual_risk","medium",42432,0.42432,25
"2372","hws","individual_risk","high",6621,0.06621,25
"2373","hws","societal_risk","low",50950,0.5095,25
"2374","hws","societal_risk","medium",45197,0.45197,25
"2375","hws","societal_risk","high",3853,0.03853,25
"2376","hws","strategy_to_change","cope",15287,0.15287,25
"2377","hws","strategy_to_change","react",50737,0.50737,25
"2378","hws","strategy_to_change","adapt",33976,0.33976,25
"2379","hww","economic_risk","low",77267,0.77267,25
"2380","hww","economic_risk","medium",3949,0.03949,25
"2381","hww","economic_risk","high",18784,0.18784,25
"2382","hww","go_fishing","no",52561,0.52561,25
"2383","hww","go_fishing","yes",47439,0.47439,25
"2384","hww","individual_risk","low",37162,0.37162,25
"2385","hww","individual_risk","medium",39692,0.39692,25
"2386","hww","individual_risk","high",23146,0.23146,25
"2387","hww","societal_risk","low",37183,0.37183,25
"2388","hww","societal_risk","medium",53372,0.53372,25
"2389","hww","societal_risk","high",9445,0.09445,25
"2390","hww","strategy_to_change","cope",81357,0.81357,25
"2391","hww","strategy_to_change","react",13172,0.13172,25
"2392","hww","strategy_to_change","adapt",5471,0.05471,25
"2393","gal","economic_risk","low",53546,0.53546,25
"2394","gal","economic_risk","medium",20014,0.20014,25
"2395","gal","economic_risk","high",26440,0.2644,25
"2396","gal","go_fishing","no",27620,0.2762,25
"2397","gal","go_fishing","yes",72380,0.7238,25
"2398","gal","individual_risk","low",40214,0.40214,25
"2399","gal","individual_risk","medium",46954,0.46954,25
"2400","gal","individual_risk","high",12832,0.12832,25
"2401","gal","societal_risk","low",40224,0.40224,25
"2402","gal","societal_risk","medium",50044,0.50044,25
"2403","gal","societal_risk","high",9732,0.09732,25
"2404","gal","strategy_to_change","cope",51946,0.51946,25
"2405","gal","strategy_to_change","react",40519,0.40519,25
"2406","gal","strategy_to_change","adapt",7535,0.07535,25
"2407","sto","economic_risk","low",71815,0.71815,25
"2408","sto","economic_risk","medium",6066,0.06066,25
"2409","sto","economic_risk","high",22119,0.22119,25
"2410","sto","go_fishing","no",83047,0.83047,25
"2411","sto","go_fishing","yes",16953,0.16953,25
"2412","sto","individual_risk","low",11768,0.11768,25
"2413","sto","individual_risk","medium",61789,0.61789,25
"2414","sto","individual_risk","high",26443,0.26443,25
"2415","sto","societal_risk","low",11778,0.11778,25
"2416","sto","societal_risk","medium",76545,0.76545,25
"2417","sto","societal_risk","high",11677,0.11677,25
"2418","sto","strategy_to_change","cope",83047,0.83047,25
"2419","sto","strategy_to_change","react",16953,0.16953,25
"2420","erf","economic_risk","low",53925,0.53925,25
"2421","erf","economic_risk","medium",5556,0.05556,25
"2422","erf","economic_risk","high",40519,0.40519,25
"2423","erf","go_fishing","no",51674,0.51674,25
"2424","erf","go_fishing","yes",48326,0.48326,25
"2425","erf","individual_risk","low",35595,0.35595,25
"2426","erf","individual_risk","medium",38243,0.38243,25
"2427","erf","individual_risk","high",26162,0.26162,25
"2428","erf","societal_risk","low",35599,0.35599,25
"2429","erf","societal_risk","medium",53447,0.53447,25
"2430","erf","societal_risk","high",10954,0.10954,25
"2431","erf","strategy_to_change","cope",100000,1,25
"2432","ici","economic_risk","low",6224,0.06224,25
"2433","ici","economic_risk","medium",7151,0.07151,25
"2434","ici","economic_risk","high",26521,0.26521,25
"2435","ici","economic_risk","not_relevant",60104,0.60104,25
"2436","ici","go_fishing","no",56303,0.56303,25
"2437","ici","go_fishing","yes",43697,0.43697,25
"2438","ici","individual_risk","low",36,0.00036,25
"2439","ici","individual_risk","medium",7742,0.07742,25
"2440","ici","individual_risk","high",32118,0.32118,25
"2441","ici","individual_risk","not_relevant",60104,0.60104,25
"2442","ici","societal_risk","low",36,0.00036,25
"2443","ici","societal_risk","medium",23124,0.23124,25
"2444","ici","societal_risk","high",16736,0.16736,25
"2445","ici","societal_risk","not_relevant",60104,0.60104,25
"2446","ici","strategy_to_change","not_relevant",60104,0.60104,25
"2447","ici","strategy_to_change","cope",26290,0.2629,25
"2448","ici","strategy_to_change","react",13606,0.13606,25
"2449","abl","economic_risk","low",70396,0.70396,26
"2450","abl","economic_risk","medium",10416,0.10416,26
"2451","abl","economic_risk","high",19188,0.19188,26
"2452","abl","go_fishing","no",40509,0.40509,26
"2453","abl","go_fishing","yes",59491,0.59491,26
"2454","abl","individual_risk","low",32507,0.32507,26
"2455","abl","individual_risk","medium",47881,0.47881,26
"2456","abl","individual_risk","high",19612,0.19612,26
"2457","abl","societal_risk","low",32507,0.32507,26
"2458","abl","societal_risk","medium",59143,0.59143,26
"2459","abl","societal_risk","high",8350,0.0835,26
"2460","abl","strategy_to_change","cope",70506,0.70506,26
"2461","abl","strategy_to_change","react",11540,0.1154,26
"2462","abl","strategy_to_change","adapt",17954,0.17954,26
"2463","hws","economic_risk","low",86193,0.86193,26
"2464","hws","economic_risk","medium",7386,0.07386,26
"2465","hws","economic_risk","high",6421,0.06421,26
"2466","hws","go_fishing","no",12052,0.12052,26
"2467","hws","go_fishing","yes",87948,0.87948,26
"2468","hws","individual_risk","low",43734,0.43734,26
"2469","hws","individual_risk","medium",48282,0.48282,26
"2470","hws","individual_risk","high",7984,0.07984,26
"2471","hws","societal_risk","low",43734,0.43734,26
"2472","hws","societal_risk","medium",51981,0.51981,26
"2473","hws","societal_risk","high",4285,0.04285,26
"2474","hws","strategy_to_change","cope",18710,0.1871,26
"2475","hws","strategy_to_change","react",47542,0.47542,26
"2476","hws","strategy_to_change","adapt",33748,0.33748,26
"2477","hww","economic_risk","low",79008,0.79008,26
"2478","hww","economic_risk","medium",2374,0.02374,26
"2479","hww","economic_risk","high",18618,0.18618,26
"2480","hww","go_fishing","no",48414,0.48414,26
"2481","hww","go_fishing","yes",51586,0.51586,26
"2482","hww","individual_risk","low",37510,0.3751,26
"2483","hww","individual_risk","medium",40093,0.40093,26
"2484","hww","individual_risk","high",22397,0.22397,26
"2485","hww","societal_risk","low",37510,0.3751,26
"2486","hww","societal_risk","medium",55149,0.55149,26
"2487","hww","societal_risk","high",7341,0.07341,26
"2488","hww","strategy_to_change","cope",83108,0.83108,26
"2489","hww","strategy_to_change","react",12711,0.12711,26
"2490","hww","strategy_to_change","adapt",4181,0.04181,26
"2491","gal","economic_risk","low",56217,0.56217,26
"2492","gal","economic_risk","medium",17922,0.17922,26
"2493","gal","economic_risk","high",25861,0.25861,26
"2494","gal","go_fishing","no",28216,0.28216,26
"2495","gal","go_fishing","yes",71784,0.71784,26
"2496","gal","individual_risk","low",41402,0.41402,26
"2497","gal","individual_risk","medium",46100,0.461,26
"2498","gal","individual_risk","high",12498,0.12498,26
"2499","gal","societal_risk","low",41402,0.41402,26
"2500","gal","societal_risk","medium",48681,0.48681,26
"2501","gal","societal_risk","high",9917,0.09917,26
"2502","gal","strategy_to_change","cope",58983,0.58983,26
"2503","gal","strategy_to_change","react",36051,0.36051,26
"2504","gal","strategy_to_change","adapt",4966,0.04966,26
"2505","sto","economic_risk","low",73519,0.73519,26
"2506","sto","economic_risk","medium",4976,0.04976,26
"2507","sto","economic_risk","high",21505,0.21505,26
"2508","sto","go_fishing","no",78896,0.78896,26
"2509","sto","go_fishing","yes",21104,0.21104,26
"2510","sto","individual_risk","low",15504,0.15504,26
"2511","sto","individual_risk","medium",59269,0.59269,26
"2512","sto","individual_risk","high",25227,0.25227,26
"2513","sto","societal_risk","low",15504,0.15504,26
"2514","sto","societal_risk","medium",74947,0.74947,26
"2515","sto","societal_risk","high",9549,0.09549,26
"2516","sto","strategy_to_change","cope",78896,0.78896,26
"2517","sto","strategy_to_change","react",21104,0.21104,26
"2518","erf","economic_risk","low",70668,0.70668,26
"2519","erf","economic_risk","medium",4926,0.04926,26
"2520","erf","economic_risk","high",24406,0.24406,26
"2521","erf","go_fishing","no",67409,0.67409,26
"2522","erf","go_fishing","yes",32591,0.32591,26
"2523","erf","individual_risk","low",20551,0.20551,26
"2524","erf","individual_risk","medium",54791,0.54791,26
"2525","erf","individual_risk","high",24658,0.24658,26
"2526","erf","societal_risk","low",20551,0.20551,26
"2527","erf","societal_risk","medium",70796,0.70796,26
"2528","erf","societal_risk","high",8653,0.08653,26
"2529","erf","strategy_to_change","cope",100000,1,26
"2530","ici","economic_risk","low",5772,0.05772,26
"2531","ici","economic_risk","medium",7944,0.07944,26
"2532","ici","economic_risk","high",26300,0.263,26
"2533","ici","economic_risk","not_relevant",59984,0.59984,26
"2534","ici","go_fishing","no",55542,0.55542,26
"2535","ici","go_fishing","yes",44458,0.44458,26
"2536","ici","individual_risk","low",11,0.00011,26
"2537","ici","individual_risk","medium",7586,0.07586,26
"2538","ici","individual_risk","high",32419,0.32419,26
"2539","ici","individual_risk","not_relevant",59984,0.59984,26
"2540","ici","societal_risk","low",11,0.00011,26
"2541","ici","societal_risk","medium",23415,0.23415,26
"2542","ici","societal_risk","high",16590,0.1659,26
"2543","ici","societal_risk","not_relevant",59984,0.59984,26
"2544","ici","strategy_to_change","not_relevant",59984,0.59984,26
"2545","ici","strategy_to_change","cope",25631,0.25631,26
"2546","ici","strategy_to_change","react",14385,0.14385,26
"2547","abl","economic_risk","low",59816,0.59816,27
"2548","abl","economic_risk","medium",14709,0.14709,27
"2549","abl","economic_risk","high",25475,0.25475,27
"2550","abl","go_fishing","no",39053,0.39053,27
"2551","abl","go_fishing","yes",60947,0.60947,27
"2552","abl","individual_risk","low",32556,0.32556,27
"2553","abl","individual_risk","medium",47486,0.47486,27
"2554","abl","individual_risk","high",19958,0.19958,27
"2555","abl","societal_risk","low",32556,0.32556,27
"2556","abl","societal_risk","medium",60960,0.6096,27
"2557","abl","societal_risk","high",6484,0.06484,27
"2558","abl","strategy_to_change","cope",68209,0.68209,27
"2559","abl","strategy_to_change","react",20046,0.20046,27
"2560","abl","strategy_to_change","adapt",11745,0.11745,27
"2561","hws","economic_risk","low",87510,0.8751,27
"2562","hws","economic_risk","medium",5874,0.05874,27
"2563","hws","economic_risk","high",6616,0.06616,27
"2564","hws","go_fishing","no",12883,0.12883,27
"2565","hws","go_fishing","yes",87117,0.87117,27
"2566","hws","individual_risk","low",44956,0.44956,27
"2567","hws","individual_risk","medium",47775,0.47775,27
"2568","hws","individual_risk","high",7269,0.07269,27
"2569","hws","societal_risk","low",44956,0.44956,27
"2570","hws","societal_risk","medium",51315,0.51315,27
"2571","hws","societal_risk","high",3729,0.03729,27
"2572","hws","strategy_to_change","cope",21146,0.21146,27
"2573","hws","strategy_to_change","react",41416,0.41416,27
"2574","hws","strategy_to_change","adapt",37438,0.37438,27
"2575","hww","economic_risk","low",79361,0.79361,27
"2576","hww","economic_risk","medium",3001,0.03001,27
"2577","hww","economic_risk","high",17638,0.17638,27
"2578","hww","go_fishing","no",39891,0.39891,27
"2579","hww","go_fishing","yes",60109,0.60109,27
"2580","hww","individual_risk","low",43451,0.43451,27
"2581","hww","individual_risk","medium",37248,0.37248,27
"2582","hww","individual_risk","high",19301,0.19301,27
"2583","hww","societal_risk","low",43451,0.43451,27
"2584","hww","societal_risk","medium",51042,0.51042,27
"2585","hww","societal_risk","high",5507,0.05507,27
"2586","hww","strategy_to_change","cope",75550,0.7555,27
"2587","hww","strategy_to_change","react",15697,0.15697,27
"2588","hww","strategy_to_change","adapt",8753,0.08753,27
"2589","gal","economic_risk","low",51175,0.51175,27
"2590","gal","economic_risk","medium",18915,0.18915,27
"2591","gal","economic_risk","high",29910,0.2991,27
"2592","gal","go_fishing","no",13091,0.13091,27
"2593","gal","go_fishing","yes",86909,0.86909,27
"2594","gal","individual_risk","low",46355,0.46355,27
"2595","gal","individual_risk","medium",38711,0.38711,27
"2596","gal","individual_risk","high",14934,0.14934,27
"2597","gal","societal_risk","low",46355,0.46355,27
"2598","gal","societal_risk","medium",41877,0.41877,27
"2599","gal","societal_risk","high",11768,0.11768,27
"2600","gal","strategy_to_change","cope",57621,0.57621,27
"2601","gal","strategy_to_change","react",36071,0.36071,27
"2602","gal","strategy_to_change","adapt",6308,0.06308,27
"2603","sto","economic_risk","low",71654,0.71654,27
"2604","sto","economic_risk","medium",5960,0.0596,27
"2605","sto","economic_risk","high",22386,0.22386,27
"2606","sto","go_fishing","no",77765,0.77765,27
"2607","sto","go_fishing","yes",22235,0.22235,27
"2608","sto","individual_risk","low",15773,0.15773,27
"2609","sto","individual_risk","medium",61303,0.61303,27
"2610","sto","individual_risk","high",22924,0.22924,27
"2611","sto","societal_risk","low",15773,0.15773,27
"2612","sto","societal_risk","medium",77132,0.77132,27
"2613","sto","societal_risk","high",7095,0.07095,27
"2614","sto","strategy_to_change","cope",77765,0.77765,27
"2615","sto","strategy_to_change","react",22235,0.22235,27
"2616","erf","economic_risk","low",51169,0.51169,27
"2617","erf","economic_risk","medium",7077,0.07077,27
"2618","erf","economic_risk","high",41754,0.41754,27
"2619","erf","go_fishing","no",46203,0.46203,27
"2620","erf","go_fishing","yes",53797,0.53797,27
"2621","erf","individual_risk","low",37691,0.37691,27
"2622","erf","individual_risk","medium",39683,0.39683,27
"2623","erf","individual_risk","high",22626,0.22626,27
"2624","erf","societal_risk","low",37691,0.37691,27
"2625","erf","societal_risk","medium",55730,0.5573,27
"2626","erf","societal_risk","high",6579,0.06579,27
"2627","erf","strategy_to_change","cope",100000,1,27
"2628","ici","economic_risk","low",4584,0.04584,27
"2629","ici","economic_risk","medium",9166,0.09166,27
"2630","ici","economic_risk","high",26189,0.26189,27
"2631","ici","economic_risk","not_relevant",60061,0.60061,27
"2632","ici","go_fishing","no",54751,0.54751,27
"2633","ici","go_fishing","yes",45249,0.45249,27
"2634","ici","individual_risk","low",44,0.00044,27
"2635","ici","individual_risk","medium",6613,0.06613,27
"2636","ici","individual_risk","high",33282,0.33282,27
"2637","ici","individual_risk","not_relevant",60061,0.60061,27
"2638","ici","societal_risk","low",44,0.00044,27
"2639","ici","societal_risk","medium",22660,0.2266,27
"2640","ici","societal_risk","high",17235,0.17235,27
"2641","ici","societal_risk","not_relevant",60061,0.60061,27
"2642","ici","strategy_to_change","not_relevant",60061,0.60061,27
"2643","ici","strategy_to_change","cope",24706,0.24706,27
"2644","ici","strategy_to_change","react",15233,0.15233,27
"2645","abl","economic_risk","low",66939,0.66939,28
"2646","abl","economic_risk","medium",11001,0.11001,28
"2647","abl","economic_risk","high",22060,0.2206,28
"2648","abl","go_fishing","no",36674,0.36674,28
"2649","abl","go_fishing","yes",63326,0.63326,28
"2650","abl","individual_risk","low",31655,0.31655,28
"2651","abl","individual_risk","medium",49523,0.49523,28
"2652","abl","individual_risk","high",18822,0.18822,28
"2653","abl","societal_risk","low",31655,0.31655,28
"2654","abl","societal_risk","medium",62725,0.62725,28
"2655","abl","societal_risk","high",5620,0.0562,28
"2656","abl","strategy_to_change","cope",72152,0.72152,28
"2657","abl","strategy_to_change","react",12157,0.12157,28
"2658","abl","strategy_to_change","adapt",15691,0.15691,28
"2659","hws","economic_risk","low",83233,0.83233,28
"2660","hws","economic_risk","medium",8322,0.08322,28
"2661","hws","economic_risk","high",8445,0.08445,28
"2662","hws","go_fishing","no",9231,0.09231,28
"2663","hws","go_fishing","yes",90769,0.90769,28
"2664","hws","individual_risk","low",47704,0.47704,28
"2665","hws","individual_risk","medium",45567,0.45567,28
"2666","hws","individual_risk","high",6729,0.06729,28
"2667","hws","societal_risk","low",47704,0.47704,28
"2668","hws","societal_risk","medium",48709,0.48709,28
"2669","hws","societal_risk","high",3587,0.03587,28
"2670","hws","strategy_to_change","cope",17102,0.17102,28
"2671","hws","strategy_to_change","react",50414,0.50414,28
"2672","hws","strategy_to_change","adapt",32484,0.32484,28
"2673","hww","economic_risk","low",80233,0.80233,28
"2674","hww","economic_risk","medium",3758,0.03758,28
"2675","hww","economic_risk","high",16009,0.16009,28
"2676","hww","go_fishing","no",43777,0.43777,28
"2677","hww","go_fishing","yes",56223,0.56223,28
"2678","hww","individual_risk","low",37482,0.37482,28
"2679","hww","individual_risk","medium",31107,0.31107,28
"2680","hww","individual_risk","high",31411,0.31411,28
"2681","hww","societal_risk","low",37482,0.37482,28
"2682","hww","societal_risk","medium",45930,0.4593,28
"2683","hww","societal_risk","high",16588,0.16588,28
"2684","hww","strategy_to_change","cope",77197,0.77197,28
"2685","hww","strategy_to_change","react",13794,0.13794,28
"2686","hww","strategy_to_change","adapt",9009,0.09009,28
"2687","gal","economic_risk","low",50660,0.5066,28
"2688","gal","economic_risk","medium",23274,0.23274,28
"2689","gal","economic_risk","high",26066,0.26066,28
"2690","gal","go_fishing","no",21484,0.21484,28
"2691","gal","go_fishing","yes",78516,0.78516,28
"2692","gal","individual_risk","low",39733,0.39733,28
"2693","gal","individual_risk","medium",41142,0.41142,28
"2694","gal","individual_risk","high",19125,0.19125,28
"2695","gal","societal_risk","low",39733,0.39733,28
"2696","gal","societal_risk","medium",45130,0.4513,28
"2697","gal","societal_risk","high",15137,0.15137,28
"2698","gal","strategy_to_change","cope",53505,0.53505,28
"2699","gal","strategy_to_change","react",41267,0.41267,28
"2700","gal","strategy_to_change","adapt",5228,0.05228,28
"2701","sto","economic_risk","low",67143,0.67143,28
"2702","sto","economic_risk","medium",7763,0.07763,28
"2703","sto","economic_risk","high",25094,0.25094,28
"2704","sto","go_fishing","no",77870,0.7787,28
"2705","sto","go_fishing","yes",22130,0.2213,28
"2706","sto","individual_risk","low",11112,0.11112,28
"2707","sto","individual_risk","medium",47718,0.47718,28
"2708","sto","individual_risk","high",41170,0.4117,28
"2709","sto","societal_risk","low",11112,0.11112,28
"2710","sto","societal_risk","medium",66846,0.66846,28
"2711","sto","societal_risk","high",22042,0.22042,28
"2712","sto","strategy_to_change","cope",77870,0.7787,28
"2713","sto","strategy_to_change","react",22130,0.2213,28
"2714","erf","economic_risk","low",50638,0.50638,28
"2715","erf","economic_risk","medium",6647,0.06647,28
"2716","erf","economic_risk","high",42715,0.42715,28
"2717","erf","go_fishing","no",46689,0.46689,28
"2718","erf","go_fishing","yes",53311,0.53311,28
"2719","erf","individual_risk","low",33739,0.33739,28
"2720","erf","individual_risk","medium",40280,0.4028,28
"2721","erf","individual_risk","high",25981,0.25981,28
"2722","erf","societal_risk","low",33739,0.33739,28
"2723","erf","societal_risk","medium",56323,0.56323,28
"2724","erf","societal_risk","high",9938,0.09938,28
"2725","erf","strategy_to_change","cope",100000,1,28
"2726","ici","economic_risk","low",9663,0.09663,28
"2727","ici","economic_risk","medium",5993,0.05993,28
"2728","ici","economic_risk","high",24264,0.24264,28
"2729","ici","economic_risk","not_relevant",60080,0.6008,28
"2730","ici","go_fishing","no",59797,0.59797,28
"2731","ici","go_fishing","yes",40203,0.40203,28
"2732","ici","individual_risk","low",41,0.00041,28
"2733","ici","individual_risk","medium",10893,0.10893,28
"2734","ici","individual_risk","high",28986,0.28986,28
"2735","ici","individual_risk","not_relevant",60080,0.6008,28
"2736","ici","societal_risk","low",41,0.00041,28
"2737","ici","societal_risk","medium",27238,0.27238,28
"2738","ici","societal_risk","high",12641,0.12641,28
"2739","ici","societal_risk","not_relevant",60080,0.6008,28
"2740","ici","strategy_to_change","not_relevant",60080,0.6008,28
"2741","ici","strategy_to_change","cope",29770,0.2977,28
"2742","ici","strategy_to_change","react",10150,0.1015,28
"2743","abl","economic_risk","low",71762,0.71762,29
"2744","abl","economic_risk","medium",9132,0.09132,29
"2745","abl","economic_risk","high",19106,0.19106,29
"2746","abl","go_fishing","no",35288,0.35288,29
"2747","abl","go_fishing","yes",64712,0.64712,29
"2748","abl","individual_risk","low",38070,0.3807,29
"2749","abl","individual_risk","medium",44026,0.44026,29
"2750","abl","individual_risk","high",17904,0.17904,29
"2751","abl","societal_risk","low",38070,0.3807,29
"2752","abl","societal_risk","medium",54521,0.54521,29
"2753","abl","societal_risk","high",7409,0.07409,29
"2754","abl","strategy_to_change","cope",68763,0.68763,29
"2755","abl","strategy_to_change","react",7693,0.07693,29
"2756","abl","strategy_to_change","adapt",23544,0.23544,29
"2757","hws","economic_risk","low",84267,0.84267,29
"2758","hws","economic_risk","medium",8813,0.08813,29
"2759","hws","economic_risk","high",6920,0.0692,29
"2760","hws","go_fishing","no",10955,0.10955,29
"2761","hws","go_fishing","yes",89045,0.89045,29
"2762","hws","individual_risk","low",51315,0.51315,29
"2763","hws","individual_risk","medium",41829,0.41829,29
"2764","hws","individual_risk","high",6856,0.06856,29
"2765","hws","societal_risk","low",51315,0.51315,29
"2766","hws","societal_risk","medium",44054,0.44054,29
"2767","hws","societal_risk","high",4631,0.04631,29
"2768","hws","strategy_to_change","cope",18949,0.18949,29
"2769","hws","strategy_to_change","react",48486,0.48486,29
"2770","hws","strategy_to_change","adapt",32565,0.32565,29
"2771","hww","economic_risk","low",75757,0.75757,29
"2772","hww","economic_risk","medium",4600,0.046,29
"2773","hww","economic_risk","high",19643,0.19643,29
"2774","hww","go_fishing","no",49416,0.49416,29
"2775","hww","go_fishing","yes",50584,0.50584,29
"2776","hww","individual_risk","low",37969,0.37969,29
"2777","hww","individual_risk","medium",29370,0.2937,29
"2778","hww","individual_risk","high",32661,0.32661,29
"2779","hww","societal_risk","low",37969,0.37969,29
"2780","hww","societal_risk","medium",47293,0.47293,29
"2781","hww","societal_risk","high",14738,0.14738,29
"2782","hww","strategy_to_change","cope",82900,0.829,29
"2783","hww","strategy_to_change","react",12176,0.12176,29
"2784","hww","strategy_to_change","adapt",4924,0.04924,29
"2785","gal","economic_risk","low",49641,0.49641,29
"2786","gal","economic_risk","medium",21853,0.21853,29
"2787","gal","economic_risk","high",28506,0.28506,29
"2788","gal","go_fishing","no",28304,0.28304,29
"2789","gal","go_fishing","yes",71696,0.71696,29
"2790","gal","individual_risk","low",40607,0.40607,29
"2791","gal","individual_risk","medium",40655,0.40655,29
"2792","gal","individual_risk","high",18738,0.18738,29
"2793","gal","societal_risk","low",40607,0.40607,29
"2794","gal","societal_risk","medium",43218,0.43218,29
"2795","gal","societal_risk","high",16175,0.16175,29
"2796","gal","strategy_to_change","cope",59083,0.59083,29
"2797","gal","strategy_to_change","react",36769,0.36769,29
"2798","gal","strategy_to_change","adapt",4148,0.04148,29
"2799","sto","economic_risk","low",66752,0.66752,29
"2800","sto","economic_risk","medium",8000,0.08,29
"2801","sto","economic_risk","high",25248,0.25248,29
"2802","sto","go_fishing","no",74881,0.74881,29
"2803","sto","go_fishing","yes",25119,0.25119,29
"2804","sto","individual_risk","low",15835,0.15835,29
"2805","sto","individual_risk","medium",45877,0.45877,29
"2806","sto","individual_risk","high",38288,0.38288,29
"2807","sto","societal_risk","low",15835,0.15835,29
"2808","sto","societal_risk","medium",65697,0.65697,29
"2809","sto","societal_risk","high",18468,0.18468,29
"2810","sto","strategy_to_change","cope",74881,0.74881,29
"2811","sto","strategy_to_change","react",25119,0.25119,29
"2812","erf","economic_risk","low",69009,0.69009,29
"2813","erf","economic_risk","medium",7169,0.07169,29
"2814","erf","economic_risk","high",23822,0.23822,29
"2815","erf","go_fishing","no",71018,0.71018,29
"2816","erf","go_fishing","yes",28982,0.28982,29
"2817","erf","individual_risk","low",18576,0.18576,29
"2818","erf","individual_risk","medium",43717,0.43717,29
"2819","erf","individual_risk","high",37707,0.37707,29
"2820","erf","societal_risk","low",18576,0.18576,29
"2821","erf","societal_risk","medium",64411,0.64411,29
"2822","erf","societal_risk","high",17013,0.17013,29
"2823","erf","strategy_to_change","cope",100000,1,29
"2824","ici","economic_risk","low",8355,0.08355,29
"2825","ici","economic_risk","medium",6274,0.06274,29
"2826","ici","economic_risk","high",25483,0.25483,29
"2827","ici","economic_risk","not_relevant",59888,0.59888,29
"2828","ici","go_fishing","no",58249,0.58249,29
"2829","ici","go_fishing","yes",41751,0.41751,29
"2830","ici","individual_risk","low",22,0.00022,29
"2831","ici","individual_risk","medium",10019,0.10019,29
"2832","ici","individual_risk","high",30071,0.30071,29
"2833","ici","individual_risk","not_relevant",59888,0.59888,29
"2834","ici","societal_risk","low",22,0.00022,29
"2835","ici","societal_risk","medium",25295,0.25295,29
"2836","ici","societal_risk","high",14795,0.14795,29
"2837","ici","societal_risk","not_relevant",59888,0.59888,29
"2838","ici","strategy_to_change","not_relevant",59888,0.59888,29
"2839","ici","strategy_to_change","cope",28412,0.28412,29
"2840","ici","strategy_to_change","react",11700,0.117,29
"2841","abl","economic_risk","low",71017,0.71017,30
"2842","abl","economic_risk","medium",9205,0.09205,30
"2843","abl","economic_risk","high",19778,0.19778,30
"2844","abl","go_fishing","no",35517,0.35517,30
"2845","abl","go_fishing","yes",64483,0.64483,30
"2846","abl","individual_risk","low",37205,0.37205,30
"2847","abl","individual_risk","medium",45134,0.45134,30
"2848","abl","individual_risk","high",17661,0.17661,30
"2849","abl","societal_risk","low",37205,0.37205,30
"2850","abl","societal_risk","medium",56783,0.56783,30
"2851","abl","societal_risk","high",6012,0.06012,30
"2852","abl","strategy_to_change","cope",65810,0.6581,30
"2853","abl","strategy_to_change","react",9986,0.09986,30
"2854","abl","strategy_to_change","adapt",24204,0.24204,30
"2855","hws","economic_risk","low",85205,0.85205,30
"2856","hws","economic_risk","medium",6769,0.06769,30
"2857","hws","economic_risk","high",8026,0.08026,30
"2858","hws","go_fishing","no",11936,0.11936,30
"2859","hws","go_fishing","yes",88064,0.88064,30
"2860","hws","individual_risk","low",50152,0.50152,30
"2861","hws","individual_risk","medium",42274,0.42274,30
"2862","hws","individual_risk","high",7574,0.07574,30
"2863","hws","societal_risk","low",50152,0.50152,30
"2864","hws","societal_risk","medium",46618,0.46618,30
"2865","hws","societal_risk","high",3230,0.0323,30
"2866","hws","strategy_to_change","cope",23791,0.23791,30
"2867","hws","strategy_to_change","react",47547,0.47547,30
"2868","hws","strategy_to_change","adapt",28662,0.28662,30
"2869","hww","economic_risk","low",76828,0.76828,30
"2870","hww","economic_risk","medium",3451,0.03451,30
"2871","hww","economic_risk","high",19721,0.19721,30
"2872","hww","go_fishing","no",54253,0.54253,30
"2873","hww","go_fishing","yes",45747,0.45747,30
"2874","hww","individual_risk","low",33879,0.33879,30
"2875","hww","individual_risk","medium",41856,0.41856,30
"2876","hww","individual_risk","high",24265,0.24265,30
"2877","hww","societal_risk","low",33879,0.33879,30
"2878","hww","societal_risk","medium",56475,0.56475,30
"2879","hww","societal_risk","high",9646,0.09646,30
"2880","hww","strategy_to_change","cope",84635,0.84635,30
"2881","hww","strategy_to_change","react",10316,0.10316,30
"2882","hww","strategy_to_change","adapt",5049,0.05049,30
"2883","gal","economic_risk","low",41432,0.41432,30
"2884","gal","economic_risk","medium",20024,0.20024,30
"2885","gal","economic_risk","high",38544,0.38544,30
"2886","gal","go_fishing","no",11470,0.1147,30
"2887","gal","go_fishing","yes",88530,0.8853,30
"2888","gal","individual_risk","low",42225,0.42225,30
"2889","gal","individual_risk","medium",38103,0.38103,30
"2890","gal","individual_risk","high",19672,0.19672,30
"2891","gal","societal_risk","low",42225,0.42225,30
"2892","gal","societal_risk","medium",43872,0.43872,30
"2893","gal","societal_risk","high",13903,0.13903,30
"2894","gal","strategy_to_change","cope",59004,0.59004,30
"2895","gal","strategy_to_change","react",39512,0.39512,30
"2896","gal","strategy_to_change","adapt",1484,0.01484,30
"2897","sto","economic_risk","low",70006,0.70006,30
"2898","sto","economic_risk","medium",6332,0.06332,30
"2899","sto","economic_risk","high",23662,0.23662,30
"2900","sto","go_fishing","no",77748,0.77748,30
"2901","sto","go_fishing","yes",22252,0.22252,30
"2902","sto","individual_risk","low",16360,0.1636,30
"2903","sto","individual_risk","medium",56543,0.56543,30
"2904","sto","individual_risk","high",27097,0.27097,30
"2905","sto","societal_risk","low",16360,0.1636,30
"2906","sto","societal_risk","medium",72721,0.72721,30
"2907","sto","societal_risk","high",10919,0.10919,30
"2908","sto","strategy_to_change","cope",77748,0.77748,30
"2909","sto","strategy_to_change","react",22252,0.22252,30
"2910","erf","economic_risk","low",71328,0.71328,30
"2911","erf","economic_risk","medium",6126,0.06126,30
"2912","erf","economic_risk","high",22546,0.22546,30
"2913","erf","go_fishing","no",68931,0.68931,30
"2914","erf","go_fishing","yes",31069,0.31069,30
"2915","erf","individual_risk","low",19054,0.19054,30
"2916","erf","individual_risk","medium",56060,0.5606,30
"2917","erf","individual_risk","high",24886,0.24886,30
"2918","erf","societal_risk","low",19054,0.19054,30
"2919","erf","societal_risk","medium",72373,0.72373,30
"2920","erf","societal_risk","high",8573,0.08573,30
"2921","erf","strategy_to_change","cope",100000,1,30
"2922","ici","economic_risk","low",4015,0.04015,30
"2923","ici","economic_risk","medium",8378,0.08378,30
"2924","ici","economic_risk","high",27652,0.27652,30
"2925","ici","economic_risk","not_relevant",59955,0.59955,30
"2926","ici","go_fishing","no",53883,0.53883,30
"2927","ici","go_fishing","yes",46117,0.46117,30
"2928","ici","individual_risk","low",18,0.00018,30
"2929","ici","individual_risk","medium",5978,0.05978,30
"2930","ici","individual_risk","high",34049,0.34049,30
"2931","ici","individual_risk","not_relevant",59955,0.59955,30
"2932","ici","societal_risk","low",18,0.00018,30
"2933","ici","societal_risk","medium",22294,0.22294,30
"2934","ici","societal_risk","high",17733,0.17733,30
"2935","ici","societal_risk","not_relevant",59955,0.59955,30
"2936","ici","strategy_to_change","not_relevant",59955,0.59955,30
"2937","ici","strategy_to_change","cope",23985,0.23985,30
"2938","ici","strategy_to_change","react",16060,0.1606,30
"2939","abl","economic_risk","low",67961,0.67961,31
"2940","abl","economic_risk","medium",11001,0.11001,31
"2941","abl","economic_risk","high",21038,0.21038,31
"2942","abl","go_fishing","no",35970,0.3597,31
"2943","abl","go_fishing","yes",64030,0.6403,31
"2944","abl","individual_risk","low",33395,0.33395,31
"2945","abl","individual_risk","medium",48135,0.48135,31
"2946","abl","individual_risk","high",18470,0.1847,31
"2947","abl","societal_risk","low",33395,0.33395,31
"2948","abl","societal_risk","medium",59375,0.59375,31
"2949","abl","societal_risk","high",7230,0.0723,31
"2950","abl","strategy_to_change","cope",68624,0.68624,31
"2951","abl","strategy_to_change","react",13990,0.1399,31
"2952","abl","strategy_to_change","adapt",17386,0.17386,31
"2953","hws","economic_risk","low",83824,0.83824,31
"2954","hws","economic_risk","medium",7690,0.0769,31
"2955","hws","economic_risk","high",8486,0.08486,31
"2956","hws","go_fishing","no",15789,0.15789,31
"2957","hws","go_fishing","yes",84211,0.84211,31
"2958","hws","individual_risk","low",44141,0.44141,31
"2959","hws","individual_risk","medium",46981,0.46981,31
"2960","hws","individual_risk","high",8878,0.08878,31
"2961","hws","societal_risk","low",44141,0.44141,31
"2962","hws","societal_risk","medium",49924,0.49924,31
"2963","hws","societal_risk","high",5935,0.05935,31
"2964","hws","strategy_to_change","cope",34192,0.34192,31
"2965","hws","strategy_to_change","react",39807,0.39807,31
"2966","hws","strategy_to_change","adapt",26001,0.26001,31
"2967","hww","economic_risk","low",78882,0.78882,31
"2968","hww","economic_risk","medium",4331,0.04331,31
"2969","hww","economic_risk","high",16787,0.16787,31
"2970","hww","go_fishing","no",43953,0.43953,31
"2971","hww","go_fishing","yes",56047,0.56047,31
"2972","hww","individual_risk","low",40858,0.40858,31
"2973","hww","individual_risk","medium",32131,0.32131,31
"2974","hww","individual_risk","high",27011,0.27011,31
"2975","hww","societal_risk","low",40858,0.40858,31
"2976","hww","societal_risk","medium",44635,0.44635,31
"2977","hww","societal_risk","high",14507,0.14507,31
"2978","hww","strategy_to_change","cope",74994,0.74994,31
"2979","hww","strategy_to_change","react",11864,0.11864,31
"2980","hww","strategy_to_change","adapt",13142,0.13142,31
"2981","gal","economic_risk","low",57301,0.57301,31
"2982","gal","economic_risk","medium",16643,0.16643,31
"2983","gal","economic_risk","high",26056,0.26056,31
"2984","gal","go_fishing","no",22531,0.22531,31
"2985","gal","go_fishing","yes",77469,0.77469,31
"2986","gal","individual_risk","low",39918,0.39918,31
"2987","gal","individual_risk","medium",44142,0.44142,31
"2988","gal","individual_risk","high",15940,0.1594,31
"2989","gal","societal_risk","low",39918,0.39918,31
"2990","gal","societal_risk","medium",48102,0.48102,31
"2991","gal","societal_risk","high",11980,0.1198,31
"2992","gal","strategy_to_change","cope",64447,0.64447,31
"2993","gal","strategy_to_change","react",31792,0.31792,31
"2994","gal","strategy_to_change","adapt",3761,0.03761,31
"2995","sto","economic_risk","low",69111,0.69111,31
"2996","sto","economic_risk","medium",6415,0.06415,31
"2997","sto","economic_risk","high",24474,0.24474,31
"2998","sto","go_fishing","no",79040,0.7904,31
"2999","sto","go_fishing","yes",20960,0.2096,31
"3000","sto","individual_risk","low",13992,0.13992,31
"3001","sto","individual_risk","medium",48124,0.48124,31
"3002","sto","individual_risk","high",37884,0.37884,31
"3003","sto","societal_risk","low",13992,0.13992,31
"3004","sto","societal_risk","medium",65970,0.6597,31
"3005","sto","societal_risk","high",20038,0.20038,31
"3006","sto","strategy_to_change","cope",79040,0.7904,31
"3007","sto","strategy_to_change","react",20960,0.2096,31
"3008","erf","economic_risk","low",70964,0.70964,31
"3009","erf","economic_risk","medium",5992,0.05992,31
"3010","erf","economic_risk","high",23044,0.23044,31
"3011","erf","go_fishing","no",71334,0.71334,31
"3012","erf","go_fishing","yes",28666,0.28666,31
"3013","erf","individual_risk","low",18206,0.18206,31
"3014","erf","individual_risk","medium",46031,0.46031,31
"3015","erf","individual_risk","high",35763,0.35763,31
"3016","erf","societal_risk","low",18206,0.18206,31
"3017","erf","societal_risk","medium",63974,0.63974,31
"3018","erf","societal_risk","high",17820,0.1782,31
"3019","erf","strategy_to_change","cope",100000,1,31
"3020","ici","economic_risk","low",5214,0.05214,31
"3021","ici","economic_risk","medium",6518,0.06518,31
"3022","ici","economic_risk","high",28375,0.28375,31
"3023","ici","economic_risk","not_relevant",59893,0.59893,31
"3024","ici","go_fishing","no",55146,0.55146,31
"3025","ici","go_fishing","yes",44854,0.44854,31
"3026","ici","individual_risk","low",16,0.00016,31
"3027","ici","individual_risk","medium",7252,0.07252,31
"3028","ici","individual_risk","high",32839,0.32839,31
"3029","ici","individual_risk","not_relevant",59893,0.59893,31
"3030","ici","societal_risk","low",16,0.00016,31
"3031","ici","societal_risk","medium",22180,0.2218,31
"3032","ici","societal_risk","high",17911,0.17911,31
"3033","ici","societal_risk","not_relevant",59893,0.59893,31
"3034","ici","strategy_to_change","not_relevant",59893,0.59893,31
"3035","ici","strategy_to_change","cope",25052,0.25052,31
"3036","ici","strategy_to_change","react",15055,0.15055,31
"3037","abl","economic_risk","low",69382,0.69382,32
"3038","abl","economic_risk","medium",8500,0.085,32
"3039","abl","economic_risk","high",22118,0.22118,32
"3040","abl","go_fishing","no",38711,0.38711,32
"3041","abl","go_fishing","yes",61289,0.61289,32
"3042","abl","individual_risk","low",32237,0.32237,32
"3043","abl","individual_risk","medium",46957,0.46957,32
"3044","abl","individual_risk","high",20806,0.20806,32
"3045","abl","societal_risk","low",32237,0.32237,32
"3046","abl","societal_risk","medium",60836,0.60836,32
"3047","abl","societal_risk","high",6927,0.06927,32
"3048","abl","strategy_to_change","cope",71110,0.7111,32
"3049","abl","strategy_to_change","react",14913,0.14913,32
"3050","abl","strategy_to_change","adapt",13977,0.13977,32
"3051","hws","economic_risk","low",82769,0.82769,32
"3052","hws","economic_risk","medium",6538,0.06538,32
"3053","hws","economic_risk","high",10693,0.10693,32
"3054","hws","go_fishing","no",10823,0.10823,32
"3055","hws","go_fishing","yes",89177,0.89177,32
"3056","hws","individual_risk","low",49897,0.49897,32
"3057","hws","individual_risk","medium",41702,0.41702,32
"3058","hws","individual_risk","high",8401,0.08401,32
"3059","hws","societal_risk","low",49897,0.49897,32
"3060","hws","societal_risk","medium",45451,0.45451,32
"3061","hws","societal_risk","high",4652,0.04652,32
"3062","hws","strategy_to_change","cope",20897,0.20897,32
"3063","hws","strategy_to_change","react",52544,0.52544,32
"3064","hws","strategy_to_change","adapt",26559,0.26559,32
"3065","hww","economic_risk","low",80130,0.8013,32
"3066","hww","economic_risk","medium",1869,0.01869,32
"3067","hww","economic_risk","high",18001,0.18001,32
"3068","hww","go_fishing","no",41410,0.4141,32
"3069","hww","go_fishing","yes",58590,0.5859,32
"3070","hww","individual_risk","low",43271,0.43271,32
"3071","hww","individual_risk","medium",34962,0.34962,32
"3072","hww","individual_risk","high",21767,0.21767,32
"3073","hww","societal_risk","low",43271,0.43271,32
"3074","hww","societal_risk","medium",48697,0.48697,32
"3075","hww","societal_risk","high",8032,0.08032,32
"3076","hww","strategy_to_change","cope",82009,0.82009,32
"3077","hww","strategy_to_change","react",10001,0.10001,32
"3078","hww","strategy_to_change","adapt",7990,0.0799,32
"3079","gal","economic_risk","low",53505,0.53505,32
"3080","gal","economic_risk","medium",13099,0.13099,32
"3081","gal","economic_risk","high",33396,0.33396,32
"3082","gal","go_fishing","no",21960,0.2196,32
"3083","gal","go_fishing","yes",78040,0.7804,32
"3084","gal","individual_risk","low",39832,0.39832,32
"3085","gal","individual_risk","medium",43798,0.43798,32
"3086","gal","individual_risk","high",16370,0.1637,32
"3087","gal","societal_risk","low",39832,0.39832,32
"3088","gal","societal_risk","medium",46432,0.46432,32
"3089","gal","societal_risk","high",13736,0.13736,32
"3090","gal","strategy_to_change","cope",62688,0.62688,32
"3091","gal","strategy_to_change","react",29803,0.29803,32
"3092","gal","strategy_to_change","adapt",7509,0.07509,32
"3093","sto","economic_risk","low",74725,0.74725,32
"3094","sto","economic_risk","medium",3518,0.03518,32
"3095","sto","economic_risk","high",21757,0.21757,32
"3096","sto","go_fishing","no",80141,0.80141,32
"3097","sto","go_fishing","yes",19859,0.19859,32
"3098","sto","individual_risk","low",12288,0.12288,32
"3099","sto","individual_risk","medium",60434,0.60434,32
"3100","sto","individual_risk","high",27278,0.27278,32
"3101","sto","societal_risk","low",12288,0.12288,32
"3102","sto","societal_risk","medium",74808,0.74808,32
"3103","sto","societal_risk","high",12904,0.12904,32
"3104","sto","strategy_to_change","cope",80141,0.80141,32
"3105","sto","strategy_to_change","react",19859,0.19859,32
"3106","erf","economic_risk","low",56352,0.56352,32
"3107","erf","economic_risk","medium",2785,0.02785,32
"3108","erf","economic_risk","high",40863,0.40863,32
"3109","erf","go_fishing","no",49923,0.49923,32
"3110","erf","go_fishing","yes",50077,0.50077,32
"3111","erf","individual_risk","low",34651,0.34651,32
"3112","erf","individual_risk","medium",40631,0.40631,32
"3113","erf","individual_risk","high",24718,0.24718,32
"3114","erf","societal_risk","low",34651,0.34651,32
"3115","erf","societal_risk","medium",55404,0.55404,32
"3116","erf","societal_risk","high",9945,0.09945,32
"3117","erf","strategy_to_change","cope",100000,1,32
"3118","ici","economic_risk","low",4801,0.04801,32
"3119","ici","economic_risk","medium",7876,0.07876,32
"3120","ici","economic_risk","high",27207,0.27207,32
"3121","ici","economic_risk","not_relevant",60116,0.60116,32
"3122","ici","go_fishing","no",54785,0.54785,32
"3123","ici","go_fishing","yes",45215,0.45215,32
"3124","ici","individual_risk","low",15,0.00015,32
"3125","ici","individual_risk","medium",6162,0.06162,32
"3126","ici","individual_risk","high",33707,0.33707,32
"3127","ici","individual_risk","not_relevant",60116,0.60116,32
"3128","ici","societal_risk","low",15,0.00015,32
"3129","ici","societal_risk","medium",22637,0.22637,32
"3130","ici","societal_risk","high",17232,0.17232,32
"3131","ici","societal_risk","not_relevant",60116,0.60116,32
"3132","ici","strategy_to_change","not_relevant",60116,0.60116,32
"3133","ici","strategy_to_change","cope",24752,0.24752,32
"3134","ici","strategy_to_change","react",15132,0.15132,32
"3135","abl","economic_risk","low",54909,0.54909,33
"3136","abl","economic_risk","medium",17588,0.17588,33
"3137","abl","economic_risk","high",27503,0.27503,33
"3138","abl","go_fishing","no",39961,0.39961,33
"3139","abl","go_fishing","yes",60039,0.60039,33
"3140","abl","individual_risk","low",29929,0.29929,33
"3141","abl","individual_risk","medium",47685,0.47685,33
"3142","abl","individual_risk","high",22386,0.22386,33
"3143","abl","societal_risk","low",29929,0.29929,33
"3144","abl","societal_risk","medium",61512,0.61512,33
"3145","abl","societal_risk","high",8559,0.08559,33
"3146","abl","strategy_to_change","cope",74348,0.74348,33
"3147","abl","strategy_to_change","react",21953,0.21953,33
"3148","abl","strategy_to_change","adapt",3699,0.03699,33
"3149","hws","economic_risk","low",84874,0.84874,33
"3150","hws","economic_risk","medium",7640,0.0764,33
"3151","hws","economic_risk","high",7486,0.07486,33
"3152","hws","go_fishing","no",14665,0.14665,33
"3153","hws","go_fishing","yes",85335,0.85335,33
"3154","hws","individual_risk","low",53612,0.53612,33
"3155","hws","individual_risk","medium",39833,0.39833,33
"3156","hws","individual_risk","high",6555,0.06555,33
"3157","hws","societal_risk","low",53612,0.53612,33
"3158","hws","societal_risk","medium",42739,0.42739,33
"3159","hws","societal_risk","high",3649,0.03649,33
"3160","hws","strategy_to_change","cope",23869,0.23869,33
"3161","hws","strategy_to_change","react",45740,0.4574,33
"3162","hws","strategy_to_change","adapt",30391,0.30391,33
"3163","hww","economic_risk","low",79301,0.79301,33
"3164","hww","economic_risk","medium",2007,0.02007,33
"3165","hww","economic_risk","high",18692,0.18692,33
"3166","hww","go_fishing","no",45687,0.45687,33
"3167","hww","go_fishing","yes",54313,0.54313,33
"3168","hww","individual_risk","low",39615,0.39615,33
"3169","hww","individual_risk","medium",38416,0.38416,33
"3170","hww","individual_risk","high",21969,0.21969,33
"3171","hww","societal_risk","low",39615,0.39615,33
"3172","hww","societal_risk","medium",52681,0.52681,33
"3173","hww","societal_risk","high",7704,0.07704,33
"3174","hww","strategy_to_change","cope",80617,0.80617,33
"3175","hww","strategy_to_change","react",14424,0.14424,33
"3176","hww","strategy_to_change","adapt",4959,0.04959,33
"3177","gal","economic_risk","low",52788,0.52788,33
"3178","gal","economic_risk","medium",17504,0.17504,33
"3179","gal","economic_risk","high",29708,0.29708,33
"3180","gal","go_fishing","no",33826,0.33826,33
"3181","gal","go_fishing","yes",66174,0.66174,33
"3182","gal","individual_risk","low",38258,0.38258,33
"3183","gal","individual_risk","medium",51714,0.51714,33
"3184","gal","individual_risk","high",10028,0.10028,33
"3185","gal","societal_risk","low",38258,0.38258,33
"3186","gal","societal_risk","medium",55970,0.5597,33
"3187","gal","societal_risk","high",5772,0.05772,33
"3188","gal","strategy_to_change","cope",57291,0.57291,33
"3189","gal","strategy_to_change","react",37781,0.37781,33
"3190","gal","strategy_to_change","adapt",4928,0.04928,33
"3191","sto","economic_risk","low",72660,0.7266,33
"3192","sto","economic_risk","medium",5080,0.0508,33
"3193","sto","economic_risk","high",22260,0.2226,33
"3194","sto","go_fishing","no",79815,0.79815,33
"3195","sto","go_fishing","yes",20185,0.20185,33
"3196","sto","individual_risk","low",13279,0.13279,33
"3197","sto","individual_risk","medium",61232,0.61232,33
"3198","sto","individual_risk","high",25489,0.25489,33
"3199","sto","societal_risk","low",13279,0.13279,33
"3200","sto","societal_risk","medium",76173,0.76173,33
"3201","sto","societal_risk","high",10548,0.10548,33
"3202","sto","strategy_to_change","cope",79815,0.79815,33
"3203","sto","strategy_to_change","react",20185,0.20185,33
"3204","erf","economic_risk","low",73007,0.73007,33
"3205","erf","economic_risk","medium",5438,0.05438,33
"3206","erf","economic_risk","high",21555,0.21555,33
"3207","erf","go_fishing","no",68842,0.68842,33
"3208","erf","go_fishing","yes",31158,0.31158,33
"3209","erf","individual_risk","low",19523,0.19523,33
"3210","erf","individual_risk","medium",56369,0.56369,33
"3211","erf","individual_risk","high",24108,0.24108,33
"3212","erf","societal_risk","low",19523,0.19523,33
"3213","erf","societal_risk","medium",71506,0.71506,33
"3214","erf","societal_risk","high",8971,0.08971,33
"3215","erf","strategy_to_change","cope",100000,1,33
"3216","ici","economic_risk","low",5109,0.05109,33
"3217","ici","economic_risk","medium",8581,0.08581,33
"3218","ici","economic_risk","high",26436,0.26436,33
"3219","ici","economic_risk","not_relevant",59874,0.59874,33
"3220","ici","go_fishing","no",55338,0.55338,33
"3221","ici","go_fishing","yes",44662,0.44662,33
"3222","ici","individual_risk","low",49,0.00049,33
"3223","ici","individual_risk","medium",7140,0.0714,33
"3224","ici","individual_risk","high",32937,0.32937,33
"3225","ici","individual_risk","not_relevant",59874,0.59874,33
"3226","ici","societal_risk","low",49,0.00049,33
"3227","ici","societal_risk","medium",22746,0.22746,33
"3228","ici","societal_risk","high",17331,0.17331,33
"3229","ici","societal_risk","not_relevant",59874,0.59874,33
"3230","ici","strategy_to_change","not_relevant",59874,0.59874,33
"3231","ici","strategy_to_change","cope",25318,0.25318,33
"3232","ici","strategy_to_change","react",14808,0.14808,33
"3233","abl","economic_risk","low",59702,0.59702,34
"3234","abl","economic_risk","medium",16255,0.16255,34
"3235","abl","economic_risk","high",24043,0.24043,34
"3236","abl","go_fishing","no",34633,0.34633,34
"3237","abl","go_fishing","yes",65367,0.65367,34
"3238","abl","individual_risk","low",35381,0.35381,34
"3239","abl","individual_risk","medium",47417,0.47417,34
"3240","abl","individual_risk","high",17202,0.17202,34
"3241","abl","societal_risk","low",35381,0.35381,34
"3242","abl","societal_risk","medium",57395,0.57395,34
"3243","abl","societal_risk","high",7224,0.07224,34
"3244","abl","strategy_to_change","cope",66202,0.66202,34
"3245","abl","strategy_to_change","react",21889,0.21889,34
"3246","abl","strategy_to_change","adapt",11909,0.11909,34
"3247","hws","economic_risk","low",80773,0.80773,34
"3248","hws","economic_risk","medium",8205,0.08205,34
"3249","hws","economic_risk","high",11022,0.11022,34
"3250","hws","go_fishing","no",7714,0.07714,34
"3251","hws","go_fishing","yes",92286,0.92286,34
"3252","hws","individual_risk","low",48562,0.48562,34
"3253","hws","individual_risk","medium",42874,0.42874,34
"3254","hws","individual_risk","high",8564,0.08564,34
"3255","hws","societal_risk","low",48562,0.48562,34
"3256","hws","societal_risk","medium",46100,0.461,34
"3257","hws","societal_risk","high",5338,0.05338,34
"3258","hws","strategy_to_change","cope",16209,0.16209,34
"3259","hws","strategy_to_change","react",47983,0.47983,34
"3260","hws","strategy_to_change","adapt",35808,0.35808,34
"3261","hww","economic_risk","low",79697,0.79697,34
"3262","hww","economic_risk","medium",1976,0.01976,34
"3263","hww","economic_risk","high",18327,0.18327,34
"3264","hww","go_fishing","no",32024,0.32024,34
"3265","hww","go_fishing","yes",67976,0.67976,34
"3266","hww","individual_risk","low",46213,0.46213,34
"3267","hww","individual_risk","medium",28037,0.28037,34
"3268","hww","individual_risk","high",25750,0.2575,34
"3269","hww","societal_risk","low",46213,0.46213,34
"3270","hww","societal_risk","medium",43448,0.43448,34
"3271","hww","societal_risk","high",10339,0.10339,34
"3272","hww","strategy_to_change","cope",67880,0.6788,34
"3273","hww","strategy_to_change","react",17960,0.1796,34
"3274","hww","strategy_to_change","adapt",14160,0.1416,34
"3275","gal","economic_risk","low",48218,0.48218,34
"3276","gal","economic_risk","medium",18189,0.18189,34
"3277","gal","economic_risk","high",33593,0.33593,34
"3278","gal","go_fishing","no",22462,0.22462,34
"3279","gal","go_fishing","yes",77538,0.77538,34
"3280","gal","individual_risk","low",43346,0.43346,34
"3281","gal","individual_risk","medium",43067,0.43067,34
"3282","gal","individual_risk","high",13587,0.13587,34
"3283","gal","societal_risk","low",43346,0.43346,34
"3284","gal","societal_risk","medium",45611,0.45611,34
"3285","gal","societal_risk","high",11043,0.11043,34
"3286","gal","strategy_to_change","cope",62669,0.62669,34
"3287","gal","strategy_to_change","react",33427,0.33427,34
"3288","gal","strategy_to_change","adapt",3904,0.03904,34
"3289","sto","economic_risk","low",69591,0.69591,34
"3290","sto","economic_risk","medium",5990,0.0599,34
"3291","sto","economic_risk","high",24419,0.24419,34
"3292","sto","go_fishing","no",79495,0.79495,34
"3293","sto","go_fishing","yes",20505,0.20505,34
"3294","sto","individual_risk","low",15016,0.15016,34
"3295","sto","individual_risk","medium",44035,0.44035,34
"3296","sto","individual_risk","high",40949,0.40949,34
"3297","sto","societal_risk","low",15016,0.15016,34
"3298","sto","societal_risk","medium",64830,0.6483,34
"3299","sto","societal_risk","high",20154,0.20154,34
"3300","sto","strategy_to_change","cope",79495,0.79495,34
"3301","sto","strategy_to_change","react",20505,0.20505,34
"3302","erf","economic_risk","low",51306,0.51306,34
"3303","erf","economic_risk","medium",6046,0.06046,34
"3304","erf","economic_risk","high",42648,0.42648,34
"3305","erf","go_fishing","no",46873,0.46873,34
"3306","erf","go_fishing","yes",53127,0.53127,34
"3307","erf","individual_risk","low",36535,0.36535,34
"3308","erf","individual_risk","medium",38921,0.38921,34
"3309","erf","individual_risk","high",24544,0.24544,34
"3310","erf","societal_risk","low",36535,0.36535,34
"3311","erf","societal_risk","medium",52867,0.52867,34
"3312","erf","societal_risk","high",10598,0.10598,34
"3313","erf","strategy_to_change","cope",100000,1,34
"3314","ici","economic_risk","low",3744,0.03744,34
"3315","ici","economic_risk","medium",8484,0.08484,34
"3316","ici","economic_risk","high",27925,0.27925,34
"3317","ici","economic_risk","not_relevant",59847,0.59847,34
"3318","ici","go_fishing","no",53759,0.53759,34
"3319","ici","go_fishing","yes",46241,0.46241,34
"3320","ici","individual_risk","low",12,0.00012,34
"3321","ici","individual_risk","medium",6143,0.06143,34
"3322","ici","individual_risk","high",33998,0.33998,34
"3323","ici","individual_risk","not_relevant",59847,0.59847,34
"3324","ici","societal_risk","low",12,0.00012,34
"3325","ici","societal_risk","medium",20285,0.20285,34
"3326","ici","societal_risk","high",19856,0.19856,34
"3327","ici","societal_risk","not_relevant",59847,0.59847,34
"3328","ici","strategy_to_change","not_relevant",59847,0.59847,34
"3329","ici","strategy_to_change","cope",23891,0.23891,34
"3330","ici","strategy_to_change","react",16262,0.16262,34
"3331","abl","economic_risk","low",68632,0.68632,35
"3332","abl","economic_risk","medium",10418,0.10418,35
"3333","abl","economic_risk","high",20950,0.2095,35
"3334","abl","go_fishing","no",35052,0.35052,35
"3335","abl","go_fishing","yes",64948,0.64948,35
"3336","abl","individual_risk","low",32338,0.32338,35
"3337","abl","individual_risk","medium",48802,0.48802,35
"3338","abl","individual_risk","high",18860,0.1886,35
"3339","abl","societal_risk","low",32338,0.32338,35
"3340","abl","societal_risk","medium",60998,0.60998,35
"3341","abl","societal_risk","high",6664,0.06664,35
"3342","abl","strategy_to_change","cope",70248,0.70248,35
"3343","abl","strategy_to_change","react",10694,0.10694,35
"3344","abl","strategy_to_change","adapt",19058,0.19058,35
"3345","hws","economic_risk","low",85672,0.85672,35
"3346","hws","economic_risk","medium",7581,0.07581,35
"3347","hws","economic_risk","high",6747,0.06747,35
"3348","hws","go_fishing","no",10226,0.10226,35
"3349","hws","go_fishing","yes",89774,0.89774,35
"3350","hws","individual_risk","low",50316,0.50316,35
"3351","hws","individual_risk","medium",43464,0.43464,35
"3352","hws","individual_risk","high",6220,0.0622,35
"3353","hws","societal_risk","low",50316,0.50316,35
"3354","hws","societal_risk","medium",45806,0.45806,35
"3355","hws","societal_risk","high",3878,0.03878,35
"3356","hws","strategy_to_change","cope",21131,0.21131,35
"3357","hws","strategy_to_change","react",46332,0.46332,35
"3358","hws","strategy_to_change","adapt",32537,0.32537,35
"3359","hww","economic_risk","low",81388,0.81388,35
"3360","hww","economic_risk","medium",1687,0.01687,35
"3361","hww","economic_risk","high",16925,0.16925,35
"3362","hww","go_fishing","no",43784,0.43784,35
"3363","hww","go_fishing","yes",56216,0.56216,35
"3364","hww","individual_risk","low",39691,0.39691,35
"3365","hww","individual_risk","medium",32279,0.32279,35
"3366","hww","individual_risk","high",28030,0.2803,35
"3367","hww","societal_risk","low",39691,0.39691,35
"3368","hww","societal_risk","medium",47677,0.47677,35
"3369","hww","societal_risk","high",12632,0.12632,35
"3370","hww","strategy_to_change","cope",81364,0.81364,35
"3371","hww","strategy_to_change","react",11640,0.1164,35
"3372","hww","strategy_to_change","adapt",6996,0.06996,35
"3373","gal","economic_risk","low",48188,0.48188,35
"3374","gal","economic_risk","medium",20847,0.20847,35
"3375","gal","economic_risk","high",30965,0.30965,35
"3376","gal","go_fishing","no",22157,0.22157,35
"3377","gal","go_fishing","yes",77843,0.77843,35
"3378","gal","individual_risk","low",39826,0.39826,35
"3379","gal","individual_risk","medium",42802,0.42802,35
"3380","gal","individual_risk","high",17372,0.17372,35
"3381","gal","societal_risk","low",39826,0.39826,35
"3382","gal","societal_risk","medium",46685,0.46685,35
"3383","gal","societal_risk","high",13489,0.13489,35
"3384","gal","strategy_to_change","cope",54999,0.54999,35
"3385","gal","strategy_to_change","react",37561,0.37561,35
"3386","gal","strategy_to_change","adapt",7440,0.0744,35
"3387","sto","economic_risk","low",70983,0.70983,35
"3388","sto","economic_risk","medium",5086,0.05086,35
"3389","sto","economic_risk","high",23931,0.23931,35
"3390","sto","go_fishing","no",80481,0.80481,35
"3391","sto","go_fishing","yes",19519,0.19519,35
"3392","sto","individual_risk","low",13989,0.13989,35
"3393","sto","individual_risk","medium",51052,0.51052,35
"3394","sto","individual_risk","high",34959,0.34959,35
"3395","sto","societal_risk","low",13989,0.13989,35
"3396","sto","societal_risk","medium",69343,0.69343,35
"3397","sto","societal_risk","high",16668,0.16668,35
"3398","sto","strategy_to_change","cope",80481,0.80481,35
"3399","sto","strategy_to_change","react",19519,0.19519,35
"3400","erf","economic_risk","low",72251,0.72251,35
"3401","erf","economic_risk","medium",4717,0.04717,35
"3402","erf","economic_risk","high",23032,0.23032,35
"3403","erf","go_fishing","no",70386,0.70386,35
"3404","erf","go_fishing","yes",29614,0.29614,35
"3405","erf","individual_risk","low",20271,0.20271,35
"3406","erf","individual_risk","medium",45316,0.45316,35
"3407","erf","individual_risk","high",34413,0.34413,35
"3408","erf","societal_risk","low",20271,0.20271,35
"3409","erf","societal_risk","medium",64366,0.64366,35
"3410","erf","societal_risk","high",15363,0.15363,35
"3411","erf","strategy_to_change","cope",100000,1,35
"3412","ici","economic_risk","low",5158,0.05158,35
"3413","ici","economic_risk","medium",8458,0.08458,35
"3414","ici","economic_risk","high",26535,0.26535,35
"3415","ici","economic_risk","not_relevant",59849,0.59849,35
"3416","ici","go_fishing","no",55226,0.55226,35
"3417","ici","go_fishing","yes",44774,0.44774,35
"3418","ici","individual_risk","low",33,0.00033,35
"3419","ici","individual_risk","medium",7201,0.07201,35
"3420","ici","individual_risk","high",32917,0.32917,35
"3421","ici","individual_risk","not_relevant",59849,0.59849,35
"3422","ici","societal_risk","low",33,0.00033,35
"3423","ici","societal_risk","medium",23400,0.234,35
"3424","ici","societal_risk","high",16718,0.16718,35
"3425","ici","societal_risk","not_relevant",59849,0.59849,35
"3426","ici","strategy_to_change","not_relevant",59849,0.59849,35
"3427","ici","strategy_to_change","cope",25268,0.25268,35
"3428","ici","strategy_to_change","react",14883,0.14883,35
"3429","abl","economic_risk","low",66807,0.66807,36
"3430","abl","economic_risk","medium",12512,0.12512,36
"3431","abl","economic_risk","high",20681,0.20681,36
"3432","abl","go_fishing","no",35339,0.35339,36
"3433","abl","go_fishing","yes",64661,0.64661,36
"3434","abl","individual_risk","low",31248,0.31248,36
"3435","abl","individual_risk","medium",50341,0.50341,36
"3436","abl","individual_risk","high",18411,0.18411,36
"3437","abl","societal_risk","low",31248,0.31248,36
"3438","abl","societal_risk","medium",62451,0.62451,36
"3439","abl","societal_risk","high",6301,0.06301,36
"3440","abl","strategy_to_change","cope",73111,0.73111,36
"3441","abl","strategy_to_change","react",10482,0.10482,36
"3442","abl","strategy_to_change","adapt",16407,0.16407,36
"3443","hws","economic_risk","low",82390,0.8239,36
"3444","hws","economic_risk","medium",7871,0.07871,36
"3445","hws","economic_risk","high",9739,0.09739,36
"3446","hws","go_fishing","no",9957,0.09957,36
"3447","hws","go_fishing","yes",90043,0.90043,36
"3448","hws","individual_risk","low",50712,0.50712,36
"3449","hws","individual_risk","medium",42706,0.42706,36
"3450","hws","individual_risk","high",6582,0.06582,36
"3451","hws","societal_risk","low",50712,0.50712,36
"3452","hws","societal_risk","medium",46300,0.463,36
"3453","hws","societal_risk","high",2988,0.02988,36
"3454","hws","strategy_to_change","cope",19796,0.19796,36
"3455","hws","strategy_to_change","react",50647,0.50647,36
"3456","hws","strategy_to_change","adapt",29557,0.29557,36
"3457","hww","economic_risk","low",78299,0.78299,36
"3458","hww","economic_risk","medium",2550,0.0255,36
"3459","hww","economic_risk","high",19151,0.19151,36
"3460","hww","go_fishing","no",44698,0.44698,36
"3461","hww","go_fishing","yes",55302,0.55302,36
"3462","hww","individual_risk","low",40683,0.40683,36
"3463","hww","individual_risk","medium",38641,0.38641,36
"3464","hww","individual_risk","high",20676,0.20676,36
"3465","hww","societal_risk","low",40683,0.40683,36
"3466","hww","societal_risk","medium",53543,0.53543,36
"3467","hww","societal_risk","high",5774,0.05774,36
"3468","hww","strategy_to_change","cope",81623,0.81623,36
"3469","hww","strategy_to_change","react",11139,0.11139,36
"3470","hww","strategy_to_change","adapt",7238,0.07238,36
"3471","gal","economic_risk","low",48652,0.48652,36
"3472","gal","economic_risk","medium",14751,0.14751,36
"3473","gal","economic_risk","high",36597,0.36597,36
"3474","gal","go_fishing","no",15425,0.15425,36
"3475","gal","go_fishing","yes",84575,0.84575,36
"3476","gal","individual_risk","low",42609,0.42609,36
"3477","gal","individual_risk","medium",44527,0.44527,36
"3478","gal","individual_risk","high",12864,0.12864,36
"3479","gal","societal_risk","low",42609,0.42609,36
"3480","gal","societal_risk","medium",48406,0.48406,36
"3481","gal","societal_risk","high",8985,0.08985,36
"3482","gal","strategy_to_change","cope",63355,0.63355,36
"3483","gal","strategy_to_change","react",31787,0.31787,36
"3484","gal","strategy_to_change","adapt",4858,0.04858,36
"3485","sto","economic_risk","low",75511,0.75511,36
"3486","sto","economic_risk","medium",3455,0.03455,36
"3487","sto","economic_risk","high",21034,0.21034,36
"3488","sto","go_fishing","no",81427,0.81427,36
"3489","sto","go_fishing","yes",18573,0.18573,36
"3490","sto","individual_risk","low",14872,0.14872,36
"3491","sto","individual_risk","medium",62875,0.62875,36
"3492","sto","individual_risk","high",22253,0.22253,36
"3493","sto","societal_risk","low",14872,0.14872,36
"3494","sto","societal_risk","medium",78605,0.78605,36
"3495","sto","societal_risk","high",6523,0.06523,36
"3496","sto","strategy_to_change","cope",81427,0.81427,36
"3497","sto","strategy_to_change","react",18573,0.18573,36
"3498","erf","economic_risk","low",54601,0.54601,36
"3499","erf","economic_risk","medium",4663,0.04663,36
"3500","erf","economic_risk","high",40736,0.40736,36
"3501","erf","go_fishing","no",49405,0.49405,36
"3502","erf","go_fishing","yes",50595,0.50595,36
"3503","erf","individual_risk","low",34716,0.34716,36
"3504","erf","individual_risk","medium",43098,0.43098,36
"3505","erf","individual_risk","high",22186,0.22186,36
"3506","erf","societal_risk","low",34716,0.34716,36
"3507","erf","societal_risk","medium",58651,0.58651,36
"3508","erf","societal_risk","high",6633,0.06633,36
"3509","erf","strategy_to_change","cope",100000,1,36
"3510","ici","economic_risk","low",3891,0.03891,36
"3511","ici","economic_risk","medium",10695,0.10695,36
"3512","ici","economic_risk","high",25478,0.25478,36
"3513","ici","economic_risk","not_relevant",59936,0.59936,36
"3514","ici","go_fishing","no",54114,0.54114,36
"3515","ici","go_fishing","yes",45886,0.45886,36
"3516","ici","individual_risk","low",20,2e-04,36
"3517","ici","individual_risk","medium",5801,0.05801,36
"3518","ici","individual_risk","high",34243,0.34243,36
"3519","ici","individual_risk","not_relevant",59936,0.59936,36
"3520","ici","societal_risk","low",20,2e-04,36
"3521","ici","societal_risk","medium",21626,0.21626,36
"3522","ici","societal_risk","high",18418,0.18418,36
"3523","ici","societal_risk","not_relevant",59936,0.59936,36
"3524","ici","strategy_to_change","not_relevant",59936,0.59936,36
"3525","ici","strategy_to_change","cope",23918,0.23918,36
"3526","ici","strategy_to_change","react",16146,0.16146,36
"3527","abl","economic_risk","low",70141,0.70141,37
"3528","abl","economic_risk","medium",9613,0.09613,37
"3529","abl","economic_risk","high",20246,0.20246,37
"3530","abl","go_fishing","no",35668,0.35668,37
"3531","abl","go_fishing","yes",64332,0.64332,37
"3532","abl","individual_risk","low",29913,0.29913,37
"3533","abl","individual_risk","medium",51495,0.51495,37
"3534","abl","individual_risk","high",18592,0.18592,37
"3535","abl","societal_risk","low",29913,0.29913,37
"3536","abl","societal_risk","medium",62702,0.62702,37
"3537","abl","societal_risk","high",7385,0.07385,37
"3538","abl","strategy_to_change","cope",64723,0.64723,37
"3539","abl","strategy_to_change","react",11964,0.11964,37
"3540","abl","strategy_to_change","adapt",23313,0.23313,37
"3541","hws","economic_risk","low",83742,0.83742,37
"3542","hws","economic_risk","medium",7454,0.07454,37
"3543","hws","economic_risk","high",8804,0.08804,37
"3544","hws","go_fishing","no",11802,0.11802,37
"3545","hws","go_fishing","yes",88198,0.88198,37
"3546","hws","individual_risk","low",46425,0.46425,37
"3547","hws","individual_risk","medium",47394,0.47394,37
"3548","hws","individual_risk","high",6181,0.06181,37
"3549","hws","societal_risk","low",46425,0.46425,37
"3550","hws","societal_risk","medium",49471,0.49471,37
"3551","hws","societal_risk","high",4104,0.04104,37
"3552","hws","strategy_to_change","cope",21885,0.21885,37
"3553","hws","strategy_to_change","react",44826,0.44826,37
"3554","hws","strategy_to_change","adapt",33289,0.33289,37
"3555","hww","economic_risk","low",78333,0.78333,37
"3556","hww","economic_risk","medium",3767,0.03767,37
"3557","hww","economic_risk","high",17900,0.179,37
"3558","hww","go_fishing","no",40326,0.40326,37
"3559","hww","go_fishing","yes",59674,0.59674,37
"3560","hww","individual_risk","low",41464,0.41464,37
"3561","hww","individual_risk","medium",32672,0.32672,37
"3562","hww","individual_risk","high",25864,0.25864,37
"3563","hww","societal_risk","low",41464,0.41464,37
"3564","hww","societal_risk","medium",42962,0.42962,37
"3565","hww","societal_risk","high",15574,0.15574,37
"3566","hww","strategy_to_change","cope",70353,0.70353,37
"3567","hww","strategy_to_change","react",14233,0.14233,37
"3568","hww","strategy_to_change","adapt",15414,0.15414,37
"3569","gal","economic_risk","low",52132,0.52132,37
"3570","gal","economic_risk","medium",18299,0.18299,37
"3571","gal","economic_risk","high",29569,0.29569,37
"3572","gal","go_fishing","no",40419,0.40419,37
"3573","gal","go_fishing","yes",59581,0.59581,37
"3574","gal","individual_risk","low",31203,0.31203,37
"3575","gal","individual_risk","medium",51876,0.51876,37
"3576","gal","individual_risk","high",16921,0.16921,37
"3577","gal","societal_risk","low",31203,0.31203,37
"3578","gal","societal_risk","medium",53120,0.5312,37
"3579","gal","societal_risk","high",15677,0.15677,37
"3580","gal","strategy_to_change","cope",67186,0.67186,37
"3581","gal","strategy_to_change","react",28958,0.28958,37
"3582","gal","strategy_to_change","adapt",3856,0.03856,37
"3583","sto","economic_risk","low",67524,0.67524,37
"3584","sto","economic_risk","medium",7493,0.07493,37
"3585","sto","economic_risk","high",24983,0.24983,37
"3586","sto","go_fishing","no",81624,0.81624,37
"3587","sto","go_fishing","yes",18376,0.18376,37
"3588","sto","individual_risk","low",10616,0.10616,37
"3589","sto","individual_risk","medium",52465,0.52465,37
"3590","sto","individual_risk","high",36919,0.36919,37
"3591","sto","societal_risk","low",10616,0.10616,37
"3592","sto","societal_risk","medium",63120,0.6312,37
"3593","sto","societal_risk","high",26264,0.26264,37
"3594","sto","strategy_to_change","cope",81624,0.81624,37
"3595","sto","strategy_to_change","react",18376,0.18376,37
"3596","erf","economic_risk","low",50316,0.50316,37
"3597","erf","economic_risk","medium",6698,0.06698,37
"3598","erf","economic_risk","high",42986,0.42986,37
"3599","erf","go_fishing","no",49033,0.49033,37
"3600","erf","go_fishing","yes",50967,0.50967,37
"3601","erf","individual_risk","low",35888,0.35888,37
"3602","erf","individual_risk","medium",37066,0.37066,37
"3603","erf","individual_risk","high",27046,0.27046,37
"3604","erf","societal_risk","low",35888,0.35888,37
"3605","erf","societal_risk","medium",52168,0.52168,37
"3606","erf","societal_risk","high",11944,0.11944,37
"3607","erf","strategy_to_change","cope",100000,1,37
"3608","ici","economic_risk","low",6691,0.06691,37
"3609","ici","economic_risk","medium",7209,0.07209,37
"3610","ici","economic_risk","high",26021,0.26021,37
"3611","ici","economic_risk","not_relevant",60079,0.60079,37
"3612","ici","go_fishing","no",56601,0.56601,37
"3613","ici","go_fishing","yes",43399,0.43399,37
"3614","ici","individual_risk","low",31,0.00031,37
"3615","ici","individual_risk","medium",8272,0.08272,37
"3616","ici","individual_risk","high",31618,0.31618,37
"3617","ici","individual_risk","not_relevant",60079,0.60079,37
"3618","ici","societal_risk","low",31,0.00031,37
"3619","ici","societal_risk","medium",23553,0.23553,37
"3620","ici","societal_risk","high",16337,0.16337,37
"3621","ici","societal_risk","not_relevant",60079,0.60079,37
"3622","ici","strategy_to_change","not_relevant",60079,0.60079,37
"3623","ici","strategy_to_change","cope",26619,0.26619,37
"3624","ici","strategy_to_change","react",13302,0.13302,37
"3625","abl","economic_risk","low",73938,0.73938,38
"3626","abl","economic_risk","medium",6774,0.06774,38
"3627","abl","economic_risk","high",19288,0.19288,38
"3628","abl","go_fishing","no",38684,0.38684,38
"3629","abl","go_fishing","yes",61316,0.61316,38
"3630","abl","individual_risk","low",33779,0.33779,38
"3631","abl","individual_risk","medium",45506,0.45506,38
"3632","abl","individual_risk","high",20715,0.20715,38
"3633","abl","societal_risk","low",33779,0.33779,38
"3634","abl","societal_risk","medium",58399,0.58399,38
"3635","abl","societal_risk","high",7822,0.07822,38
"3636","abl","strategy_to_change","cope",68369,0.68369,38
"3637","abl","strategy_to_change","react",8663,0.08663,38
"3638","abl","strategy_to_change","adapt",22968,0.22968,38
"3639","hws","economic_risk","low",84675,0.84675,38
"3640","hws","economic_risk","medium",7077,0.07077,38
"3641","hws","economic_risk","high",8248,0.08248,38
"3642","hws","go_fishing","no",12281,0.12281,38
"3643","hws","go_fishing","yes",87719,0.87719,38
"3644","hws","individual_risk","low",52917,0.52917,38
"3645","hws","individual_risk","medium",39734,0.39734,38
"3646","hws","individual_risk","high",7349,0.07349,38
"3647","hws","societal_risk","low",52917,0.52917,38
"3648","hws","societal_risk","medium",42788,0.42788,38
"3649","hws","societal_risk","high",4295,0.04295,38
"3650","hws","strategy_to_change","cope",21210,0.2121,38
"3651","hws","strategy_to_change","react",47050,0.4705,38
"3652","hws","strategy_to_change","adapt",31740,0.3174,38
"3653","hww","economic_risk","low",78963,0.78963,38
"3654","hww","economic_risk","medium",2531,0.02531,38
"3655","hww","economic_risk","high",18506,0.18506,38
"3656","hww","go_fishing","no",48641,0.48641,38
"3657","hww","go_fishing","yes",51359,0.51359,38
"3658","hww","individual_risk","low",38233,0.38233,38
"3659","hww","individual_risk","medium",31452,0.31452,38
"3660","hww","individual_risk","high",30315,0.30315,38
"3661","hww","societal_risk","low",38233,0.38233,38
"3662","hww","societal_risk","medium",47506,0.47506,38
"3663","hww","societal_risk","high",14261,0.14261,38
"3664","hww","strategy_to_change","cope",83831,0.83831,38
"3665","hww","strategy_to_change","react",12490,0.1249,38
"3666","hww","strategy_to_change","adapt",3679,0.03679,38
"3667","gal","economic_risk","low",51103,0.51103,38
"3668","gal","economic_risk","medium",15309,0.15309,38
"3669","gal","economic_risk","high",33588,0.33588,38
"3670","gal","go_fishing","no",14445,0.14445,38
"3671","gal","go_fishing","yes",85555,0.85555,38
"3672","gal","individual_risk","low",44364,0.44364,38
"3673","gal","individual_risk","medium",35617,0.35617,38
"3674","gal","individual_risk","high",20019,0.20019,38
"3675","gal","societal_risk","low",44364,0.44364,38
"3676","gal","societal_risk","medium",39622,0.39622,38
"3677","gal","societal_risk","high",16014,0.16014,38
"3678","gal","strategy_to_change","cope",62515,0.62515,38
"3679","gal","strategy_to_change","react",33048,0.33048,38
"3680","gal","strategy_to_change","adapt",4437,0.04437,38
"3681","sto","economic_risk","low",72107,0.72107,38
"3682","sto","economic_risk","medium",5713,0.05713,38
"3683","sto","economic_risk","high",22180,0.2218,38
"3684","sto","go_fishing","no",84674,0.84674,38
"3685","sto","go_fishing","yes",15326,0.15326,38
"3686","sto","individual_risk","low",10496,0.10496,38
"3687","sto","individual_risk","medium",52154,0.52154,38
"3688","sto","individual_risk","high",37350,0.3735,38
"3689","sto","societal_risk","low",10496,0.10496,38
"3690","sto","societal_risk","medium",68765,0.68765,38
"3691","sto","societal_risk","high",20739,0.20739,38
"3692","sto","strategy_to_change","cope",84674,0.84674,38
"3693","sto","strategy_to_change","react",15326,0.15326,38
"3694","erf","economic_risk","low",53820,0.5382,38
"3695","erf","economic_risk","medium",5244,0.05244,38
"3696","erf","economic_risk","high",40936,0.40936,38
"3697","erf","go_fishing","no",46632,0.46632,38
"3698","erf","go_fishing","yes",53368,0.53368,38
"3699","erf","individual_risk","low",36938,0.36938,38
"3700","erf","individual_risk","medium",38056,0.38056,38
"3701","erf","individual_risk","high",25006,0.25006,38
"3702","erf","societal_risk","low",36938,0.36938,38
"3703","erf","societal_risk","medium",53606,0.53606,38
"3704","erf","societal_risk","high",9456,0.09456,38
"3705","erf","strategy_to_change","cope",100000,1,38
"3706","ici","economic_risk","low",4501,0.04501,38
"3707","ici","economic_risk","medium",7317,0.07317,38
"3708","ici","economic_risk","high",28228,0.28228,38
"3709","ici","economic_risk","not_relevant",59954,0.59954,38
"3710","ici","go_fishing","no",54752,0.54752,38
"3711","ici","go_fishing","yes",45248,0.45248,38
"3712","ici","individual_risk","low",12,0.00012,38
"3713","ici","individual_risk","medium",6212,0.06212,38
"3714","ici","individual_risk","high",33822,0.33822,38
"3715","ici","individual_risk","not_relevant",59954,0.59954,38
"3716","ici","societal_risk","low",12,0.00012,38
"3717","ici","societal_risk","medium",22060,0.2206,38
"3718","ici","societal_risk","high",17974,0.17974,38
"3719","ici","societal_risk","not_relevant",59954,0.59954,38
"3720","ici","strategy_to_change","not_relevant",59954,0.59954,38
"3721","ici","strategy_to_change","cope",24737,0.24737,38
"3722","ici","strategy_to_change","react",15309,0.15309,38
"3723","abl","economic_risk","low",69084,0.69084,39
"3724","abl","economic_risk","medium",9931,0.09931,39
"3725","abl","economic_risk","high",20985,0.20985,39
"3726","abl","go_fishing","no",38569,0.38569,39
"3727","abl","go_fishing","yes",61431,0.61431,39
"3728","abl","individual_risk","low",37935,0.37935,39
"3729","abl","individual_risk","medium",43421,0.43421,39
"3730","abl","individual_risk","high",18644,0.18644,39
"3731","abl","societal_risk","low",37935,0.37935,39
"3732","abl","societal_risk","medium",55649,0.55649,39
"3733","abl","societal_risk","high",6416,0.06416,39
"3734","abl","strategy_to_change","cope",68863,0.68863,39
"3735","abl","strategy_to_change","react",12856,0.12856,39
"3736","abl","strategy_to_change","adapt",18281,0.18281,39
"3737","hws","economic_risk","low",85230,0.8523,39
"3738","hws","economic_risk","medium",7409,0.07409,39
"3739","hws","economic_risk","high",7361,0.07361,39
"3740","hws","go_fishing","no",13935,0.13935,39
"3741","hws","go_fishing","yes",86065,0.86065,39
"3742","hws","individual_risk","low",49831,0.49831,39
"3743","hws","individual_risk","medium",43258,0.43258,39
"3744","hws","individual_risk","high",6911,0.06911,39
"3745","hws","societal_risk","low",49831,0.49831,39
"3746","hws","societal_risk","medium",45694,0.45694,39
"3747","hws","societal_risk","high",4475,0.04475,39
"3748","hws","strategy_to_change","cope",21433,0.21433,39
"3749","hws","strategy_to_change","react",45491,0.45491,39
"3750","hws","strategy_to_change","adapt",33076,0.33076,39
"3751","hww","economic_risk","low",81863,0.81863,39
"3752","hww","economic_risk","medium",2479,0.02479,39
"3753","hww","economic_risk","high",15658,0.15658,39
"3754","hww","go_fishing","no",46942,0.46942,39
"3755","hww","go_fishing","yes",53058,0.53058,39
"3756","hww","individual_risk","low",39210,0.3921,39
"3757","hww","individual_risk","medium",33186,0.33186,39
"3758","hww","individual_risk","high",27604,0.27604,39
"3759","hww","societal_risk","low",39210,0.3921,39
"3760","hww","societal_risk","medium",48502,0.48502,39
"3761","hww","societal_risk","high",12288,0.12288,39
"3762","hww","strategy_to_change","cope",76687,0.76687,39
"3763","hww","strategy_to_change","react",16311,0.16311,39
"3764","hww","strategy_to_change","adapt",7002,0.07002,39
"3765","gal","economic_risk","low",57604,0.57604,39
"3766","gal","economic_risk","medium",14098,0.14098,39
"3767","gal","economic_risk","high",28298,0.28298,39
"3768","gal","go_fishing","no",32730,0.3273,39
"3769","gal","go_fishing","yes",67270,0.6727,39
"3770","gal","individual_risk","low",35984,0.35984,39
"3771","gal","individual_risk","medium",41567,0.41567,39
"3772","gal","individual_risk","high",22449,0.22449,39
"3773","gal","societal_risk","low",35984,0.35984,39
"3774","gal","societal_risk","medium",47467,0.47467,39
"3775","gal","societal_risk","high",16549,0.16549,39
"3776","gal","strategy_to_change","cope",64825,0.64825,39
"3777","gal","strategy_to_change","react",30093,0.30093,39
"3778","gal","strategy_to_change","adapt",5082,0.05082,39
"3779","sto","economic_risk","low",73333,0.73333,39
"3780","sto","economic_risk","medium",4981,0.04981,39
"3781","sto","economic_risk","high",21686,0.21686,39
"3782","sto","go_fishing","no",85502,0.85502,39
"3783","sto","go_fishing","yes",14498,0.14498,39
"3784","sto","individual_risk","low",9461,0.09461,39
"3785","sto","individual_risk","medium",54996,0.54996,39
"3786","sto","individual_risk","high",35543,0.35543,39
"3787","sto","societal_risk","low",9461,0.09461,39
"3788","sto","societal_risk","medium",73576,0.73576,39
"3789","sto","societal_risk","high",16963,0.16963,39
"3790","sto","strategy_to_change","cope",85502,0.85502,39
"3791","sto","strategy_to_change","react",14498,0.14498,39
"3792","erf","economic_risk","low",73247,0.73247,39
"3793","erf","economic_risk","medium",6027,0.06027,39
"3794","erf","economic_risk","high",20726,0.20726,39
"3795","erf","go_fishing","no",67664,0.67664,39
"3796","erf","go_fishing","yes",32336,0.32336,39
"3797","erf","individual_risk","low",21322,0.21322,39
"3798","erf","individual_risk","medium",45234,0.45234,39
"3799","erf","individual_risk","high",33444,0.33444,39
"3800","erf","societal_risk","low",21322,0.21322,39
"3801","erf","societal_risk","medium",63761,0.63761,39
"3802","erf","societal_risk","high",14917,0.14917,39
"3803","erf","strategy_to_change","cope",100000,1,39
"3804","ici","economic_risk","low",2523,0.02523,39
"3805","ici","economic_risk","medium",9732,0.09732,39
"3806","ici","economic_risk","high",27788,0.27788,39
"3807","ici","economic_risk","not_relevant",59957,0.59957,39
"3808","ici","go_fishing","no",52560,0.5256,39
"3809","ici","go_fishing","yes",47440,0.4744,39
"3810","ici","individual_risk","low",22,0.00022,39
"3811","ici","individual_risk","medium",5256,0.05256,39
"3812","ici","individual_risk","high",34765,0.34765,39
"3813","ici","individual_risk","not_relevant",59957,0.59957,39
"3814","ici","societal_risk","low",22,0.00022,39
"3815","ici","societal_risk","medium",20655,0.20655,39
"3816","ici","societal_risk","high",19366,0.19366,39
"3817","ici","societal_risk","not_relevant",59957,0.59957,39
"3818","ici","strategy_to_change","not_relevant",59957,0.59957,39
"3819","ici","strategy_to_change","cope",22719,0.22719,39
"3820","ici","strategy_to_change","react",17324,0.17324,39
"3821","abl","economic_risk","low",63955,0.63955,40
"3822","abl","economic_risk","medium",13962,0.13962,40
"3823","abl","economic_risk","high",22083,0.22083,40
"3824","abl","go_fishing","no",34177,0.34177,40
"3825","abl","go_fishing","yes",65823,0.65823,40
"3826","abl","individual_risk","low",36125,0.36125,40
"3827","abl","individual_risk","medium",47657,0.47657,40
"3828","abl","individual_risk","high",16218,0.16218,40
"3829","abl","societal_risk","low",36125,0.36125,40
"3830","abl","societal_risk","medium",57625,0.57625,40
"3831","abl","societal_risk","high",6250,0.0625,40
"3832","abl","strategy_to_change","cope",65792,0.65792,40
"3833","abl","strategy_to_change","react",17658,0.17658,40
"3834","abl","strategy_to_change","adapt",16550,0.1655,40
"3835","hws","economic_risk","low",87396,0.87396,40
"3836","hws","economic_risk","medium",6680,0.0668,40
"3837","hws","economic_risk","high",5924,0.05924,40
"3838","hws","go_fishing","no",13059,0.13059,40
"3839","hws","go_fishing","yes",86941,0.86941,40
"3840","hws","individual_risk","low",44758,0.44758,40
"3841","hws","individual_risk","medium",49700,0.497,40
"3842","hws","individual_risk","high",5542,0.05542,40
"3843","hws","societal_risk","low",44758,0.44758,40
"3844","hws","societal_risk","medium",52546,0.52546,40
"3845","hws","societal_risk","high",2696,0.02696,40
"3846","hws","strategy_to_change","cope",24529,0.24529,40
"3847","hws","strategy_to_change","react",43953,0.43953,40
"3848","hws","strategy_to_change","adapt",31518,0.31518,40
"3849","hww","economic_risk","low",84803,0.84803,40
"3850","hww","economic_risk","medium",1580,0.0158,40
"3851","hww","economic_risk","high",13617,0.13617,40
"3852","hww","go_fishing","no",44870,0.4487,40
"3853","hww","go_fishing","yes",55130,0.5513,40
"3854","hww","individual_risk","low",40368,0.40368,40
"3855","hww","individual_risk","medium",42974,0.42974,40
"3856","hww","individual_risk","high",16658,0.16658,40
"3857","hww","societal_risk","low",40368,0.40368,40
"3858","hww","societal_risk","medium",53295,0.53295,40
"3859","hww","societal_risk","high",6337,0.06337,40
"3860","hww","strategy_to_change","cope",77879,0.77879,40
"3861","hww","strategy_to_change","react",14270,0.1427,40
"3862","hww","strategy_to_change","adapt",7851,0.07851,40
"3863","gal","economic_risk","low",58283,0.58283,40
"3864","gal","economic_risk","medium",15376,0.15376,40
"3865","gal","economic_risk","high",26341,0.26341,40
"3866","gal","go_fishing","no",27654,0.27654,40
"3867","gal","go_fishing","yes",72346,0.72346,40
"3868","gal","individual_risk","low",37091,0.37091,40
"3869","gal","individual_risk","medium",49251,0.49251,40
"3870","gal","individual_risk","high",13658,0.13658,40
"3871","gal","societal_risk","low",37091,0.37091,40
"3872","gal","societal_risk","medium",53409,0.53409,40
"3873","gal","societal_risk","high",9500,0.095,40
"3874","gal","strategy_to_change","cope",54884,0.54884,40
"3875","gal","strategy_to_change","react",34940,0.3494,40
"3876","gal","strategy_to_change","adapt",10176,0.10176,40
"3877","sto","economic_risk","low",74773,0.74773,40
"3878","sto","economic_risk","medium",4142,0.04142,40
"3879","sto","economic_risk","high",21085,0.21085,40
"3880","sto","go_fishing","no",84843,0.84843,40
"3881","sto","go_fishing","yes",15157,0.15157,40
"3882","sto","individual_risk","low",10753,0.10753,40
"3883","sto","individual_risk","medium",67528,0.67528,40
"3884","sto","individual_risk","high",21719,0.21719,40
"3885","sto","societal_risk","low",10753,0.10753,40
"3886","sto","societal_risk","medium",81453,0.81453,40
"3887","sto","societal_risk","high",7794,0.07794,40
"3888","sto","strategy_to_change","cope",84843,0.84843,40
"3889","sto","strategy_to_change","react",15157,0.15157,40
"3890","erf","economic_risk","low",73647,0.73647,40
"3891","erf","economic_risk","medium",5608,0.05608,40
"3892","erf","economic_risk","high",20745,0.20745,40
"3893","erf","go_fishing","no",67788,0.67788,40
"3894","erf","go_fishing","yes",32212,0.32212,40
"3895","erf","individual_risk","low",20860,0.2086,40
"3896","erf","individual_risk","medium",57063,0.57063,40
"3897","erf","individual_risk","high",22077,0.22077,40
"3898","erf","societal_risk","low",20860,0.2086,40
"3899","erf","societal_risk","medium",70934,0.70934,40
"3900","erf","societal_risk","high",8206,0.08206,40
"3901","erf","strategy_to_change","cope",100000,1,40
"3902","ici","economic_risk","low",4045,0.04045,40
"3903","ici","economic_risk","medium",7934,0.07934,40
"3904","ici","economic_risk","high",27786,0.27786,40
"3905","ici","economic_risk","not_relevant",60235,0.60235,40
"3906","ici","go_fishing","no",53939,0.53939,40
"3907","ici","go_fishing","yes",46061,0.46061,40
"3908","ici","individual_risk","low",28,0.00028,40
"3909","ici","individual_risk","medium",6173,0.06173,40
"3910","ici","individual_risk","high",33564,0.33564,40
"3911","ici","individual_risk","not_relevant",60235,0.60235,40
"3912","ici","societal_risk","low",28,0.00028,40
"3913","ici","societal_risk","medium",20167,0.20167,40
"3914","ici","societal_risk","high",19570,0.1957,40
"3915","ici","societal_risk","not_relevant",60235,0.60235,40
"3916","ici","strategy_to_change","not_relevant",60235,0.60235,40
"3917","ici","strategy_to_change","cope",23757,0.23757,40
"3918","ici","strategy_to_change","react",16008,0.16008,40
"3919","abl","economic_risk","low",63514,0.63514,41
"3920","abl","economic_risk","medium",13236,0.13236,41
"3921","abl","economic_risk","high",23250,0.2325,41
"3922","abl","go_fishing","no",37022,0.37022,41
"3923","abl","go_fishing","yes",62978,0.62978,41
"3924","abl","individual_risk","low",32172,0.32172,41
"3925","abl","individual_risk","medium",46739,0.46739,41
"3926","abl","individual_risk","high",21089,0.21089,41
"3927","abl","societal_risk","low",32172,0.32172,41
"3928","abl","societal_risk","medium",61306,0.61306,41
"3929","abl","societal_risk","high",6522,0.06522,41
"3930","abl","strategy_to_change","cope",71447,0.71447,41
"3931","abl","strategy_to_change","react",13835,0.13835,41
"3932","abl","strategy_to_change","adapt",14718,0.14718,41
"3933","hws","economic_risk","low",82693,0.82693,41
"3934","hws","economic_risk","medium",7890,0.0789,41
"3935","hws","economic_risk","high",9417,0.09417,41
"3936","hws","go_fishing","no",13087,0.13087,41
"3937","hws","go_fishing","yes",86913,0.86913,41
"3938","hws","individual_risk","low",51235,0.51235,41
"3939","hws","individual_risk","medium",39497,0.39497,41
"3940","hws","individual_risk","high",9268,0.09268,41
"3941","hws","societal_risk","low",51235,0.51235,41
"3942","hws","societal_risk","medium",44692,0.44692,41
"3943","hws","societal_risk","high",4073,0.04073,41
"3944","hws","strategy_to_change","cope",24779,0.24779,41
"3945","hws","strategy_to_change","react",48792,0.48792,41
"3946","hws","strategy_to_change","adapt",26429,0.26429,41
"3947","hww","economic_risk","low",74837,0.74837,41
"3948","hww","economic_risk","medium",4772,0.04772,41
"3949","hww","economic_risk","high",20391,0.20391,41
"3950","hww","go_fishing","no",34301,0.34301,41
"3951","hww","go_fishing","yes",65699,0.65699,41
"3952","hww","individual_risk","low",46114,0.46114,41
"3953","hww","individual_risk","medium",29309,0.29309,41
"3954","hww","individual_risk","high",24577,0.24577,41
"3955","hww","societal_risk","low",46114,0.46114,41
"3956","hww","societal_risk","medium",45104,0.45104,41
"3957","hww","societal_risk","high",8782,0.08782,41
"3958","hww","strategy_to_change","cope",68679,0.68679,41
"3959","hww","strategy_to_change","react",16136,0.16136,41
"3960","hww","strategy_to_change","adapt",15185,0.15185,41
"3961","gal","economic_risk","low",56970,0.5697,41
"3962","gal","economic_risk","medium",18080,0.1808,41
"3963","gal","economic_risk","high",24950,0.2495,41
"3964","gal","go_fishing","no",28679,0.28679,41
"3965","gal","go_fishing","yes",71321,0.71321,41
"3966","gal","individual_risk","low",35250,0.3525,41
"3967","gal","individual_risk","medium",44819,0.44819,41
"3968","gal","individual_risk","high",19931,0.19931,41
"3969","gal","societal_risk","low",35250,0.3525,41
"3970","gal","societal_risk","medium",48619,0.48619,41
"3971","gal","societal_risk","high",16131,0.16131,41
"3972","gal","strategy_to_change","cope",59686,0.59686,41
"3973","gal","strategy_to_change","react",32690,0.3269,41
"3974","gal","strategy_to_change","adapt",7624,0.07624,41
"3975","sto","economic_risk","low",67806,0.67806,41
"3976","sto","economic_risk","medium",7963,0.07963,41
"3977","sto","economic_risk","high",24231,0.24231,41
"3978","sto","go_fishing","no",78808,0.78808,41
"3979","sto","go_fishing","yes",21192,0.21192,41
"3980","sto","individual_risk","low",13392,0.13392,41
"3981","sto","individual_risk","medium",51749,0.51749,41
"3982","sto","individual_risk","high",34859,0.34859,41
"3983","sto","societal_risk","low",13392,0.13392,41
"3984","sto","societal_risk","medium",65839,0.65839,41
"3985","sto","societal_risk","high",20769,0.20769,41
"3986","sto","strategy_to_change","cope",78808,0.78808,41
"3987","sto","strategy_to_change","react",21192,0.21192,41
"3988","erf","economic_risk","low",69987,0.69987,41
"3989","erf","economic_risk","medium",7784,0.07784,41
"3990","erf","economic_risk","high",22229,0.22229,41
"3991","erf","go_fishing","no",65802,0.65802,41
"3992","erf","go_fishing","yes",34198,0.34198,41
"3993","erf","individual_risk","low",22917,0.22917,41
"3994","erf","individual_risk","medium",46627,0.46627,41
"3995","erf","individual_risk","high",30456,0.30456,41
"3996","erf","societal_risk","low",22917,0.22917,41
"3997","erf","societal_risk","medium",61066,0.61066,41
"3998","erf","societal_risk","high",16017,0.16017,41
"3999","erf","strategy_to_change","cope",100000,1,41
"4000","ici","economic_risk","low",4866,0.04866,41
"4001","ici","economic_risk","medium",9644,0.09644,41
"4002","ici","economic_risk","high",25617,0.25617,41
"4003","ici","economic_risk","not_relevant",59873,0.59873,41
"4004","ici","go_fishing","no",54979,0.54979,41
"4005","ici","go_fishing","yes",45021,0.45021,41
"4006","ici","individual_risk","low",29,0.00029,41
"4007","ici","individual_risk","medium",6285,0.06285,41
"4008","ici","individual_risk","high",33813,0.33813,41
"4009","ici","individual_risk","not_relevant",59873,0.59873,41
"4010","ici","societal_risk","low",29,0.00029,41
"4011","ici","societal_risk","medium",23985,0.23985,41
"4012","ici","societal_risk","high",16113,0.16113,41
"4013","ici","societal_risk","not_relevant",59873,0.59873,41
"4014","ici","strategy_to_change","not_relevant",59873,0.59873,41
"4015","ici","strategy_to_change","cope",25016,0.25016,41
"4016","ici","strategy_to_change","react",15111,0.15111,41
"4017","abl","economic_risk","low",63337,0.63337,42
"4018","abl","economic_risk","medium",14410,0.1441,42
"4019","abl","economic_risk","high",22253,0.22253,42
"4020","abl","go_fishing","no",34541,0.34541,42
"4021","abl","go_fishing","yes",65459,0.65459,42
"4022","abl","individual_risk","low",35925,0.35925,42
"4023","abl","individual_risk","medium",46872,0.46872,42
"4024","abl","individual_risk","high",17203,0.17203,42
"4025","abl","societal_risk","low",35925,0.35925,42
"4026","abl","societal_risk","medium",57746,0.57746,42
"4027","abl","societal_risk","high",6329,0.06329,42
"4028","abl","strategy_to_change","cope",66897,0.66897,42
"4029","abl","strategy_to_change","react",21933,0.21933,42
"4030","abl","strategy_to_change","adapt",11170,0.1117,42
"4031","hws","economic_risk","low",84902,0.84902,42
"4032","hws","economic_risk","medium",5629,0.05629,42
"4033","hws","economic_risk","high",9469,0.09469,42
"4034","hws","go_fishing","no",9842,0.09842,42
"4035","hws","go_fishing","yes",90158,0.90158,42
"4036","hws","individual_risk","low",43480,0.4348,42
"4037","hws","individual_risk","medium",46110,0.4611,42
"4038","hws","individual_risk","high",10410,0.1041,42
"4039","hws","societal_risk","low",43480,0.4348,42
"4040","hws","societal_risk","medium",51302,0.51302,42
"4041","hws","societal_risk","high",5218,0.05218,42
"4042","hws","strategy_to_change","cope",23175,0.23175,42
"4043","hws","strategy_to_change","react",40748,0.40748,42
"4044","hws","strategy_to_change","adapt",36077,0.36077,42
"4045","hww","economic_risk","low",77223,0.77223,42
"4046","hww","economic_risk","medium",2631,0.02631,42
"4047","hww","economic_risk","high",20146,0.20146,42
"4048","hww","go_fishing","no",51624,0.51624,42
"4049","hww","go_fishing","yes",48376,0.48376,42
"4050","hww","individual_risk","low",35760,0.3576,42
"4051","hww","individual_risk","medium",39101,0.39101,42
"4052","hww","individual_risk","high",25139,0.25139,42
"4053","hww","societal_risk","low",35760,0.3576,42
"4054","hww","societal_risk","medium",54113,0.54113,42
"4055","hww","societal_risk","high",10127,0.10127,42
"4056","hww","strategy_to_change","cope",87461,0.87461,42
"4057","hww","strategy_to_change","react",11263,0.11263,42
"4058","hww","strategy_to_change","adapt",1276,0.01276,42
"4059","gal","economic_risk","low",53516,0.53516,42
"4060","gal","economic_risk","medium",17678,0.17678,42
"4061","gal","economic_risk","high",28806,0.28806,42
"4062","gal","go_fishing","no",29788,0.29788,42
"4063","gal","go_fishing","yes",70212,0.70212,42
"4064","gal","individual_risk","low",38758,0.38758,42
"4065","gal","individual_risk","medium",43581,0.43581,42
"4066","gal","individual_risk","high",17661,0.17661,42
"4067","gal","societal_risk","low",38758,0.38758,42
"4068","gal","societal_risk","medium",46857,0.46857,42
"4069","gal","societal_risk","high",14385,0.14385,42
"4070","gal","strategy_to_change","cope",58391,0.58391,42
"4071","gal","strategy_to_change","react",34385,0.34385,42
"4072","gal","strategy_to_change","adapt",7224,0.07224,42
"4073","sto","economic_risk","low",70873,0.70873,42
"4074","sto","economic_risk","medium",5652,0.05652,42
"4075","sto","economic_risk","high",23475,0.23475,42
"4076","sto","go_fishing","no",76883,0.76883,42
"4077","sto","go_fishing","yes",23117,0.23117,42
"4078","sto","individual_risk","low",15424,0.15424,42
"4079","sto","individual_risk","medium",53885,0.53885,42
"4080","sto","individual_risk","high",30691,0.30691,42
"4081","sto","societal_risk","low",15424,0.15424,42
"4082","sto","societal_risk","medium",69086,0.69086,42
"4083","sto","societal_risk","high",15490,0.1549,42
"4084","sto","strategy_to_change","cope",76883,0.76883,42
"4085","sto","strategy_to_change","react",23117,0.23117,42
"4086","erf","economic_risk","low",52723,0.52723,42
"4087","erf","economic_risk","medium",4867,0.04867,42
"4088","erf","economic_risk","high",42410,0.4241,42
"4089","erf","go_fishing","no",51777,0.51777,42
"4090","erf","go_fishing","yes",48223,0.48223,42
"4091","erf","individual_risk","low",35024,0.35024,42
"4092","erf","individual_risk","medium",36388,0.36388,42
"4093","erf","individual_risk","high",28588,0.28588,42
"4094","erf","societal_risk","low",35024,0.35024,42
"4095","erf","societal_risk","medium",51871,0.51871,42
"4096","erf","societal_risk","high",13105,0.13105,42
"4097","erf","strategy_to_change","cope",100000,1,42
"4098","ici","economic_risk","low",4277,0.04277,42
"4099","ici","economic_risk","medium",8842,0.08842,42
"4100","ici","economic_risk","high",27117,0.27117,42
"4101","ici","economic_risk","not_relevant",59764,0.59764,42
"4102","ici","go_fishing","no",54448,0.54448,42
"4103","ici","go_fishing","yes",45552,0.45552,42
"4104","ici","individual_risk","low",19,0.00019,42
"4105","ici","individual_risk","medium",6046,0.06046,42
"4106","ici","individual_risk","high",34171,0.34171,42
"4107","ici","individual_risk","not_relevant",59764,0.59764,42
"4108","ici","societal_risk","low",19,0.00019,42
"4109","ici","societal_risk","medium",22096,0.22096,42
"4110","ici","societal_risk","high",18121,0.18121,42
"4111","ici","societal_risk","not_relevant",59764,0.59764,42
"4112","ici","strategy_to_change","not_relevant",59764,0.59764,42
"4113","ici","strategy_to_change","cope",24570,0.2457,42
"4114","ici","strategy_to_change","react",15666,0.15666,42
"4115","abl","economic_risk","low",68012,0.68012,43
"4116","abl","economic_risk","medium",12176,0.12176,43
"4117","abl","economic_risk","high",19812,0.19812,43
"4118","abl","go_fishing","no",32765,0.32765,43
"4119","abl","go_fishing","yes",67235,0.67235,43
"4120","abl","individual_risk","low",39875,0.39875,43
"4121","abl","individual_risk","medium",44758,0.44758,43
"4122","abl","individual_risk","high",15367,0.15367,43
"4123","abl","societal_risk","low",39875,0.39875,43
"4124","abl","societal_risk","medium",54818,0.54818,43
"4125","abl","societal_risk","high",5307,0.05307,43
"4126","abl","strategy_to_change","cope",65515,0.65515,43
"4127","abl","strategy_to_change","react",13657,0.13657,43
"4128","abl","strategy_to_change","adapt",20828,0.20828,43
"4129","hws","economic_risk","low",81066,0.81066,43
"4130","hws","economic_risk","medium",7866,0.07866,43
"4131","hws","economic_risk","high",11068,0.11068,43
"4132","hws","go_fishing","no",10769,0.10769,43
"4133","hws","go_fishing","yes",89231,0.89231,43
"4134","hws","individual_risk","low",53798,0.53798,43
"4135","hws","individual_risk","medium",39255,0.39255,43
"4136","hws","individual_risk","high",6947,0.06947,43
"4137","hws","societal_risk","low",53798,0.53798,43
"4138","hws","societal_risk","medium",43058,0.43058,43
"4139","hws","societal_risk","high",3144,0.03144,43
"4140","hws","strategy_to_change","cope",18834,0.18834,43
"4141","hws","strategy_to_change","react",51223,0.51223,43
"4142","hws","strategy_to_change","adapt",29943,0.29943,43
"4143","hww","economic_risk","low",76617,0.76617,43
"4144","hww","economic_risk","medium",3156,0.03156,43
"4145","hww","economic_risk","high",20227,0.20227,43
"4146","hww","go_fishing","no",49502,0.49502,43
"4147","hww","go_fishing","yes",50498,0.50498,43
"4148","hww","individual_risk","low",36868,0.36868,43
"4149","hww","individual_risk","medium",40140,0.4014,43
"4150","hww","individual_risk","high",22992,0.22992,43
"4151","hww","societal_risk","low",36868,0.36868,43
"4152","hww","societal_risk","medium",54610,0.5461,43
"4153","hww","societal_risk","high",8522,0.08522,43
"4154","hww","strategy_to_change","cope",86954,0.86954,43
"4155","hww","strategy_to_change","react",8557,0.08557,43
"4156","hww","strategy_to_change","adapt",4489,0.04489,43
"4157","gal","economic_risk","low",49897,0.49897,43
"4158","gal","economic_risk","medium",18326,0.18326,43
"4159","gal","economic_risk","high",31777,0.31777,43
"4160","gal","go_fishing","no",29085,0.29085,43
"4161","gal","go_fishing","yes",70915,0.70915,43
"4162","gal","individual_risk","low",42936,0.42936,43
"4163","gal","individual_risk","medium",45843,0.45843,43
"4164","gal","individual_risk","high",11221,0.11221,43
"4165","gal","societal_risk","low",42936,0.42936,43
"4166","gal","societal_risk","medium",47984,0.47984,43
"4167","gal","societal_risk","high",9080,0.0908,43
"4168","gal","strategy_to_change","cope",57246,0.57246,43
"4169","gal","strategy_to_change","react",34846,0.34846,43
"4170","gal","strategy_to_change","adapt",7908,0.07908,43
"4171","sto","economic_risk","low",68044,0.68044,43
"4172","sto","economic_risk","medium",6962,0.06962,43
"4173","sto","economic_risk","high",24994,0.24994,43
"4174","sto","go_fishing","no",81741,0.81741,43
"4175","sto","go_fishing","yes",18259,0.18259,43
"4176","sto","individual_risk","low",13053,0.13053,43
"4177","sto","individual_risk","medium",58087,0.58087,43
"4178","sto","individual_risk","high",28860,0.2886,43
"4179","sto","societal_risk","low",13053,0.13053,43
"4180","sto","societal_risk","medium",73129,0.73129,43
"4181","sto","societal_risk","high",13818,0.13818,43
"4182","sto","strategy_to_change","cope",81741,0.81741,43
"4183","sto","strategy_to_change","react",18259,0.18259,43
"4184","erf","economic_risk","low",69497,0.69497,43
"4185","erf","economic_risk","medium",6759,0.06759,43
"4186","erf","economic_risk","high",23744,0.23744,43
"4187","erf","go_fishing","no",73125,0.73125,43
"4188","erf","go_fishing","yes",26875,0.26875,43
"4189","erf","individual_risk","low",16238,0.16238,43
"4190","erf","individual_risk","medium",55897,0.55897,43
"4191","erf","individual_risk","high",27865,0.27865,43
"4192","erf","societal_risk","low",16238,0.16238,43
"4193","erf","societal_risk","medium",70740,0.7074,43
"4194","erf","societal_risk","high",13022,0.13022,43
"4195","erf","strategy_to_change","cope",100000,1,43
"4196","ici","economic_risk","low",6998,0.06998,43
"4197","ici","economic_risk","medium",7215,0.07215,43
"4198","ici","economic_risk","high",25862,0.25862,43
"4199","ici","economic_risk","not_relevant",59925,0.59925,43
"4200","ici","go_fishing","no",56814,0.56814,43
"4201","ici","go_fishing","yes",43186,0.43186,43
"4202","ici","individual_risk","low",7,7e-05,43
"4203","ici","individual_risk","medium",9067,0.09067,43
"4204","ici","individual_risk","high",31001,0.31001,43
"4205","ici","individual_risk","not_relevant",59925,0.59925,43
"4206","ici","societal_risk","low",7,7e-05,43
"4207","ici","societal_risk","medium",24945,0.24945,43
"4208","ici","societal_risk","high",15123,0.15123,43
"4209","ici","societal_risk","not_relevant",59925,0.59925,43
"4210","ici","strategy_to_change","not_relevant",59925,0.59925,43
"4211","ici","strategy_to_change","cope",26941,0.26941,43
"4212","ici","strategy_to_change","react",13134,0.13134,43
"4213","abl","economic_risk","low",60323,0.60323,44
"4214","abl","economic_risk","medium",15510,0.1551,44
"4215","abl","economic_risk","high",24167,0.24167,44
"4216","abl","go_fishing","no",36616,0.36616,44
"4217","abl","go_fishing","yes",63384,0.63384,44
"4218","abl","individual_risk","low",31390,0.3139,44
"4219","abl","individual_risk","medium",48937,0.48937,44
"4220","abl","individual_risk","high",19673,0.19673,44
"4221","abl","societal_risk","low",31390,0.3139,44
"4222","abl","societal_risk","medium",60822,0.60822,44
"4223","abl","societal_risk","high",7788,0.07788,44
"4224","abl","strategy_to_change","cope",69653,0.69653,44
"4225","abl","strategy_to_change","react",21245,0.21245,44
"4226","abl","strategy_to_change","adapt",9102,0.09102,44
"4227","hws","economic_risk","low",81525,0.81525,44
"4228","hws","economic_risk","medium",9621,0.09621,44
"4229","hws","economic_risk","high",8854,0.08854,44
"4230","hws","go_fishing","no",9988,0.09988,44
"4231","hws","go_fishing","yes",90012,0.90012,44
"4232","hws","individual_risk","low",50225,0.50225,44
"4233","hws","individual_risk","medium",43536,0.43536,44
"4234","hws","individual_risk","high",6239,0.06239,44
"4235","hws","societal_risk","low",50225,0.50225,44
"4236","hws","societal_risk","medium",45653,0.45653,44
"4237","hws","societal_risk","high",4122,0.04122,44
"4238","hws","strategy_to_change","cope",16317,0.16317,44
"4239","hws","strategy_to_change","react",52604,0.52604,44
"4240","hws","strategy_to_change","adapt",31079,0.31079,44
"4241","hww","economic_risk","low",77664,0.77664,44
"4242","hww","economic_risk","medium",2207,0.02207,44
"4243","hww","economic_risk","high",20129,0.20129,44
"4244","hww","go_fishing","no",46525,0.46525,44
"4245","hww","go_fishing","yes",53475,0.53475,44
"4246","hww","individual_risk","low",38302,0.38302,44
"4247","hww","individual_risk","medium",38386,0.38386,44
"4248","hww","individual_risk","high",23312,0.23312,44
"4249","hww","societal_risk","low",38302,0.38302,44
"4250","hww","societal_risk","medium",53414,0.53414,44
"4251","hww","societal_risk","high",8284,0.08284,44
"4252","hww","strategy_to_change","cope",79935,0.79935,44
"4253","hww","strategy_to_change","react",15314,0.15314,44
"4254","hww","strategy_to_change","adapt",4751,0.04751,44
"4255","gal","economic_risk","low",59790,0.5979,44
"4256","gal","economic_risk","medium",16229,0.16229,44
"4257","gal","economic_risk","high",23981,0.23981,44
"4258","gal","go_fishing","no",36266,0.36266,44
"4259","gal","go_fishing","yes",63734,0.63734,44
"4260","gal","individual_risk","low",35046,0.35046,44
"4261","gal","individual_risk","medium",49732,0.49732,44
"4262","gal","individual_risk","high",15222,0.15222,44
"4263","gal","societal_risk","low",35046,0.35046,44
"4264","gal","societal_risk","medium",52369,0.52369,44
"4265","gal","societal_risk","high",12585,0.12585,44
"4266","gal","strategy_to_change","cope",65088,0.65088,44
"4267","gal","strategy_to_change","react",29238,0.29238,44
"4268","gal","strategy_to_change","adapt",5674,0.05674,44
"4269","sto","economic_risk","low",67296,0.67296,44
"4270","sto","economic_risk","medium",7552,0.07552,44
"4271","sto","economic_risk","high",25152,0.25152,44
"4272","sto","go_fishing","no",77464,0.77464,44
"4273","sto","go_fishing","yes",22536,0.22536,44
"4274","sto","individual_risk","low",14450,0.1445,44
"4275","sto","individual_risk","medium",55896,0.55896,44
"4276","sto","individual_risk","high",29654,0.29654,44
"4277","sto","societal_risk","low",14450,0.1445,44
"4278","sto","societal_risk","medium",70807,0.70807,44
"4279","sto","societal_risk","high",14743,0.14743,44
"4280","sto","strategy_to_change","cope",77464,0.77464,44
"4281","sto","strategy_to_change","react",22536,0.22536,44
"4282","erf","economic_risk","low",69357,0.69357,44
"4283","erf","economic_risk","medium",7467,0.07467,44
"4284","erf","economic_risk","high",23176,0.23176,44
"4285","erf","go_fishing","no",66913,0.66913,44
"4286","erf","go_fishing","yes",33087,0.33087,44
"4287","erf","individual_risk","low",21457,0.21457,44
"4288","erf","individual_risk","medium",53029,0.53029,44
"4289","erf","individual_risk","high",25514,0.25514,44
"4290","erf","societal_risk","low",21457,0.21457,44
"4291","erf","societal_risk","medium",68047,0.68047,44
"4292","erf","societal_risk","high",10496,0.10496,44
"4293","erf","strategy_to_change","cope",100000,1,44
"4294","ici","economic_risk","low",3152,0.03152,44
"4295","ici","economic_risk","medium",9332,0.09332,44
"4296","ici","economic_risk","high",27372,0.27372,44
"4297","ici","economic_risk","not_relevant",60144,0.60144,44
"4298","ici","go_fishing","no",53189,0.53189,44
"4299","ici","go_fishing","yes",46811,0.46811,44
"4300","ici","individual_risk","low",8,8e-05,44
"4301","ici","individual_risk","medium",6253,0.06253,44
"4302","ici","individual_risk","high",33595,0.33595,44
"4303","ici","individual_risk","not_relevant",60144,0.60144,44
"4304","ici","societal_risk","low",8,8e-05,44
"4305","ici","societal_risk","medium",21808,0.21808,44
"4306","ici","societal_risk","high",18040,0.1804,44
"4307","ici","societal_risk","not_relevant",60144,0.60144,44
"4308","ici","strategy_to_change","not_relevant",60144,0.60144,44
"4309","ici","strategy_to_change","cope",23173,0.23173,44
"4310","ici","strategy_to_change","react",16683,0.16683,44
"4311","abl","economic_risk","low",66464,0.66464,45
"4312","abl","economic_risk","medium",11192,0.11192,45
"4313","abl","economic_risk","high",22344,0.22344,45
"4314","abl","go_fishing","no",37062,0.37062,45
"4315","abl","go_fishing","yes",62938,0.62938,45
"4316","abl","individual_risk","low",32970,0.3297,45
"4317","abl","individual_risk","medium",47906,0.47906,45
"4318","abl","individual_risk","high",19124,0.19124,45
"4319","abl","societal_risk","low",32970,0.3297,45
"4320","abl","societal_risk","medium",60481,0.60481,45
"4321","abl","societal_risk","high",6549,0.06549,45
"4322","abl","strategy_to_change","cope",66763,0.66763,45
"4323","abl","strategy_to_change","react",14922,0.14922,45
"4324","abl","strategy_to_change","adapt",18315,0.18315,45
"4325","hws","economic_risk","low",86019,0.86019,45
"4326","hws","economic_risk","medium",5798,0.05798,45
"4327","hws","economic_risk","high",8183,0.08183,45
"4328","hws","go_fishing","no",8594,0.08594,45
"4329","hws","go_fishing","yes",91406,0.91406,45
"4330","hws","individual_risk","low",46984,0.46984,45
"4331","hws","individual_risk","medium",46439,0.46439,45
"4332","hws","individual_risk","high",6577,0.06577,45
"4333","hws","societal_risk","low",46984,0.46984,45
"4334","hws","societal_risk","medium",49508,0.49508,45
"4335","hws","societal_risk","high",3508,0.03508,45
"4336","hws","strategy_to_change","cope",20574,0.20574,45
"4337","hws","strategy_to_change","react",43284,0.43284,45
"4338","hws","strategy_to_change","adapt",36142,0.36142,45
"4339","hww","economic_risk","low",79008,0.79008,45
"4340","hww","economic_risk","medium",2907,0.02907,45
"4341","hww","economic_risk","high",18085,0.18085,45
"4342","hww","go_fishing","no",41352,0.41352,45
"4343","hww","go_fishing","yes",58648,0.58648,45
"4344","hww","individual_risk","low",41012,0.41012,45
"4345","hww","individual_risk","medium",34034,0.34034,45
"4346","hww","individual_risk","high",24954,0.24954,45
"4347","hww","societal_risk","low",41012,0.41012,45
"4348","hww","societal_risk","medium",48339,0.48339,45
"4349","hww","societal_risk","high",10649,0.10649,45
"4350","hww","strategy_to_change","cope",75480,0.7548,45
"4351","hww","strategy_to_change","react",14858,0.14858,45
"4352","hww","strategy_to_change","adapt",9662,0.09662,45
"4353","gal","economic_risk","low",60211,0.60211,45
"4354","gal","economic_risk","medium",17002,0.17002,45
"4355","gal","economic_risk","high",22787,0.22787,45
"4356","gal","go_fishing","no",27858,0.27858,45
"4357","gal","go_fishing","yes",72142,0.72142,45
"4358","gal","individual_risk","low",39963,0.39963,45
"4359","gal","individual_risk","medium",45361,0.45361,45
"4360","gal","individual_risk","high",14676,0.14676,45
"4361","gal","societal_risk","low",39963,0.39963,45
"4362","gal","societal_risk","medium",47401,0.47401,45
"4363","gal","societal_risk","high",12636,0.12636,45
"4364","gal","strategy_to_change","cope",62126,0.62126,45
"4365","gal","strategy_to_change","react",33339,0.33339,45
"4366","gal","strategy_to_change","adapt",4535,0.04535,45
"4367","sto","economic_risk","low",69336,0.69336,45
"4368","sto","economic_risk","medium",7070,0.0707,45
"4369","sto","economic_risk","high",23594,0.23594,45
"4370","sto","go_fishing","no",74280,0.7428,45
"4371","sto","go_fishing","yes",25720,0.2572,45
"4372","sto","individual_risk","low",16280,0.1628,45
"4373","sto","individual_risk","medium",51997,0.51997,45
"4374","sto","individual_risk","high",31723,0.31723,45
"4375","sto","societal_risk","low",16280,0.1628,45
"4376","sto","societal_risk","medium",67726,0.67726,45
"4377","sto","societal_risk","high",15994,0.15994,45
"4378","sto","strategy_to_change","cope",74280,0.7428,45
"4379","sto","strategy_to_change","react",25720,0.2572,45
"4380","erf","economic_risk","low",51488,0.51488,45
"4381","erf","economic_risk","medium",6760,0.0676,45
"4382","erf","economic_risk","high",41752,0.41752,45
"4383","erf","go_fishing","no",45339,0.45339,45
"4384","erf","go_fishing","yes",54661,0.54661,45
"4385","erf","individual_risk","low",36261,0.36261,45
"4386","erf","individual_risk","medium",40105,0.40105,45
"4387","erf","individual_risk","high",23634,0.23634,45
"4388","erf","societal_risk","low",36261,0.36261,45
"4389","erf","societal_risk","medium",55871,0.55871,45
"4390","erf","societal_risk","high",7868,0.07868,45
"4391","erf","strategy_to_change","cope",100000,1,45
"4392","ici","economic_risk","low",3293,0.03293,45
"4393","ici","economic_risk","medium",10300,0.103,45
"4394","ici","economic_risk","high",26710,0.2671,45
"4395","ici","economic_risk","not_relevant",59697,0.59697,45
"4396","ici","go_fishing","no",53936,0.53936,45
"4397","ici","go_fishing","yes",46064,0.46064,45
"4398","ici","individual_risk","low",32,0.00032,45
"4399","ici","individual_risk","medium",5155,0.05155,45
"4400","ici","individual_risk","high",35116,0.35116,45
"4401","ici","individual_risk","not_relevant",59697,0.59697,45
"4402","ici","societal_risk","low",32,0.00032,45
"4403","ici","societal_risk","medium",21236,0.21236,45
"4404","ici","societal_risk","high",19035,0.19035,45
"4405","ici","societal_risk","not_relevant",59697,0.59697,45
"4406","ici","strategy_to_change","not_relevant",59697,0.59697,45
"4407","ici","strategy_to_change","cope",23676,0.23676,45
"4408","ici","strategy_to_change","react",16627,0.16627,45
"4409","abl","economic_risk","low",60375,0.60375,46
"4410","abl","economic_risk","medium",16267,0.16267,46
"4411","abl","economic_risk","high",23358,0.23358,46
"4412","abl","go_fishing","no",35154,0.35154,46
"4413","abl","go_fishing","yes",64846,0.64846,46
"4414","abl","individual_risk","low",35688,0.35688,46
"4415","abl","individual_risk","medium",46720,0.4672,46
"4416","abl","individual_risk","high",17592,0.17592,46
"4417","abl","societal_risk","low",35688,0.35688,46
"4418","abl","societal_risk","medium",57484,0.57484,46
"4419","abl","societal_risk","high",6828,0.06828,46
"4420","abl","strategy_to_change","cope",65580,0.6558,46
"4421","abl","strategy_to_change","react",22293,0.22293,46
"4422","abl","strategy_to_change","adapt",12127,0.12127,46
"4423","hws","economic_risk","low",79762,0.79762,46
"4424","hws","economic_risk","medium",8597,0.08597,46
"4425","hws","economic_risk","high",11641,0.11641,46
"4426","hws","go_fishing","no",11745,0.11745,46
"4427","hws","go_fishing","yes",88255,0.88255,46
"4428","hws","individual_risk","low",46287,0.46287,46
"4429","hws","individual_risk","medium",45278,0.45278,46
"4430","hws","individual_risk","high",8435,0.08435,46
"4431","hws","societal_risk","low",46287,0.46287,46
"4432","hws","societal_risk","medium",48288,0.48288,46
"4433","hws","societal_risk","high",5425,0.05425,46
"4434","hws","strategy_to_change","cope",21296,0.21296,46
"4435","hws","strategy_to_change","react",46829,0.46829,46
"4436","hws","strategy_to_change","adapt",31875,0.31875,46
"4437","hww","economic_risk","low",77007,0.77007,46
"4438","hww","economic_risk","medium",4210,0.0421,46
"4439","hww","economic_risk","high",18783,0.18783,46
"4440","hww","go_fishing","no",46259,0.46259,46
"4441","hww","go_fishing","yes",53741,0.53741,46
"4442","hww","individual_risk","low",40529,0.40529,46
"4443","hww","individual_risk","medium",37909,0.37909,46
"4444","hww","individual_risk","high",21562,0.21562,46
"4445","hww","societal_risk","low",40529,0.40529,46
"4446","hww","societal_risk","medium",51397,0.51397,46
"4447","hww","societal_risk","high",8074,0.08074,46
"4448","hww","strategy_to_change","cope",79543,0.79543,46
"4449","hww","strategy_to_change","react",13602,0.13602,46
"4450","hww","strategy_to_change","adapt",6855,0.06855,46
"4451","gal","economic_risk","low",48573,0.48573,46
"4452","gal","economic_risk","medium",21758,0.21758,46
"4453","gal","economic_risk","high",29669,0.29669,46
"4454","gal","go_fishing","no",20771,0.20771,46
"4455","gal","go_fishing","yes",79229,0.79229,46
"4456","gal","individual_risk","low",43891,0.43891,46
"4457","gal","individual_risk","medium",38784,0.38784,46
"4458","gal","individual_risk","high",17325,0.17325,46
"4459","gal","societal_risk","low",43891,0.43891,46
"4460","gal","societal_risk","medium",41006,0.41006,46
"4461","gal","societal_risk","high",15103,0.15103,46
"4462","gal","strategy_to_change","cope",52690,0.5269,46
"4463","gal","strategy_to_change","react",38462,0.38462,46
"4464","gal","strategy_to_change","adapt",8848,0.08848,46
"4465","sto","economic_risk","low",69581,0.69581,46
"4466","sto","economic_risk","medium",6678,0.06678,46
"4467","sto","economic_risk","high",23741,0.23741,46
"4468","sto","go_fishing","no",80585,0.80585,46
"4469","sto","go_fishing","yes",19415,0.19415,46
"4470","sto","individual_risk","low",14250,0.1425,46
"4471","sto","individual_risk","medium",57276,0.57276,46
"4472","sto","individual_risk","high",28474,0.28474,46
"4473","sto","societal_risk","low",14250,0.1425,46
"4474","sto","societal_risk","medium",72262,0.72262,46
"4475","sto","societal_risk","high",13488,0.13488,46
"4476","sto","strategy_to_change","cope",80585,0.80585,46
"4477","sto","strategy_to_change","react",19415,0.19415,46
"4478","erf","economic_risk","low",51178,0.51178,46
"4479","erf","economic_risk","medium",6748,0.06748,46
"4480","erf","economic_risk","high",42074,0.42074,46
"4481","erf","go_fishing","no",49420,0.4942,46
"4482","erf","go_fishing","yes",50580,0.5058,46
"4483","erf","individual_risk","low",35880,0.3588,46
"4484","erf","individual_risk","medium",38555,0.38555,46
"4485","erf","individual_risk","high",25565,0.25565,46
"4486","erf","societal_risk","low",35880,0.3588,46
"4487","erf","societal_risk","medium",53881,0.53881,46
"4488","erf","societal_risk","high",10239,0.10239,46
"4489","erf","strategy_to_change","cope",100000,1,46
"4490","ici","economic_risk","low",10165,0.10165,46
"4491","ici","economic_risk","medium",7219,0.07219,46
"4492","ici","economic_risk","high",22740,0.2274,46
"4493","ici","economic_risk","not_relevant",59876,0.59876,46
"4494","ici","go_fishing","no",60147,0.60147,46
"4495","ici","go_fishing","yes",39853,0.39853,46
"4496","ici","individual_risk","low",6,6e-05,46
"4497","ici","individual_risk","medium",11656,0.11656,46
"4498","ici","individual_risk","high",28462,0.28462,46
"4499","ici","individual_risk","not_relevant",59876,0.59876,46
"4500","ici","societal_risk","low",6,6e-05,46
"4501","ici","societal_risk","medium",27439,0.27439,46
"4502","ici","societal_risk","high",12679,0.12679,46
"4503","ici","societal_risk","not_relevant",59876,0.59876,46
"4504","ici","strategy_to_change","not_relevant",59876,0.59876,46
"4505","ici","strategy_to_change","cope",30333,0.30333,46
"4506","ici","strategy_to_change","react",9791,0.09791,46
"4507","abl","economic_risk","low",68469,0.68469,47
"4508","abl","economic_risk","medium",8902,0.08902,47
"4509","abl","economic_risk","high",22629,0.22629,47
"4510","abl","go_fishing","no",38982,0.38982,47
"4511","abl","go_fishing","yes",61018,0.61018,47
"4512","abl","individual_risk","low",28504,0.28504,47
"4513","abl","individual_risk","medium",49302,0.49302,47
"4514","abl","individual_risk","high",22194,0.22194,47
"4515","abl","societal_risk","low",28504,0.28504,47
"4516","abl","societal_risk","medium",65005,0.65005,47
"4517","abl","societal_risk","high",6491,0.06491,47
"4518","abl","strategy_to_change","cope",72869,0.72869,47
"4519","abl","strategy_to_change","react",11279,0.11279,47
"4520","abl","strategy_to_change","adapt",15852,0.15852,47
"4521","hws","economic_risk","low",84241,0.84241,47
"4522","hws","economic_risk","medium",7365,0.07365,47
"4523","hws","economic_risk","high",8394,0.08394,47
"4524","hws","go_fishing","no",8814,0.08814,47
"4525","hws","go_fishing","yes",91186,0.91186,47
"4526","hws","individual_risk","low",43684,0.43684,47
"4527","hws","individual_risk","medium",48641,0.48641,47
"4528","hws","individual_risk","high",7675,0.07675,47
"4529","hws","societal_risk","low",43684,0.43684,47
"4530","hws","societal_risk","medium",52124,0.52124,47
"4531","hws","societal_risk","high",4192,0.04192,47
"4532","hws","strategy_to_change","cope",18496,0.18496,47
"4533","hws","strategy_to_change","react",49901,0.49901,47
"4534","hws","strategy_to_change","adapt",31603,0.31603,47
"4535","hww","economic_risk","low",79267,0.79267,47
"4536","hww","economic_risk","medium",2205,0.02205,47
"4537","hww","economic_risk","high",18528,0.18528,47
"4538","hww","go_fishing","no",38485,0.38485,47
"4539","hww","go_fishing","yes",61515,0.61515,47
"4540","hww","individual_risk","low",41650,0.4165,47
"4541","hww","individual_risk","medium",29281,0.29281,47
"4542","hww","individual_risk","high",29069,0.29069,47
"4543","hww","societal_risk","low",41650,0.4165,47
"4544","hww","societal_risk","medium",43311,0.43311,47
"4545","hww","societal_risk","high",15039,0.15039,47
"4546","hww","strategy_to_change","cope",83096,0.83096,47
"4547","hww","strategy_to_change","react",10106,0.10106,47
"4548","hww","strategy_to_change","adapt",6798,0.06798,47
"4549","gal","economic_risk","low",64195,0.64195,47
"4550","gal","economic_risk","medium",14321,0.14321,47
"4551","gal","economic_risk","high",21484,0.21484,47
"4552","gal","go_fishing","no",35317,0.35317,47
"4553","gal","go_fishing","yes",64683,0.64683,47
"4554","gal","individual_risk","low",34432,0.34432,47
"4555","gal","individual_risk","medium",47485,0.47485,47
"4556","gal","individual_risk","high",18083,0.18083,47
"4557","gal","societal_risk","low",34432,0.34432,47
"4558","gal","societal_risk","medium",49940,0.4994,47
"4559","gal","societal_risk","high",15628,0.15628,47
"4560","gal","strategy_to_change","cope",64117,0.64117,47
"4561","gal","strategy_to_change","react",32607,0.32607,47
"4562","gal","strategy_to_change","adapt",3276,0.03276,47
"4563","sto","economic_risk","low",70531,0.70531,47
"4564","sto","economic_risk","medium",6138,0.06138,47
"4565","sto","economic_risk","high",23331,0.23331,47
"4566","sto","go_fishing","no",77028,0.77028,47
"4567","sto","go_fishing","yes",22972,0.22972,47
"4568","sto","individual_risk","low",14739,0.14739,47
"4569","sto","individual_risk","medium",48194,0.48194,47
"4570","sto","individual_risk","high",37067,0.37067,47
"4571","sto","societal_risk","low",14739,0.14739,47
"4572","sto","societal_risk","medium",62316,0.62316,47
"4573","sto","societal_risk","high",22945,0.22945,47
"4574","sto","strategy_to_change","cope",77028,0.77028,47
"4575","sto","strategy_to_change","react",22972,0.22972,47
"4576","erf","economic_risk","low",72688,0.72688,47
"4577","erf","economic_risk","medium",5568,0.05568,47
"4578","erf","economic_risk","high",21744,0.21744,47
"4579","erf","go_fishing","no",69848,0.69848,47
"4580","erf","go_fishing","yes",30152,0.30152,47
"4581","erf","individual_risk","low",17512,0.17512,47
"4582","erf","individual_risk","medium",47108,0.47108,47
"4583","erf","individual_risk","high",35380,0.3538,47
"4584","erf","societal_risk","low",17512,0.17512,47
"4585","erf","societal_risk","medium",61318,0.61318,47
"4586","erf","societal_risk","high",21170,0.2117,47
"4587","erf","strategy_to_change","cope",100000,1,47
"4588","ici","economic_risk","low",7908,0.07908,47
"4589","ici","economic_risk","medium",6567,0.06567,47
"4590","ici","economic_risk","high",25646,0.25646,47
"4591","ici","economic_risk","not_relevant",59879,0.59879,47
"4592","ici","go_fishing","no",58045,0.58045,47
"4593","ici","go_fishing","yes",41955,0.41955,47
"4594","ici","individual_risk","low",3,3e-05,47
"4595","ici","individual_risk","medium",9228,0.09228,47
"4596","ici","individual_risk","high",30890,0.3089,47
"4597","ici","individual_risk","not_relevant",59879,0.59879,47
"4598","ici","societal_risk","low",3,3e-05,47
"4599","ici","societal_risk","medium",26318,0.26318,47
"4600","ici","societal_risk","high",13800,0.138,47
"4601","ici","societal_risk","not_relevant",59879,0.59879,47
"4602","ici","strategy_to_change","not_relevant",59879,0.59879,47
"4603","ici","strategy_to_change","cope",28024,0.28024,47
"4604","ici","strategy_to_change","react",12097,0.12097,47
"4605","abl","economic_risk","low",74181,0.74181,48
"4606","abl","economic_risk","medium",7239,0.07239,48
"4607","abl","economic_risk","high",18580,0.1858,48
"4608","abl","go_fishing","no",37225,0.37225,48
"4609","abl","go_fishing","yes",62775,0.62775,48
"4610","abl","individual_risk","low",31351,0.31351,48
"4611","abl","individual_risk","medium",48731,0.48731,48
"4612","abl","individual_risk","high",19918,0.19918,48
"4613","abl","societal_risk","low",31351,0.31351,48
"4614","abl","societal_risk","medium",62412,0.62412,48
"4615","abl","societal_risk","high",6237,0.06237,48
"4616","abl","strategy_to_change","cope",71414,0.71414,48
"4617","abl","strategy_to_change","react",4991,0.04991,48
"4618","abl","strategy_to_change","adapt",23595,0.23595,48
"4619","hws","economic_risk","low",81017,0.81017,48
"4620","hws","economic_risk","medium",8009,0.08009,48
"4621","hws","economic_risk","high",10974,0.10974,48
"4622","hws","go_fishing","no",9859,0.09859,48
"4623","hws","go_fishing","yes",90141,0.90141,48
"4624","hws","individual_risk","low",49926,0.49926,48
"4625","hws","individual_risk","medium",43581,0.43581,48
"4626","hws","individual_risk","high",6493,0.06493,48
"4627","hws","societal_risk","low",49926,0.49926,48
"4628","hws","societal_risk","medium",46991,0.46991,48
"4629","hws","societal_risk","high",3083,0.03083,48
"4630","hws","strategy_to_change","cope",20568,0.20568,48
"4631","hws","strategy_to_change","react",47931,0.47931,48
"4632","hws","strategy_to_change","adapt",31501,0.31501,48
"4633","hww","economic_risk","low",75694,0.75694,48
"4634","hww","economic_risk","medium",3830,0.0383,48
"4635","hww","economic_risk","high",20476,0.20476,48
"4636","hww","go_fishing","no",53055,0.53055,48
"4637","hww","go_fishing","yes",46945,0.46945,48
"4638","hww","individual_risk","low",33786,0.33786,48
"4639","hww","individual_risk","medium",42783,0.42783,48
"4640","hww","individual_risk","high",23431,0.23431,48
"4641","hww","societal_risk","low",33786,0.33786,48
"4642","hww","societal_risk","medium",58970,0.5897,48
"4643","hww","societal_risk","high",7244,0.07244,48
"4644","hww","strategy_to_change","cope",84437,0.84437,48
"4645","hww","strategy_to_change","react",11944,0.11944,48
"4646","hww","strategy_to_change","adapt",3619,0.03619,48
"4647","gal","economic_risk","low",54871,0.54871,48
"4648","gal","economic_risk","medium",15846,0.15846,48
"4649","gal","economic_risk","high",29283,0.29283,48
"4650","gal","go_fishing","no",33032,0.33032,48
"4651","gal","go_fishing","yes",66968,0.66968,48
"4652","gal","individual_risk","low",35015,0.35015,48
"4653","gal","individual_risk","medium",50816,0.50816,48
"4654","gal","individual_risk","high",14169,0.14169,48
"4655","gal","societal_risk","low",35015,0.35015,48
"4656","gal","societal_risk","medium",54983,0.54983,48
"4657","gal","societal_risk","high",10002,0.10002,48
"4658","gal","strategy_to_change","cope",64455,0.64455,48
"4659","gal","strategy_to_change","react",32206,0.32206,48
"4660","gal","strategy_to_change","adapt",3339,0.03339,48
"4661","sto","economic_risk","low",70697,0.70697,48
"4662","sto","economic_risk","medium",6290,0.0629,48
"4663","sto","economic_risk","high",23013,0.23013,48
"4664","sto","go_fishing","no",78058,0.78058,48
"4665","sto","go_fishing","yes",21942,0.21942,48
"4666","sto","individual_risk","low",15487,0.15487,48
"4667","sto","individual_risk","medium",58516,0.58516,48
"4668","sto","individual_risk","high",25997,0.25997,48
"4669","sto","societal_risk","low",15487,0.15487,48
"4670","sto","societal_risk","medium",75004,0.75004,48
"4671","sto","societal_risk","high",9509,0.09509,48
"4672","sto","strategy_to_change","cope",78058,0.78058,48
"4673","sto","strategy_to_change","react",21942,0.21942,48
"4674","erf","economic_risk","low",71523,0.71523,48
"4675","erf","economic_risk","medium",6586,0.06586,48
"4676","erf","economic_risk","high",21891,0.21891,48
"4677","erf","go_fishing","no",69519,0.69519,48
"4678","erf","go_fishing","yes",30481,0.30481,48
"4679","erf","individual_risk","low",19342,0.19342,48
"4680","erf","individual_risk","medium",56336,0.56336,48
"4681","erf","individual_risk","high",24322,0.24322,48
"4682","erf","societal_risk","low",19342,0.19342,48
"4683","erf","societal_risk","medium",73018,0.73018,48
"4684","erf","societal_risk","high",7640,0.0764,48
"4685","erf","strategy_to_change","cope",100000,1,48
"4686","ici","economic_risk","low",5906,0.05906,48
"4687","ici","economic_risk","medium",8605,0.08605,48
"4688","ici","economic_risk","high",25837,0.25837,48
"4689","ici","economic_risk","not_relevant",59652,0.59652,48
"4690","ici","go_fishing","no",55867,0.55867,48
"4691","ici","go_fishing","yes",44133,0.44133,48
"4692","ici","individual_risk","low",24,0.00024,48
"4693","ici","individual_risk","medium",7623,0.07623,48
"4694","ici","individual_risk","high",32701,0.32701,48
"4695","ici","individual_risk","not_relevant",59652,0.59652,48
"4696","ici","societal_risk","low",24,0.00024,48
"4697","ici","societal_risk","medium",24844,0.24844,48
"4698","ici","societal_risk","high",15480,0.1548,48
"4699","ici","societal_risk","not_relevant",59652,0.59652,48
"4700","ici","strategy_to_change","not_relevant",59652,0.59652,48
"4701","ici","strategy_to_change","cope",25993,0.25993,48
"4702","ici","strategy_to_change","react",14355,0.14355,48
"4703","abl","economic_risk","low",66450,0.6645,49
"4704","abl","economic_risk","medium",10461,0.10461,49
"4705","abl","economic_risk","high",23089,0.23089,49
"4706","abl","go_fishing","no",38093,0.38093,49
"4707","abl","go_fishing","yes",61907,0.61907,49
"4708","abl","individual_risk","low",37107,0.37107,49
"4709","abl","individual_risk","medium",44395,0.44395,49
"4710","abl","individual_risk","high",18498,0.18498,49
"4711","abl","societal_risk","low",37107,0.37107,49
"4712","abl","societal_risk","medium",58288,0.58288,49
"4713","abl","societal_risk","high",4605,0.04605,49
"4714","abl","strategy_to_change","cope",68476,0.68476,49
"4715","abl","strategy_to_change","react",14532,0.14532,49
"4716","abl","strategy_to_change","adapt",16992,0.16992,49
"4717","hws","economic_risk","low",82031,0.82031,49
"4718","hws","economic_risk","medium",8766,0.08766,49
"4719","hws","economic_risk","high",9203,0.09203,49
"4720","hws","go_fishing","no",11681,0.11681,49
"4721","hws","go_fishing","yes",88319,0.88319,49
"4722","hws","individual_risk","low",48443,0.48443,49
"4723","hws","individual_risk","medium",45821,0.45821,49
"4724","hws","individual_risk","high",5736,0.05736,49
"4725","hws","societal_risk","low",48443,0.48443,49
"4726","hws","societal_risk","medium",49159,0.49159,49
"4727","hws","societal_risk","high",2398,0.02398,49
"4728","hws","strategy_to_change","cope",18404,0.18404,49
"4729","hws","strategy_to_change","react",50126,0.50126,49
"4730","hws","strategy_to_change","adapt",31470,0.3147,49
"4731","hww","economic_risk","low",79116,0.79116,49
"4732","hww","economic_risk","medium",2705,0.02705,49
"4733","hww","economic_risk","high",18179,0.18179,49
"4734","hww","go_fishing","no",54293,0.54293,49
"4735","hww","go_fishing","yes",45707,0.45707,49
"4736","hww","individual_risk","low",35075,0.35075,49
"4737","hww","individual_risk","medium",34890,0.3489,49
"4738","hww","individual_risk","high",30035,0.30035,49
"4739","hww","societal_risk","low",35075,0.35075,49
"4740","hww","societal_risk","medium",53023,0.53023,49
"4741","hww","societal_risk","high",11902,0.11902,49
"4742","hww","strategy_to_change","cope",78965,0.78965,49
"4743","hww","strategy_to_change","react",16780,0.1678,49
"4744","hww","strategy_to_change","adapt",4255,0.04255,49
"4745","gal","economic_risk","low",51265,0.51265,49
"4746","gal","economic_risk","medium",17438,0.17438,49
"4747","gal","economic_risk","high",31297,0.31297,49
"4748","gal","go_fishing","no",25962,0.25962,49
"4749","gal","go_fishing","yes",74038,0.74038,49
"4750","gal","individual_risk","low",38438,0.38438,49
"4751","gal","individual_risk","medium",42090,0.4209,49
"4752","gal","individual_risk","high",19472,0.19472,49
"4753","gal","societal_risk","low",38438,0.38438,49
"4754","gal","societal_risk","medium",48224,0.48224,49
"4755","gal","societal_risk","high",13338,0.13338,49
"4756","gal","strategy_to_change","cope",61733,0.61733,49
"4757","gal","strategy_to_change","react",31454,0.31454,49
"4758","gal","strategy_to_change","adapt",6813,0.06813,49
"4759","sto","economic_risk","low",73306,0.73306,49
"4760","sto","economic_risk","medium",4273,0.04273,49
"4761","sto","economic_risk","high",22421,0.22421,49
"4762","sto","go_fishing","no",82524,0.82524,49
"4763","sto","go_fishing","yes",17476,0.17476,49
"4764","sto","individual_risk","low",11429,0.11429,49
"4765","sto","individual_risk","medium",54147,0.54147,49
"4766","sto","individual_risk","high",34424,0.34424,49
"4767","sto","societal_risk","low",11429,0.11429,49
"4768","sto","societal_risk","medium",74284,0.74284,49
"4769","sto","societal_risk","high",14287,0.14287,49
"4770","sto","strategy_to_change","cope",82524,0.82524,49
"4771","sto","strategy_to_change","react",17476,0.17476,49
"4772","erf","economic_risk","low",72589,0.72589,49
"4773","erf","economic_risk","medium",5384,0.05384,49
"4774","erf","economic_risk","high",22027,0.22027,49
"4775","erf","go_fishing","no",66201,0.66201,49
"4776","erf","go_fishing","yes",33799,0.33799,49
"4777","erf","individual_risk","low",22433,0.22433,49
"4778","erf","individual_risk","medium",45083,0.45083,49
"4779","erf","individual_risk","high",32484,0.32484,49
"4780","erf","societal_risk","low",22433,0.22433,49
"4781","erf","societal_risk","medium",66193,0.66193,49
"4782","erf","societal_risk","high",11374,0.11374,49
"4783","erf","strategy_to_change","cope",100000,1,49
"4784","ici","economic_risk","low",5418,0.05418,49
"4785","ici","economic_risk","medium",6951,0.06951,49
"4786","ici","economic_risk","high",27695,0.27695,49
"4787","ici","economic_risk","not_relevant",59936,0.59936,49
"4788","ici","go_fishing","no",55271,0.55271,49
"4789","ici","go_fishing","yes",44729,0.44729,49
"4790","ici","individual_risk","low",41,0.00041,49
"4791","ici","individual_risk","medium",7956,0.07956,49
"4792","ici","individual_risk","high",32067,0.32067,49
"4793","ici","individual_risk","not_relevant",59936,0.59936,49
"4794","ici","societal_risk","low",41,0.00041,49
"4795","ici","societal_risk","medium",24851,0.24851,49
"4796","ici","societal_risk","high",15172,0.15172,49
"4797","ici","societal_risk","not_relevant",59936,0.59936,49
"4798","ici","strategy_to_change","not_relevant",59936,0.59936,49
"4799","ici","strategy_to_change","cope",25494,0.25494,49
"4800","ici","strategy_to_change","react",14570,0.1457,49
"4801","abl","economic_risk","low",65286,0.65286,50
"4802","abl","economic_risk","medium",10834,0.10834,50
"4803","abl","economic_risk","high",23880,0.2388,50
"4804","abl","go_fishing","no",39178,0.39178,50
"4805","abl","go_fishing","yes",60822,0.60822,50
"4806","abl","individual_risk","low",30928,0.30928,50
"4807","abl","individual_risk","medium",46626,0.46626,50
"4808","abl","individual_risk","high",22446,0.22446,50
"4809","abl","societal_risk","low",30928,0.30928,50
"4810","abl","societal_risk","medium",61468,0.61468,50
"4811","abl","societal_risk","high",7604,0.07604,50
"4812","abl","strategy_to_change","cope",68848,0.68848,50
"4813","abl","strategy_to_change","react",13043,0.13043,50
"4814","abl","strategy_to_change","adapt",18109,0.18109,50
"4815","hws","economic_risk","low",84106,0.84106,50
"4816","hws","economic_risk","medium",7084,0.07084,50
"4817","hws","economic_risk","high",8810,0.0881,50
"4818","hws","go_fishing","no",9947,0.09947,50
"4819","hws","go_fishing","yes",90053,0.90053,50
"4820","hws","individual_risk","low",54271,0.54271,50
"4821","hws","individual_risk","medium",37405,0.37405,50
"4822","hws","individual_risk","high",8324,0.08324,50
"4823","hws","societal_risk","low",54271,0.54271,50
"4824","hws","societal_risk","medium",41042,0.41042,50
"4825","hws","societal_risk","high",4687,0.04687,50
"4826","hws","strategy_to_change","cope",16734,0.16734,50
"4827","hws","strategy_to_change","react",44427,0.44427,50
"4828","hws","strategy_to_change","adapt",38839,0.38839,50
"4829","hww","economic_risk","low",76347,0.76347,50
"4830","hww","economic_risk","medium",3771,0.03771,50
"4831","hww","economic_risk","high",19882,0.19882,50
"4832","hww","go_fishing","no",48651,0.48651,50
"4833","hww","go_fishing","yes",51349,0.51349,50
"4834","hww","individual_risk","low",39136,0.39136,50
"4835","hww","individual_risk","medium",24482,0.24482,50
"4836","hww","individual_risk","high",36382,0.36382,50
"4837","hww","societal_risk","low",39136,0.39136,50
"4838","hww","societal_risk","medium",44451,0.44451,50
"4839","hww","societal_risk","high",16413,0.16413,50
"4840","hww","strategy_to_change","cope",83419,0.83419,50
"4841","hww","strategy_to_change","react",13147,0.13147,50
"4842","hww","strategy_to_change","adapt",3434,0.03434,50
"4843","gal","economic_risk","low",45938,0.45938,50
"4844","gal","economic_risk","medium",23947,0.23947,50
"4845","gal","economic_risk","high",30115,0.30115,50
"4846","gal","go_fishing","no",14005,0.14005,50
"4847","gal","go_fishing","yes",85995,0.85995,50
"4848","gal","individual_risk","low",44728,0.44728,50
"4849","gal","individual_risk","medium",34012,0.34012,50
"4850","gal","individual_risk","high",21260,0.2126,50
"4851","gal","societal_risk","low",44728,0.44728,50
"4852","gal","societal_risk","medium",40634,0.40634,50
"4853","gal","societal_risk","high",14638,0.14638,50
"4854","gal","strategy_to_change","cope",50185,0.50185,50
"4855","gal","strategy_to_change","react",46266,0.46266,50
"4856","gal","strategy_to_change","adapt",3549,0.03549,50
"4857","sto","economic_risk","low",67387,0.67387,50
"4858","sto","economic_risk","medium",7579,0.07579,50
"4859","sto","economic_risk","high",25034,0.25034,50
"4860","sto","go_fishing","no",80780,0.8078,50
"4861","sto","go_fishing","yes",19220,0.1922,50
"4862","sto","individual_risk","low",13358,0.13358,50
"4863","sto","individual_risk","medium",44754,0.44754,50
"4864","sto","individual_risk","high",41888,0.41888,50
"4865","sto","societal_risk","low",13358,0.13358,50
"4866","sto","societal_risk","medium",66463,0.66463,50
"4867","sto","societal_risk","high",20179,0.20179,50
"4868","sto","strategy_to_change","cope",80780,0.8078,50
"4869","sto","strategy_to_change","react",19220,0.1922,50
"4870","erf","economic_risk","low",50037,0.50037,50
"4871","erf","economic_risk","medium",6536,0.06536,50
"4872","erf","economic_risk","high",43427,0.43427,50
"4873","erf","go_fishing","no",50013,0.50013,50
"4874","erf","go_fishing","yes",49987,0.49987,50
"4875","erf","individual_risk","low",34042,0.34042,50
"4876","erf","individual_risk","medium",37804,0.37804,50
"4877","erf","individual_risk","high",28154,0.28154,50
"4878","erf","societal_risk","low",34042,0.34042,50
"4879","erf","societal_risk","medium",54724,0.54724,50
"4880","erf","societal_risk","high",11234,0.11234,50
"4881","erf","strategy_to_change","cope",100000,1,50
"4882","ici","economic_risk","low",6620,0.0662,50
"4883","ici","economic_risk","medium",7561,0.07561,50
"4884","ici","economic_risk","high",25741,0.25741,50
"4885","ici","economic_risk","not_relevant",60078,0.60078,50
"4886","ici","go_fishing","no",56696,0.56696,50
"4887","ici","go_fishing","yes",43304,0.43304,50
"4888","ici","individual_risk","low",22,0.00022,50
"4889","ici","individual_risk","medium",8120,0.0812,50
"4890","ici","individual_risk","high",31780,0.3178,50
"4891","ici","individual_risk","not_relevant",60078,0.60078,50
"4892","ici","societal_risk","low",22,0.00022,50
"4893","ici","societal_risk","medium",25195,0.25195,50
"4894","ici","societal_risk","high",14705,0.14705,50
"4895","ici","societal_risk","not_relevant",60078,0.60078,50
"4896","ici","strategy_to_change","not_relevant",60078,0.60078,50
"4897","ici","strategy_to_change","cope",26635,0.26635,50
"4898","ici","strategy_to_change","react",13287,0.13287,50
"4899","abl","economic_risk","low",74524,0.74524,51
"4900","abl","economic_risk","medium",6476,0.06476,51
"4901","abl","economic_risk","high",19000,0.19,51
"4902","abl","go_fishing","no",40783,0.40783,51
"4903","abl","go_fishing","yes",59217,0.59217,51
"4904","abl","individual_risk","low",32343,0.32343,51
"4905","abl","individual_risk","medium",47428,0.47428,51
"4906","abl","individual_risk","high",20229,0.20229,51
"4907","abl","societal_risk","low",32343,0.32343,51
"4908","abl","societal_risk","medium",58727,0.58727,51
"4909","abl","societal_risk","high",8930,0.0893,51
"4910","abl","strategy_to_change","cope",70297,0.70297,51
"4911","abl","strategy_to_change","react",5934,0.05934,51
"4912","abl","strategy_to_change","adapt",23769,0.23769,51
"4913","hws","economic_risk","low",85523,0.85523,51
"4914","hws","economic_risk","medium",6428,0.06428,51
"4915","hws","economic_risk","high",8049,0.08049,51
"4916","hws","go_fishing","no",12836,0.12836,51
"4917","hws","go_fishing","yes",87164,0.87164,51
"4918","hws","individual_risk","low",49203,0.49203,51
"4919","hws","individual_risk","medium",43577,0.43577,51
"4920","hws","individual_risk","high",7220,0.0722,51
"4921","hws","societal_risk","low",49203,0.49203,51
"4922","hws","societal_risk","medium",46234,0.46234,51
"4923","hws","societal_risk","high",4563,0.04563,51
"4924","hws","strategy_to_change","cope",24574,0.24574,51
"4925","hws","strategy_to_change","react",43170,0.4317,51
"4926","hws","strategy_to_change","adapt",32256,0.32256,51
"4927","hww","economic_risk","low",81416,0.81416,51
"4928","hww","economic_risk","medium",1652,0.01652,51
"4929","hww","economic_risk","high",16932,0.16932,51
"4930","hww","go_fishing","no",45973,0.45973,51
"4931","hww","go_fishing","yes",54027,0.54027,51
"4932","hww","individual_risk","low",38550,0.3855,51
"4933","hww","individual_risk","medium",41416,0.41416,51
"4934","hww","individual_risk","high",20034,0.20034,51
"4935","hww","societal_risk","low",38550,0.3855,51
"4936","hww","societal_risk","medium",53988,0.53988,51
"4937","hww","societal_risk","high",7462,0.07462,51
"4938","hww","strategy_to_change","cope",80231,0.80231,51
"4939","hww","strategy_to_change","react",12906,0.12906,51
"4940","hww","strategy_to_change","adapt",6863,0.06863,51
"4941","gal","economic_risk","low",57884,0.57884,51
"4942","gal","economic_risk","medium",15379,0.15379,51
"4943","gal","economic_risk","high",26737,0.26737,51
"4944","gal","go_fishing","no",31984,0.31984,51
"4945","gal","go_fishing","yes",68016,0.68016,51
"4946","gal","individual_risk","low",32414,0.32414,51
"4947","gal","individual_risk","medium",49094,0.49094,51
"4948","gal","individual_risk","high",18492,0.18492,51
"4949","gal","societal_risk","low",32414,0.32414,51
"4950","gal","societal_risk","medium",53430,0.5343,51
"4951","gal","societal_risk","high",14156,0.14156,51
"4952","gal","strategy_to_change","cope",67273,0.67273,51
"4953","gal","strategy_to_change","react",29539,0.29539,51
"4954","gal","strategy_to_change","adapt",3188,0.03188,51
"4955","sto","economic_risk","low",72456,0.72456,51
"4956","sto","economic_risk","medium",4543,0.04543,51
"4957","sto","economic_risk","high",23001,0.23001,51
"4958","sto","go_fishing","no",80437,0.80437,51
"4959","sto","go_fishing","yes",19563,0.19563,51
"4960","sto","individual_risk","low",13830,0.1383,51
"4961","sto","individual_risk","medium",60064,0.60064,51
"4962","sto","individual_risk","high",26106,0.26106,51
"4963","sto","societal_risk","low",13830,0.1383,51
"4964","sto","societal_risk","medium",75108,0.75108,51
"4965","sto","societal_risk","high",11062,0.11062,51
"4966","sto","strategy_to_change","cope",80437,0.80437,51
"4967","sto","strategy_to_change","react",19563,0.19563,51
"4968","erf","economic_risk","low",74070,0.7407,51
"4969","erf","economic_risk","medium",4398,0.04398,51
"4970","erf","economic_risk","high",21532,0.21532,51
"4971","erf","go_fishing","no",67577,0.67577,51
"4972","erf","go_fishing","yes",32423,0.32423,51
"4973","erf","individual_risk","low",21225,0.21225,51
"4974","erf","individual_risk","medium",54829,0.54829,51
"4975","erf","individual_risk","high",23946,0.23946,51
"4976","erf","societal_risk","low",21225,0.21225,51
"4977","erf","societal_risk","medium",69600,0.696,51
"4978","erf","societal_risk","high",9175,0.09175,51
"4979","erf","strategy_to_change","cope",100000,1,51
"4980","ici","economic_risk","low",1445,0.01445,51
"4981","ici","economic_risk","medium",10411,0.10411,51
"4982","ici","economic_risk","high",28074,0.28074,51
"4983","ici","economic_risk","not_relevant",60070,0.6007,51
"4984","ici","go_fishing","no",51674,0.51674,51
"4985","ici","go_fishing","yes",48326,0.48326,51
"4986","ici","individual_risk","low",19,0.00019,51
"4987","ici","individual_risk","medium",3541,0.03541,51
"4988","ici","individual_risk","high",36370,0.3637,51
"4989","ici","individual_risk","not_relevant",60070,0.6007,51
"4990","ici","societal_risk","low",19,0.00019,51
"4991","ici","societal_risk","medium",18544,0.18544,51
"4992","ici","societal_risk","high",21367,0.21367,51
"4993","ici","societal_risk","not_relevant",60070,0.6007,51
"4994","ici","strategy_to_change","not_relevant",60070,0.6007,51
"4995","ici","strategy_to_change","cope",21408,0.21408,51
"4996","ici","strategy_to_change","react",18522,0.18522,51
"4997","abl","economic_risk","low",63575,0.63575,52
"4998","abl","economic_risk","medium",13945,0.13945,52
"4999","abl","economic_risk","high",22480,0.2248,52
"5000","abl","go_fishing","no",35340,0.3534,52
"5001","abl","go_fishing","yes",64660,0.6466,52
"5002","abl","individual_risk","low",30648,0.30648,52
"5003","abl","individual_risk","medium",50214,0.50214,52
"5004","abl","individual_risk","high",19138,0.19138,52
"5005","abl","societal_risk","low",30648,0.30648,52
"5006","abl","societal_risk","medium",62218,0.62218,52
"5007","abl","societal_risk","high",7134,0.07134,52
"5008","abl","strategy_to_change","cope",67260,0.6726,52
"5009","abl","strategy_to_change","react",17773,0.17773,52
"5010","abl","strategy_to_change","adapt",14967,0.14967,52
"5011","hws","economic_risk","low",81571,0.81571,52
"5012","hws","economic_risk","medium",8222,0.08222,52
"5013","hws","economic_risk","high",10207,0.10207,52
"5014","hws","go_fishing","no",12365,0.12365,52
"5015","hws","go_fishing","yes",87635,0.87635,52
"5016","hws","individual_risk","low",49651,0.49651,52
"5017","hws","individual_risk","medium",42068,0.42068,52
"5018","hws","individual_risk","high",8281,0.08281,52
"5019","hws","societal_risk","low",49651,0.49651,52
"5020","hws","societal_risk","medium",44825,0.44825,52
"5021","hws","societal_risk","high",5524,0.05524,52
"5022","hws","strategy_to_change","cope",21297,0.21297,52
"5023","hws","strategy_to_change","react",46349,0.46349,52
"5024","hws","strategy_to_change","adapt",32354,0.32354,52
"5025","hww","economic_risk","low",75376,0.75376,52
"5026","hww","economic_risk","medium",5530,0.0553,52
"5027","hww","economic_risk","high",19094,0.19094,52
"5028","hww","go_fishing","no",41747,0.41747,52
"5029","hww","go_fishing","yes",58253,0.58253,52
"5030","hww","individual_risk","low",43880,0.4388,52
"5031","hww","individual_risk","medium",25718,0.25718,52
"5032","hww","individual_risk","high",30402,0.30402,52
"5033","hww","societal_risk","low",43880,0.4388,52
"5034","hww","societal_risk","medium",37714,0.37714,52
"5035","hww","societal_risk","high",18406,0.18406,52
"5036","hww","strategy_to_change","cope",74937,0.74937,52
"5037","hww","strategy_to_change","react",12077,0.12077,52
"5038","hww","strategy_to_change","adapt",12986,0.12986,52
"5039","gal","economic_risk","low",50296,0.50296,52
"5040","gal","economic_risk","medium",19104,0.19104,52
"5041","gal","economic_risk","high",30600,0.306,52
"5042","gal","go_fishing","no",24360,0.2436,52
"5043","gal","go_fishing","yes",75640,0.7564,52
"5044","gal","individual_risk","low",37962,0.37962,52
"5045","gal","individual_risk","medium",40067,0.40067,52
"5046","gal","individual_risk","high",21971,0.21971,52
"5047","gal","societal_risk","low",37962,0.37962,52
"5048","gal","societal_risk","medium",43375,0.43375,52
"5049","gal","societal_risk","high",18663,0.18663,52
"5050","gal","strategy_to_change","cope",60389,0.60389,52
"5051","gal","strategy_to_change","react",34433,0.34433,52
"5052","gal","strategy_to_change","adapt",5178,0.05178,52
"5053","sto","economic_risk","low",67461,0.67461,52
"5054","sto","economic_risk","medium",8000,0.08,52
"5055","sto","economic_risk","high",24539,0.24539,52
"5056","sto","go_fishing","no",84423,0.84423,52
"5057","sto","go_fishing","yes",15577,0.15577,52
"5058","sto","individual_risk","low",10202,0.10202,52
"5059","sto","individual_risk","medium",50759,0.50759,52
"5060","sto","individual_risk","high",39039,0.39039,52
"5061","sto","societal_risk","low",10202,0.10202,52
"5062","sto","societal_risk","medium",64849,0.64849,52
"5063","sto","societal_risk","high",24949,0.24949,52
"5064","sto","strategy_to_change","cope",84423,0.84423,52
"5065","sto","strategy_to_change","react",15577,0.15577,52
"5066","erf","economic_risk","low",70176,0.70176,52
"5067","erf","economic_risk","medium",7658,0.07658,52
"5068","erf","economic_risk","high",22166,0.22166,52
"5069","erf","go_fishing","no",64765,0.64765,52
"5070","erf","go_fishing","yes",35235,0.35235,52
"5071","erf","individual_risk","low",23846,0.23846,52
"5072","erf","individual_risk","medium",44142,0.44142,52
"5073","erf","individual_risk","high",32012,0.32012,52
"5074","erf","societal_risk","low",23846,0.23846,52
"5075","erf","societal_risk","medium",58984,0.58984,52
"5076","erf","societal_risk","high",17170,0.1717,52
"5077","erf","strategy_to_change","cope",100000,1,52
"5078","ici","economic_risk","low",3348,0.03348,52
"5079","ici","economic_risk","medium",9646,0.09646,52
"5080","ici","economic_risk","high",27309,0.27309,52
"5081","ici","economic_risk","not_relevant",59697,0.59697,52
"5082","ici","go_fishing","no",53457,0.53457,52
"5083","ici","go_fishing","yes",46543,0.46543,52
"5084","ici","individual_risk","low",47,0.00047,52
"5085","ici","individual_risk","medium",4622,0.04622,52
"5086","ici","individual_risk","high",35634,0.35634,52
"5087","ici","individual_risk","not_relevant",59697,0.59697,52
"5088","ici","societal_risk","low",47,0.00047,52
"5089","ici","societal_risk","medium",20201,0.20201,52
"5090","ici","societal_risk","high",20055,0.20055,52
"5091","ici","societal_risk","not_relevant",59697,0.59697,52
"5092","ici","strategy_to_change","not_relevant",59697,0.59697,52
"5093","ici","strategy_to_change","cope",23496,0.23496,52
"5094","ici","strategy_to_change","react",16807,0.16807,52
"5095","abl","economic_risk","low",69742,0.69742,53
"5096","abl","economic_risk","medium",10329,0.10329,53
"5097","abl","economic_risk","high",19929,0.19929,53
"5098","abl","go_fishing","no",35999,0.35999,53
"5099","abl","go_fishing","yes",64001,0.64001,53
"5100","abl","individual_risk","low",33796,0.33796,53
"5101","abl","individual_risk","medium",46893,0.46893,53
"5102","abl","individual_risk","high",19311,0.19311,53
"5103","abl","societal_risk","low",33796,0.33796,53
"5104","abl","societal_risk","medium",58759,0.58759,53
"5105","abl","societal_risk","high",7445,0.07445,53
"5106","abl","strategy_to_change","cope",72864,0.72864,53
"5107","abl","strategy_to_change","react",11778,0.11778,53
"5108","abl","strategy_to_change","adapt",15358,0.15358,53
"5109","hws","economic_risk","low",79943,0.79943,53
"5110","hws","economic_risk","medium",7219,0.07219,53
"5111","hws","economic_risk","high",12838,0.12838,53
"5112","hws","go_fishing","no",8611,0.08611,53
"5113","hws","go_fishing","yes",91389,0.91389,53
"5114","hws","individual_risk","low",48980,0.4898,53
"5115","hws","individual_risk","medium",42669,0.42669,53
"5116","hws","individual_risk","high",8351,0.08351,53
"5117","hws","societal_risk","low",48980,0.4898,53
"5118","hws","societal_risk","medium",46758,0.46758,53
"5119","hws","societal_risk","high",4262,0.04262,53
"5120","hws","strategy_to_change","cope",16834,0.16834,53
"5121","hws","strategy_to_change","react",51751,0.51751,53
"5122","hws","strategy_to_change","adapt",31415,0.31415,53
"5123","hww","economic_risk","low",77588,0.77588,53
"5124","hww","economic_risk","medium",3128,0.03128,53
"5125","hww","economic_risk","high",19284,0.19284,53
"5126","hww","go_fishing","no",42210,0.4221,53
"5127","hww","go_fishing","yes",57790,0.5779,53
"5128","hww","individual_risk","low",44976,0.44976,53
"5129","hww","individual_risk","medium",23667,0.23667,53
"5130","hww","individual_risk","high",31357,0.31357,53
"5131","hww","societal_risk","low",44976,0.44976,53
"5132","hww","societal_risk","medium",45280,0.4528,53
"5133","hww","societal_risk","high",9744,0.09744,53
"5134","hww","strategy_to_change","cope",76427,0.76427,53
"5135","hww","strategy_to_change","react",18837,0.18837,53
"5136","hww","strategy_to_change","adapt",4736,0.04736,53
"5137","gal","economic_risk","low",58922,0.58922,53
"5138","gal","economic_risk","medium",15298,0.15298,53
"5139","gal","economic_risk","high",25780,0.2578,53
"5140","gal","go_fishing","no",13901,0.13901,53
"5141","gal","go_fishing","yes",86099,0.86099,53
"5142","gal","individual_risk","low",52410,0.5241,53
"5143","gal","individual_risk","medium",36777,0.36777,53
"5144","gal","individual_risk","high",10813,0.10813,53
"5145","gal","societal_risk","low",52410,0.5241,53
"5146","gal","societal_risk","medium",39468,0.39468,53
"5147","gal","societal_risk","high",8122,0.08122,53
"5148","gal","strategy_to_change","cope",60381,0.60381,53
"5149","gal","strategy_to_change","react",36244,0.36244,53
"5150","gal","strategy_to_change","adapt",3375,0.03375,53
"5151","sto","economic_risk","low",74507,0.74507,53
"5152","sto","economic_risk","medium",4041,0.04041,53
"5153","sto","economic_risk","high",21452,0.21452,53
"5154","sto","go_fishing","no",81641,0.81641,53
"5155","sto","go_fishing","yes",18359,0.18359,53
"5156","sto","individual_risk","low",11342,0.11342,53
"5157","sto","individual_risk","medium",49986,0.49986,53
"5158","sto","individual_risk","high",38672,0.38672,53
"5159","sto","societal_risk","low",11342,0.11342,53
"5160","sto","societal_risk","medium",73774,0.73774,53
"5161","sto","societal_risk","high",14884,0.14884,53
"5162","sto","strategy_to_change","cope",81641,0.81641,53
"5163","sto","strategy_to_change","react",18359,0.18359,53
"5164","erf","economic_risk","low",75266,0.75266,53
"5165","erf","economic_risk","medium",3969,0.03969,53
"5166","erf","economic_risk","high",20765,0.20765,53
"5167","erf","go_fishing","no",67539,0.67539,53
"5168","erf","go_fishing","yes",32461,0.32461,53
"5169","erf","individual_risk","low",22375,0.22375,53
"5170","erf","individual_risk","medium",41571,0.41571,53
"5171","erf","individual_risk","high",36054,0.36054,53
"5172","erf","societal_risk","low",22375,0.22375,53
"5173","erf","societal_risk","medium",65404,0.65404,53
"5174","erf","societal_risk","high",12221,0.12221,53
"5175","erf","strategy_to_change","cope",100000,1,53
"5176","ici","economic_risk","low",7160,0.0716,53
"5177","ici","economic_risk","medium",8841,0.08841,53
"5178","ici","economic_risk","high",24134,0.24134,53
"5179","ici","economic_risk","not_relevant",59865,0.59865,53
"5180","ici","go_fishing","no",57333,0.57333,53
"5181","ici","go_fishing","yes",42667,0.42667,53
"5182","ici","individual_risk","low",24,0.00024,53
"5183","ici","individual_risk","medium",9142,0.09142,53
"5184","ici","individual_risk","high",30969,0.30969,53
"5185","ici","individual_risk","not_relevant",59865,0.59865,53
"5186","ici","societal_risk","low",24,0.00024,53
"5187","ici","societal_risk","medium",24693,0.24693,53
"5188","ici","societal_risk","high",15418,0.15418,53
"5189","ici","societal_risk","not_relevant",59865,0.59865,53
"5190","ici","strategy_to_change","not_relevant",59865,0.59865,53
"5191","ici","strategy_to_change","cope",27338,0.27338,53
"5192","ici","strategy_to_change","react",12797,0.12797,53
"5193","abl","economic_risk","low",54614,0.54614,54
"5194","abl","economic_risk","medium",18522,0.18522,54
"5195","abl","economic_risk","high",26864,0.26864,54
"5196","abl","go_fishing","no",35391,0.35391,54
"5197","abl","go_fishing","yes",64609,0.64609,54
"5198","abl","individual_risk","low",33649,0.33649,54
"5199","abl","individual_risk","medium",47471,0.47471,54
"5200","abl","individual_risk","high",18880,0.1888,54
"5201","abl","societal_risk","low",33649,0.33649,54
"5202","abl","societal_risk","medium",58951,0.58951,54
"5203","abl","societal_risk","high",7400,0.074,54
"5204","abl","strategy_to_change","cope",65916,0.65916,54
"5205","abl","strategy_to_change","react",27520,0.2752,54
"5206","abl","strategy_to_change","adapt",6564,0.06564,54
"5207","hws","economic_risk","low",85635,0.85635,54
"5208","hws","economic_risk","medium",6092,0.06092,54
"5209","hws","economic_risk","high",8273,0.08273,54
"5210","hws","go_fishing","no",15693,0.15693,54
"5211","hws","go_fishing","yes",84307,0.84307,54
"5212","hws","individual_risk","low",45912,0.45912,54
"5213","hws","individual_risk","medium",45311,0.45311,54
"5214","hws","individual_risk","high",8777,0.08777,54
"5215","hws","societal_risk","low",45912,0.45912,54
"5216","hws","societal_risk","medium",49182,0.49182,54
"5217","hws","societal_risk","high",4906,0.04906,54
"5218","hws","strategy_to_change","cope",24735,0.24735,54
"5219","hws","strategy_to_change","react",41641,0.41641,54
"5220","hws","strategy_to_change","adapt",33624,0.33624,54
"5221","hww","economic_risk","low",75857,0.75857,54
"5222","hww","economic_risk","medium",3127,0.03127,54
"5223","hww","economic_risk","high",21016,0.21016,54
"5224","hww","go_fishing","no",44974,0.44974,54
"5225","hww","go_fishing","yes",55026,0.55026,54
"5226","hww","individual_risk","low",40444,0.40444,54
"5227","hww","individual_risk","medium",29430,0.2943,54
"5228","hww","individual_risk","high",30126,0.30126,54
"5229","hww","societal_risk","low",40444,0.40444,54
"5230","hww","societal_risk","medium",45878,0.45878,54
"5231","hww","societal_risk","high",13678,0.13678,54
"5232","hww","strategy_to_change","cope",78441,0.78441,54
"5233","hww","strategy_to_change","react",14922,0.14922,54
"5234","hww","strategy_to_change","adapt",6637,0.06637,54
"5235","gal","economic_risk","low",57104,0.57104,54
"5236","gal","economic_risk","medium",18273,0.18273,54
"5237","gal","economic_risk","high",24623,0.24623,54
"5238","gal","go_fishing","no",25800,0.258,54
"5239","gal","go_fishing","yes",74200,0.742,54
"5240","gal","individual_risk","low",40554,0.40554,54
"5241","gal","individual_risk","medium",40576,0.40576,54
"5242","gal","individual_risk","high",18870,0.1887,54
"5243","gal","societal_risk","low",40554,0.40554,54
"5244","gal","societal_risk","medium",46064,0.46064,54
"5245","gal","societal_risk","high",13382,0.13382,54
"5246","gal","strategy_to_change","cope",58589,0.58589,54
"5247","gal","strategy_to_change","react",35575,0.35575,54
"5248","gal","strategy_to_change","adapt",5836,0.05836,54
"5249","sto","economic_risk","low",67643,0.67643,54
"5250","sto","economic_risk","medium",7201,0.07201,54
"5251","sto","economic_risk","high",25156,0.25156,54
"5252","sto","go_fishing","no",80115,0.80115,54
"5253","sto","go_fishing","yes",19885,0.19885,54
"5254","sto","individual_risk","low",14949,0.14949,54
"5255","sto","individual_risk","medium",50858,0.50858,54
"5256","sto","individual_risk","high",34193,0.34193,54
"5257","sto","societal_risk","low",14949,0.14949,54
"5258","sto","societal_risk","medium",68317,0.68317,54
"5259","sto","societal_risk","high",16734,0.16734,54
"5260","sto","strategy_to_change","cope",80115,0.80115,54
"5261","sto","strategy_to_change","react",19885,0.19885,54
"5262","erf","economic_risk","low",51711,0.51711,54
"5263","erf","economic_risk","medium",5819,0.05819,54
"5264","erf","economic_risk","high",42470,0.4247,54
"5265","erf","go_fishing","no",50642,0.50642,54
"5266","erf","go_fishing","yes",49358,0.49358,54
"5267","erf","individual_risk","low",31097,0.31097,54
"5268","erf","individual_risk","medium",41289,0.41289,54
"5269","erf","individual_risk","high",27614,0.27614,54
"5270","erf","societal_risk","low",31097,0.31097,54
"5271","erf","societal_risk","medium",55911,0.55911,54
"5272","erf","societal_risk","high",12992,0.12992,54
"5273","erf","strategy_to_change","cope",100000,1,54
"5274","ici","economic_risk","low",3035,0.03035,54
"5275","ici","economic_risk","medium",9948,0.09948,54
"5276","ici","economic_risk","high",26982,0.26982,54
"5277","ici","economic_risk","not_relevant",60035,0.60035,54
"5278","ici","go_fishing","no",52868,0.52868,54
"5279","ici","go_fishing","yes",47132,0.47132,54
"5280","ici","individual_risk","low",29,0.00029,54
"5281","ici","individual_risk","medium",5021,0.05021,54
"5282","ici","individual_risk","high",34915,0.34915,54
"5283","ici","individual_risk","not_relevant",60035,0.60035,54
"5284","ici","societal_risk","low",29,0.00029,54
"5285","ici","societal_risk","medium",19792,0.19792,54
"5286","ici","societal_risk","high",20144,0.20144,54
"5287","ici","societal_risk","not_relevant",60035,0.60035,54
"5288","ici","strategy_to_change","not_relevant",60035,0.60035,54
"5289","ici","strategy_to_change","cope",23044,0.23044,54
"5290","ici","strategy_to_change","react",16921,0.16921,54
"5291","abl","economic_risk","low",67216,0.67216,55
"5292","abl","economic_risk","medium",11499,0.11499,55
"5293","abl","economic_risk","high",21285,0.21285,55
"5294","abl","go_fishing","no",34947,0.34947,55
"5295","abl","go_fishing","yes",65053,0.65053,55
"5296","abl","individual_risk","low",33196,0.33196,55
"5297","abl","individual_risk","medium",48728,0.48728,55
"5298","abl","individual_risk","high",18076,0.18076,55
"5299","abl","societal_risk","low",33204,0.33204,55
"5300","abl","societal_risk","medium",59711,0.59711,55
"5301","abl","societal_risk","high",7085,0.07085,55
"5302","abl","strategy_to_change","cope",67169,0.67169,55
"5303","abl","strategy_to_change","react",17070,0.1707,55
"5304","abl","strategy_to_change","adapt",15761,0.15761,55
"5305","hws","economic_risk","low",84567,0.84567,55
"5306","hws","economic_risk","medium",6915,0.06915,55
"5307","hws","economic_risk","high",8518,0.08518,55
"5308","hws","go_fishing","no",10506,0.10506,55
"5309","hws","go_fishing","yes",89494,0.89494,55
"5310","hws","individual_risk","low",44299,0.44299,55
"5311","hws","individual_risk","medium",46323,0.46323,55
"5312","hws","individual_risk","high",9378,0.09378,55
"5313","hws","societal_risk","low",44324,0.44324,55
"5314","hws","societal_risk","medium",50188,0.50188,55
"5315","hws","societal_risk","high",5488,0.05488,55
"5316","hws","strategy_to_change","cope",23222,0.23222,55
"5317","hws","strategy_to_change","react",46679,0.46679,55
"5318","hws","strategy_to_change","adapt",30099,0.30099,55
"5319","hww","economic_risk","low",81042,0.81042,55
"5320","hww","economic_risk","medium",2649,0.02649,55
"5321","hww","economic_risk","high",16309,0.16309,55
"5322","hww","go_fishing","no",41631,0.41631,55
"5323","hww","go_fishing","yes",58369,0.58369,55
"5324","hww","individual_risk","low",41738,0.41738,55
"5325","hww","individual_risk","medium",36829,0.36829,55
"5326","hww","individual_risk","high",21433,0.21433,55
"5327","hww","societal_risk","low",41763,0.41763,55
"5328","hww","societal_risk","medium",48101,0.48101,55
"5329","hww","societal_risk","high",10136,0.10136,55
"5330","hww","strategy_to_change","cope",80167,0.80167,55
"5331","hww","strategy_to_change","react",12885,0.12885,55
"5332","hww","strategy_to_change","adapt",6948,0.06948,55
"5333","gal","economic_risk","low",49498,0.49498,55
"5334","gal","economic_risk","medium",18052,0.18052,55
"5335","gal","economic_risk","high",32450,0.3245,55
"5336","gal","go_fishing","no",28792,0.28792,55
"5337","gal","go_fishing","yes",71208,0.71208,55
"5338","gal","individual_risk","low",39416,0.39416,55
"5339","gal","individual_risk","medium",42851,0.42851,55
"5340","gal","individual_risk","high",17733,0.17733,55
"5341","gal","societal_risk","low",39426,0.39426,55
"5342","gal","societal_risk","medium",44955,0.44955,55
"5343","gal","societal_risk","high",15619,0.15619,55
"5344","gal","strategy_to_change","cope",60192,0.60192,55
"5345","gal","strategy_to_change","react",31840,0.3184,55
"5346","gal","strategy_to_change","adapt",7968,0.07968,55
"5347","sto","economic_risk","low",69716,0.69716,55
"5348","sto","economic_risk","medium",6326,0.06326,55
"5349","sto","economic_risk","high",23958,0.23958,55
"5350","sto","go_fishing","no",77848,0.77848,55
"5351","sto","go_fishing","yes",22152,0.22152,55
"5352","sto","individual_risk","low",16531,0.16531,55
"5353","sto","individual_risk","medium",55835,0.55835,55
"5354","sto","individual_risk","high",27634,0.27634,55
"5355","sto","societal_risk","low",16550,0.1655,55
"5356","sto","societal_risk","medium",69765,0.69765,55
"5357","sto","societal_risk","high",13685,0.13685,55
"5358","sto","strategy_to_change","cope",77848,0.77848,55
"5359","sto","strategy_to_change","react",22152,0.22152,55
"5360","erf","economic_risk","low",71936,0.71936,55
"5361","erf","economic_risk","medium",5560,0.0556,55
"5362","erf","economic_risk","high",22504,0.22504,55
"5363","erf","go_fishing","no",67348,0.67348,55
"5364","erf","go_fishing","yes",32652,0.32652,55
"5365","erf","individual_risk","low",22004,0.22004,55
"5366","erf","individual_risk","medium",52223,0.52223,55
"5367","erf","individual_risk","high",25773,0.25773,55
"5368","erf","societal_risk","low",22034,0.22034,55
"5369","erf","societal_risk","medium",66525,0.66525,55
"5370","erf","societal_risk","high",11441,0.11441,55
"5371","erf","strategy_to_change","cope",100000,1,55
"5372","ici","economic_risk","low",4402,0.04402,55
"5373","ici","economic_risk","medium",8784,0.08784,55
"5374","ici","economic_risk","high",26897,0.26897,55
"5375","ici","economic_risk","not_relevant",59917,0.59917,55
"5376","ici","go_fishing","no",54181,0.54181,55
"5377","ici","go_fishing","yes",45819,0.45819,55
"5378","ici","individual_risk","low",18,0.00018,55
"5379","ici","individual_risk","medium",6112,0.06112,55
"5380","ici","individual_risk","high",33953,0.33953,55
"5381","ici","individual_risk","not_relevant",59917,0.59917,55
"5382","ici","societal_risk","low",18,0.00018,55
"5383","ici","societal_risk","medium",20877,0.20877,55
"5384","ici","societal_risk","high",19188,0.19188,55
"5385","ici","societal_risk","not_relevant",59917,0.59917,55
"5386","ici","strategy_to_change","not_relevant",59917,0.59917,55
"5387","ici","strategy_to_change","cope",24325,0.24325,55
"5388","ici","strategy_to_change","react",15758,0.15758,55
"5389","abl","economic_risk","low",70229,0.70229,56
"5390","abl","economic_risk","medium",9857,0.09857,56
"5391","abl","economic_risk","high",19914,0.19914,56
"5392","abl","go_fishing","no",34512,0.34512,56
"5393","abl","go_fishing","yes",65488,0.65488,56
"5394","abl","individual_risk","low",32863,0.32863,56
"5395","abl","individual_risk","medium",49009,0.49009,56
"5396","abl","individual_risk","high",18128,0.18128,56
"5397","abl","societal_risk","low",32863,0.32863,56
"5398","abl","societal_risk","medium",59839,0.59839,56
"5399","abl","societal_risk","high",7298,0.07298,56
"5400","abl","strategy_to_change","cope",64101,0.64101,56
"5401","abl","strategy_to_change","react",14883,0.14883,56
"5402","abl","strategy_to_change","adapt",21016,0.21016,56
"5403","hws","economic_risk","low",88435,0.88435,56
"5404","hws","economic_risk","medium",5914,0.05914,56
"5405","hws","economic_risk","high",5651,0.05651,56
"5406","hws","go_fishing","no",14021,0.14021,56
"5407","hws","go_fishing","yes",85979,0.85979,56
"5408","hws","individual_risk","low",40618,0.40618,56
"5409","hws","individual_risk","medium",50776,0.50776,56
"5410","hws","individual_risk","high",8606,0.08606,56
"5411","hws","societal_risk","low",40618,0.40618,56
"5412","hws","societal_risk","medium",54942,0.54942,56
"5413","hws","societal_risk","high",4440,0.0444,56
"5414","hws","strategy_to_change","cope",25669,0.25669,56
"5415","hws","strategy_to_change","react",40086,0.40086,56
"5416","hws","strategy_to_change","adapt",34245,0.34245,56
"5417","hww","economic_risk","low",75408,0.75408,56
"5418","hww","economic_risk","medium",3291,0.03291,56
"5419","hww","economic_risk","high",21301,0.21301,56
"5420","hww","go_fishing","no",61186,0.61186,56
"5421","hww","go_fishing","yes",38814,0.38814,56
"5422","hww","individual_risk","low",29674,0.29674,56
"5423","hww","individual_risk","medium",44967,0.44967,56
"5424","hww","individual_risk","high",25359,0.25359,56
"5425","hww","societal_risk","low",29674,0.29674,56
"5426","hww","societal_risk","medium",58787,0.58787,56
"5427","hww","societal_risk","high",11539,0.11539,56
"5428","hww","strategy_to_change","cope",83020,0.8302,56
"5429","hww","strategy_to_change","react",15229,0.15229,56
"5430","hww","strategy_to_change","adapt",1751,0.01751,56
"5431","gal","economic_risk","low",55705,0.55705,56
"5432","gal","economic_risk","medium",18209,0.18209,56
"5433","gal","economic_risk","high",26086,0.26086,56
"5434","gal","go_fishing","no",23070,0.2307,56
"5435","gal","go_fishing","yes",76930,0.7693,56
"5436","gal","individual_risk","low",36880,0.3688,56
"5437","gal","individual_risk","medium",45177,0.45177,56
"5438","gal","individual_risk","high",17943,0.17943,56
"5439","gal","societal_risk","low",36880,0.3688,56
"5440","gal","societal_risk","medium",48118,0.48118,56
"5441","gal","societal_risk","high",15002,0.15002,56
"5442","gal","strategy_to_change","cope",58057,0.58057,56
"5443","gal","strategy_to_change","react",36579,0.36579,56
"5444","gal","strategy_to_change","adapt",5364,0.05364,56
"5445","sto","economic_risk","low",69608,0.69608,56
"5446","sto","economic_risk","medium",6172,0.06172,56
"5447","sto","economic_risk","high",24220,0.2422,56
"5448","sto","go_fishing","no",78354,0.78354,56
"5449","sto","go_fishing","yes",21646,0.21646,56
"5450","sto","individual_risk","low",15009,0.15009,56
"5451","sto","individual_risk","medium",59223,0.59223,56
"5452","sto","individual_risk","high",25768,0.25768,56
"5453","sto","societal_risk","low",15009,0.15009,56
"5454","sto","societal_risk","medium",73909,0.73909,56
"5455","sto","societal_risk","high",11082,0.11082,56
"5456","sto","strategy_to_change","cope",78354,0.78354,56
"5457","sto","strategy_to_change","react",21646,0.21646,56
"5458","erf","economic_risk","low",73285,0.73285,56
"5459","erf","economic_risk","medium",4651,0.04651,56
"5460","erf","economic_risk","high",22064,0.22064,56
"5461","erf","go_fishing","no",68460,0.6846,56
"5462","erf","go_fishing","yes",31540,0.3154,56
"5463","erf","individual_risk","low",20045,0.20045,56
"5464","erf","individual_risk","medium",55241,0.55241,56
"5465","erf","individual_risk","high",24714,0.24714,56
"5466","erf","societal_risk","low",20045,0.20045,56
"5467","erf","societal_risk","medium",70054,0.70054,56
"5468","erf","societal_risk","high",9901,0.09901,56
"5469","erf","strategy_to_change","cope",100000,1,56
"5470","ici","economic_risk","low",2495,0.02495,56
"5471","ici","economic_risk","medium",9509,0.09509,56
"5472","ici","economic_risk","high",28037,0.28037,56
"5473","ici","economic_risk","not_relevant",59959,0.59959,56
"5474","ici","go_fishing","no",52360,0.5236,56
"5475","ici","go_fishing","yes",47640,0.4764,56
"5476","ici","individual_risk","low",6,6e-05,56
"5477","ici","individual_risk","medium",4678,0.04678,56
"5478","ici","individual_risk","high",35357,0.35357,56
"5479","ici","individual_risk","not_relevant",59959,0.59959,56
"5480","ici","societal_risk","low",6,6e-05,56
"5481","ici","societal_risk","medium",19996,0.19996,56
"5482","ici","societal_risk","high",20039,0.20039,56
"5483","ici","societal_risk","not_relevant",59959,0.59959,56
"5484","ici","strategy_to_change","not_relevant",59959,0.59959,56
"5485","ici","strategy_to_change","cope",22354,0.22354,56
"5486","ici","strategy_to_change","react",17687,0.17687,56
"5487","abl","economic_risk","low",54745,0.54745,57
"5488","abl","economic_risk","medium",17604,0.17604,57
"5489","abl","economic_risk","high",27651,0.27651,57
"5490","abl","go_fishing","no",36847,0.36847,57
"5491","abl","go_fishing","yes",63153,0.63153,57
"5492","abl","individual_risk","low",32488,0.32488,57
"5493","abl","individual_risk","medium",46807,0.46807,57
"5494","abl","individual_risk","high",20705,0.20705,57
"5495","abl","societal_risk","low",32488,0.32488,57
"5496","abl","societal_risk","medium",59677,0.59677,57
"5497","abl","societal_risk","high",7835,0.07835,57
"5498","abl","strategy_to_change","cope",63330,0.6333,57
"5499","abl","strategy_to_change","react",26968,0.26968,57
"5500","abl","strategy_to_change","adapt",9702,0.09702,57
"5501","hws","economic_risk","low",78695,0.78695,57
"5502","hws","economic_risk","medium",7769,0.07769,57
"5503","hws","economic_risk","high",13536,0.13536,57
"5504","hws","go_fishing","no",10863,0.10863,57
"5505","hws","go_fishing","yes",89137,0.89137,57
"5506","hws","individual_risk","low",46731,0.46731,57
"5507","hws","individual_risk","medium",42253,0.42253,57
"5508","hws","individual_risk","high",11016,0.11016,57
"5509","hws","societal_risk","low",46731,0.46731,57
"5510","hws","societal_risk","medium",47180,0.4718,57
"5511","hws","societal_risk","high",6089,0.06089,57
"5512","hws","strategy_to_change","cope",26028,0.26028,57
"5513","hws","strategy_to_change","react",42034,0.42034,57
"5514","hws","strategy_to_change","adapt",31938,0.31938,57
"5515","hww","economic_risk","low",77634,0.77634,57
"5516","hww","economic_risk","medium",3349,0.03349,57
"5517","hww","economic_risk","high",19017,0.19017,57
"5518","hww","go_fishing","no",46724,0.46724,57
"5519","hww","go_fishing","yes",53276,0.53276,57
"5520","hww","individual_risk","low",40406,0.40406,57
"5521","hww","individual_risk","medium",27592,0.27592,57
"5522","hww","individual_risk","high",32002,0.32002,57
"5523","hww","societal_risk","low",40406,0.40406,57
"5524","hww","societal_risk","medium",46148,0.46148,57
"5525","hww","societal_risk","high",13446,0.13446,57
"5526","hww","strategy_to_change","cope",80459,0.80459,57
"5527","hww","strategy_to_change","react",16515,0.16515,57
"5528","hww","strategy_to_change","adapt",3026,0.03026,57
"5529","gal","economic_risk","low",46464,0.46464,57
"5530","gal","economic_risk","medium",22802,0.22802,57
"5531","gal","economic_risk","high",30734,0.30734,57
"5532","gal","go_fishing","no",19730,0.1973,57
"5533","gal","go_fishing","yes",80270,0.8027,57
"5534","gal","individual_risk","low",45124,0.45124,57
"5535","gal","individual_risk","medium",41231,0.41231,57
"5536","gal","individual_risk","high",13645,0.13645,57
"5537","gal","societal_risk","low",45124,0.45124,57
"5538","gal","societal_risk","medium",44680,0.4468,57
"5539","gal","societal_risk","high",10196,0.10196,57
"5540","gal","strategy_to_change","cope",52658,0.52658,57
"5541","gal","strategy_to_change","react",42347,0.42347,57
"5542","gal","strategy_to_change","adapt",4995,0.04995,57
"5543","sto","economic_risk","low",69882,0.69882,57
"5544","sto","economic_risk","medium",6888,0.06888,57
"5545","sto","economic_risk","high",23230,0.2323,57
"5546","sto","go_fishing","no",79405,0.79405,57
"5547","sto","go_fishing","yes",20595,0.20595,57
"5548","sto","individual_risk","low",11932,0.11932,57
"5549","sto","individual_risk","medium",48363,0.48363,57
"5550","sto","individual_risk","high",39705,0.39705,57
"5551","sto","societal_risk","low",11932,0.11932,57
"5552","sto","societal_risk","medium",67653,0.67653,57
"5553","sto","societal_risk","high",20415,0.20415,57
"5554","sto","strategy_to_change","cope",79405,0.79405,57
"5555","sto","strategy_to_change","react",20595,0.20595,57
"5556","erf","economic_risk","low",72064,0.72064,57
"5557","erf","economic_risk","medium",6102,0.06102,57
"5558","erf","economic_risk","high",21834,0.21834,57
"5559","erf","go_fishing","no",68456,0.68456,57
"5560","erf","go_fishing","yes",31544,0.31544,57
"5561","erf","individual_risk","low",21396,0.21396,57
"5562","erf","individual_risk","medium",42648,0.42648,57
"5563","erf","individual_risk","high",35956,0.35956,57
"5564","erf","societal_risk","low",21396,0.21396,57
"5565","erf","societal_risk","medium",62669,0.62669,57
"5566","erf","societal_risk","high",15935,0.15935,57
"5567","erf","strategy_to_change","cope",100000,1,57
"5568","ici","economic_risk","low",4488,0.04488,57
"5569","ici","economic_risk","medium",10028,0.10028,57
"5570","ici","economic_risk","high",25599,0.25599,57
"5571","ici","economic_risk","not_relevant",59885,0.59885,57
"5572","ici","go_fishing","no",54616,0.54616,57
"5573","ici","go_fishing","yes",45384,0.45384,57
"5574","ici","individual_risk","low",15,0.00015,57
"5575","ici","individual_risk","medium",6846,0.06846,57
"5576","ici","individual_risk","high",33254,0.33254,57
"5577","ici","individual_risk","not_relevant",59885,0.59885,57
"5578","ici","societal_risk","low",15,0.00015,57
"5579","ici","societal_risk","medium",22285,0.22285,57
"5580","ici","societal_risk","high",17815,0.17815,57
"5581","ici","societal_risk","not_relevant",59885,0.59885,57
"5582","ici","strategy_to_change","not_relevant",59885,0.59885,57
"5583","ici","strategy_to_change","cope",24606,0.24606,57
"5584","ici","strategy_to_change","react",15509,0.15509,57
"5585","abl","economic_risk","low",66227,0.66227,58
"5586","abl","economic_risk","medium",10456,0.10456,58
"5587","abl","economic_risk","high",23317,0.23317,58
"5588","abl","go_fishing","no",39741,0.39741,58
"5589","abl","go_fishing","yes",60259,0.60259,58
"5590","abl","individual_risk","low",29596,0.29596,58
"5591","abl","individual_risk","medium",48501,0.48501,58
"5592","abl","individual_risk","high",21903,0.21903,58
"5593","abl","societal_risk","low",29596,0.29596,58
"5594","abl","societal_risk","medium",61951,0.61951,58
"5595","abl","societal_risk","high",8453,0.08453,58
"5596","abl","strategy_to_change","cope",72022,0.72022,58
"5597","abl","strategy_to_change","react",13871,0.13871,58
"5598","abl","strategy_to_change","adapt",14107,0.14107,58
"5599","hws","economic_risk","low",88293,0.88293,58
"5600","hws","economic_risk","medium",5709,0.05709,58
"5601","hws","economic_risk","high",5998,0.05998,58
"5602","hws","go_fishing","no",11389,0.11389,58
"5603","hws","go_fishing","yes",88611,0.88611,58
"5604","hws","individual_risk","low",41682,0.41682,58
"5605","hws","individual_risk","medium",51132,0.51132,58
"5606","hws","individual_risk","high",7186,0.07186,58
"5607","hws","societal_risk","low",41682,0.41682,58
"5608","hws","societal_risk","medium",53800,0.538,58
"5609","hws","societal_risk","high",4518,0.04518,58
"5610","hws","strategy_to_change","cope",24890,0.2489,58
"5611","hws","strategy_to_change","react",41911,0.41911,58
"5612","hws","strategy_to_change","adapt",33199,0.33199,58
"5613","hww","economic_risk","low",77785,0.77785,58
"5614","hww","economic_risk","medium",3449,0.03449,58
"5615","hww","economic_risk","high",18766,0.18766,58
"5616","hww","go_fishing","no",47289,0.47289,58
"5617","hww","go_fishing","yes",52711,0.52711,58
"5618","hww","individual_risk","low",37446,0.37446,58
"5619","hww","individual_risk","medium",40364,0.40364,58
"5620","hww","individual_risk","high",22190,0.2219,58
"5621","hww","societal_risk","low",37446,0.37446,58
"5622","hww","societal_risk","medium",53880,0.5388,58
"5623","hww","societal_risk","high",8674,0.08674,58
"5624","hww","strategy_to_change","cope",81725,0.81725,58
"5625","hww","strategy_to_change","react",16008,0.16008,58
"5626","hww","strategy_to_change","adapt",2267,0.02267,58
"5627","gal","economic_risk","low",62300,0.623,58
"5628","gal","economic_risk","medium",13529,0.13529,58
"5629","gal","economic_risk","high",24171,0.24171,58
"5630","gal","go_fishing","no",28519,0.28519,58
"5631","gal","go_fishing","yes",71481,0.71481,58
"5632","gal","individual_risk","low",31908,0.31908,58
"5633","gal","individual_risk","medium",50358,0.50358,58
"5634","gal","individual_risk","high",17734,0.17734,58
"5635","gal","societal_risk","low",31908,0.31908,58
"5636","gal","societal_risk","medium",53722,0.53722,58
"5637","gal","societal_risk","high",14370,0.1437,58
"5638","gal","strategy_to_change","cope",65703,0.65703,58
"5639","gal","strategy_to_change","react",30913,0.30913,58
"5640","gal","strategy_to_change","adapt",3384,0.03384,58
"5641","sto","economic_risk","low",73762,0.73762,58
"5642","sto","economic_risk","medium",5001,0.05001,58
"5643","sto","economic_risk","high",21237,0.21237,58
"5644","sto","go_fishing","no",78352,0.78352,58
"5645","sto","go_fishing","yes",21648,0.21648,58
"5646","sto","individual_risk","low",12730,0.1273,58
"5647","sto","individual_risk","medium",61366,0.61366,58
"5648","sto","individual_risk","high",25904,0.25904,58
"5649","sto","societal_risk","low",12730,0.1273,58
"5650","sto","societal_risk","medium",75221,0.75221,58
"5651","sto","societal_risk","high",12049,0.12049,58
"5652","sto","strategy_to_change","cope",78352,0.78352,58
"5653","sto","strategy_to_change","react",21648,0.21648,58
"5654","erf","economic_risk","low",74528,0.74528,58
"5655","erf","economic_risk","medium",4870,0.0487,58
"5656","erf","economic_risk","high",20602,0.20602,58
"5657","erf","go_fishing","no",69727,0.69727,58
"5658","erf","go_fishing","yes",30273,0.30273,58
"5659","erf","individual_risk","low",17577,0.17577,58
"5660","erf","individual_risk","medium",57863,0.57863,58
"5661","erf","individual_risk","high",24560,0.2456,58
"5662","erf","societal_risk","low",17577,0.17577,58
"5663","erf","societal_risk","medium",71952,0.71952,58
"5664","erf","societal_risk","high",10471,0.10471,58
"5665","erf","strategy_to_change","cope",100000,1,58
"5666","ici","economic_risk","low",5054,0.05054,58
"5667","ici","economic_risk","medium",8184,0.08184,58
"5668","ici","economic_risk","high",26560,0.2656,58
"5669","ici","economic_risk","not_relevant",60202,0.60202,58
"5670","ici","go_fishing","no",54923,0.54923,58
"5671","ici","go_fishing","yes",45077,0.45077,58
"5672","ici","individual_risk","low",28,0.00028,58
"5673","ici","individual_risk","medium",7879,0.07879,58
"5674","ici","individual_risk","high",31891,0.31891,58
"5675","ici","individual_risk","not_relevant",60202,0.60202,58
"5676","ici","societal_risk","low",28,0.00028,58
"5677","ici","societal_risk","medium",22301,0.22301,58
"5678","ici","societal_risk","high",17469,0.17469,58
"5679","ici","societal_risk","not_relevant",60202,0.60202,58
"5680","ici","strategy_to_change","not_relevant",60202,0.60202,58
"5681","ici","strategy_to_change","cope",24800,0.248,58
"5682","ici","strategy_to_change","react",14998,0.14998,58
"5683","abl","economic_risk","low",74173,0.74173,59
"5684","abl","economic_risk","medium",10281,0.10281,59
"5685","abl","economic_risk","high",15546,0.15546,59
"5686","abl","go_fishing","no",31908,0.31908,59
"5687","abl","go_fishing","yes",68092,0.68092,59
"5688","abl","individual_risk","low",39255,0.39255,59
"5689","abl","individual_risk","medium",46280,0.4628,59
"5690","abl","individual_risk","high",14465,0.14465,59
"5691","abl","societal_risk","low",39255,0.39255,59
"5692","abl","societal_risk","medium",55244,0.55244,59
"5693","abl","societal_risk","high",5501,0.05501,59
"5694","abl","strategy_to_change","cope",67901,0.67901,59
"5695","abl","strategy_to_change","react",8441,0.08441,59
"5696","abl","strategy_to_change","adapt",23658,0.23658,59
"5697","hws","economic_risk","low",79191,0.79191,59
"5698","hws","economic_risk","medium",9748,0.09748,59
"5699","hws","economic_risk","high",11061,0.11061,59
"5700","hws","go_fishing","no",9132,0.09132,59
"5701","hws","go_fishing","yes",90868,0.90868,59
"5702","hws","individual_risk","low",54867,0.54867,59
"5703","hws","individual_risk","medium",38278,0.38278,59
"5704","hws","individual_risk","high",6855,0.06855,59
"5705","hws","societal_risk","low",54867,0.54867,59
"5706","hws","societal_risk","medium",42211,0.42211,59
"5707","hws","societal_risk","high",2922,0.02922,59
"5708","hws","strategy_to_change","cope",17318,0.17318,59
"5709","hws","strategy_to_change","react",56500,0.565,59
"5710","hws","strategy_to_change","adapt",26182,0.26182,59
"5711","hww","economic_risk","low",79255,0.79255,59
"5712","hww","economic_risk","medium",2307,0.02307,59
"5713","hww","economic_risk","high",18438,0.18438,59
"5714","hww","go_fishing","no",44941,0.44941,59
"5715","hww","go_fishing","yes",55059,0.55059,59
"5716","hww","individual_risk","low",40149,0.40149,59
"5717","hww","individual_risk","medium",38515,0.38515,59
"5718","hww","individual_risk","high",21336,0.21336,59
"5719","hww","societal_risk","low",40149,0.40149,59
"5720","hww","societal_risk","medium",53950,0.5395,59
"5721","hww","societal_risk","high",5901,0.05901,59
"5722","hww","strategy_to_change","cope",84576,0.84576,59
"5723","hww","strategy_to_change","react",9519,0.09519,59
"5724","hww","strategy_to_change","adapt",5905,0.05905,59
"5725","gal","economic_risk","low",64363,0.64363,59
"5726","gal","economic_risk","medium",15150,0.1515,59
"5727","gal","economic_risk","high",20487,0.20487,59
"5728","gal","go_fishing","no",35055,0.35055,59
"5729","gal","go_fishing","yes",64945,0.64945,59
"5730","gal","individual_risk","low",35640,0.3564,59
"5731","gal","individual_risk","medium",53396,0.53396,59
"5732","gal","individual_risk","high",10964,0.10964,59
"5733","gal","societal_risk","low",35640,0.3564,59
"5734","gal","societal_risk","medium",58152,0.58152,59
"5735","gal","societal_risk","high",6208,0.06208,59
"5736","gal","strategy_to_change","cope",64038,0.64038,59
"5737","gal","strategy_to_change","react",32630,0.3263,59
"5738","gal","strategy_to_change","adapt",3332,0.03332,59
"5739","sto","economic_risk","low",71418,0.71418,59
"5740","sto","economic_risk","medium",5777,0.05777,59
"5741","sto","economic_risk","high",22805,0.22805,59
"5742","sto","go_fishing","no",79964,0.79964,59
"5743","sto","go_fishing","yes",20036,0.20036,59
"5744","sto","individual_risk","low",12732,0.12732,59
"5745","sto","individual_risk","medium",62866,0.62866,59
"5746","sto","individual_risk","high",24402,0.24402,59
"5747","sto","societal_risk","low",12732,0.12732,59
"5748","sto","societal_risk","medium",79536,0.79536,59
"5749","sto","societal_risk","high",7732,0.07732,59
"5750","sto","strategy_to_change","cope",79964,0.79964,59
"5751","sto","strategy_to_change","react",20036,0.20036,59
"5752","erf","economic_risk","low",73115,0.73115,59
"5753","erf","economic_risk","medium",5361,0.05361,59
"5754","erf","economic_risk","high",21524,0.21524,59
"5755","erf","go_fishing","no",68621,0.68621,59
"5756","erf","go_fishing","yes",31379,0.31379,59
"5757","erf","individual_risk","low",20741,0.20741,59
"5758","erf","individual_risk","medium",55748,0.55748,59
"5759","erf","individual_risk","high",23511,0.23511,59
"5760","erf","societal_risk","low",20741,0.20741,59
"5761","erf","societal_risk","medium",72301,0.72301,59
"5762","erf","societal_risk","high",6958,0.06958,59
"5763","erf","strategy_to_change","cope",100000,1,59
"5764","ici","economic_risk","low",8678,0.08678,59
"5765","ici","economic_risk","medium",6559,0.06559,59
"5766","ici","economic_risk","high",24724,0.24724,59
"5767","ici","economic_risk","not_relevant",60039,0.60039,59
"5768","ici","go_fishing","no",58411,0.58411,59
"5769","ici","go_fishing","yes",41589,0.41589,59
"5770","ici","individual_risk","low",16,0.00016,59
"5771","ici","individual_risk","medium",10030,0.1003,59
"5772","ici","individual_risk","high",29915,0.29915,59
"5773","ici","individual_risk","not_relevant",60039,0.60039,59
"5774","ici","societal_risk","low",16,0.00016,59
"5775","ici","societal_risk","medium",26743,0.26743,59
"5776","ici","societal_risk","high",13202,0.13202,59
"5777","ici","societal_risk","not_relevant",60039,0.60039,59
"5778","ici","strategy_to_change","not_relevant",60039,0.60039,59
"5779","ici","strategy_to_change","cope",28541,0.28541,59
"5780","ici","strategy_to_change","react",11420,0.1142,59
"5781","abl","economic_risk","low",61756,0.61756,60
"5782","abl","economic_risk","medium",15547,0.15547,60
"5783","abl","economic_risk","high",22697,0.22697,60
"5784","abl","go_fishing","no",35484,0.35484,60
"5785","abl","go_fishing","yes",64516,0.64516,60
"5786","abl","individual_risk","low",33422,0.33422,60
"5787","abl","individual_risk","medium",48814,0.48814,60
"5788","abl","individual_risk","high",17764,0.17764,60
"5789","abl","societal_risk","low",33422,0.33422,60
"5790","abl","societal_risk","medium",58482,0.58482,60
"5791","abl","societal_risk","high",8096,0.08096,60
"5792","abl","strategy_to_change","cope",68522,0.68522,60
"5793","abl","strategy_to_change","react",20582,0.20582,60
"5794","abl","strategy_to_change","adapt",10896,0.10896,60
"5795","hws","economic_risk","low",82003,0.82003,60
"5796","hws","economic_risk","medium",7270,0.0727,60
"5797","hws","economic_risk","high",10727,0.10727,60
"5798","hws","go_fishing","no",12544,0.12544,60
"5799","hws","go_fishing","yes",87456,0.87456,60
"5800","hws","individual_risk","low",48932,0.48932,60
"5801","hws","individual_risk","medium",42131,0.42131,60
"5802","hws","individual_risk","high",8937,0.08937,60
"5803","hws","societal_risk","low",48932,0.48932,60
"5804","hws","societal_risk","medium",45602,0.45602,60
"5805","hws","societal_risk","high",5466,0.05466,60
"5806","hws","strategy_to_change","cope",21414,0.21414,60
"5807","hws","strategy_to_change","react",50120,0.5012,60
"5808","hws","strategy_to_change","adapt",28466,0.28466,60
"5809","hww","economic_risk","low",78552,0.78552,60
"5810","hww","economic_risk","medium",2627,0.02627,60
"5811","hww","economic_risk","high",18821,0.18821,60
"5812","hww","go_fishing","no",41245,0.41245,60
"5813","hww","go_fishing","yes",58755,0.58755,60
"5814","hww","individual_risk","low",43238,0.43238,60
"5815","hww","individual_risk","medium",34806,0.34806,60
"5816","hww","individual_risk","high",21956,0.21956,60
"5817","hww","societal_risk","low",43238,0.43238,60
"5818","hww","societal_risk","medium",47281,0.47281,60
"5819","hww","societal_risk","high",9481,0.09481,60
"5820","hww","strategy_to_change","cope",79319,0.79319,60
"5821","hww","strategy_to_change","react",13082,0.13082,60
"5822","hww","strategy_to_change","adapt",7599,0.07599,60
"5823","gal","economic_risk","low",59305,0.59305,60
"5824","gal","economic_risk","medium",18286,0.18286,60
"5825","gal","economic_risk","high",22409,0.22409,60
"5826","gal","go_fishing","no",25075,0.25075,60
"5827","gal","go_fishing","yes",74925,0.74925,60
"5828","gal","individual_risk","low",41776,0.41776,60
"5829","gal","individual_risk","medium",45668,0.45668,60
"5830","gal","individual_risk","high",12556,0.12556,60
"5831","gal","societal_risk","low",41776,0.41776,60
"5832","gal","societal_risk","medium",48951,0.48951,60
"5833","gal","societal_risk","high",9273,0.09273,60
"5834","gal","strategy_to_change","cope",58197,0.58197,60
"5835","gal","strategy_to_change","react",36676,0.36676,60
"5836","gal","strategy_to_change","adapt",5127,0.05127,60
"5837","sto","economic_risk","low",72971,0.72971,60
"5838","sto","economic_risk","medium",4981,0.04981,60
"5839","sto","economic_risk","high",22048,0.22048,60
"5840","sto","go_fishing","no",80302,0.80302,60
"5841","sto","go_fishing","yes",19698,0.19698,60
"5842","sto","individual_risk","low",12633,0.12633,60
"5843","sto","individual_risk","medium",60657,0.60657,60
"5844","sto","individual_risk","high",26710,0.2671,60
"5845","sto","societal_risk","low",12633,0.12633,60
"5846","sto","societal_risk","medium",73619,0.73619,60
"5847","sto","societal_risk","high",13748,0.13748,60
"5848","sto","strategy_to_change","cope",80302,0.80302,60
"5849","sto","strategy_to_change","react",19698,0.19698,60
"5850","erf","economic_risk","low",72651,0.72651,60
"5851","erf","economic_risk","medium",5648,0.05648,60
"5852","erf","economic_risk","high",21701,0.21701,60
"5853","erf","go_fishing","no",71603,0.71603,60
"5854","erf","go_fishing","yes",28397,0.28397,60
"5855","erf","individual_risk","low",17984,0.17984,60
"5856","erf","individual_risk","medium",56621,0.56621,60
"5857","erf","individual_risk","high",25395,0.25395,60
"5858","erf","societal_risk","low",17984,0.17984,60
"5859","erf","societal_risk","medium",69858,0.69858,60
"5860","erf","societal_risk","high",12158,0.12158,60
"5861","erf","strategy_to_change","cope",100000,1,60
"5862","ici","economic_risk","low",9413,0.09413,60
"5863","ici","economic_risk","medium",6412,0.06412,60
"5864","ici","economic_risk","high",24300,0.243,60
"5865","ici","economic_risk","not_relevant",59875,0.59875,60
"5866","ici","go_fishing","no",59159,0.59159,60
"5867","ici","go_fishing","yes",40841,0.40841,60
"5868","ici","individual_risk","low",17,0.00017,60
"5869","ici","individual_risk","medium",10854,0.10854,60
"5870","ici","individual_risk","high",29254,0.29254,60
"5871","ici","individual_risk","not_relevant",59875,0.59875,60
"5872","ici","societal_risk","low",17,0.00017,60
"5873","ici","societal_risk","medium",24397,0.24397,60
"5874","ici","societal_risk","high",15711,0.15711,60
"5875","ici","societal_risk","not_relevant",59875,0.59875,60
"5876","ici","strategy_to_change","not_relevant",59875,0.59875,60
"5877","ici","strategy_to_change","cope",29311,0.29311,60
"5878","ici","strategy_to_change","react",10814,0.10814,60
"5879","abl","economic_risk","low",68216,0.68216,61
"5880","abl","economic_risk","medium",9377,0.09377,61
"5881","abl","economic_risk","high",22407,0.22407,61
"5882","abl","go_fishing","no",38993,0.38993,61
"5883","abl","go_fishing","yes",61007,0.61007,61
"5884","abl","individual_risk","low",30627,0.30627,61
"5885","abl","individual_risk","medium",47525,0.47525,61
"5886","abl","individual_risk","high",21848,0.21848,61
"5887","abl","societal_risk","low",30627,0.30627,61
"5888","abl","societal_risk","medium",62166,0.62166,61
"5889","abl","societal_risk","high",7207,0.07207,61
"5890","abl","strategy_to_change","cope",69742,0.69742,61
"5891","abl","strategy_to_change","react",9705,0.09705,61
"5892","abl","strategy_to_change","adapt",20553,0.20553,61
"5893","hws","economic_risk","low",80340,0.8034,61
"5894","hws","economic_risk","medium",10229,0.10229,61
"5895","hws","economic_risk","high",9431,0.09431,61
"5896","hws","go_fishing","no",13329,0.13329,61
"5897","hws","go_fishing","yes",86671,0.86671,61
"5898","hws","individual_risk","low",48161,0.48161,61
"5899","hws","individual_risk","medium",44685,0.44685,61
"5900","hws","individual_risk","high",7154,0.07154,61
"5901","hws","societal_risk","low",48161,0.48161,61
"5902","hws","societal_risk","medium",47546,0.47546,61
"5903","hws","societal_risk","high",4293,0.04293,61
"5904","hws","strategy_to_change","cope",19314,0.19314,61
"5905","hws","strategy_to_change","react",50661,0.50661,61
"5906","hws","strategy_to_change","adapt",30025,0.30025,61
"5907","hww","economic_risk","low",77934,0.77934,61
"5908","hww","economic_risk","medium",3914,0.03914,61
"5909","hww","economic_risk","high",18152,0.18152,61
"5910","hww","go_fishing","no",50006,0.50006,61
"5911","hww","go_fishing","yes",49994,0.49994,61
"5912","hww","individual_risk","low",35735,0.35735,61
"5913","hww","individual_risk","medium",34067,0.34067,61
"5914","hww","individual_risk","high",30198,0.30198,61
"5915","hww","societal_risk","low",35735,0.35735,61
"5916","hww","societal_risk","medium",53678,0.53678,61
"5917","hww","societal_risk","high",10587,0.10587,61
"5918","hww","strategy_to_change","cope",78726,0.78726,61
"5919","hww","strategy_to_change","react",12583,0.12583,61
"5920","hww","strategy_to_change","adapt",8691,0.08691,61
"5921","gal","economic_risk","low",50127,0.50127,61
"5922","gal","economic_risk","medium",22233,0.22233,61
"5923","gal","economic_risk","high",27640,0.2764,61
"5924","gal","go_fishing","no",21165,0.21165,61
"5925","gal","go_fishing","yes",78835,0.78835,61
"5926","gal","individual_risk","low",38993,0.38993,61
"5927","gal","individual_risk","medium",44202,0.44202,61
"5928","gal","individual_risk","high",16805,0.16805,61
"5929","gal","societal_risk","low",38993,0.38993,61
"5930","gal","societal_risk","medium",50646,0.50646,61
"5931","gal","societal_risk","high",10361,0.10361,61
"5932","gal","strategy_to_change","cope",53259,0.53259,61
"5933","gal","strategy_to_change","react",43619,0.43619,61
"5934","gal","strategy_to_change","adapt",3122,0.03122,61
"5935","sto","economic_risk","low",72509,0.72509,61
"5936","sto","economic_risk","medium",5586,0.05586,61
"5937","sto","economic_risk","high",21905,0.21905,61
"5938","sto","go_fishing","no",83602,0.83602,61
"5939","sto","go_fishing","yes",16398,0.16398,61
"5940","sto","individual_risk","low",10207,0.10207,61
"5941","sto","individual_risk","medium",53466,0.53466,61
"5942","sto","individual_risk","high",36327,0.36327,61
"5943","sto","societal_risk","low",10207,0.10207,61
"5944","sto","societal_risk","medium",76509,0.76509,61
"5945","sto","societal_risk","high",13284,0.13284,61
"5946","sto","strategy_to_change","cope",83602,0.83602,61
"5947","sto","strategy_to_change","react",16398,0.16398,61
"5948","erf","economic_risk","low",71815,0.71815,61
"5949","erf","economic_risk","medium",6777,0.06777,61
"5950","erf","economic_risk","high",21408,0.21408,61
"5951","erf","go_fishing","no",68262,0.68262,61
"5952","erf","go_fishing","yes",31738,0.31738,61
"5953","erf","individual_risk","low",20375,0.20375,61
"5954","erf","individual_risk","medium",45409,0.45409,61
"5955","erf","individual_risk","high",34216,0.34216,61
"5956","erf","societal_risk","low",20375,0.20375,61
"5957","erf","societal_risk","medium",69030,0.6903,61
"5958","erf","societal_risk","high",10595,0.10595,61
"5959","erf","strategy_to_change","cope",100000,1,61
"5960","ici","economic_risk","low",5016,0.05016,61
"5961","ici","economic_risk","medium",8865,0.08865,61
"5962","ici","economic_risk","high",26404,0.26404,61
"5963","ici","economic_risk","not_relevant",59715,0.59715,61
"5964","ici","go_fishing","no",55046,0.55046,61
"5965","ici","go_fishing","yes",44954,0.44954,61
"5966","ici","individual_risk","low",13,0.00013,61
"5967","ici","individual_risk","medium",7023,0.07023,61
"5968","ici","individual_risk","high",33249,0.33249,61
"5969","ici","individual_risk","not_relevant",59715,0.59715,61
"5970","ici","societal_risk","low",13,0.00013,61
"5971","ici","societal_risk","medium",23342,0.23342,61
"5972","ici","societal_risk","high",16930,0.1693,61
"5973","ici","societal_risk","not_relevant",59715,0.59715,61
"5974","ici","strategy_to_change","not_relevant",59715,0.59715,61
"5975","ici","strategy_to_change","cope",25121,0.25121,61
"5976","ici","strategy_to_change","react",15164,0.15164,61
"5977","abl","economic_risk","low",69634,0.69634,62
"5978","abl","economic_risk","medium",10324,0.10324,62
"5979","abl","economic_risk","high",20042,0.20042,62
"5980","abl","go_fishing","no",35840,0.3584,62
"5981","abl","go_fishing","yes",64160,0.6416,62
"5982","abl","individual_risk","low",33755,0.33755,62
"5983","abl","individual_risk","medium",47722,0.47722,62
"5984","abl","individual_risk","high",18523,0.18523,62
"5985","abl","societal_risk","low",33755,0.33755,62
"5986","abl","societal_risk","medium",58790,0.5879,62
"5987","abl","societal_risk","high",7455,0.07455,62
"5988","abl","strategy_to_change","cope",67972,0.67972,62
"5989","abl","strategy_to_change","react",11224,0.11224,62
"5990","abl","strategy_to_change","adapt",20804,0.20804,62
"5991","hws","economic_risk","low",85843,0.85843,62
"5992","hws","economic_risk","medium",7502,0.07502,62
"5993","hws","economic_risk","high",6655,0.06655,62
"5994","hws","go_fishing","no",11196,0.11196,62
"5995","hws","go_fishing","yes",88804,0.88804,62
"5996","hws","individual_risk","low",49450,0.4945,62
"5997","hws","individual_risk","medium",43875,0.43875,62
"5998","hws","individual_risk","high",6675,0.06675,62
"5999","hws","societal_risk","low",49450,0.4945,62
"6000","hws","societal_risk","medium",46381,0.46381,62
"6001","hws","societal_risk","high",4169,0.04169,62
"6002","hws","strategy_to_change","cope",21608,0.21608,62
"6003","hws","strategy_to_change","react",41311,0.41311,62
"6004","hws","strategy_to_change","adapt",37081,0.37081,62
"6005","hww","economic_risk","low",74735,0.74735,62
"6006","hww","economic_risk","medium",4327,0.04327,62
"6007","hww","economic_risk","high",20938,0.20938,62
"6008","hww","go_fishing","no",50152,0.50152,62
"6009","hww","go_fishing","yes",49848,0.49848,62
"6010","hww","individual_risk","low",37494,0.37494,62
"6011","hww","individual_risk","medium",28242,0.28242,62
"6012","hww","individual_risk","high",34264,0.34264,62
"6013","hww","societal_risk","low",37494,0.37494,62
"6014","hww","societal_risk","medium",45231,0.45231,62
"6015","hww","societal_risk","high",17275,0.17275,62
"6016","hww","strategy_to_change","cope",84628,0.84628,62
"6017","hww","strategy_to_change","react",12744,0.12744,62
"6018","hww","strategy_to_change","adapt",2628,0.02628,62
"6019","gal","economic_risk","low",54559,0.54559,62
"6020","gal","economic_risk","medium",19224,0.19224,62
"6021","gal","economic_risk","high",26217,0.26217,62
"6022","gal","go_fishing","no",20608,0.20608,62
"6023","gal","go_fishing","yes",79392,0.79392,62
"6024","gal","individual_risk","low",39208,0.39208,62
"6025","gal","individual_risk","medium",40226,0.40226,62
"6026","gal","individual_risk","high",20566,0.20566,62
"6027","gal","societal_risk","low",39208,0.39208,62
"6028","gal","societal_risk","medium",44139,0.44139,62
"6029","gal","societal_risk","high",16653,0.16653,62
"6030","gal","strategy_to_change","cope",59443,0.59443,62
"6031","gal","strategy_to_change","react",33284,0.33284,62
"6032","gal","strategy_to_change","adapt",7273,0.07273,62
"6033","sto","economic_risk","low",66994,0.66994,62
"6034","sto","economic_risk","medium",7351,0.07351,62
"6035","sto","economic_risk","high",25655,0.25655,62
"6036","sto","go_fishing","no",79635,0.79635,62
"6037","sto","go_fishing","yes",20365,0.20365,62
"6038","sto","individual_risk","low",12116,0.12116,62
"6039","sto","individual_risk","medium",46019,0.46019,62
"6040","sto","individual_risk","high",41865,0.41865,62
"6041","sto","societal_risk","low",12116,0.12116,62
"6042","sto","societal_risk","medium",64105,0.64105,62
"6043","sto","societal_risk","high",23779,0.23779,62
"6044","sto","strategy_to_change","cope",79635,0.79635,62
"6045","sto","strategy_to_change","react",20365,0.20365,62
"6046","erf","economic_risk","low",49233,0.49233,62
"6047","erf","economic_risk","medium",7342,0.07342,62
"6048","erf","economic_risk","high",43425,0.43425,62
"6049","erf","go_fishing","no",46622,0.46622,62
"6050","erf","go_fishing","yes",53378,0.53378,62
"6051","erf","individual_risk","low",36539,0.36539,62
"6052","erf","individual_risk","medium",37525,0.37525,62
"6053","erf","individual_risk","high",25936,0.25936,62
"6054","erf","societal_risk","low",36539,0.36539,62
"6055","erf","societal_risk","medium",52793,0.52793,62
"6056","erf","societal_risk","high",10668,0.10668,62
"6057","erf","strategy_to_change","cope",100000,1,62
"6058","ici","economic_risk","low",5177,0.05177,62
"6059","ici","economic_risk","medium",7850,0.0785,62
"6060","ici","economic_risk","high",27224,0.27224,62
"6061","ici","economic_risk","not_relevant",59749,0.59749,62
"6062","ici","go_fishing","no",54919,0.54919,62
"6063","ici","go_fishing","yes",45081,0.45081,62
"6064","ici","individual_risk","low",59,0.00059,62
"6065","ici","individual_risk","medium",7271,0.07271,62
"6066","ici","individual_risk","high",32921,0.32921,62
"6067","ici","individual_risk","not_relevant",59749,0.59749,62
"6068","ici","societal_risk","low",59,0.00059,62
"6069","ici","societal_risk","medium",22693,0.22693,62
"6070","ici","societal_risk","high",17499,0.17499,62
"6071","ici","societal_risk","not_relevant",59749,0.59749,62
"6072","ici","strategy_to_change","not_relevant",59749,0.59749,62
"6073","ici","strategy_to_change","cope",25187,0.25187,62
"6074","ici","strategy_to_change","react",15064,0.15064,62
"6075","abl","economic_risk","low",70740,0.7074,63
"6076","abl","economic_risk","medium",8561,0.08561,63
"6077","abl","economic_risk","high",20699,0.20699,63
"6078","abl","go_fishing","no",36935,0.36935,63
"6079","abl","go_fishing","yes",63065,0.63065,63
"6080","abl","individual_risk","low",33701,0.33701,63
"6081","abl","individual_risk","medium",46805,0.46805,63
"6082","abl","individual_risk","high",19494,0.19494,63
"6083","abl","societal_risk","low",33710,0.3371,63
"6084","abl","societal_risk","medium",58986,0.58986,63
"6085","abl","societal_risk","high",7304,0.07304,63
"6086","abl","strategy_to_change","cope",68645,0.68645,63
"6087","abl","strategy_to_change","react",8271,0.08271,63
"6088","abl","strategy_to_change","adapt",23084,0.23084,63
"6089","hws","economic_risk","low",80880,0.8088,63
"6090","hws","economic_risk","medium",7835,0.07835,63
"6091","hws","economic_risk","high",11285,0.11285,63
"6092","hws","go_fishing","no",9804,0.09804,63
"6093","hws","go_fishing","yes",90196,0.90196,63
"6094","hws","individual_risk","low",47870,0.4787,63
"6095","hws","individual_risk","medium",44207,0.44207,63
"6096","hws","individual_risk","high",7923,0.07923,63
"6097","hws","societal_risk","low",47905,0.47905,63
"6098","hws","societal_risk","medium",48304,0.48304,63
"6099","hws","societal_risk","high",3791,0.03791,63
"6100","hws","strategy_to_change","cope",19227,0.19227,63
"6101","hws","strategy_to_change","react",49294,0.49294,63
"6102","hws","strategy_to_change","adapt",31479,0.31479,63
"6103","hww","economic_risk","low",82931,0.82931,63
"6104","hww","economic_risk","medium",2154,0.02154,63
"6105","hww","economic_risk","high",14915,0.14915,63
"6106","hww","go_fishing","no",39899,0.39899,63
"6107","hww","go_fishing","yes",60101,0.60101,63
"6108","hww","individual_risk","low",38361,0.38361,63
"6109","hww","individual_risk","medium",42538,0.42538,63
"6110","hww","individual_risk","high",19101,0.19101,63
"6111","hww","societal_risk","low",38412,0.38412,63
"6112","hww","societal_risk","medium",54058,0.54058,63
"6113","hww","societal_risk","high",7530,0.0753,63
"6114","hww","strategy_to_change","cope",77558,0.77558,63
"6115","hww","strategy_to_change","react",12006,0.12006,63
"6116","hww","strategy_to_change","adapt",10436,0.10436,63
"6117","gal","economic_risk","low",49142,0.49142,63
"6118","gal","economic_risk","medium",18276,0.18276,63
"6119","gal","economic_risk","high",32582,0.32582,63
"6120","gal","go_fishing","no",13865,0.13865,63
"6121","gal","go_fishing","yes",86135,0.86135,63
"6122","gal","individual_risk","low",41007,0.41007,63
"6123","gal","individual_risk","medium",40776,0.40776,63
"6124","gal","individual_risk","high",18217,0.18217,63
"6125","gal","societal_risk","low",41031,0.41031,63
"6126","gal","societal_risk","medium",45372,0.45372,63
"6127","gal","societal_risk","high",13597,0.13597,63
"6128","gal","strategy_to_change","cope",57555,0.57555,63
"6129","gal","strategy_to_change","react",34906,0.34906,63
"6130","gal","strategy_to_change","adapt",7539,0.07539,63
"6131","sto","economic_risk","low",68564,0.68564,63
"6132","sto","economic_risk","medium",6649,0.06649,63
"6133","sto","economic_risk","high",24787,0.24787,63
"6134","sto","go_fishing","no",79478,0.79478,63
"6135","sto","go_fishing","yes",20522,0.20522,63
"6136","sto","individual_risk","low",14226,0.14226,63
"6137","sto","individual_risk","medium",55682,0.55682,63
"6138","sto","individual_risk","high",30092,0.30092,63
"6139","sto","societal_risk","low",14279,0.14279,63
"6140","sto","societal_risk","medium",70040,0.7004,63
"6141","sto","societal_risk","high",15681,0.15681,63
"6142","sto","strategy_to_change","cope",79478,0.79478,63
"6143","sto","strategy_to_change","react",20522,0.20522,63
"6144","erf","economic_risk","low",51843,0.51843,63
"6145","erf","economic_risk","medium",5616,0.05616,63
"6146","erf","economic_risk","high",42541,0.42541,63
"6147","erf","go_fishing","no",47384,0.47384,63
"6148","erf","go_fishing","yes",52616,0.52616,63
"6149","erf","individual_risk","low",29517,0.29517,63
"6150","erf","individual_risk","medium",44480,0.4448,63
"6151","erf","individual_risk","high",26003,0.26003,63
"6152","erf","societal_risk","low",29538,0.29538,63
"6153","erf","societal_risk","medium",59695,0.59695,63
"6154","erf","societal_risk","high",10767,0.10767,63
"6155","erf","strategy_to_change","cope",100000,1,63
"6156","ici","economic_risk","low",7765,0.07765,63
"6157","ici","economic_risk","medium",7016,0.07016,63
"6158","ici","economic_risk","high",25055,0.25055,63
"6159","ici","economic_risk","not_relevant",60164,0.60164,63
"6160","ici","go_fishing","no",57422,0.57422,63
"6161","ici","go_fishing","yes",42578,0.42578,63
"6162","ici","individual_risk","low",25,0.00025,63
"6163","ici","individual_risk","medium",9256,0.09256,63
"6164","ici","individual_risk","high",30555,0.30555,63
"6165","ici","individual_risk","not_relevant",60164,0.60164,63
"6166","ici","societal_risk","low",25,0.00025,63
"6167","ici","societal_risk","medium",24911,0.24911,63
"6168","ici","societal_risk","high",14900,0.149,63
"6169","ici","societal_risk","not_relevant",60164,0.60164,63
"6170","ici","strategy_to_change","not_relevant",60164,0.60164,63
"6171","ici","strategy_to_change","cope",27657,0.27657,63
"6172","ici","strategy_to_change","react",12179,0.12179,63
"6173","abl","economic_risk","low",71480,0.7148,64
"6174","abl","economic_risk","medium",9232,0.09232,64
"6175","abl","economic_risk","high",19288,0.19288,64
"6176","abl","go_fishing","no",35277,0.35277,64
"6177","abl","go_fishing","yes",64723,0.64723,64
"6178","abl","individual_risk","low",34796,0.34796,64
"6179","abl","individual_risk","medium",48515,0.48515,64
"6180","abl","individual_risk","high",16689,0.16689,64
"6181","abl","societal_risk","low",34796,0.34796,64
"6182","abl","societal_risk","medium",59212,0.59212,64
"6183","abl","societal_risk","high",5992,0.05992,64
"6184","abl","strategy_to_change","cope",63210,0.6321,64
"6185","abl","strategy_to_change","react",13900,0.139,64
"6186","abl","strategy_to_change","adapt",22890,0.2289,64
"6187","hws","economic_risk","low",82185,0.82185,64
"6188","hws","economic_risk","medium",9790,0.0979,64
"6189","hws","economic_risk","high",8025,0.08025,64
"6190","hws","go_fishing","no",14785,0.14785,64
"6191","hws","go_fishing","yes",85215,0.85215,64
"6192","hws","individual_risk","low",40902,0.40902,64
"6193","hws","individual_risk","medium",51505,0.51505,64
"6194","hws","individual_risk","high",7593,0.07593,64
"6195","hws","societal_risk","low",40902,0.40902,64
"6196","hws","societal_risk","medium",54475,0.54475,64
"6197","hws","societal_risk","high",4623,0.04623,64
"6198","hws","strategy_to_change","cope",25095,0.25095,64
"6199","hws","strategy_to_change","react",44422,0.44422,64
"6200","hws","strategy_to_change","adapt",30483,0.30483,64
"6201","hww","economic_risk","low",76011,0.76011,64
"6202","hww","economic_risk","medium",3116,0.03116,64
"6203","hww","economic_risk","high",20873,0.20873,64
"6204","hww","go_fishing","no",51227,0.51227,64
"6205","hww","go_fishing","yes",48773,0.48773,64
"6206","hww","individual_risk","low",35709,0.35709,64
"6207","hww","individual_risk","medium",38408,0.38408,64
"6208","hww","individual_risk","high",25883,0.25883,64
"6209","hww","societal_risk","low",35709,0.35709,64
"6210","hww","societal_risk","medium",53571,0.53571,64
"6211","hww","societal_risk","high",10720,0.1072,64
"6212","hww","strategy_to_change","cope",84675,0.84675,64
"6213","hww","strategy_to_change","react",11882,0.11882,64
"6214","hww","strategy_to_change","adapt",3443,0.03443,64
"6215","gal","economic_risk","low",66075,0.66075,64
"6216","gal","economic_risk","medium",15711,0.15711,64
"6217","gal","economic_risk","high",18214,0.18214,64
"6218","gal","go_fishing","no",40929,0.40929,64
"6219","gal","go_fishing","yes",59071,0.59071,64
"6220","gal","individual_risk","low",30390,0.3039,64
"6221","gal","individual_risk","medium",52345,0.52345,64
"6222","gal","individual_risk","high",17265,0.17265,64
"6223","gal","societal_risk","low",30390,0.3039,64
"6224","gal","societal_risk","medium",56117,0.56117,64
"6225","gal","societal_risk","high",13493,0.13493,64
"6226","gal","strategy_to_change","cope",64692,0.64692,64
"6227","gal","strategy_to_change","react",29239,0.29239,64
"6228","gal","strategy_to_change","adapt",6069,0.06069,64
"6229","sto","economic_risk","low",67545,0.67545,64
"6230","sto","economic_risk","medium",7184,0.07184,64
"6231","sto","economic_risk","high",25271,0.25271,64
"6232","sto","go_fishing","no",74810,0.7481,64
"6233","sto","go_fishing","yes",25190,0.2519,64
"6234","sto","individual_risk","low",18835,0.18835,64
"6235","sto","individual_risk","medium",53297,0.53297,64
"6236","sto","individual_risk","high",27868,0.27868,64
"6237","sto","societal_risk","low",18835,0.18835,64
"6238","sto","societal_risk","medium",69040,0.6904,64
"6239","sto","societal_risk","high",12125,0.12125,64
"6240","sto","strategy_to_change","cope",74810,0.7481,64
"6241","sto","strategy_to_change","react",25190,0.2519,64
"6242","erf","economic_risk","low",51635,0.51635,64
"6243","erf","economic_risk","medium",5660,0.0566,64
"6244","erf","economic_risk","high",42705,0.42705,64
"6245","erf","go_fishing","no",43572,0.43572,64
"6246","erf","go_fishing","yes",56428,0.56428,64
"6247","erf","individual_risk","low",35634,0.35634,64
"6248","erf","individual_risk","medium",39541,0.39541,64
"6249","erf","individual_risk","high",24825,0.24825,64
"6250","erf","societal_risk","low",35634,0.35634,64
"6251","erf","societal_risk","medium",56170,0.5617,64
"6252","erf","societal_risk","high",8196,0.08196,64
"6253","erf","strategy_to_change","cope",100000,1,64
"6254","ici","economic_risk","low",4577,0.04577,64
"6255","ici","economic_risk","medium",8764,0.08764,64
"6256","ici","economic_risk","high",26706,0.26706,64
"6257","ici","economic_risk","not_relevant",59953,0.59953,64
"6258","ici","go_fishing","no",54642,0.54642,64
"6259","ici","go_fishing","yes",45358,0.45358,64
"6260","ici","individual_risk","low",23,0.00023,64
"6261","ici","individual_risk","medium",6168,0.06168,64
"6262","ici","individual_risk","high",33856,0.33856,64
"6263","ici","individual_risk","not_relevant",59953,0.59953,64
"6264","ici","societal_risk","low",23,0.00023,64
"6265","ici","societal_risk","medium",22307,0.22307,64
"6266","ici","societal_risk","high",17717,0.17717,64
"6267","ici","societal_risk","not_relevant",59953,0.59953,64
"6268","ici","strategy_to_change","not_relevant",59953,0.59953,64
"6269","ici","strategy_to_change","cope",24493,0.24493,64
"6270","ici","strategy_to_change","react",15554,0.15554,64
"6271","abl","economic_risk","low",72040,0.7204,65
"6272","abl","economic_risk","medium",8015,0.08015,65
"6273","abl","economic_risk","high",19945,0.19945,65
"6274","abl","go_fishing","no",34971,0.34971,65
"6275","abl","go_fishing","yes",65029,0.65029,65
"6276","abl","individual_risk","low",37272,0.37272,65
"6277","abl","individual_risk","medium",44709,0.44709,65
"6278","abl","individual_risk","high",18019,0.18019,65
"6279","abl","societal_risk","low",37272,0.37272,65
"6280","abl","societal_risk","medium",55200,0.552,65
"6281","abl","societal_risk","high",7528,0.07528,65
"6282","abl","strategy_to_change","cope",67672,0.67672,65
"6283","abl","strategy_to_change","react",15179,0.15179,65
"6284","abl","strategy_to_change","adapt",17149,0.17149,65
"6285","hws","economic_risk","low",86390,0.8639,65
"6286","hws","economic_risk","medium",6468,0.06468,65
"6287","hws","economic_risk","high",7142,0.07142,65
"6288","hws","go_fishing","no",7477,0.07477,65
"6289","hws","go_fishing","yes",92523,0.92523,65
"6290","hws","individual_risk","low",50623,0.50623,65
"6291","hws","individual_risk","medium",41898,0.41898,65
"6292","hws","individual_risk","high",7479,0.07479,65
"6293","hws","societal_risk","low",50623,0.50623,65
"6294","hws","societal_risk","medium",44975,0.44975,65
"6295","hws","societal_risk","high",4402,0.04402,65
"6296","hws","strategy_to_change","cope",21748,0.21748,65
"6297","hws","strategy_to_change","react",47017,0.47017,65
"6298","hws","strategy_to_change","adapt",31235,0.31235,65
"6299","hww","economic_risk","low",79351,0.79351,65
"6300","hww","economic_risk","medium",1316,0.01316,65
"6301","hww","economic_risk","high",19333,0.19333,65
"6302","hww","go_fishing","no",50183,0.50183,65
"6303","hww","go_fishing","yes",49817,0.49817,65
"6304","hww","individual_risk","low",37605,0.37605,65
"6305","hww","individual_risk","medium",30898,0.30898,65
"6306","hww","individual_risk","high",31497,0.31497,65
"6307","hww","societal_risk","low",37605,0.37605,65
"6308","hww","societal_risk","medium",43986,0.43986,65
"6309","hww","societal_risk","high",18409,0.18409,65
"6310","hww","strategy_to_change","cope",79726,0.79726,65
"6311","hww","strategy_to_change","react",15825,0.15825,65
"6312","hww","strategy_to_change","adapt",4449,0.04449,65
"6313","gal","economic_risk","low",67043,0.67043,65
"6314","gal","economic_risk","medium",14009,0.14009,65
"6315","gal","economic_risk","high",18948,0.18948,65
"6316","gal","go_fishing","no",35419,0.35419,65
"6317","gal","go_fishing","yes",64581,0.64581,65
"6318","gal","individual_risk","low",35367,0.35367,65
"6319","gal","individual_risk","medium",45632,0.45632,65
"6320","gal","individual_risk","high",19001,0.19001,65
"6321","gal","societal_risk","low",35367,0.35367,65
"6322","gal","societal_risk","medium",47998,0.47998,65
"6323","gal","societal_risk","high",16635,0.16635,65
"6324","gal","strategy_to_change","cope",60992,0.60992,65
"6325","gal","strategy_to_change","react",30477,0.30477,65
"6326","gal","strategy_to_change","adapt",8531,0.08531,65
"6327","sto","economic_risk","low",74234,0.74234,65
"6328","sto","economic_risk","medium",2998,0.02998,65
"6329","sto","economic_risk","high",22768,0.22768,65
"6330","sto","go_fishing","no",77516,0.77516,65
"6331","sto","go_fishing","yes",22484,0.22484,65
"6332","sto","individual_risk","low",13897,0.13897,65
"6333","sto","individual_risk","medium",49706,0.49706,65
"6334","sto","individual_risk","high",36397,0.36397,65
"6335","sto","societal_risk","low",13897,0.13897,65
"6336","sto","societal_risk","medium",63598,0.63598,65
"6337","sto","societal_risk","high",22505,0.22505,65
"6338","sto","strategy_to_change","cope",77516,0.77516,65
"6339","sto","strategy_to_change","react",22484,0.22484,65
"6340","erf","economic_risk","low",76325,0.76325,65
"6341","erf","economic_risk","medium",2081,0.02081,65
"6342","erf","economic_risk","high",21594,0.21594,65
"6343","erf","go_fishing","no",64711,0.64711,65
"6344","erf","go_fishing","yes",35289,0.35289,65
"6345","erf","individual_risk","low",23710,0.2371,65
"6346","erf","individual_risk","medium",43339,0.43339,65
"6347","erf","individual_risk","high",32951,0.32951,65
"6348","erf","societal_risk","low",23710,0.2371,65
"6349","erf","societal_risk","medium",57580,0.5758,65
"6350","erf","societal_risk","high",18710,0.1871,65
"6351","erf","strategy_to_change","cope",100000,1,65
"6352","ici","economic_risk","low",7698,0.07698,65
"6353","ici","economic_risk","medium",5742,0.05742,65
"6354","ici","economic_risk","high",26598,0.26598,65
"6355","ici","economic_risk","not_relevant",59962,0.59962,65
"6356","ici","go_fishing","no",57800,0.578,65
"6357","ici","go_fishing","yes",42200,0.422,65
"6358","ici","individual_risk","low",18,0.00018,65
"6359","ici","individual_risk","medium",9315,0.09315,65
"6360","ici","individual_risk","high",30705,0.30705,65
"6361","ici","individual_risk","not_relevant",59962,0.59962,65
"6362","ici","societal_risk","low",18,0.00018,65
"6363","ici","societal_risk","medium",24067,0.24067,65
"6364","ici","societal_risk","high",15953,0.15953,65
"6365","ici","societal_risk","not_relevant",59962,0.59962,65
"6366","ici","strategy_to_change","not_relevant",59962,0.59962,65
"6367","ici","strategy_to_change","cope",27784,0.27784,65
"6368","ici","strategy_to_change","react",12254,0.12254,65
"6369","abl","economic_risk","low",72610,0.7261,66
"6370","abl","economic_risk","medium",6315,0.06315,66
"6371","abl","economic_risk","high",21075,0.21075,66
"6372","abl","go_fishing","no",37641,0.37641,66
"6373","abl","go_fishing","yes",62359,0.62359,66
"6374","abl","individual_risk","low",29041,0.29041,66
"6375","abl","individual_risk","medium",50335,0.50335,66
"6376","abl","individual_risk","high",20624,0.20624,66
"6377","abl","societal_risk","low",29041,0.29041,66
"6378","abl","societal_risk","medium",64823,0.64823,66
"6379","abl","societal_risk","high",6136,0.06136,66
"6380","abl","strategy_to_change","cope",66136,0.66136,66
"6381","abl","strategy_to_change","react",11921,0.11921,66
"6382","abl","strategy_to_change","adapt",21943,0.21943,66
"6383","hws","economic_risk","low",83418,0.83418,66
"6384","hws","economic_risk","medium",5383,0.05383,66
"6385","hws","economic_risk","high",11199,0.11199,66
"6386","hws","go_fishing","no",13800,0.138,66
"6387","hws","go_fishing","yes",86200,0.862,66
"6388","hws","individual_risk","low",39793,0.39793,66
"6389","hws","individual_risk","medium",50114,0.50114,66
"6390","hws","individual_risk","high",10093,0.10093,66
"6391","hws","societal_risk","low",39793,0.39793,66
"6392","hws","societal_risk","medium",54786,0.54786,66
"6393","hws","societal_risk","high",5421,0.05421,66
"6394","hws","strategy_to_change","cope",24180,0.2418,66
"6395","hws","strategy_to_change","react",42382,0.42382,66
"6396","hws","strategy_to_change","adapt",33438,0.33438,66
"6397","hww","economic_risk","low",79394,0.79394,66
"6398","hww","economic_risk","medium",1826,0.01826,66
"6399","hww","economic_risk","high",18780,0.1878,66
"6400","hww","go_fishing","no",37662,0.37662,66
"6401","hww","go_fishing","yes",62338,0.62338,66
"6402","hww","individual_risk","low",45347,0.45347,66
"6403","hww","individual_risk","medium",28232,0.28232,66
"6404","hww","individual_risk","high",26421,0.26421,66
"6405","hww","societal_risk","low",45347,0.45347,66
"6406","hww","societal_risk","medium",46229,0.46229,66
"6407","hww","societal_risk","high",8424,0.08424,66
"6408","hww","strategy_to_change","cope",72936,0.72936,66
"6409","hww","strategy_to_change","react",16328,0.16328,66
"6410","hww","strategy_to_change","adapt",10736,0.10736,66
"6411","gal","economic_risk","low",52779,0.52779,66
"6412","gal","economic_risk","medium",14044,0.14044,66
"6413","gal","economic_risk","high",33177,0.33177,66
"6414","gal","go_fishing","no",22234,0.22234,66
"6415","gal","go_fishing","yes",77766,0.77766,66
"6416","gal","individual_risk","low",41056,0.41056,66
"6417","gal","individual_risk","medium",46018,0.46018,66
"6418","gal","individual_risk","high",12926,0.12926,66
"6419","gal","societal_risk","low",41056,0.41056,66
"6420","gal","societal_risk","medium",50095,0.50095,66
"6421","gal","societal_risk","high",8849,0.08849,66
"6422","gal","strategy_to_change","cope",62844,0.62844,66
"6423","gal","strategy_to_change","react",31476,0.31476,66
"6424","gal","strategy_to_change","adapt",5680,0.0568,66
"6425","sto","economic_risk","low",73828,0.73828,66
"6426","sto","economic_risk","medium",4151,0.04151,66
"6427","sto","economic_risk","high",22021,0.22021,66
"6428","sto","go_fishing","no",79026,0.79026,66
"6429","sto","go_fishing","yes",20974,0.20974,66
"6430","sto","individual_risk","low",14762,0.14762,66
"6431","sto","individual_risk","medium",49141,0.49141,66
"6432","sto","individual_risk","high",36097,0.36097,66
"6433","sto","societal_risk","low",14762,0.14762,66
"6434","sto","societal_risk","medium",70209,0.70209,66
"6435","sto","societal_risk","high",15029,0.15029,66
"6436","sto","strategy_to_change","cope",79026,0.79026,66
"6437","sto","strategy_to_change","react",20974,0.20974,66
"6438","erf","economic_risk","low",76221,0.76221,66
"6439","erf","economic_risk","medium",2969,0.02969,66
"6440","erf","economic_risk","high",20810,0.2081,66
"6441","erf","go_fishing","no",67402,0.67402,66
"6442","erf","go_fishing","yes",32598,0.32598,66
"6443","erf","individual_risk","low",22334,0.22334,66
"6444","erf","individual_risk","medium",43689,0.43689,66
"6445","erf","individual_risk","high",33977,0.33977,66
"6446","erf","societal_risk","low",22334,0.22334,66
"6447","erf","societal_risk","medium",65241,0.65241,66
"6448","erf","societal_risk","high",12425,0.12425,66
"6449","erf","strategy_to_change","cope",100000,1,66
"6450","ici","economic_risk","low",3838,0.03838,66
"6451","ici","economic_risk","medium",8852,0.08852,66
"6452","ici","economic_risk","high",27317,0.27317,66
"6453","ici","economic_risk","not_relevant",59993,0.59993,66
"6454","ici","go_fishing","no",53668,0.53668,66
"6455","ici","go_fishing","yes",46332,0.46332,66
"6456","ici","individual_risk","low",12,0.00012,66
"6457","ici","individual_risk","medium",6143,0.06143,66
"6458","ici","individual_risk","high",33852,0.33852,66
"6459","ici","individual_risk","not_relevant",59993,0.59993,66
"6460","ici","societal_risk","low",12,0.00012,66
"6461","ici","societal_risk","medium",22793,0.22793,66
"6462","ici","societal_risk","high",17202,0.17202,66
"6463","ici","societal_risk","not_relevant",59993,0.59993,66
"6464","ici","strategy_to_change","not_relevant",59993,0.59993,66
"6465","ici","strategy_to_change","cope",23693,0.23693,66
"6466","ici","strategy_to_change","react",16314,0.16314,66
"6467","abl","economic_risk","low",67047,0.67047,67
"6468","abl","economic_risk","medium",12556,0.12556,67
"6469","abl","economic_risk","high",20397,0.20397,67
"6470","abl","go_fishing","no",37388,0.37388,67
"6471","abl","go_fishing","yes",62612,0.62612,67
"6472","abl","individual_risk","low",33051,0.33051,67
"6473","abl","individual_risk","medium",49096,0.49096,67
"6474","abl","individual_risk","high",17853,0.17853,67
"6475","abl","societal_risk","low",33051,0.33051,67
"6476","abl","societal_risk","medium",60913,0.60913,67
"6477","abl","societal_risk","high",6036,0.06036,67
"6478","abl","strategy_to_change","cope",70056,0.70056,67
"6479","abl","strategy_to_change","react",15467,0.15467,67
"6480","abl","strategy_to_change","adapt",14477,0.14477,67
"6481","hws","economic_risk","low",83146,0.83146,67
"6482","hws","economic_risk","medium",7849,0.07849,67
"6483","hws","economic_risk","high",9005,0.09005,67
"6484","hws","go_fishing","no",11113,0.11113,67
"6485","hws","go_fishing","yes",88887,0.88887,67
"6486","hws","individual_risk","low",41579,0.41579,67
"6487","hws","individual_risk","medium",50305,0.50305,67
"6488","hws","individual_risk","high",8116,0.08116,67
"6489","hws","societal_risk","low",41579,0.41579,67
"6490","hws","societal_risk","medium",53953,0.53953,67
"6491","hws","societal_risk","high",4468,0.04468,67
"6492","hws","strategy_to_change","cope",24368,0.24368,67
"6493","hws","strategy_to_change","react",44463,0.44463,67
"6494","hws","strategy_to_change","adapt",31169,0.31169,67
"6495","hww","economic_risk","low",76076,0.76076,67
"6496","hww","economic_risk","medium",3581,0.03581,67
"6497","hww","economic_risk","high",20343,0.20343,67
"6498","hww","go_fishing","no",58194,0.58194,67
"6499","hww","go_fishing","yes",41806,0.41806,67
"6500","hww","individual_risk","low",30507,0.30507,67
"6501","hww","individual_risk","medium",44994,0.44994,67
"6502","hww","individual_risk","high",24499,0.24499,67
"6503","hww","societal_risk","low",30507,0.30507,67
"6504","hww","societal_risk","medium",61281,0.61281,67
"6505","hww","societal_risk","high",8212,0.08212,67
"6506","hww","strategy_to_change","cope",82076,0.82076,67
"6507","hww","strategy_to_change","react",15107,0.15107,67
"6508","hww","strategy_to_change","adapt",2817,0.02817,67
"6509","gal","economic_risk","low",55693,0.55693,67
"6510","gal","economic_risk","medium",18383,0.18383,67
"6511","gal","economic_risk","high",25924,0.25924,67
"6512","gal","go_fishing","no",24167,0.24167,67
"6513","gal","go_fishing","yes",75833,0.75833,67
"6514","gal","individual_risk","low",32668,0.32668,67
"6515","gal","individual_risk","medium",46367,0.46367,67
"6516","gal","individual_risk","high",20965,0.20965,67
"6517","gal","societal_risk","low",32668,0.32668,67
"6518","gal","societal_risk","medium",52472,0.52472,67
"6519","gal","societal_risk","high",14860,0.1486,67
"6520","gal","strategy_to_change","cope",59823,0.59823,67
"6521","gal","strategy_to_change","react",37049,0.37049,67
"6522","gal","strategy_to_change","adapt",3128,0.03128,67
"6523","sto","economic_risk","low",73474,0.73474,67
"6524","sto","economic_risk","medium",4708,0.04708,67
"6525","sto","economic_risk","high",21818,0.21818,67
"6526","sto","go_fishing","no",84551,0.84551,67
"6527","sto","go_fishing","yes",15449,0.15449,67
"6528","sto","individual_risk","low",9713,0.09713,67
"6529","sto","individual_risk","medium",63921,0.63921,67
"6530","sto","individual_risk","high",26366,0.26366,67
"6531","sto","societal_risk","low",9713,0.09713,67
"6532","sto","societal_risk","medium",80545,0.80545,67
"6533","sto","societal_risk","high",9742,0.09742,67
"6534","sto","strategy_to_change","cope",84551,0.84551,67
"6535","sto","strategy_to_change","react",15449,0.15449,67
"6536","erf","economic_risk","low",53622,0.53622,67
"6537","erf","economic_risk","medium",4975,0.04975,67
"6538","erf","economic_risk","high",41403,0.41403,67
"6539","erf","go_fishing","no",50996,0.50996,67
"6540","erf","go_fishing","yes",49004,0.49004,67
"6541","erf","individual_risk","low",31283,0.31283,67
"6542","erf","individual_risk","medium",43370,0.4337,67
"6543","erf","individual_risk","high",25347,0.25347,67
"6544","erf","societal_risk","low",31283,0.31283,67
"6545","erf","societal_risk","medium",60238,0.60238,67
"6546","erf","societal_risk","high",8479,0.08479,67
"6547","erf","strategy_to_change","cope",100000,1,67
"6548","ici","economic_risk","low",4294,0.04294,67
"6549","ici","economic_risk","medium",9982,0.09982,67
"6550","ici","economic_risk","high",25849,0.25849,67
"6551","ici","economic_risk","not_relevant",59875,0.59875,67
"6552","ici","go_fishing","no",54309,0.54309,67
"6553","ici","go_fishing","yes",45691,0.45691,67
"6554","ici","individual_risk","low",46,0.00046,67
"6555","ici","individual_risk","medium",6250,0.0625,67
"6556","ici","individual_risk","high",33829,0.33829,67
"6557","ici","individual_risk","not_relevant",59875,0.59875,67
"6558","ici","societal_risk","low",46,0.00046,67
"6559","ici","societal_risk","medium",23093,0.23093,67
"6560","ici","societal_risk","high",16986,0.16986,67
"6561","ici","societal_risk","not_relevant",59875,0.59875,67
"6562","ici","strategy_to_change","not_relevant",59875,0.59875,67
"6563","ici","strategy_to_change","cope",24437,0.24437,67
"6564","ici","strategy_to_change","react",15688,0.15688,67
"6565","abl","economic_risk","low",64880,0.6488,68
"6566","abl","economic_risk","medium",14310,0.1431,68
"6567","abl","economic_risk","high",20810,0.2081,68
"6568","abl","go_fishing","no",34640,0.3464,68
"6569","abl","go_fishing","yes",65360,0.6536,68
"6570","abl","individual_risk","low",32507,0.32507,68
"6571","abl","individual_risk","medium",50326,0.50326,68
"6572","abl","individual_risk","high",17167,0.17167,68
"6573","abl","societal_risk","low",32507,0.32507,68
"6574","abl","societal_risk","medium",61254,0.61254,68
"6575","abl","societal_risk","high",6239,0.06239,68
"6576","abl","strategy_to_change","cope",67047,0.67047,68
"6577","abl","strategy_to_change","react",17000,0.17,68
"6578","abl","strategy_to_change","adapt",15953,0.15953,68
"6579","hws","economic_risk","low",83599,0.83599,68
"6580","hws","economic_risk","medium",8267,0.08267,68
"6581","hws","economic_risk","high",8134,0.08134,68
"6582","hws","go_fishing","no",11200,0.112,68
"6583","hws","go_fishing","yes",88800,0.888,68
"6584","hws","individual_risk","low",44285,0.44285,68
"6585","hws","individual_risk","medium",48382,0.48382,68
"6586","hws","individual_risk","high",7333,0.07333,68
"6587","hws","societal_risk","low",44285,0.44285,68
"6588","hws","societal_risk","medium",52223,0.52223,68
"6589","hws","societal_risk","high",3492,0.03492,68
"6590","hws","strategy_to_change","cope",22179,0.22179,68
"6591","hws","strategy_to_change","react",47332,0.47332,68
"6592","hws","strategy_to_change","adapt",30489,0.30489,68
"6593","hww","economic_risk","low",78513,0.78513,68
"6594","hww","economic_risk","medium",2289,0.02289,68
"6595","hww","economic_risk","high",19198,0.19198,68
"6596","hww","go_fishing","no",43658,0.43658,68
"6597","hww","go_fishing","yes",56342,0.56342,68
"6598","hww","individual_risk","low",40433,0.40433,68
"6599","hww","individual_risk","medium",29304,0.29304,68
"6600","hww","individual_risk","high",30263,0.30263,68
"6601","hww","societal_risk","low",40433,0.40433,68
"6602","hww","societal_risk","medium",48679,0.48679,68
"6603","hww","societal_risk","high",10888,0.10888,68
"6604","hww","strategy_to_change","cope",80413,0.80413,68
"6605","hww","strategy_to_change","react",15310,0.1531,68
"6606","hww","strategy_to_change","adapt",4277,0.04277,68
"6607","gal","economic_risk","low",55748,0.55748,68
"6608","gal","economic_risk","medium",17570,0.1757,68
"6609","gal","economic_risk","high",26682,0.26682,68
"6610","gal","go_fishing","no",29339,0.29339,68
"6611","gal","go_fishing","yes",70661,0.70661,68
"6612","gal","individual_risk","low",39266,0.39266,68
"6613","gal","individual_risk","medium",42638,0.42638,68
"6614","gal","individual_risk","high",18096,0.18096,68
"6615","gal","societal_risk","low",39266,0.39266,68
"6616","gal","societal_risk","medium",49215,0.49215,68
"6617","gal","societal_risk","high",11519,0.11519,68
"6618","gal","strategy_to_change","cope",63892,0.63892,68
"6619","gal","strategy_to_change","react",33176,0.33176,68
"6620","gal","strategy_to_change","adapt",2932,0.02932,68
"6621","sto","economic_risk","low",71863,0.71863,68
"6622","sto","economic_risk","medium",5380,0.0538,68
"6623","sto","economic_risk","high",22757,0.22757,68
"6624","sto","go_fishing","no",78385,0.78385,68
"6625","sto","go_fishing","yes",21615,0.21615,68
"6626","sto","individual_risk","low",14334,0.14334,68
"6627","sto","individual_risk","medium",49889,0.49889,68
"6628","sto","individual_risk","high",35777,0.35777,68
"6629","sto","societal_risk","low",14334,0.14334,68
"6630","sto","societal_risk","medium",70394,0.70394,68
"6631","sto","societal_risk","high",15272,0.15272,68
"6632","sto","strategy_to_change","cope",78385,0.78385,68
"6633","sto","strategy_to_change","react",21615,0.21615,68
"6634","erf","economic_risk","low",73874,0.73874,68
"6635","erf","economic_risk","medium",4846,0.04846,68
"6636","erf","economic_risk","high",21280,0.2128,68
"6637","erf","go_fishing","no",65261,0.65261,68
"6638","erf","go_fishing","yes",34739,0.34739,68
"6639","erf","individual_risk","low",23237,0.23237,68
"6640","erf","individual_risk","medium",44455,0.44455,68
"6641","erf","individual_risk","high",32308,0.32308,68
"6642","erf","societal_risk","low",23237,0.23237,68
"6643","erf","societal_risk","medium",65559,0.65559,68
"6644","erf","societal_risk","high",11204,0.11204,68
"6645","erf","strategy_to_change","cope",100000,1,68
"6646","ici","economic_risk","low",4849,0.04849,68
"6647","ici","economic_risk","medium",9996,0.09996,68
"6648","ici","economic_risk","high",24950,0.2495,68
"6649","ici","economic_risk","not_relevant",60205,0.60205,68
"6650","ici","go_fishing","no",54940,0.5494,68
"6651","ici","go_fishing","yes",45060,0.4506,68
"6652","ici","individual_risk","low",20,2e-04,68
"6653","ici","individual_risk","medium",6379,0.06379,68
"6654","ici","individual_risk","high",33396,0.33396,68
"6655","ici","individual_risk","not_relevant",60205,0.60205,68
"6656","ici","societal_risk","low",20,2e-04,68
"6657","ici","societal_risk","medium",22870,0.2287,68
"6658","ici","societal_risk","high",16905,0.16905,68
"6659","ici","societal_risk","not_relevant",60205,0.60205,68
"6660","ici","strategy_to_change","not_relevant",60205,0.60205,68
"6661","ici","strategy_to_change","cope",24791,0.24791,68
"6662","ici","strategy_to_change","react",15004,0.15004,68
"6663","abl","economic_risk","low",68035,0.68035,69
"6664","abl","economic_risk","medium",9238,0.09238,69
"6665","abl","economic_risk","high",22727,0.22727,69
"6666","abl","go_fishing","no",39981,0.39981,69
"6667","abl","go_fishing","yes",60019,0.60019,69
"6668","abl","individual_risk","low",27754,0.27754,69
"6669","abl","individual_risk","medium",49657,0.49657,69
"6670","abl","individual_risk","high",22589,0.22589,69
"6671","abl","societal_risk","low",27754,0.27754,69
"6672","abl","societal_risk","medium",64833,0.64833,69
"6673","abl","societal_risk","high",7413,0.07413,69
"6674","abl","strategy_to_change","cope",72693,0.72693,69
"6675","abl","strategy_to_change","react",10323,0.10323,69
"6676","abl","strategy_to_change","adapt",16984,0.16984,69
"6677","hws","economic_risk","low",84369,0.84369,69
"6678","hws","economic_risk","medium",6828,0.06828,69
"6679","hws","economic_risk","high",8803,0.08803,69
"6680","hws","go_fishing","no",10763,0.10763,69
"6681","hws","go_fishing","yes",89237,0.89237,69
"6682","hws","individual_risk","low",41631,0.41631,69
"6683","hws","individual_risk","medium",49148,0.49148,69
"6684","hws","individual_risk","high",9221,0.09221,69
"6685","hws","societal_risk","low",41631,0.41631,69
"6686","hws","societal_risk","medium",53483,0.53483,69
"6687","hws","societal_risk","high",4886,0.04886,69
"6688","hws","strategy_to_change","cope",18830,0.1883,69
"6689","hws","strategy_to_change","react",47084,0.47084,69
"6690","hws","strategy_to_change","adapt",34086,0.34086,69
"6691","hww","economic_risk","low",75334,0.75334,69
"6692","hww","economic_risk","medium",4739,0.04739,69
"6693","hww","economic_risk","high",19927,0.19927,69
"6694","hww","go_fishing","no",49919,0.49919,69
"6695","hww","go_fishing","yes",50081,0.50081,69
"6696","hww","individual_risk","low",36450,0.3645,69
"6697","hww","individual_risk","medium",29991,0.29991,69
"6698","hww","individual_risk","high",33559,0.33559,69
"6699","hww","societal_risk","low",36450,0.3645,69
"6700","hww","societal_risk","medium",47599,0.47599,69
"6701","hww","societal_risk","high",15951,0.15951,69
"6702","hww","strategy_to_change","cope",83710,0.8371,69
"6703","hww","strategy_to_change","react",12357,0.12357,69
"6704","hww","strategy_to_change","adapt",3933,0.03933,69
"6705","gal","economic_risk","low",53315,0.53315,69
"6706","gal","economic_risk","medium",19046,0.19046,69
"6707","gal","economic_risk","high",27639,0.27639,69
"6708","gal","go_fishing","no",31367,0.31367,69
"6709","gal","go_fishing","yes",68633,0.68633,69
"6710","gal","individual_risk","low",35246,0.35246,69
"6711","gal","individual_risk","medium",46033,0.46033,69
"6712","gal","individual_risk","high",18721,0.18721,69
"6713","gal","societal_risk","low",35246,0.35246,69
"6714","gal","societal_risk","medium",51670,0.5167,69
"6715","gal","societal_risk","high",13084,0.13084,69
"6716","gal","strategy_to_change","cope",55775,0.55775,69
"6717","gal","strategy_to_change","react",38036,0.38036,69
"6718","gal","strategy_to_change","adapt",6189,0.06189,69
"6719","sto","economic_risk","low",70804,0.70804,69
"6720","sto","economic_risk","medium",6158,0.06158,69
"6721","sto","economic_risk","high",23038,0.23038,69
"6722","sto","go_fishing","no",87956,0.87956,69
"6723","sto","go_fishing","yes",12044,0.12044,69
"6724","sto","individual_risk","low",7345,0.07345,69
"6725","sto","individual_risk","medium",53605,0.53605,69
"6726","sto","individual_risk","high",39050,0.3905,69
"6727","sto","societal_risk","low",7345,0.07345,69
"6728","sto","societal_risk","medium",72487,0.72487,69
"6729","sto","societal_risk","high",20168,0.20168,69
"6730","sto","strategy_to_change","cope",87956,0.87956,69
"6731","sto","strategy_to_change","react",12044,0.12044,69
"6732","erf","economic_risk","low",71873,0.71873,69
"6733","erf","economic_risk","medium",6250,0.0625,69
"6734","erf","economic_risk","high",21877,0.21877,69
"6735","erf","go_fishing","no",71142,0.71142,69
"6736","erf","go_fishing","yes",28858,0.28858,69
"6737","erf","individual_risk","low",17641,0.17641,69
"6738","erf","individual_risk","medium",45101,0.45101,69
"6739","erf","individual_risk","high",37258,0.37258,69
"6740","erf","societal_risk","low",17641,0.17641,69
"6741","erf","societal_risk","medium",63894,0.63894,69
"6742","erf","societal_risk","high",18465,0.18465,69
"6743","erf","strategy_to_change","cope",100000,1,69
"6744","ici","economic_risk","low",4437,0.04437,69
"6745","ici","economic_risk","medium",9657,0.09657,69
"6746","ici","economic_risk","high",25672,0.25672,69
"6747","ici","economic_risk","not_relevant",60234,0.60234,69
"6748","ici","go_fishing","no",54716,0.54716,69
"6749","ici","go_fishing","yes",45284,0.45284,69
"6750","ici","individual_risk","low",15,0.00015,69
"6751","ici","individual_risk","medium",5864,0.05864,69
"6752","ici","individual_risk","high",33887,0.33887,69
"6753","ici","individual_risk","not_relevant",60234,0.60234,69
"6754","ici","societal_risk","low",15,0.00015,69
"6755","ici","societal_risk","medium",22065,0.22065,69
"6756","ici","societal_risk","high",17686,0.17686,69
"6757","ici","societal_risk","not_relevant",60234,0.60234,69
"6758","ici","strategy_to_change","not_relevant",60234,0.60234,69
"6759","ici","strategy_to_change","cope",24510,0.2451,69
"6760","ici","strategy_to_change","react",15256,0.15256,69
"6761","abl","economic_risk","low",72768,0.72768,70
"6762","abl","economic_risk","medium",8679,0.08679,70
"6763","abl","economic_risk","high",18553,0.18553,70
"6764","abl","go_fishing","no",35404,0.35404,70
"6765","abl","go_fishing","yes",64596,0.64596,70
"6766","abl","individual_risk","low",31871,0.31871,70
"6767","abl","individual_risk","medium",51062,0.51062,70
"6768","abl","individual_risk","high",17067,0.17067,70
"6769","abl","societal_risk","low",31871,0.31871,70
"6770","abl","societal_risk","medium",62956,0.62956,70
"6771","abl","societal_risk","high",5173,0.05173,70
"6772","abl","strategy_to_change","cope",70362,0.70362,70
"6773","abl","strategy_to_change","react",5586,0.05586,70
"6774","abl","strategy_to_change","adapt",24052,0.24052,70
"6775","hws","economic_risk","low",85280,0.8528,70
"6776","hws","economic_risk","medium",8556,0.08556,70
"6777","hws","economic_risk","high",6164,0.06164,70
"6778","hws","go_fishing","no",8506,0.08506,70
"6779","hws","go_fishing","yes",91494,0.91494,70
"6780","hws","individual_risk","low",50656,0.50656,70
"6781","hws","individual_risk","medium",43789,0.43789,70
"6782","hws","individual_risk","high",5555,0.05555,70
"6783","hws","societal_risk","low",50656,0.50656,70
"6784","hws","societal_risk","medium",46707,0.46707,70
"6785","hws","societal_risk","high",2637,0.02637,70
"6786","hws","strategy_to_change","cope",16471,0.16471,70
"6787","hws","strategy_to_change","react",51597,0.51597,70
"6788","hws","strategy_to_change","adapt",31932,0.31932,70
"6789","hww","economic_risk","low",79018,0.79018,70
"6790","hww","economic_risk","medium",1550,0.0155,70
"6791","hww","economic_risk","high",19432,0.19432,70
"6792","hww","go_fishing","no",37803,0.37803,70
"6793","hww","go_fishing","yes",62197,0.62197,70
"6794","hww","individual_risk","low",42135,0.42135,70
"6795","hww","individual_risk","medium",37104,0.37104,70
"6796","hww","individual_risk","high",20761,0.20761,70
"6797","hww","societal_risk","low",42135,0.42135,70
"6798","hww","societal_risk","medium",52449,0.52449,70
"6799","hww","societal_risk","high",5416,0.05416,70
"6800","hww","strategy_to_change","cope",72280,0.7228,70
"6801","hww","strategy_to_change","react",17374,0.17374,70
"6802","hww","strategy_to_change","adapt",10346,0.10346,70
"6803","gal","economic_risk","low",58050,0.5805,70
"6804","gal","economic_risk","medium",13674,0.13674,70
"6805","gal","economic_risk","high",28276,0.28276,70
"6806","gal","go_fishing","no",32725,0.32725,70
"6807","gal","go_fishing","yes",67275,0.67275,70
"6808","gal","individual_risk","low",31200,0.312,70
"6809","gal","individual_risk","medium",53524,0.53524,70
"6810","gal","individual_risk","high",15276,0.15276,70
"6811","gal","societal_risk","low",31200,0.312,70
"6812","gal","societal_risk","medium",58029,0.58029,70
"6813","gal","societal_risk","high",10771,0.10771,70
"6814","gal","strategy_to_change","cope",63861,0.63861,70
"6815","gal","strategy_to_change","react",27425,0.27425,70
"6816","gal","strategy_to_change","adapt",8714,0.08714,70
"6817","sto","economic_risk","low",72056,0.72056,70
"6818","sto","economic_risk","medium",4825,0.04825,70
"6819","sto","economic_risk","high",23119,0.23119,70
"6820","sto","go_fishing","no",80028,0.80028,70
"6821","sto","go_fishing","yes",19972,0.19972,70
"6822","sto","individual_risk","low",12692,0.12692,70
"6823","sto","individual_risk","medium",63646,0.63646,70
"6824","sto","individual_risk","high",23662,0.23662,70
"6825","sto","societal_risk","low",12692,0.12692,70
"6826","sto","societal_risk","medium",79596,0.79596,70
"6827","sto","societal_risk","high",7712,0.07712,70
"6828","sto","strategy_to_change","cope",80028,0.80028,70
"6829","sto","strategy_to_change","react",19972,0.19972,70
"6830","erf","economic_risk","low",72658,0.72658,70
"6831","erf","economic_risk","medium",5275,0.05275,70
"6832","erf","economic_risk","high",22067,0.22067,70
"6833","erf","go_fishing","no",68016,0.68016,70
"6834","erf","go_fishing","yes",31984,0.31984,70
"6835","erf","individual_risk","low",19775,0.19775,70
"6836","erf","individual_risk","medium",57398,0.57398,70
"6837","erf","individual_risk","high",22827,0.22827,70
"6838","erf","societal_risk","low",19775,0.19775,70
"6839","erf","societal_risk","medium",73252,0.73252,70
"6840","erf","societal_risk","high",6973,0.06973,70
"6841","erf","strategy_to_change","cope",100000,1,70
"6842","ici","economic_risk","low",3275,0.03275,70
"6843","ici","economic_risk","medium",9496,0.09496,70
"6844","ici","economic_risk","high",27235,0.27235,70
"6845","ici","economic_risk","not_relevant",59994,0.59994,70
"6846","ici","go_fishing","no",53291,0.53291,70
"6847","ici","go_fishing","yes",46709,0.46709,70
"6848","ici","individual_risk","low",22,0.00022,70
"6849","ici","individual_risk","medium",5026,0.05026,70
"6850","ici","individual_risk","high",34958,0.34958,70
"6851","ici","individual_risk","not_relevant",59994,0.59994,70
"6852","ici","societal_risk","low",22,0.00022,70
"6853","ici","societal_risk","medium",21116,0.21116,70
"6854","ici","societal_risk","high",18868,0.18868,70
"6855","ici","societal_risk","not_relevant",59994,0.59994,70
"6856","ici","strategy_to_change","not_relevant",59994,0.59994,70
"6857","ici","strategy_to_change","cope",23174,0.23174,70
"6858","ici","strategy_to_change","react",16832,0.16832,70
"6859","abl","economic_risk","low",68106,0.68106,71
"6860","abl","economic_risk","medium",9628,0.09628,71
"6861","abl","economic_risk","high",22266,0.22266,71
"6862","abl","go_fishing","no",38571,0.38571,71
"6863","abl","go_fishing","yes",61429,0.61429,71
"6864","abl","individual_risk","low",31951,0.31951,71
"6865","abl","individual_risk","medium",47714,0.47714,71
"6866","abl","individual_risk","high",20335,0.20335,71
"6867","abl","societal_risk","low",31951,0.31951,71
"6868","abl","societal_risk","medium",60563,0.60563,71
"6869","abl","societal_risk","high",7486,0.07486,71
"6870","abl","strategy_to_change","cope",67254,0.67254,71
"6871","abl","strategy_to_change","react",16630,0.1663,71
"6872","abl","strategy_to_change","adapt",16116,0.16116,71
"6873","hws","economic_risk","low",87386,0.87386,71
"6874","hws","economic_risk","medium",5187,0.05187,71
"6875","hws","economic_risk","high",7427,0.07427,71
"6876","hws","go_fishing","no",16394,0.16394,71
"6877","hws","go_fishing","yes",83606,0.83606,71
"6878","hws","individual_risk","low",43737,0.43737,71
"6879","hws","individual_risk","medium",47132,0.47132,71
"6880","hws","individual_risk","high",9131,0.09131,71
"6881","hws","societal_risk","low",43737,0.43737,71
"6882","hws","societal_risk","medium",50844,0.50844,71
"6883","hws","societal_risk","high",5419,0.05419,71
"6884","hws","strategy_to_change","cope",25165,0.25165,71
"6885","hws","strategy_to_change","react",41925,0.41925,71
"6886","hws","strategy_to_change","adapt",32910,0.3291,71
"6887","hww","economic_risk","low",80690,0.8069,71
"6888","hww","economic_risk","medium",2468,0.02468,71
"6889","hww","economic_risk","high",16842,0.16842,71
"6890","hww","go_fishing","no",44681,0.44681,71
"6891","hww","go_fishing","yes",55319,0.55319,71
"6892","hww","individual_risk","low",39789,0.39789,71
"6893","hww","individual_risk","medium",31854,0.31854,71
"6894","hww","individual_risk","high",28357,0.28357,71
"6895","hww","societal_risk","low",39789,0.39789,71
"6896","hww","societal_risk","medium",48233,0.48233,71
"6897","hww","societal_risk","high",11978,0.11978,71
"6898","hww","strategy_to_change","cope",79271,0.79271,71
"6899","hww","strategy_to_change","react",15763,0.15763,71
"6900","hww","strategy_to_change","adapt",4966,0.04966,71
"6901","gal","economic_risk","low",46004,0.46004,71
"6902","gal","economic_risk","medium",15304,0.15304,71
"6903","gal","economic_risk","high",38692,0.38692,71
"6904","gal","go_fishing","no",17122,0.17122,71
"6905","gal","go_fishing","yes",82878,0.82878,71
"6906","gal","individual_risk","low",40734,0.40734,71
"6907","gal","individual_risk","medium",41993,0.41993,71
"6908","gal","individual_risk","high",17273,0.17273,71
"6909","gal","societal_risk","low",40734,0.40734,71
"6910","gal","societal_risk","medium",45545,0.45545,71
"6911","gal","societal_risk","high",13721,0.13721,71
"6912","gal","strategy_to_change","cope",59450,0.5945,71
"6913","gal","strategy_to_change","react",32279,0.32279,71
"6914","gal","strategy_to_change","adapt",8271,0.08271,71
"6915","sto","economic_risk","low",73694,0.73694,71
"6916","sto","economic_risk","medium",4399,0.04399,71
"6917","sto","economic_risk","high",21907,0.21907,71
"6918","sto","go_fishing","no",82088,0.82088,71
"6919","sto","go_fishing","yes",17912,0.17912,71
"6920","sto","individual_risk","low",10927,0.10927,71
"6921","sto","individual_risk","medium",51364,0.51364,71
"6922","sto","individual_risk","high",37709,0.37709,71
"6923","sto","societal_risk","low",10927,0.10927,71
"6924","sto","societal_risk","medium",70213,0.70213,71
"6925","sto","societal_risk","high",18860,0.1886,71
"6926","sto","strategy_to_change","cope",82088,0.82088,71
"6927","sto","strategy_to_change","react",17912,0.17912,71
"6928","erf","economic_risk","low",73833,0.73833,71
"6929","erf","economic_risk","medium",4064,0.04064,71
"6930","erf","economic_risk","high",22103,0.22103,71
"6931","erf","go_fishing","no",66404,0.66404,71
"6932","erf","go_fishing","yes",33596,0.33596,71
"6933","erf","individual_risk","low",21558,0.21558,71
"6934","erf","individual_risk","medium",45491,0.45491,71
"6935","erf","individual_risk","high",32951,0.32951,71
"6936","erf","societal_risk","low",21558,0.21558,71
"6937","erf","societal_risk","medium",63996,0.63996,71
"6938","erf","societal_risk","high",14446,0.14446,71
"6939","erf","strategy_to_change","cope",100000,1,71
"6940","ici","economic_risk","low",4671,0.04671,71
"6941","ici","economic_risk","medium",9309,0.09309,71
"6942","ici","economic_risk","high",26409,0.26409,71
"6943","ici","economic_risk","not_relevant",59611,0.59611,71
"6944","ici","go_fishing","no",54696,0.54696,71
"6945","ici","go_fishing","yes",45304,0.45304,71
"6946","ici","individual_risk","low",23,0.00023,71
"6947","ici","individual_risk","medium",6383,0.06383,71
"6948","ici","individual_risk","high",33983,0.33983,71
"6949","ici","individual_risk","not_relevant",59611,0.59611,71
"6950","ici","societal_risk","low",23,0.00023,71
"6951","ici","societal_risk","medium",21739,0.21739,71
"6952","ici","societal_risk","high",18627,0.18627,71
"6953","ici","societal_risk","not_relevant",59611,0.59611,71
"6954","ici","strategy_to_change","not_relevant",59611,0.59611,71
"6955","ici","strategy_to_change","cope",24804,0.24804,71
"6956","ici","strategy_to_change","react",15585,0.15585,71
"6957","abl","economic_risk","low",68123,0.68123,72
"6958","abl","economic_risk","medium",8752,0.08752,72
"6959","abl","economic_risk","high",23125,0.23125,72
"6960","abl","go_fishing","no",37739,0.37739,72
"6961","abl","go_fishing","yes",62261,0.62261,72
"6962","abl","individual_risk","low",34672,0.34672,72
"6963","abl","individual_risk","medium",44522,0.44522,72
"6964","abl","individual_risk","high",20806,0.20806,72
"6965","abl","societal_risk","low",34672,0.34672,72
"6966","abl","societal_risk","medium",56860,0.5686,72
"6967","abl","societal_risk","high",8468,0.08468,72
"6968","abl","strategy_to_change","cope",67006,0.67006,72
"6969","abl","strategy_to_change","react",11626,0.11626,72
"6970","abl","strategy_to_change","adapt",21368,0.21368,72
"6971","hws","economic_risk","low",82144,0.82144,72
"6972","hws","economic_risk","medium",8848,0.08848,72
"6973","hws","economic_risk","high",9008,0.09008,72
"6974","hws","go_fishing","no",9248,0.09248,72
"6975","hws","go_fishing","yes",90752,0.90752,72
"6976","hws","individual_risk","low",47442,0.47442,72
"6977","hws","individual_risk","medium",45295,0.45295,72
"6978","hws","individual_risk","high",7263,0.07263,72
"6979","hws","societal_risk","low",47442,0.47442,72
"6980","hws","societal_risk","medium",48210,0.4821,72
"6981","hws","societal_risk","high",4348,0.04348,72
"6982","hws","strategy_to_change","cope",15943,0.15943,72
"6983","hws","strategy_to_change","react",53932,0.53932,72
"6984","hws","strategy_to_change","adapt",30125,0.30125,72
"6985","hww","economic_risk","low",75225,0.75225,72
"6986","hww","economic_risk","medium",3336,0.03336,72
"6987","hww","economic_risk","high",21439,0.21439,72
"6988","hww","go_fishing","no",44568,0.44568,72
"6989","hww","go_fishing","yes",55432,0.55432,72
"6990","hww","individual_risk","low",38184,0.38184,72
"6991","hww","individual_risk","medium",36399,0.36399,72
"6992","hww","individual_risk","high",25417,0.25417,72
"6993","hww","societal_risk","low",38184,0.38184,72
"6994","hww","societal_risk","medium",50348,0.50348,72
"6995","hww","societal_risk","high",11468,0.11468,72
"6996","hww","strategy_to_change","cope",77956,0.77956,72
"6997","hww","strategy_to_change","react",12466,0.12466,72
"6998","hww","strategy_to_change","adapt",9578,0.09578,72
"6999","gal","economic_risk","low",56867,0.56867,72
"7000","gal","economic_risk","medium",17834,0.17834,72
"7001","gal","economic_risk","high",25299,0.25299,72
"7002","gal","go_fishing","no",27766,0.27766,72
"7003","gal","go_fishing","yes",72234,0.72234,72
"7004","gal","individual_risk","low",34705,0.34705,72
"7005","gal","individual_risk","medium",48336,0.48336,72
"7006","gal","individual_risk","high",16959,0.16959,72
"7007","gal","societal_risk","low",34705,0.34705,72
"7008","gal","societal_risk","medium",51665,0.51665,72
"7009","gal","societal_risk","high",13630,0.1363,72
"7010","gal","strategy_to_change","cope",63284,0.63284,72
"7011","gal","strategy_to_change","react",33571,0.33571,72
"7012","gal","strategy_to_change","adapt",3145,0.03145,72
"7013","sto","economic_risk","low",68137,0.68137,72
"7014","sto","economic_risk","medium",6408,0.06408,72
"7015","sto","economic_risk","high",25455,0.25455,72
"7016","sto","go_fishing","no",82418,0.82418,72
"7017","sto","go_fishing","yes",17582,0.17582,72
"7018","sto","individual_risk","low",11693,0.11693,72
"7019","sto","individual_risk","medium",55732,0.55732,72
"7020","sto","individual_risk","high",32575,0.32575,72
"7021","sto","societal_risk","low",11693,0.11693,72
"7022","sto","societal_risk","medium",70267,0.70267,72
"7023","sto","societal_risk","high",18040,0.1804,72
"7024","sto","strategy_to_change","cope",82418,0.82418,72
"7025","sto","strategy_to_change","react",17582,0.17582,72
"7026","erf","economic_risk","low",50000,0.5,72
"7027","erf","economic_risk","medium",6596,0.06596,72
"7028","erf","economic_risk","high",43404,0.43404,72
"7029","erf","go_fishing","no",49065,0.49065,72
"7030","erf","go_fishing","yes",50935,0.50935,72
"7031","erf","individual_risk","low",29738,0.29738,72
"7032","erf","individual_risk","medium",42625,0.42625,72
"7033","erf","individual_risk","high",27637,0.27637,72
"7034","erf","societal_risk","low",29738,0.29738,72
"7035","erf","societal_risk","medium",57317,0.57317,72
"7036","erf","societal_risk","high",12945,0.12945,72
"7037","erf","strategy_to_change","cope",100000,1,72
"7038","ici","economic_risk","low",5026,0.05026,72
"7039","ici","economic_risk","medium",8397,0.08397,72
"7040","ici","economic_risk","high",26439,0.26439,72
"7041","ici","economic_risk","not_relevant",60138,0.60138,72
"7042","ici","go_fishing","no",55080,0.5508,72
"7043","ici","go_fishing","yes",44920,0.4492,72
"7044","ici","individual_risk","low",12,0.00012,72
"7045","ici","individual_risk","medium",7185,0.07185,72
"7046","ici","individual_risk","high",32665,0.32665,72
"7047","ici","individual_risk","not_relevant",60138,0.60138,72
"7048","ici","societal_risk","low",12,0.00012,72
"7049","ici","societal_risk","medium",21994,0.21994,72
"7050","ici","societal_risk","high",17856,0.17856,72
"7051","ici","societal_risk","not_relevant",60138,0.60138,72
"7052","ici","strategy_to_change","not_relevant",60138,0.60138,72
"7053","ici","strategy_to_change","cope",24993,0.24993,72
"7054","ici","strategy_to_change","react",14869,0.14869,72
"7055","abl","economic_risk","low",56905,0.56905,73
"7056","abl","economic_risk","medium",18231,0.18231,73
"7057","abl","economic_risk","high",24864,0.24864,73
"7058","abl","go_fishing","no",37159,0.37159,73
"7059","abl","go_fishing","yes",62841,0.62841,73
"7060","abl","individual_risk","low",33136,0.33136,73
"7061","abl","individual_risk","medium",48554,0.48554,73
"7062","abl","individual_risk","high",18310,0.1831,73
"7063","abl","societal_risk","low",33136,0.33136,73
"7064","abl","societal_risk","medium",59737,0.59737,73
"7065","abl","societal_risk","high",7127,0.07127,73
"7066","abl","strategy_to_change","cope",64840,0.6484,73
"7067","abl","strategy_to_change","react",26637,0.26637,73
"7068","abl","strategy_to_change","adapt",8523,0.08523,73
"7069","hws","economic_risk","low",85327,0.85327,73
"7070","hws","economic_risk","medium",8240,0.0824,73
"7071","hws","economic_risk","high",6433,0.06433,73
"7072","hws","go_fishing","no",14845,0.14845,73
"7073","hws","go_fishing","yes",85155,0.85155,73
"7074","hws","individual_risk","low",52982,0.52982,73
"7075","hws","individual_risk","medium",41807,0.41807,73
"7076","hws","individual_risk","high",5211,0.05211,73
"7077","hws","societal_risk","low",52982,0.52982,73
"7078","hws","societal_risk","medium",44056,0.44056,73
"7079","hws","societal_risk","high",2962,0.02962,73
"7080","hws","strategy_to_change","cope",24744,0.24744,73
"7081","hws","strategy_to_change","react",43990,0.4399,73
"7082","hws","strategy_to_change","adapt",31266,0.31266,73
"7083","hww","economic_risk","low",76379,0.76379,73
"7084","hww","economic_risk","medium",3677,0.03677,73
"7085","hww","economic_risk","high",19944,0.19944,73
"7086","hww","go_fishing","no",54588,0.54588,73
"7087","hww","go_fishing","yes",45412,0.45412,73
"7088","hww","individual_risk","low",34942,0.34942,73
"7089","hww","individual_risk","medium",33244,0.33244,73
"7090","hww","individual_risk","high",31814,0.31814,73
"7091","hww","societal_risk","low",34942,0.34942,73
"7092","hww","societal_risk","medium",50030,0.5003,73
"7093","hww","societal_risk","high",15028,0.15028,73
"7094","hww","strategy_to_change","cope",86268,0.86268,73
"7095","hww","strategy_to_change","react",11127,0.11127,73
"7096","hww","strategy_to_change","adapt",2605,0.02605,73
"7097","gal","economic_risk","low",49261,0.49261,73
"7098","gal","economic_risk","medium",22277,0.22277,73
"7099","gal","economic_risk","high",28462,0.28462,73
"7100","gal","go_fishing","no",17438,0.17438,73
"7101","gal","go_fishing","yes",82562,0.82562,73
"7102","gal","individual_risk","low",42517,0.42517,73
"7103","gal","individual_risk","medium",39704,0.39704,73
"7104","gal","individual_risk","high",17779,0.17779,73
"7105","gal","societal_risk","low",42517,0.42517,73
"7106","gal","societal_risk","medium",43689,0.43689,73
"7107","gal","societal_risk","high",13794,0.13794,73
"7108","gal","strategy_to_change","cope",55936,0.55936,73
"7109","gal","strategy_to_change","react",40888,0.40888,73
"7110","gal","strategy_to_change","adapt",3176,0.03176,73
"7111","sto","economic_risk","low",69530,0.6953,73
"7112","sto","economic_risk","medium",6483,0.06483,73
"7113","sto","economic_risk","high",23987,0.23987,73
"7114","sto","go_fishing","no",84703,0.84703,73
"7115","sto","go_fishing","yes",15297,0.15297,73
"7116","sto","individual_risk","low",10706,0.10706,73
"7117","sto","individual_risk","medium",52484,0.52484,73
"7118","sto","individual_risk","high",36810,0.3681,73
"7119","sto","societal_risk","low",10706,0.10706,73
"7120","sto","societal_risk","medium",70718,0.70718,73
"7121","sto","societal_risk","high",18576,0.18576,73
"7122","sto","strategy_to_change","cope",84703,0.84703,73
"7123","sto","strategy_to_change","react",15297,0.15297,73
"7124","erf","economic_risk","low",71193,0.71193,73
"7125","erf","economic_risk","medium",6568,0.06568,73
"7126","erf","economic_risk","high",22239,0.22239,73
"7127","erf","go_fishing","no",66956,0.66956,73
"7128","erf","go_fishing","yes",33044,0.33044,73
"7129","erf","individual_risk","low",23318,0.23318,73
"7130","erf","individual_risk","medium",45183,0.45183,73
"7131","erf","individual_risk","high",31499,0.31499,73
"7132","erf","societal_risk","low",23318,0.23318,73
"7133","erf","societal_risk","medium",63348,0.63348,73
"7134","erf","societal_risk","high",13334,0.13334,73
"7135","erf","strategy_to_change","cope",100000,1,73
"7136","ici","economic_risk","low",4880,0.0488,73
"7137","ici","economic_risk","medium",9064,0.09064,73
"7138","ici","economic_risk","high",26229,0.26229,73
"7139","ici","economic_risk","not_relevant",59827,0.59827,73
"7140","ici","go_fishing","no",54831,0.54831,73
"7141","ici","go_fishing","yes",45169,0.45169,73
"7142","ici","individual_risk","low",1,1e-05,73
"7143","ici","individual_risk","medium",6506,0.06506,73
"7144","ici","individual_risk","high",33666,0.33666,73
"7145","ici","individual_risk","not_relevant",59827,0.59827,73
"7146","ici","societal_risk","low",1,1e-05,73
"7147","ici","societal_risk","medium",22999,0.22999,73
"7148","ici","societal_risk","high",17173,0.17173,73
"7149","ici","societal_risk","not_relevant",59827,0.59827,73
"7150","ici","strategy_to_change","not_relevant",59827,0.59827,73
"7151","ici","strategy_to_change","cope",24945,0.24945,73
"7152","ici","strategy_to_change","react",15228,0.15228,73
"7153","abl","economic_risk","low",75641,0.75641,74
"7154","abl","economic_risk","medium",8917,0.08917,74
"7155","abl","economic_risk","high",15442,0.15442,74
"7156","abl","go_fishing","no",29433,0.29433,74
"7157","abl","go_fishing","yes",70567,0.70567,74
"7158","abl","individual_risk","low",33729,0.33729,74
"7159","abl","individual_risk","medium",52872,0.52872,74
"7160","abl","individual_risk","high",13399,0.13399,74
"7161","abl","societal_risk","low",33729,0.33729,74
"7162","abl","societal_risk","medium",60880,0.6088,74
"7163","abl","societal_risk","high",5391,0.05391,74
"7164","abl","strategy_to_change","cope",59100,0.591,74
"7165","abl","strategy_to_change","react",13480,0.1348,74
"7166","abl","strategy_to_change","adapt",27420,0.2742,74
"7167","hws","economic_risk","low",83033,0.83033,74
"7168","hws","economic_risk","medium",7494,0.07494,74
"7169","hws","economic_risk","high",9473,0.09473,74
"7170","hws","go_fishing","no",8406,0.08406,74
"7171","hws","go_fishing","yes",91594,0.91594,74
"7172","hws","individual_risk","low",51583,0.51583,74
"7173","hws","individual_risk","medium",42062,0.42062,74
"7174","hws","individual_risk","high",6355,0.06355,74
"7175","hws","societal_risk","low",51583,0.51583,74
"7176","hws","societal_risk","medium",44911,0.44911,74
"7177","hws","societal_risk","high",3506,0.03506,74
"7178","hws","strategy_to_change","cope",24894,0.24894,74
"7179","hws","strategy_to_change","react",42777,0.42777,74
"7180","hws","strategy_to_change","adapt",32329,0.32329,74
"7181","hww","economic_risk","low",78067,0.78067,74
"7182","hww","economic_risk","medium",3103,0.03103,74
"7183","hww","economic_risk","high",18830,0.1883,74
"7184","hww","go_fishing","no",40477,0.40477,74
"7185","hww","go_fishing","yes",59523,0.59523,74
"7186","hww","individual_risk","low",43091,0.43091,74
"7187","hww","individual_risk","medium",35611,0.35611,74
"7188","hww","individual_risk","high",21298,0.21298,74
"7189","hww","societal_risk","low",43091,0.43091,74
"7190","hww","societal_risk","medium",48495,0.48495,74
"7191","hww","societal_risk","high",8414,0.08414,74
"7192","hww","strategy_to_change","cope",77985,0.77985,74
"7193","hww","strategy_to_change","react",15132,0.15132,74
"7194","hww","strategy_to_change","adapt",6883,0.06883,74
"7195","gal","economic_risk","low",58781,0.58781,74
"7196","gal","economic_risk","medium",14807,0.14807,74
"7197","gal","economic_risk","high",26412,0.26412,74
"7198","gal","go_fishing","no",38227,0.38227,74
"7199","gal","go_fishing","yes",61773,0.61773,74
"7200","gal","individual_risk","low",34643,0.34643,74
"7201","gal","individual_risk","medium",52948,0.52948,74
"7202","gal","individual_risk","high",12409,0.12409,74
"7203","gal","societal_risk","low",34643,0.34643,74
"7204","gal","societal_risk","medium",55723,0.55723,74
"7205","gal","societal_risk","high",9634,0.09634,74
"7206","gal","strategy_to_change","cope",62364,0.62364,74
"7207","gal","strategy_to_change","react",30205,0.30205,74
"7208","gal","strategy_to_change","adapt",7431,0.07431,74
"7209","sto","economic_risk","low",70040,0.7004,74
"7210","sto","economic_risk","medium",5613,0.05613,74
"7211","sto","economic_risk","high",24347,0.24347,74
"7212","sto","go_fishing","no",83991,0.83991,74
"7213","sto","go_fishing","yes",16009,0.16009,74
"7214","sto","individual_risk","low",11354,0.11354,74
"7215","sto","individual_risk","medium",58552,0.58552,74
"7216","sto","individual_risk","high",30094,0.30094,74
"7217","sto","societal_risk","low",11354,0.11354,74
"7218","sto","societal_risk","medium",72633,0.72633,74
"7219","sto","societal_risk","high",16013,0.16013,74
"7220","sto","strategy_to_change","cope",83991,0.83991,74
"7221","sto","strategy_to_change","react",16009,0.16009,74
"7222","erf","economic_risk","low",49668,0.49668,74
"7223","erf","economic_risk","medium",7315,0.07315,74
"7224","erf","economic_risk","high",43017,0.43017,74
"7225","erf","go_fishing","no",46162,0.46162,74
"7226","erf","go_fishing","yes",53838,0.53838,74
"7227","erf","individual_risk","low",38508,0.38508,74
"7228","erf","individual_risk","medium",37441,0.37441,74
"7229","erf","individual_risk","high",24051,0.24051,74
"7230","erf","societal_risk","low",38508,0.38508,74
"7231","erf","societal_risk","medium",52411,0.52411,74
"7232","erf","societal_risk","high",9081,0.09081,74
"7233","erf","strategy_to_change","cope",100000,1,74
"7234","ici","economic_risk","low",5582,0.05582,74
"7235","ici","economic_risk","medium",7661,0.07661,74
"7236","ici","economic_risk","high",26857,0.26857,74
"7237","ici","economic_risk","not_relevant",59900,0.599,74
"7238","ici","go_fishing","no",55706,0.55706,74
"7239","ici","go_fishing","yes",44294,0.44294,74
"7240","ici","individual_risk","low",56,0.00056,74
"7241","ici","individual_risk","medium",7278,0.07278,74
"7242","ici","individual_risk","high",32766,0.32766,74
"7243","ici","individual_risk","not_relevant",59900,0.599,74
"7244","ici","societal_risk","low",56,0.00056,74
"7245","ici","societal_risk","medium",22336,0.22336,74
"7246","ici","societal_risk","high",17708,0.17708,74
"7247","ici","societal_risk","not_relevant",59900,0.599,74
"7248","ici","strategy_to_change","not_relevant",59900,0.599,74
"7249","ici","strategy_to_change","cope",25736,0.25736,74
"7250","ici","strategy_to_change","react",14364,0.14364,74
"7251","abl","economic_risk","low",67562,0.67562,75
"7252","abl","economic_risk","medium",11376,0.11376,75
"7253","abl","economic_risk","high",21062,0.21062,75
"7254","abl","go_fishing","no",37133,0.37133,75
"7255","abl","go_fishing","yes",62867,0.62867,75
"7256","abl","individual_risk","low",34973,0.34973,75
"7257","abl","individual_risk","medium",45714,0.45714,75
"7258","abl","individual_risk","high",19313,0.19313,75
"7259","abl","societal_risk","low",34973,0.34973,75
"7260","abl","societal_risk","medium",58957,0.58957,75
"7261","abl","societal_risk","high",6070,0.0607,75
"7262","abl","strategy_to_change","cope",70156,0.70156,75
"7263","abl","strategy_to_change","react",17481,0.17481,75
"7264","abl","strategy_to_change","adapt",12363,0.12363,75
"7265","hws","economic_risk","low",88297,0.88297,75
"7266","hws","economic_risk","medium",6677,0.06677,75
"7267","hws","economic_risk","high",5026,0.05026,75
"7268","hws","go_fishing","no",10837,0.10837,75
"7269","hws","go_fishing","yes",89163,0.89163,75
"7270","hws","individual_risk","low",56323,0.56323,75
"7271","hws","individual_risk","medium",38607,0.38607,75
"7272","hws","individual_risk","high",5070,0.0507,75
"7273","hws","societal_risk","low",56323,0.56323,75
"7274","hws","societal_risk","medium",41178,0.41178,75
"7275","hws","societal_risk","high",2499,0.02499,75
"7276","hws","strategy_to_change","cope",15656,0.15656,75
"7277","hws","strategy_to_change","react",51725,0.51725,75
"7278","hws","strategy_to_change","adapt",32619,0.32619,75
"7279","hww","economic_risk","low",81241,0.81241,75
"7280","hww","economic_risk","medium",2347,0.02347,75
"7281","hww","economic_risk","high",16412,0.16412,75
"7282","hww","go_fishing","no",46988,0.46988,75
"7283","hww","go_fishing","yes",53012,0.53012,75
"7284","hww","individual_risk","low",39718,0.39718,75
"7285","hww","individual_risk","medium",40443,0.40443,75
"7286","hww","individual_risk","high",19839,0.19839,75
"7287","hww","societal_risk","low",39718,0.39718,75
"7288","hww","societal_risk","medium",54991,0.54991,75
"7289","hww","societal_risk","high",5291,0.05291,75
"7290","hww","strategy_to_change","cope",79946,0.79946,75
"7291","hww","strategy_to_change","react",14696,0.14696,75
"7292","hww","strategy_to_change","adapt",5358,0.05358,75
"7293","gal","economic_risk","low",52655,0.52655,75
"7294","gal","economic_risk","medium",17348,0.17348,75
"7295","gal","economic_risk","high",29997,0.29997,75
"7296","gal","go_fishing","no",29315,0.29315,75
"7297","gal","go_fishing","yes",70685,0.70685,75
"7298","gal","individual_risk","low",44747,0.44747,75
"7299","gal","individual_risk","medium",43053,0.43053,75
"7300","gal","individual_risk","high",12200,0.122,75
"7301","gal","societal_risk","low",44747,0.44747,75
"7302","gal","societal_risk","medium",44910,0.4491,75
"7303","gal","societal_risk","high",10343,0.10343,75
"7304","gal","strategy_to_change","cope",60797,0.60797,75
"7305","gal","strategy_to_change","react",37023,0.37023,75
"7306","gal","strategy_to_change","adapt",2180,0.0218,75
"7307","sto","economic_risk","low",75398,0.75398,75
"7308","sto","economic_risk","medium",4172,0.04172,75
"7309","sto","economic_risk","high",20430,0.2043,75
"7310","sto","go_fishing","no",82239,0.82239,75
"7311","sto","go_fishing","yes",17761,0.17761,75
"7312","sto","individual_risk","low",12916,0.12916,75
"7313","sto","individual_risk","medium",60258,0.60258,75
"7314","sto","individual_risk","high",26826,0.26826,75
"7315","sto","societal_risk","low",12916,0.12916,75
"7316","sto","societal_risk","medium",76402,0.76402,75
"7317","sto","societal_risk","high",10682,0.10682,75
"7318","sto","strategy_to_change","cope",82239,0.82239,75
"7319","sto","strategy_to_change","react",17761,0.17761,75
"7320","erf","economic_risk","low",75651,0.75651,75
"7321","erf","economic_risk","medium",3766,0.03766,75
"7322","erf","economic_risk","high",20583,0.20583,75
"7323","erf","go_fishing","no",70654,0.70654,75
"7324","erf","go_fishing","yes",29346,0.29346,75
"7325","erf","individual_risk","low",20339,0.20339,75
"7326","erf","individual_risk","medium",54737,0.54737,75
"7327","erf","individual_risk","high",24924,0.24924,75
"7328","erf","societal_risk","low",20339,0.20339,75
"7329","erf","societal_risk","medium",71109,0.71109,75
"7330","erf","societal_risk","high",8552,0.08552,75
"7331","erf","strategy_to_change","cope",100000,1,75
"7332","ici","economic_risk","low",3151,0.03151,75
"7333","ici","economic_risk","medium",10309,0.10309,75
"7334","ici","economic_risk","high",26717,0.26717,75
"7335","ici","economic_risk","not_relevant",59823,0.59823,75
"7336","ici","go_fishing","no",53089,0.53089,75
"7337","ici","go_fishing","yes",46911,0.46911,75
"7338","ici","individual_risk","low",37,0.00037,75
"7339","ici","individual_risk","medium",5702,0.05702,75
"7340","ici","individual_risk","high",34438,0.34438,75
"7341","ici","individual_risk","not_relevant",59823,0.59823,75
"7342","ici","societal_risk","low",37,0.00037,75
"7343","ici","societal_risk","medium",22799,0.22799,75
"7344","ici","societal_risk","high",17341,0.17341,75
"7345","ici","societal_risk","not_relevant",59823,0.59823,75
"7346","ici","strategy_to_change","not_relevant",59823,0.59823,75
"7347","ici","strategy_to_change","cope",23282,0.23282,75
"7348","ici","strategy_to_change","react",16895,0.16895,75
"7349","abl","economic_risk","low",61376,0.61376,76
"7350","abl","economic_risk","medium",15109,0.15109,76
"7351","abl","economic_risk","high",23515,0.23515,76
"7352","abl","go_fishing","no",37451,0.37451,76
"7353","abl","go_fishing","yes",62549,0.62549,76
"7354","abl","individual_risk","low",31887,0.31887,76
"7355","abl","individual_risk","medium",49307,0.49307,76
"7356","abl","individual_risk","high",18806,0.18806,76
"7357","abl","societal_risk","low",31887,0.31887,76
"7358","abl","societal_risk","medium",61724,0.61724,76
"7359","abl","societal_risk","high",6389,0.06389,76
"7360","abl","strategy_to_change","cope",68264,0.68264,76
"7361","abl","strategy_to_change","react",19330,0.1933,76
"7362","abl","strategy_to_change","adapt",12406,0.12406,76
"7363","hws","economic_risk","low",86610,0.8661,76
"7364","hws","economic_risk","medium",7162,0.07162,76
"7365","hws","economic_risk","high",6228,0.06228,76
"7366","hws","go_fishing","no",15819,0.15819,76
"7367","hws","go_fishing","yes",84181,0.84181,76
"7368","hws","individual_risk","low",41311,0.41311,76
"7369","hws","individual_risk","medium",52333,0.52333,76
"7370","hws","individual_risk","high",6356,0.06356,76
"7371","hws","societal_risk","low",41311,0.41311,76
"7372","hws","societal_risk","medium",55269,0.55269,76
"7373","hws","societal_risk","high",3420,0.0342,76
"7374","hws","strategy_to_change","cope",26310,0.2631,76
"7375","hws","strategy_to_change","react",42968,0.42968,76
"7376","hws","strategy_to_change","adapt",30722,0.30722,76
"7377","hww","economic_risk","low",80013,0.80013,76
"7378","hww","economic_risk","medium",3066,0.03066,76
"7379","hww","economic_risk","high",16921,0.16921,76
"7380","hww","go_fishing","no",43587,0.43587,76
"7381","hww","go_fishing","yes",56413,0.56413,76
"7382","hww","individual_risk","low",40205,0.40205,76
"7383","hww","individual_risk","medium",34257,0.34257,76
"7384","hww","individual_risk","high",25538,0.25538,76
"7385","hww","societal_risk","low",40205,0.40205,76
"7386","hww","societal_risk","medium",50069,0.50069,76
"7387","hww","societal_risk","high",9726,0.09726,76
"7388","hww","strategy_to_change","cope",74312,0.74312,76
"7389","hww","strategy_to_change","react",13962,0.13962,76
"7390","hww","strategy_to_change","adapt",11726,0.11726,76
"7391","gal","economic_risk","low",49560,0.4956,76
"7392","gal","economic_risk","medium",21358,0.21358,76
"7393","gal","economic_risk","high",29082,0.29082,76
"7394","gal","go_fishing","no",19503,0.19503,76
"7395","gal","go_fishing","yes",80497,0.80497,76
"7396","gal","individual_risk","low",38240,0.3824,76
"7397","gal","individual_risk","medium",44223,0.44223,76
"7398","gal","individual_risk","high",17537,0.17537,76
"7399","gal","societal_risk","low",38240,0.3824,76
"7400","gal","societal_risk","medium",48496,0.48496,76
"7401","gal","societal_risk","high",13264,0.13264,76
"7402","gal","strategy_to_change","cope",57090,0.5709,76
"7403","gal","strategy_to_change","react",39704,0.39704,76
"7404","gal","strategy_to_change","adapt",3206,0.03206,76
"7405","sto","economic_risk","low",74321,0.74321,76
"7406","sto","economic_risk","medium",4782,0.04782,76
"7407","sto","economic_risk","high",20897,0.20897,76
"7408","sto","go_fishing","no",84786,0.84786,76
"7409","sto","go_fishing","yes",15214,0.15214,76
"7410","sto","individual_risk","low",10069,0.10069,76
"7411","sto","individual_risk","medium",57495,0.57495,76
"7412","sto","individual_risk","high",32436,0.32436,76
"7413","sto","societal_risk","low",10069,0.10069,76
"7414","sto","societal_risk","medium",76774,0.76774,76
"7415","sto","societal_risk","high",13157,0.13157,76
"7416","sto","strategy_to_change","cope",84786,0.84786,76
"7417","sto","strategy_to_change","react",15214,0.15214,76
"7418","erf","economic_risk","low",53025,0.53025,76
"7419","erf","economic_risk","medium",6213,0.06213,76
"7420","erf","economic_risk","high",40762,0.40762,76
"7421","erf","go_fishing","no",49466,0.49466,76
"7422","erf","go_fishing","yes",50534,0.50534,76
"7423","erf","individual_risk","low",35521,0.35521,76
"7424","erf","individual_risk","medium",41116,0.41116,76
"7425","erf","individual_risk","high",23363,0.23363,76
"7426","erf","societal_risk","low",35521,0.35521,76
"7427","erf","societal_risk","medium",56892,0.56892,76
"7428","erf","societal_risk","high",7587,0.07587,76
"7429","erf","strategy_to_change","cope",100000,1,76
"7430","ici","economic_risk","low",4512,0.04512,76
"7431","ici","economic_risk","medium",8877,0.08877,76
"7432","ici","economic_risk","high",26540,0.2654,76
"7433","ici","economic_risk","not_relevant",60071,0.60071,76
"7434","ici","go_fishing","no",54541,0.54541,76
"7435","ici","go_fishing","yes",45459,0.45459,76
"7436","ici","individual_risk","low",13,0.00013,76
"7437","ici","individual_risk","medium",6184,0.06184,76
"7438","ici","individual_risk","high",33732,0.33732,76
"7439","ici","individual_risk","not_relevant",60071,0.60071,76
"7440","ici","societal_risk","low",13,0.00013,76
"7441","ici","societal_risk","medium",22109,0.22109,76
"7442","ici","societal_risk","high",17807,0.17807,76
"7443","ici","societal_risk","not_relevant",60071,0.60071,76
"7444","ici","strategy_to_change","not_relevant",60071,0.60071,76
"7445","ici","strategy_to_change","cope",24450,0.2445,76
"7446","ici","strategy_to_change","react",15479,0.15479,76
"7447","abl","economic_risk","low",62317,0.62317,77
"7448","abl","economic_risk","medium",13336,0.13336,77
"7449","abl","economic_risk","high",24347,0.24347,77
"7450","abl","go_fishing","no",38433,0.38433,77
"7451","abl","go_fishing","yes",61567,0.61567,77
"7452","abl","individual_risk","low",34343,0.34343,77
"7453","abl","individual_risk","medium",47095,0.47095,77
"7454","abl","individual_risk","high",18562,0.18562,77
"7455","abl","societal_risk","low",34343,0.34343,77
"7456","abl","societal_risk","medium",60176,0.60176,77
"7457","abl","societal_risk","high",5481,0.05481,77
"7458","abl","strategy_to_change","cope",66241,0.66241,77
"7459","abl","strategy_to_change","react",18912,0.18912,77
"7460","abl","strategy_to_change","adapt",14847,0.14847,77
"7461","hws","economic_risk","low",84085,0.84085,77
"7462","hws","economic_risk","medium",6653,0.06653,77
"7463","hws","economic_risk","high",9262,0.09262,77
"7464","hws","go_fishing","no",12688,0.12688,77
"7465","hws","go_fishing","yes",87312,0.87312,77
"7466","hws","individual_risk","low",49560,0.4956,77
"7467","hws","individual_risk","medium",42186,0.42186,77
"7468","hws","individual_risk","high",8254,0.08254,77
"7469","hws","societal_risk","low",49560,0.4956,77
"7470","hws","societal_risk","medium",47169,0.47169,77
"7471","hws","societal_risk","high",3271,0.03271,77
"7472","hws","strategy_to_change","cope",20167,0.20167,77
"7473","hws","strategy_to_change","react",47109,0.47109,77
"7474","hws","strategy_to_change","adapt",32724,0.32724,77
"7475","hww","economic_risk","low",79085,0.79085,77
"7476","hww","economic_risk","medium",2643,0.02643,77
"7477","hww","economic_risk","high",18272,0.18272,77
"7478","hww","go_fishing","no",47612,0.47612,77
"7479","hww","go_fishing","yes",52388,0.52388,77
"7480","hww","individual_risk","low",39982,0.39982,77
"7481","hww","individual_risk","medium",30404,0.30404,77
"7482","hww","individual_risk","high",29614,0.29614,77
"7483","hww","societal_risk","low",39982,0.39982,77
"7484","hww","societal_risk","medium",48334,0.48334,77
"7485","hww","societal_risk","high",11684,0.11684,77
"7486","hww","strategy_to_change","cope",83480,0.8348,77
"7487","hww","strategy_to_change","react",10710,0.1071,77
"7488","hww","strategy_to_change","adapt",5810,0.0581,77
"7489","gal","economic_risk","low",62011,0.62011,77
"7490","gal","economic_risk","medium",16754,0.16754,77
"7491","gal","economic_risk","high",21235,0.21235,77
"7492","gal","go_fishing","no",28350,0.2835,77
"7493","gal","go_fishing","yes",71650,0.7165,77
"7494","gal","individual_risk","low",42904,0.42904,77
"7495","gal","individual_risk","medium",40865,0.40865,77
"7496","gal","individual_risk","high",16231,0.16231,77
"7497","gal","societal_risk","low",42904,0.42904,77
"7498","gal","societal_risk","medium",46231,0.46231,77
"7499","gal","societal_risk","high",10865,0.10865,77
"7500","gal","strategy_to_change","cope",59952,0.59952,77
"7501","gal","strategy_to_change","react",34103,0.34103,77
"7502","gal","strategy_to_change","adapt",5945,0.05945,77
"7503","sto","economic_risk","low",69226,0.69226,77
"7504","sto","economic_risk","medium",6869,0.06869,77
"7505","sto","economic_risk","high",23905,0.23905,77
"7506","sto","go_fishing","no",72493,0.72493,77
"7507","sto","go_fishing","yes",27507,0.27507,77
"7508","sto","individual_risk","low",20512,0.20512,77
"7509","sto","individual_risk","medium",46288,0.46288,77
"7510","sto","individual_risk","high",33200,0.332,77
"7511","sto","societal_risk","low",20512,0.20512,77
"7512","sto","societal_risk","medium",67227,0.67227,77
"7513","sto","societal_risk","high",12261,0.12261,77
"7514","sto","strategy_to_change","cope",72493,0.72493,77
"7515","sto","strategy_to_change","react",27507,0.27507,77
"7516","erf","economic_risk","low",51671,0.51671,77
"7517","erf","economic_risk","medium",6142,0.06142,77
"7518","erf","economic_risk","high",42187,0.42187,77
"7519","erf","go_fishing","no",46870,0.4687,77
"7520","erf","go_fishing","yes",53130,0.5313,77
"7521","erf","individual_risk","low",38080,0.3808,77
"7522","erf","individual_risk","medium",38748,0.38748,77
"7523","erf","individual_risk","high",23172,0.23172,77
"7524","erf","societal_risk","low",38080,0.3808,77
"7525","erf","societal_risk","medium",55320,0.5532,77
"7526","erf","societal_risk","high",6600,0.066,77
"7527","erf","strategy_to_change","cope",100000,1,77
"7528","ici","economic_risk","low",7947,0.07947,77
"7529","ici","economic_risk","medium",5399,0.05399,77
"7530","ici","economic_risk","high",26549,0.26549,77
"7531","ici","economic_risk","not_relevant",60105,0.60105,77
"7532","ici","go_fishing","no",57939,0.57939,77
"7533","ici","go_fishing","yes",42061,0.42061,77
"7534","ici","individual_risk","low",38,0.00038,77
"7535","ici","individual_risk","medium",9818,0.09818,77
"7536","ici","individual_risk","high",30039,0.30039,77
"7537","ici","individual_risk","not_relevant",60105,0.60105,77
"7538","ici","societal_risk","low",38,0.00038,77
"7539","ici","societal_risk","medium",26119,0.26119,77
"7540","ici","societal_risk","high",13738,0.13738,77
"7541","ici","societal_risk","not_relevant",60105,0.60105,77
"7542","ici","strategy_to_change","not_relevant",60105,0.60105,77
"7543","ici","strategy_to_change","cope",27754,0.27754,77
"7544","ici","strategy_to_change","react",12141,0.12141,77
"7545","abl","economic_risk","low",67393,0.67393,78
"7546","abl","economic_risk","medium",9911,0.09911,78
"7547","abl","economic_risk","high",22696,0.22696,78
"7548","abl","go_fishing","no",37840,0.3784,78
"7549","abl","go_fishing","yes",62160,0.6216,78
"7550","abl","individual_risk","low",30768,0.30768,78
"7551","abl","individual_risk","medium",48223,0.48223,78
"7552","abl","individual_risk","high",21009,0.21009,78
"7553","abl","societal_risk","low",30746,0.30746,78
"7554","abl","societal_risk","medium",62943,0.62943,78
"7555","abl","societal_risk","high",6311,0.06311,78
"7556","abl","strategy_to_change","cope",70654,0.70654,78
"7557","abl","strategy_to_change","react",10059,0.10059,78
"7558","abl","strategy_to_change","adapt",19287,0.19287,78
"7559","hws","economic_risk","low",84030,0.8403,78
"7560","hws","economic_risk","medium",9144,0.09144,78
"7561","hws","economic_risk","high",6826,0.06826,78
"7562","hws","go_fishing","no",14171,0.14171,78
"7563","hws","go_fishing","yes",85829,0.85829,78
"7564","hws","individual_risk","low",48351,0.48351,78
"7565","hws","individual_risk","medium",44714,0.44714,78
"7566","hws","individual_risk","high",6935,0.06935,78
"7567","hws","societal_risk","low",48318,0.48318,78
"7568","hws","societal_risk","medium",47634,0.47634,78
"7569","hws","societal_risk","high",4048,0.04048,78
"7570","hws","strategy_to_change","cope",23420,0.2342,78
"7571","hws","strategy_to_change","react",47096,0.47096,78
"7572","hws","strategy_to_change","adapt",29484,0.29484,78
"7573","hww","economic_risk","low",79729,0.79729,78
"7574","hww","economic_risk","medium",2942,0.02942,78
"7575","hww","economic_risk","high",17329,0.17329,78
"7576","hww","go_fishing","no",48690,0.4869,78
"7577","hww","go_fishing","yes",51310,0.5131,78
"7578","hww","individual_risk","low",37488,0.37488,78
"7579","hww","individual_risk","medium",32238,0.32238,78
"7580","hww","individual_risk","high",30274,0.30274,78
"7581","hww","societal_risk","low",37441,0.37441,78
"7582","hww","societal_risk","medium",52567,0.52567,78
"7583","hww","societal_risk","high",9992,0.09992,78
"7584","hww","strategy_to_change","cope",77372,0.77372,78
"7585","hww","strategy_to_change","react",17365,0.17365,78
"7586","hww","strategy_to_change","adapt",5263,0.05263,78
"7587","gal","economic_risk","low",51296,0.51296,78
"7588","gal","economic_risk","medium",18966,0.18966,78
"7589","gal","economic_risk","high",29738,0.29738,78
"7590","gal","go_fishing","no",24894,0.24894,78
"7591","gal","go_fishing","yes",75106,0.75106,78
"7592","gal","individual_risk","low",37797,0.37797,78
"7593","gal","individual_risk","medium",41158,0.41158,78
"7594","gal","individual_risk","high",21045,0.21045,78
"7595","gal","societal_risk","low",37749,0.37749,78
"7596","gal","societal_risk","medium",48164,0.48164,78
"7597","gal","societal_risk","high",14087,0.14087,78
"7598","gal","strategy_to_change","cope",58992,0.58992,78
"7599","gal","strategy_to_change","react",35396,0.35396,78
"7600","gal","strategy_to_change","adapt",5612,0.05612,78
"7601","sto","economic_risk","low",69688,0.69688,78
"7602","sto","economic_risk","medium",6614,0.06614,78
"7603","sto","economic_risk","high",23698,0.23698,78
"7604","sto","go_fishing","no",74725,0.74725,78
"7605","sto","go_fishing","yes",25275,0.25275,78
"7606","sto","individual_risk","low",18228,0.18228,78
"7607","sto","individual_risk","medium",46782,0.46782,78
"7608","sto","individual_risk","high",34990,0.3499,78
"7609","sto","societal_risk","low",18190,0.1819,78
"7610","sto","societal_risk","medium",70193,0.70193,78
"7611","sto","societal_risk","high",11617,0.11617,78
"7612","sto","strategy_to_change","cope",74725,0.74725,78
"7613","sto","strategy_to_change","react",25275,0.25275,78
"7614","erf","economic_risk","low",72052,0.72052,78
"7615","erf","economic_risk","medium",5708,0.05708,78
"7616","erf","economic_risk","high",22240,0.2224,78
"7617","erf","go_fishing","no",68217,0.68217,78
"7618","erf","go_fishing","yes",31783,0.31783,78
"7619","erf","individual_risk","low",21357,0.21357,78
"7620","erf","individual_risk","medium",44428,0.44428,78
"7621","erf","individual_risk","high",34215,0.34215,78
"7622","erf","societal_risk","low",21308,0.21308,78
"7623","erf","societal_risk","medium",68138,0.68138,78
"7624","erf","societal_risk","high",10554,0.10554,78
"7625","erf","strategy_to_change","cope",100000,1,78
"7626","ici","economic_risk","low",6370,0.0637,78
"7627","ici","economic_risk","medium",7592,0.07592,78
"7628","ici","economic_risk","high",26104,0.26104,78
"7629","ici","economic_risk","not_relevant",59934,0.59934,78
"7630","ici","go_fishing","no",56419,0.56419,78
"7631","ici","go_fishing","yes",43581,0.43581,78
"7632","ici","individual_risk","low",30,3e-04,78
"7633","ici","individual_risk","medium",7937,0.07937,78
"7634","ici","individual_risk","high",32099,0.32099,78
"7635","ici","individual_risk","not_relevant",59934,0.59934,78
"7636","ici","societal_risk","low",30,3e-04,78
"7637","ici","societal_risk","medium",24521,0.24521,78
"7638","ici","societal_risk","high",15515,0.15515,78
"7639","ici","societal_risk","not_relevant",59934,0.59934,78
"7640","ici","strategy_to_change","not_relevant",59934,0.59934,78
"7641","ici","strategy_to_change","cope",26372,0.26372,78
"7642","ici","strategy_to_change","react",13694,0.13694,78
"7643","abl","economic_risk","low",66026,0.66026,79
"7644","abl","economic_risk","medium",11439,0.11439,79
"7645","abl","economic_risk","high",22535,0.22535,79
"7646","abl","go_fishing","no",39243,0.39243,79
"7647","abl","go_fishing","yes",60757,0.60757,79
"7648","abl","individual_risk","low",33826,0.33826,79
"7649","abl","individual_risk","medium",46734,0.46734,79
"7650","abl","individual_risk","high",19440,0.1944,79
"7651","abl","societal_risk","low",33807,0.33807,79
"7652","abl","societal_risk","medium",59904,0.59904,79
"7653","abl","societal_risk","high",6289,0.06289,79
"7654","abl","strategy_to_change","cope",69733,0.69733,79
"7655","abl","strategy_to_change","react",13177,0.13177,79
"7656","abl","strategy_to_change","adapt",17090,0.1709,79
"7657","hws","economic_risk","low",82942,0.82942,79
"7658","hws","economic_risk","medium",8052,0.08052,79
"7659","hws","economic_risk","high",9006,0.09006,79
"7660","hws","go_fishing","no",10688,0.10688,79
"7661","hws","go_fishing","yes",89312,0.89312,79
"7662","hws","individual_risk","low",42692,0.42692,79
"7663","hws","individual_risk","medium",49450,0.4945,79
"7664","hws","individual_risk","high",7858,0.07858,79
"7665","hws","societal_risk","low",42660,0.4266,79
"7666","hws","societal_risk","medium",52749,0.52749,79
"7667","hws","societal_risk","high",4591,0.04591,79
"7668","hws","strategy_to_change","cope",19655,0.19655,79
"7669","hws","strategy_to_change","react",47818,0.47818,79
"7670","hws","strategy_to_change","adapt",32527,0.32527,79
"7671","hww","economic_risk","low",78602,0.78602,79
"7672","hww","economic_risk","medium",2688,0.02688,79
"7673","hww","economic_risk","high",18710,0.1871,79
"7674","hww","go_fishing","no",40112,0.40112,79
"7675","hww","go_fishing","yes",59888,0.59888,79
"7676","hww","individual_risk","low",41091,0.41091,79
"7677","hww","individual_risk","medium",32191,0.32191,79
"7678","hww","individual_risk","high",26718,0.26718,79
"7679","hww","societal_risk","low",41041,0.41041,79
"7680","hww","societal_risk","medium",49282,0.49282,79
"7681","hww","societal_risk","high",9677,0.09677,79
"7682","hww","strategy_to_change","cope",75822,0.75822,79
"7683","hww","strategy_to_change","react",12556,0.12556,79
"7684","hww","strategy_to_change","adapt",11622,0.11622,79
"7685","gal","economic_risk","low",57283,0.57283,79
"7686","gal","economic_risk","medium",19883,0.19883,79
"7687","gal","economic_risk","high",22834,0.22834,79
"7688","gal","go_fishing","no",33140,0.3314,79
"7689","gal","go_fishing","yes",66860,0.6686,79
"7690","gal","individual_risk","low",37769,0.37769,79
"7691","gal","individual_risk","medium",47172,0.47172,79
"7692","gal","individual_risk","high",15059,0.15059,79
"7693","gal","societal_risk","low",37729,0.37729,79
"7694","gal","societal_risk","medium",51579,0.51579,79
"7695","gal","societal_risk","high",10692,0.10692,79
"7696","gal","strategy_to_change","cope",58614,0.58614,79
"7697","gal","strategy_to_change","react",38807,0.38807,79
"7698","gal","strategy_to_change","adapt",2579,0.02579,79
"7699","sto","economic_risk","low",69267,0.69267,79
"7700","sto","economic_risk","medium",7165,0.07165,79
"7701","sto","economic_risk","high",23568,0.23568,79
"7702","sto","go_fishing","no",74121,0.74121,79
"7703","sto","go_fishing","yes",25879,0.25879,79
"7704","sto","individual_risk","low",16539,0.16539,79
"7705","sto","individual_risk","medium",50161,0.50161,79
"7706","sto","individual_risk","high",33300,0.333,79
"7707","sto","societal_risk","low",16490,0.1649,79
"7708","sto","societal_risk","medium",70356,0.70356,79
"7709","sto","societal_risk","high",13154,0.13154,79
"7710","sto","strategy_to_change","cope",74121,0.74121,79
"7711","sto","strategy_to_change","react",25879,0.25879,79
"7712","erf","economic_risk","low",71055,0.71055,79
"7713","erf","economic_risk","medium",7046,0.07046,79
"7714","erf","economic_risk","high",21899,0.21899,79
"7715","erf","go_fishing","no",65716,0.65716,79
"7716","erf","go_fishing","yes",34284,0.34284,79
"7717","erf","individual_risk","low",20769,0.20769,79
"7718","erf","individual_risk","medium",46227,0.46227,79
"7719","erf","individual_risk","high",33004,0.33004,79
"7720","erf","societal_risk","low",20709,0.20709,79
"7721","erf","societal_risk","medium",66777,0.66777,79
"7722","erf","societal_risk","high",12514,0.12514,79
"7723","erf","strategy_to_change","cope",100000,1,79
"7724","ici","economic_risk","low",4856,0.04856,79
"7725","ici","economic_risk","medium",8474,0.08474,79
"7726","ici","economic_risk","high",26730,0.2673,79
"7727","ici","economic_risk","not_relevant",59940,0.5994,79
"7728","ici","go_fishing","no",54884,0.54884,79
"7729","ici","go_fishing","yes",45116,0.45116,79
"7730","ici","individual_risk","low",33,0.00033,79
"7731","ici","individual_risk","medium",6268,0.06268,79
"7732","ici","individual_risk","high",33759,0.33759,79
"7733","ici","individual_risk","not_relevant",59940,0.5994,79
"7734","ici","societal_risk","low",33,0.00033,79
"7735","ici","societal_risk","medium",22248,0.22248,79
"7736","ici","societal_risk","high",17779,0.17779,79
"7737","ici","societal_risk","not_relevant",59940,0.5994,79
"7738","ici","strategy_to_change","not_relevant",59940,0.5994,79
"7739","ici","strategy_to_change","cope",24943,0.24943,79
"7740","ici","strategy_to_change","react",15117,0.15117,79
"7741","abl","economic_risk","low",67614,0.67614,80
"7742","abl","economic_risk","medium",10912,0.10912,80
"7743","abl","economic_risk","high",21474,0.21474,80
"7744","abl","go_fishing","no",39041,0.39041,80
"7745","abl","go_fishing","yes",60959,0.60959,80
"7746","abl","individual_risk","low",30648,0.30648,80
"7747","abl","individual_risk","medium",48915,0.48915,80
"7748","abl","individual_risk","high",20437,0.20437,80
"7749","abl","societal_risk","low",30648,0.30648,80
"7750","abl","societal_risk","medium",61960,0.6196,80
"7751","abl","societal_risk","high",7392,0.07392,80
"7752","abl","strategy_to_change","cope",72657,0.72657,80
"7753","abl","strategy_to_change","react",9187,0.09187,80
"7754","abl","strategy_to_change","adapt",18156,0.18156,80
"7755","hws","economic_risk","low",85020,0.8502,80
"7756","hws","economic_risk","medium",7188,0.07188,80
"7757","hws","economic_risk","high",7792,0.07792,80
"7758","hws","go_fishing","no",13089,0.13089,80
"7759","hws","go_fishing","yes",86911,0.86911,80
"7760","hws","individual_risk","low",42358,0.42358,80
"7761","hws","individual_risk","medium",49016,0.49016,80
"7762","hws","individual_risk","high",8626,0.08626,80
"7763","hws","societal_risk","low",42358,0.42358,80
"7764","hws","societal_risk","medium",52559,0.52559,80
"7765","hws","societal_risk","high",5083,0.05083,80
"7766","hws","strategy_to_change","cope",27540,0.2754,80
"7767","hws","strategy_to_change","react",43087,0.43087,80
"7768","hws","strategy_to_change","adapt",29373,0.29373,80
"7769","hww","economic_risk","low",79382,0.79382,80
"7770","hww","economic_risk","medium",2374,0.02374,80
"7771","hww","economic_risk","high",18244,0.18244,80
"7772","hww","go_fishing","no",48753,0.48753,80
"7773","hww","go_fishing","yes",51247,0.51247,80
"7774","hww","individual_risk","low",37459,0.37459,80
"7775","hww","individual_risk","medium",31915,0.31915,80
"7776","hww","individual_risk","high",30626,0.30626,80
"7777","hww","societal_risk","low",37459,0.37459,80
"7778","hww","societal_risk","medium",51855,0.51855,80
"7779","hww","societal_risk","high",10686,0.10686,80
"7780","hww","strategy_to_change","cope",82634,0.82634,80
"7781","hww","strategy_to_change","react",14067,0.14067,80
"7782","hww","strategy_to_change","adapt",3299,0.03299,80
"7783","gal","economic_risk","low",59723,0.59723,80
"7784","gal","economic_risk","medium",17227,0.17227,80
"7785","gal","economic_risk","high",23050,0.2305,80
"7786","gal","go_fishing","no",27060,0.2706,80
"7787","gal","go_fishing","yes",72940,0.7294,80
"7788","gal","individual_risk","low",38030,0.3803,80
"7789","gal","individual_risk","medium",42627,0.42627,80
"7790","gal","individual_risk","high",19343,0.19343,80
"7791","gal","societal_risk","low",38030,0.3803,80
"7792","gal","societal_risk","medium",49251,0.49251,80
"7793","gal","societal_risk","high",12719,0.12719,80
"7794","gal","strategy_to_change","cope",63307,0.63307,80
"7795","gal","strategy_to_change","react",32004,0.32004,80
"7796","gal","strategy_to_change","adapt",4689,0.04689,80
"7797","sto","economic_risk","low",71228,0.71228,80
"7798","sto","economic_risk","medium",5641,0.05641,80
"7799","sto","economic_risk","high",23131,0.23131,80
"7800","sto","go_fishing","no",83893,0.83893,80
"7801","sto","go_fishing","yes",16107,0.16107,80
"7802","sto","individual_risk","low",11025,0.11025,80
"7803","sto","individual_risk","medium",51176,0.51176,80
"7804","sto","individual_risk","high",37799,0.37799,80
"7805","sto","societal_risk","low",11025,0.11025,80
"7806","sto","societal_risk","medium",72944,0.72944,80
"7807","sto","societal_risk","high",16031,0.16031,80
"7808","sto","strategy_to_change","cope",83893,0.83893,80
"7809","sto","strategy_to_change","react",16107,0.16107,80
"7810","erf","economic_risk","low",72702,0.72702,80
"7811","erf","economic_risk","medium",5706,0.05706,80
"7812","erf","economic_risk","high",21592,0.21592,80
"7813","erf","go_fishing","no",66356,0.66356,80
"7814","erf","go_fishing","yes",33644,0.33644,80
"7815","erf","individual_risk","low",22138,0.22138,80
"7816","erf","individual_risk","medium",44091,0.44091,80
"7817","erf","individual_risk","high",33771,0.33771,80
"7818","erf","societal_risk","low",22138,0.22138,80
"7819","erf","societal_risk","medium",66071,0.66071,80
"7820","erf","societal_risk","high",11791,0.11791,80
"7821","erf","strategy_to_change","cope",100000,1,80
"7822","ici","economic_risk","low",4750,0.0475,80
"7823","ici","economic_risk","medium",9330,0.0933,80
"7824","ici","economic_risk","high",26012,0.26012,80
"7825","ici","economic_risk","not_relevant",59908,0.59908,80
"7826","ici","go_fishing","no",54878,0.54878,80
"7827","ici","go_fishing","yes",45122,0.45122,80
"7828","ici","individual_risk","low",13,0.00013,80
"7829","ici","individual_risk","medium",6561,0.06561,80
"7830","ici","individual_risk","high",33518,0.33518,80
"7831","ici","individual_risk","not_relevant",59908,0.59908,80
"7832","ici","societal_risk","low",13,0.00013,80
"7833","ici","societal_risk","medium",22808,0.22808,80
"7834","ici","societal_risk","high",17271,0.17271,80
"7835","ici","societal_risk","not_relevant",59908,0.59908,80
"7836","ici","strategy_to_change","not_relevant",59908,0.59908,80
"7837","ici","strategy_to_change","cope",24852,0.24852,80
"7838","ici","strategy_to_change","react",15240,0.1524,80
"7839","abl","economic_risk","low",72455,0.72455,81
"7840","abl","economic_risk","medium",6913,0.06913,81
"7841","abl","economic_risk","high",20632,0.20632,81
"7842","abl","go_fishing","no",38504,0.38504,81
"7843","abl","go_fishing","yes",61496,0.61496,81
"7844","abl","individual_risk","low",31357,0.31357,81
"7845","abl","individual_risk","medium",49012,0.49012,81
"7846","abl","individual_risk","high",19631,0.19631,81
"7847","abl","societal_risk","low",31357,0.31357,81
"7848","abl","societal_risk","medium",63599,0.63599,81
"7849","abl","societal_risk","high",5044,0.05044,81
"7850","abl","strategy_to_change","cope",71257,0.71257,81
"7851","abl","strategy_to_change","react",6710,0.0671,81
"7852","abl","strategy_to_change","adapt",22033,0.22033,81
"7853","hws","economic_risk","low",84170,0.8417,81
"7854","hws","economic_risk","medium",7297,0.07297,81
"7855","hws","economic_risk","high",8533,0.08533,81
"7856","hws","go_fishing","no",7607,0.07607,81
"7857","hws","go_fishing","yes",92393,0.92393,81
"7858","hws","individual_risk","low",50340,0.5034,81
"7859","hws","individual_risk","medium",44500,0.445,81
"7860","hws","individual_risk","high",5160,0.0516,81
"7861","hws","societal_risk","low",50340,0.5034,81
"7862","hws","societal_risk","medium",47309,0.47309,81
"7863","hws","societal_risk","high",2351,0.02351,81
"7864","hws","strategy_to_change","cope",13848,0.13848,81
"7865","hws","strategy_to_change","react",48556,0.48556,81
"7866","hws","strategy_to_change","adapt",37596,0.37596,81
"7867","hww","economic_risk","low",78175,0.78175,81
"7868","hww","economic_risk","medium",2297,0.02297,81
"7869","hww","economic_risk","high",19528,0.19528,81
"7870","hww","go_fishing","no",50259,0.50259,81
"7871","hww","go_fishing","yes",49741,0.49741,81
"7872","hww","individual_risk","low",36555,0.36555,81
"7873","hww","individual_risk","medium",40983,0.40983,81
"7874","hww","individual_risk","high",22462,0.22462,81
"7875","hww","societal_risk","low",36555,0.36555,81
"7876","hww","societal_risk","medium",56632,0.56632,81
"7877","hww","societal_risk","high",6813,0.06813,81
"7878","hww","strategy_to_change","cope",85774,0.85774,81
"7879","hww","strategy_to_change","react",11139,0.11139,81
"7880","hww","strategy_to_change","adapt",3087,0.03087,81
"7881","gal","economic_risk","low",53673,0.53673,81
"7882","gal","economic_risk","medium",20108,0.20108,81
"7883","gal","economic_risk","high",26219,0.26219,81
"7884","gal","go_fishing","no",24407,0.24407,81
"7885","gal","go_fishing","yes",75593,0.75593,81
"7886","gal","individual_risk","low",39569,0.39569,81
"7887","gal","individual_risk","medium",44952,0.44952,81
"7888","gal","individual_risk","high",15479,0.15479,81
"7889","gal","societal_risk","low",39569,0.39569,81
"7890","gal","societal_risk","medium",49276,0.49276,81
"7891","gal","societal_risk","high",11155,0.11155,81
"7892","gal","strategy_to_change","cope",57282,0.57282,81
"7893","gal","strategy_to_change","react",36686,0.36686,81
"7894","gal","strategy_to_change","adapt",6032,0.06032,81
"7895","sto","economic_risk","low",72735,0.72735,81
"7896","sto","economic_risk","medium",4766,0.04766,81
"7897","sto","economic_risk","high",22499,0.22499,81
"7898","sto","go_fishing","no",87355,0.87355,81
"7899","sto","go_fishing","yes",12645,0.12645,81
"7900","sto","individual_risk","low",8349,0.08349,81
"7901","sto","individual_risk","medium",65203,0.65203,81
"7902","sto","individual_risk","high",26448,0.26448,81
"7903","sto","societal_risk","low",8349,0.08349,81
"7904","sto","societal_risk","medium",80963,0.80963,81
"7905","sto","societal_risk","high",10688,0.10688,81
"7906","sto","strategy_to_change","cope",87355,0.87355,81
"7907","sto","strategy_to_change","react",12645,0.12645,81
"7908","erf","economic_risk","low",73300,0.733,81
"7909","erf","economic_risk","medium",4793,0.04793,81
"7910","erf","economic_risk","high",21907,0.21907,81
"7911","erf","go_fishing","no",70161,0.70161,81
"7912","erf","go_fishing","yes",29839,0.29839,81
"7913","erf","individual_risk","low",18074,0.18074,81
"7914","erf","individual_risk","medium",56951,0.56951,81
"7915","erf","individual_risk","high",24975,0.24975,81
"7916","erf","societal_risk","low",18074,0.18074,81
"7917","erf","societal_risk","medium",73454,0.73454,81
"7918","erf","societal_risk","high",8472,0.08472,81
"7919","erf","strategy_to_change","cope",100000,1,81
"7920","ici","economic_risk","low",4739,0.04739,81
"7921","ici","economic_risk","medium",9504,0.09504,81
"7922","ici","economic_risk","high",25614,0.25614,81
"7923","ici","economic_risk","not_relevant",60143,0.60143,81
"7924","ici","go_fishing","no",54701,0.54701,81
"7925","ici","go_fishing","yes",45299,0.45299,81
"7926","ici","individual_risk","medium",6287,0.06287,81
"7927","ici","individual_risk","high",33570,0.3357,81
"7928","ici","individual_risk","not_relevant",60143,0.60143,81
"7929","ici","societal_risk","medium",23205,0.23205,81
"7930","ici","societal_risk","high",16652,0.16652,81
"7931","ici","societal_risk","not_relevant",60143,0.60143,81
"7932","ici","strategy_to_change","not_relevant",60143,0.60143,81
"7933","ici","strategy_to_change","cope",24600,0.246,81
"7934","ici","strategy_to_change","react",15257,0.15257,81
"7935","abl","economic_risk","low",68957,0.68957,82
"7936","abl","economic_risk","medium",10140,0.1014,82
"7937","abl","economic_risk","high",20903,0.20903,82
"7938","abl","go_fishing","no",36456,0.36456,82
"7939","abl","go_fishing","yes",63544,0.63544,82
"7940","abl","individual_risk","low",36674,0.36674,82
"7941","abl","individual_risk","medium",44802,0.44802,82
"7942","abl","individual_risk","high",18524,0.18524,82
"7943","abl","societal_risk","low",36685,0.36685,82
"7944","abl","societal_risk","medium",56750,0.5675,82
"7945","abl","societal_risk","high",6565,0.06565,82
"7946","abl","strategy_to_change","cope",70834,0.70834,82
"7947","abl","strategy_to_change","react",10091,0.10091,82
"7948","abl","strategy_to_change","adapt",19075,0.19075,82
"7949","hws","economic_risk","low",82626,0.82626,82
"7950","hws","economic_risk","medium",8016,0.08016,82
"7951","hws","economic_risk","high",9358,0.09358,82
"7952","hws","go_fishing","no",10901,0.10901,82
"7953","hws","go_fishing","yes",89099,0.89099,82
"7954","hws","individual_risk","low",51330,0.5133,82
"7955","hws","individual_risk","medium",42082,0.42082,82
"7956","hws","individual_risk","high",6588,0.06588,82
"7957","hws","societal_risk","low",51339,0.51339,82
"7958","hws","societal_risk","medium",44278,0.44278,82
"7959","hws","societal_risk","high",4383,0.04383,82
"7960","hws","strategy_to_change","cope",20551,0.20551,82
"7961","hws","strategy_to_change","react",44324,0.44324,82
"7962","hws","strategy_to_change","adapt",35125,0.35125,82
"7963","hww","economic_risk","low",75378,0.75378,82
"7964","hww","economic_risk","medium",4177,0.04177,82
"7965","hww","economic_risk","high",20445,0.20445,82
"7966","hww","go_fishing","no",47123,0.47123,82
"7967","hww","go_fishing","yes",52877,0.52877,82
"7968","hww","individual_risk","low",38551,0.38551,82
"7969","hww","individual_risk","medium",34677,0.34677,82
"7970","hww","individual_risk","high",26772,0.26772,82
"7971","hww","societal_risk","low",38569,0.38569,82
"7972","hww","societal_risk","medium",48052,0.48052,82
"7973","hww","societal_risk","high",13379,0.13379,82
"7974","hww","strategy_to_change","cope",73592,0.73592,82
"7975","hww","strategy_to_change","react",15881,0.15881,82
"7976","hww","strategy_to_change","adapt",10527,0.10527,82
"7977","gal","economic_risk","low",46195,0.46195,82
"7978","gal","economic_risk","medium",22896,0.22896,82
"7979","gal","economic_risk","high",30909,0.30909,82
"7980","gal","go_fishing","no",10372,0.10372,82
"7981","gal","go_fishing","yes",89628,0.89628,82
"7982","gal","individual_risk","low",47799,0.47799,82
"7983","gal","individual_risk","medium",35869,0.35869,82
"7984","gal","individual_risk","high",16332,0.16332,82
"7985","gal","societal_risk","low",47809,0.47809,82
"7986","gal","societal_risk","medium",39824,0.39824,82
"7987","gal","societal_risk","high",12367,0.12367,82
"7988","gal","strategy_to_change","cope",48816,0.48816,82
"7989","gal","strategy_to_change","react",45396,0.45396,82
"7990","gal","strategy_to_change","adapt",5788,0.05788,82
"7991","sto","economic_risk","low",67860,0.6786,82
"7992","sto","economic_risk","medium",7034,0.07034,82
"7993","sto","economic_risk","high",25106,0.25106,82
"7994","sto","go_fishing","no",78780,0.7878,82
"7995","sto","go_fishing","yes",21220,0.2122,82
"7996","sto","individual_risk","low",15914,0.15914,82
"7997","sto","individual_risk","medium",52966,0.52966,82
"7998","sto","individual_risk","high",31120,0.3112,82
"7999","sto","societal_risk","low",15933,0.15933,82
"8000","sto","societal_risk","medium",68060,0.6806,82
"8001","sto","societal_risk","high",16007,0.16007,82
"8002","sto","strategy_to_change","cope",78780,0.7878,82
"8003","sto","strategy_to_change","react",21220,0.2122,82
"8004","erf","economic_risk","low",70494,0.70494,82
"8005","erf","economic_risk","medium",6418,0.06418,82
"8006","erf","economic_risk","high",23088,0.23088,82
"8007","erf","go_fishing","no",68890,0.6889,82
"8008","erf","go_fishing","yes",31110,0.3111,82
"8009","erf","individual_risk","low",20081,0.20081,82
"8010","erf","individual_risk","medium",51157,0.51157,82
"8011","erf","individual_risk","high",28762,0.28762,82
"8012","erf","societal_risk","low",20108,0.20108,82
"8013","erf","societal_risk","medium",66446,0.66446,82
"8014","erf","societal_risk","high",13446,0.13446,82
"8015","erf","strategy_to_change","cope",100000,1,82
"8016","ici","economic_risk","low",7934,0.07934,82
"8017","ici","economic_risk","medium",8459,0.08459,82
"8018","ici","economic_risk","high",23392,0.23392,82
"8019","ici","economic_risk","not_relevant",60215,0.60215,82
"8020","ici","go_fishing","no",58014,0.58014,82
"8021","ici","go_fishing","yes",41986,0.41986,82
"8022","ici","individual_risk","low",9,9e-05,82
"8023","ici","individual_risk","medium",9492,0.09492,82
"8024","ici","individual_risk","high",30284,0.30284,82
"8025","ici","individual_risk","not_relevant",60215,0.60215,82
"8026","ici","societal_risk","low",9,9e-05,82
"8027","ici","societal_risk","medium",24995,0.24995,82
"8028","ici","societal_risk","high",14781,0.14781,82
"8029","ici","societal_risk","not_relevant",60215,0.60215,82
"8030","ici","strategy_to_change","not_relevant",60215,0.60215,82
"8031","ici","strategy_to_change","cope",27820,0.2782,82
"8032","ici","strategy_to_change","react",11965,0.11965,82
"8033","abl","economic_risk","low",72626,0.72626,83
"8034","abl","economic_risk","medium",8025,0.08025,83
"8035","abl","economic_risk","high",19349,0.19349,83
"8036","abl","go_fishing","no",38181,0.38181,83
"8037","abl","go_fishing","yes",61819,0.61819,83
"8038","abl","individual_risk","low",30748,0.30748,83
"8039","abl","individual_risk","medium",49061,0.49061,83
"8040","abl","individual_risk","high",20191,0.20191,83
"8041","abl","societal_risk","low",30748,0.30748,83
"8042","abl","societal_risk","medium",60450,0.6045,83
"8043","abl","societal_risk","high",8802,0.08802,83
"8044","abl","strategy_to_change","cope",68456,0.68456,83
"8045","abl","strategy_to_change","react",8032,0.08032,83
"8046","abl","strategy_to_change","adapt",23512,0.23512,83
"8047","hws","economic_risk","low",80904,0.80904,83
"8048","hws","economic_risk","medium",10309,0.10309,83
"8049","hws","economic_risk","high",8787,0.08787,83
"8050","hws","go_fishing","no",9173,0.09173,83
"8051","hws","go_fishing","yes",90827,0.90827,83
"8052","hws","individual_risk","low",49685,0.49685,83
"8053","hws","individual_risk","medium",43340,0.4334,83
"8054","hws","individual_risk","high",6975,0.06975,83
"8055","hws","societal_risk","low",49685,0.49685,83
"8056","hws","societal_risk","medium",46005,0.46005,83
"8057","hws","societal_risk","high",4310,0.0431,83
"8058","hws","strategy_to_change","cope",20219,0.20219,83
"8059","hws","strategy_to_change","react",52785,0.52785,83
"8060","hws","strategy_to_change","adapt",26996,0.26996,83
"8061","hww","economic_risk","low",75287,0.75287,83
"8062","hww","economic_risk","medium",4085,0.04085,83
"8063","hww","economic_risk","high",20628,0.20628,83
"8064","hww","go_fishing","no",58758,0.58758,83
"8065","hww","go_fishing","yes",41242,0.41242,83
"8066","hww","individual_risk","low",30948,0.30948,83
"8067","hww","individual_risk","medium",32703,0.32703,83
"8068","hww","individual_risk","high",36349,0.36349,83
"8069","hww","societal_risk","low",30948,0.30948,83
"8070","hww","societal_risk","medium",48569,0.48569,83
"8071","hww","societal_risk","high",20483,0.20483,83
"8072","hww","strategy_to_change","cope",83540,0.8354,83
"8073","hww","strategy_to_change","react",13368,0.13368,83
"8074","hww","strategy_to_change","adapt",3092,0.03092,83
"8075","gal","economic_risk","low",59541,0.59541,83
"8076","gal","economic_risk","medium",13352,0.13352,83
"8077","gal","economic_risk","high",27107,0.27107,83
"8078","gal","go_fishing","no",38408,0.38408,83
"8079","gal","go_fishing","yes",61592,0.61592,83
"8080","gal","individual_risk","low",29347,0.29347,83
"8081","gal","individual_risk","medium",39055,0.39055,83
"8082","gal","individual_risk","high",31598,0.31598,83
"8083","gal","societal_risk","low",29347,0.29347,83
"8084","gal","societal_risk","medium",44407,0.44407,83
"8085","gal","societal_risk","high",26246,0.26246,83
"8086","gal","strategy_to_change","cope",76237,0.76237,83
"8087","gal","strategy_to_change","react",22505,0.22505,83
"8088","gal","strategy_to_change","adapt",1258,0.01258,83
"8089","sto","economic_risk","low",69003,0.69003,83
"8090","sto","economic_risk","medium",6863,0.06863,83
"8091","sto","economic_risk","high",24134,0.24134,83
"8092","sto","go_fishing","no",83319,0.83319,83
"8093","sto","go_fishing","yes",16681,0.16681,83
"8094","sto","individual_risk","low",11412,0.11412,83
"8095","sto","individual_risk","medium",48948,0.48948,83
"8096","sto","individual_risk","high",39640,0.3964,83
"8097","sto","societal_risk","low",11412,0.11412,83
"8098","sto","societal_risk","medium",65929,0.65929,83
"8099","sto","societal_risk","high",22659,0.22659,83
"8100","sto","strategy_to_change","cope",83319,0.83319,83
"8101","sto","strategy_to_change","react",16681,0.16681,83
"8102","erf","economic_risk","low",51084,0.51084,83
"8103","erf","economic_risk","medium",6682,0.06682,83
"8104","erf","economic_risk","high",42234,0.42234,83
"8105","erf","go_fishing","no",44823,0.44823,83
"8106","erf","go_fishing","yes",55177,0.55177,83
"8107","erf","individual_risk","low",34471,0.34471,83
"8108","erf","individual_risk","medium",40993,0.40993,83
"8109","erf","individual_risk","high",24536,0.24536,83
"8110","erf","societal_risk","low",34471,0.34471,83
"8111","erf","societal_risk","medium",55996,0.55996,83
"8112","erf","societal_risk","high",9533,0.09533,83
"8113","erf","strategy_to_change","cope",100000,1,83
"8114","ici","economic_risk","low",4563,0.04563,83
"8115","ici","economic_risk","medium",9921,0.09921,83
"8116","ici","economic_risk","high",25802,0.25802,83
"8117","ici","economic_risk","not_relevant",59714,0.59714,83
"8118","ici","go_fishing","no",54453,0.54453,83
"8119","ici","go_fishing","yes",45547,0.45547,83
"8120","ici","individual_risk","low",52,0.00052,83
"8121","ici","individual_risk","medium",6240,0.0624,83
"8122","ici","individual_risk","high",33994,0.33994,83
"8123","ici","individual_risk","not_relevant",59714,0.59714,83
"8124","ici","societal_risk","low",52,0.00052,83
"8125","ici","societal_risk","medium",21541,0.21541,83
"8126","ici","societal_risk","high",18693,0.18693,83
"8127","ici","societal_risk","not_relevant",59714,0.59714,83
"8128","ici","strategy_to_change","not_relevant",59714,0.59714,83
"8129","ici","strategy_to_change","cope",24563,0.24563,83
"8130","ici","strategy_to_change","react",15723,0.15723,83
"8131","abl","economic_risk","low",67472,0.67472,84
"8132","abl","economic_risk","medium",10231,0.10231,84
"8133","abl","economic_risk","high",22297,0.22297,84
"8134","abl","go_fishing","no",36663,0.36663,84
"8135","abl","go_fishing","yes",63337,0.63337,84
"8136","abl","individual_risk","low",32107,0.32107,84
"8137","abl","individual_risk","medium",47903,0.47903,84
"8138","abl","individual_risk","high",19990,0.1999,84
"8139","abl","societal_risk","low",32107,0.32107,84
"8140","abl","societal_risk","medium",61970,0.6197,84
"8141","abl","societal_risk","high",5923,0.05923,84
"8142","abl","strategy_to_change","cope",67076,0.67076,84
"8143","abl","strategy_to_change","react",16283,0.16283,84
"8144","abl","strategy_to_change","adapt",16641,0.16641,84
"8145","hws","economic_risk","low",85327,0.85327,84
"8146","hws","economic_risk","medium",5777,0.05777,84
"8147","hws","economic_risk","high",8896,0.08896,84
"8148","hws","go_fishing","no",12124,0.12124,84
"8149","hws","go_fishing","yes",87876,0.87876,84
"8150","hws","individual_risk","low",51054,0.51054,84
"8151","hws","individual_risk","medium",40457,0.40457,84
"8152","hws","individual_risk","high",8489,0.08489,84
"8153","hws","societal_risk","low",51054,0.51054,84
"8154","hws","societal_risk","medium",44891,0.44891,84
"8155","hws","societal_risk","high",4055,0.04055,84
"8156","hws","strategy_to_change","cope",24401,0.24401,84
"8157","hws","strategy_to_change","react",40920,0.4092,84
"8158","hws","strategy_to_change","adapt",34679,0.34679,84
"8159","hww","economic_risk","low",78053,0.78053,84
"8160","hww","economic_risk","medium",2751,0.02751,84
"8161","hww","economic_risk","high",19196,0.19196,84
"8162","hww","go_fishing","no",47866,0.47866,84
"8163","hww","go_fishing","yes",52134,0.52134,84
"8164","hww","individual_risk","low",40432,0.40432,84
"8165","hww","individual_risk","medium",37146,0.37146,84
"8166","hww","individual_risk","high",22422,0.22422,84
"8167","hww","societal_risk","low",40432,0.40432,84
"8168","hww","societal_risk","medium",52431,0.52431,84
"8169","hww","societal_risk","high",7137,0.07137,84
"8170","hww","strategy_to_change","cope",81066,0.81066,84
"8171","hww","strategy_to_change","react",12779,0.12779,84
"8172","hww","strategy_to_change","adapt",6155,0.06155,84
"8173","gal","economic_risk","low",66440,0.6644,84
"8174","gal","economic_risk","medium",13697,0.13697,84
"8175","gal","economic_risk","high",19863,0.19863,84
"8176","gal","go_fishing","no",37329,0.37329,84
"8177","gal","go_fishing","yes",62671,0.62671,84
"8178","gal","individual_risk","low",32694,0.32694,84
"8179","gal","individual_risk","medium",52849,0.52849,84
"8180","gal","individual_risk","high",14457,0.14457,84
"8181","gal","societal_risk","low",32694,0.32694,84
"8182","gal","societal_risk","medium",56418,0.56418,84
"8183","gal","societal_risk","high",10888,0.10888,84
"8184","gal","strategy_to_change","cope",68267,0.68267,84
"8185","gal","strategy_to_change","react",25979,0.25979,84
"8186","gal","strategy_to_change","adapt",5754,0.05754,84
"8187","sto","economic_risk","low",73221,0.73221,84
"8188","sto","economic_risk","medium",4315,0.04315,84
"8189","sto","economic_risk","high",22464,0.22464,84
"8190","sto","go_fishing","no",84099,0.84099,84
"8191","sto","go_fishing","yes",15901,0.15901,84
"8192","sto","individual_risk","low",8811,0.08811,84
"8193","sto","individual_risk","medium",63982,0.63982,84
"8194","sto","individual_risk","high",27207,0.27207,84
"8195","sto","societal_risk","low",8811,0.08811,84
"8196","sto","societal_risk","medium",80697,0.80697,84
"8197","sto","societal_risk","high",10492,0.10492,84
"8198","sto","strategy_to_change","cope",84099,0.84099,84
"8199","sto","strategy_to_change","react",15901,0.15901,84
"8200","erf","economic_risk","low",73577,0.73577,84
"8201","erf","economic_risk","medium",4650,0.0465,84
"8202","erf","economic_risk","high",21773,0.21773,84
"8203","erf","go_fishing","no",66889,0.66889,84
"8204","erf","go_fishing","yes",33111,0.33111,84
"8205","erf","individual_risk","low",22823,0.22823,84
"8206","erf","individual_risk","medium",53773,0.53773,84
"8207","erf","individual_risk","high",23404,0.23404,84
"8208","erf","societal_risk","low",22823,0.22823,84
"8209","erf","societal_risk","medium",70732,0.70732,84
"8210","erf","societal_risk","high",6445,0.06445,84
"8211","erf","strategy_to_change","cope",100000,1,84
"8212","ici","economic_risk","low",1344,0.01344,84
"8213","ici","economic_risk","medium",9380,0.0938,84
"8214","ici","economic_risk","high",29199,0.29199,84
"8215","ici","economic_risk","not_relevant",60077,0.60077,84
"8216","ici","go_fishing","no",51223,0.51223,84
"8217","ici","go_fishing","yes",48777,0.48777,84
"8218","ici","individual_risk","low",14,0.00014,84
"8219","ici","individual_risk","medium",3898,0.03898,84
"8220","ici","individual_risk","high",36011,0.36011,84
"8221","ici","individual_risk","not_relevant",60077,0.60077,84
"8222","ici","societal_risk","low",14,0.00014,84
"8223","ici","societal_risk","medium",20843,0.20843,84
"8224","ici","societal_risk","high",19066,0.19066,84
"8225","ici","societal_risk","not_relevant",60077,0.60077,84
"8226","ici","strategy_to_change","not_relevant",60077,0.60077,84
"8227","ici","strategy_to_change","cope",21216,0.21216,84
"8228","ici","strategy_to_change","react",18707,0.18707,84
"8229","abl","economic_risk","low",55017,0.55017,85
"8230","abl","economic_risk","medium",17638,0.17638,85
"8231","abl","economic_risk","high",27345,0.27345,85
"8232","abl","go_fishing","no",39721,0.39721,85
"8233","abl","go_fishing","yes",60279,0.60279,85
"8234","abl","individual_risk","low",27743,0.27743,85
"8235","abl","individual_risk","medium",51602,0.51602,85
"8236","abl","individual_risk","high",20655,0.20655,85
"8237","abl","societal_risk","low",27743,0.27743,85
"8238","abl","societal_risk","medium",65403,0.65403,85
"8239","abl","societal_risk","high",6854,0.06854,85
"8240","abl","strategy_to_change","cope",72521,0.72521,85
"8241","abl","strategy_to_change","react",23397,0.23397,85
"8242","abl","strategy_to_change","adapt",4082,0.04082,85
"8243","hws","economic_risk","low",84287,0.84287,85
"8244","hws","economic_risk","medium",9355,0.09355,85
"8245","hws","economic_risk","high",6358,0.06358,85
"8246","hws","go_fishing","no",12302,0.12302,85
"8247","hws","go_fishing","yes",87698,0.87698,85
"8248","hws","individual_risk","low",47350,0.4735,85
"8249","hws","individual_risk","medium",47512,0.47512,85
"8250","hws","individual_risk","high",5138,0.05138,85
"8251","hws","societal_risk","low",47350,0.4735,85
"8252","hws","societal_risk","medium",49920,0.4992,85
"8253","hws","societal_risk","high",2730,0.0273,85
"8254","hws","strategy_to_change","cope",21707,0.21707,85
"8255","hws","strategy_to_change","react",47311,0.47311,85
"8256","hws","strategy_to_change","adapt",30982,0.30982,85
"8257","hww","economic_risk","low",80902,0.80902,85
"8258","hww","economic_risk","medium",2798,0.02798,85
"8259","hww","economic_risk","high",16300,0.163,85
"8260","hww","go_fishing","no",48265,0.48265,85
"8261","hww","go_fishing","yes",51735,0.51735,85
"8262","hww","individual_risk","low",36265,0.36265,85
"8263","hww","individual_risk","medium",32587,0.32587,85
"8264","hww","individual_risk","high",31148,0.31148,85
"8265","hww","societal_risk","low",36265,0.36265,85
"8266","hww","societal_risk","medium",52865,0.52865,85
"8267","hww","societal_risk","high",10870,0.1087,85
"8268","hww","strategy_to_change","cope",77585,0.77585,85
"8269","hww","strategy_to_change","react",16139,0.16139,85
"8270","hww","strategy_to_change","adapt",6276,0.06276,85
"8271","gal","economic_risk","low",50839,0.50839,85
"8272","gal","economic_risk","medium",19260,0.1926,85
"8273","gal","economic_risk","high",29901,0.29901,85
"8274","gal","go_fishing","no",20085,0.20085,85
"8275","gal","go_fishing","yes",79915,0.79915,85
"8276","gal","individual_risk","low",40362,0.40362,85
"8277","gal","individual_risk","medium",47416,0.47416,85
"8278","gal","individual_risk","high",12222,0.12222,85
"8279","gal","societal_risk","low",40362,0.40362,85
"8280","gal","societal_risk","medium",51495,0.51495,85
"8281","gal","societal_risk","high",8143,0.08143,85
"8282","gal","strategy_to_change","cope",56594,0.56594,85
"8283","gal","strategy_to_change","react",38193,0.38193,85
"8284","gal","strategy_to_change","adapt",5213,0.05213,85
"8285","sto","economic_risk","low",70872,0.70872,85
"8286","sto","economic_risk","medium",5958,0.05958,85
"8287","sto","economic_risk","high",23170,0.2317,85
"8288","sto","go_fishing","no",77389,0.77389,85
"8289","sto","go_fishing","yes",22611,0.22611,85
"8290","sto","individual_risk","low",14465,0.14465,85
"8291","sto","individual_risk","medium",48410,0.4841,85
"8292","sto","individual_risk","high",37125,0.37125,85
"8293","sto","societal_risk","low",14465,0.14465,85
"8294","sto","societal_risk","medium",72192,0.72192,85
"8295","sto","societal_risk","high",13343,0.13343,85
"8296","sto","strategy_to_change","cope",77389,0.77389,85
"8297","sto","strategy_to_change","react",22611,0.22611,85
"8298","erf","economic_risk","low",72940,0.7294,85
"8299","erf","economic_risk","medium",5352,0.05352,85
"8300","erf","economic_risk","high",21708,0.21708,85
"8301","erf","go_fishing","no",66904,0.66904,85
"8302","erf","go_fishing","yes",33096,0.33096,85
"8303","erf","individual_risk","low",20872,0.20872,85
"8304","erf","individual_risk","medium",43246,0.43246,85
"8305","erf","individual_risk","high",35882,0.35882,85
"8306","erf","societal_risk","low",20872,0.20872,85
"8307","erf","societal_risk","medium",67385,0.67385,85
"8308","erf","societal_risk","high",11743,0.11743,85
"8309","erf","strategy_to_change","cope",100000,1,85
"8310","ici","economic_risk","low",6329,0.06329,85
"8311","ici","economic_risk","medium",7304,0.07304,85
"8312","ici","economic_risk","high",26350,0.2635,85
"8313","ici","economic_risk","not_relevant",60017,0.60017,85
"8314","ici","go_fishing","no",56169,0.56169,85
"8315","ici","go_fishing","yes",43831,0.43831,85
"8316","ici","individual_risk","low",8,8e-05,85
"8317","ici","individual_risk","medium",7776,0.07776,85
"8318","ici","individual_risk","high",32199,0.32199,85
"8319","ici","individual_risk","not_relevant",60017,0.60017,85
"8320","ici","societal_risk","low",8,8e-05,85
"8321","ici","societal_risk","medium",23784,0.23784,85
"8322","ici","societal_risk","high",16191,0.16191,85
"8323","ici","societal_risk","not_relevant",60017,0.60017,85
"8324","ici","strategy_to_change","not_relevant",60017,0.60017,85
"8325","ici","strategy_to_change","cope",26303,0.26303,85
"8326","ici","strategy_to_change","react",13680,0.1368,85
"8327","abl","economic_risk","low",54863,0.54863,86
"8328","abl","economic_risk","medium",17897,0.17897,86
"8329","abl","economic_risk","high",27240,0.2724,86
"8330","abl","go_fishing","no",36706,0.36706,86
"8331","abl","go_fishing","yes",63294,0.63294,86
"8332","abl","individual_risk","low",33821,0.33821,86
"8333","abl","individual_risk","medium",47467,0.47467,86
"8334","abl","individual_risk","high",18712,0.18712,86
"8335","abl","societal_risk","low",33821,0.33821,86
"8336","abl","societal_risk","medium",60150,0.6015,86
"8337","abl","societal_risk","high",6029,0.06029,86
"8338","abl","strategy_to_change","cope",67828,0.67828,86
"8339","abl","strategy_to_change","react",25237,0.25237,86
"8340","abl","strategy_to_change","adapt",6935,0.06935,86
"8341","hws","economic_risk","low",81407,0.81407,86
"8342","hws","economic_risk","medium",7895,0.07895,86
"8343","hws","economic_risk","high",10698,0.10698,86
"8344","hws","go_fishing","no",15098,0.15098,86
"8345","hws","go_fishing","yes",84902,0.84902,86
"8346","hws","individual_risk","low",45194,0.45194,86
"8347","hws","individual_risk","medium",45571,0.45571,86
"8348","hws","individual_risk","high",9235,0.09235,86
"8349","hws","societal_risk","low",45194,0.45194,86
"8350","hws","societal_risk","medium",50205,0.50205,86
"8351","hws","societal_risk","high",4601,0.04601,86
"8352","hws","strategy_to_change","cope",25585,0.25585,86
"8353","hws","strategy_to_change","react",47311,0.47311,86
"8354","hws","strategy_to_change","adapt",27104,0.27104,86
"8355","hww","economic_risk","low",81673,0.81673,86
"8356","hww","economic_risk","medium",3094,0.03094,86
"8357","hww","economic_risk","high",15233,0.15233,86
"8358","hww","go_fishing","no",38278,0.38278,86
"8359","hww","go_fishing","yes",61722,0.61722,86
"8360","hww","individual_risk","low",40964,0.40964,86
"8361","hww","individual_risk","medium",32876,0.32876,86
"8362","hww","individual_risk","high",26160,0.2616,86
"8363","hww","societal_risk","low",40964,0.40964,86
"8364","hww","societal_risk","medium",47177,0.47177,86
"8365","hww","societal_risk","high",11859,0.11859,86
"8366","hww","strategy_to_change","cope",74251,0.74251,86
"8367","hww","strategy_to_change","react",15838,0.15838,86
"8368","hww","strategy_to_change","adapt",9911,0.09911,86
"8369","gal","economic_risk","low",51183,0.51183,86
"8370","gal","economic_risk","medium",20151,0.20151,86
"8371","gal","economic_risk","high",28666,0.28666,86
"8372","gal","go_fishing","no",16515,0.16515,86
"8373","gal","go_fishing","yes",83485,0.83485,86
"8374","gal","individual_risk","low",41802,0.41802,86
"8375","gal","individual_risk","medium",39965,0.39965,86
"8376","gal","individual_risk","high",18233,0.18233,86
"8377","gal","societal_risk","low",41802,0.41802,86
"8378","gal","societal_risk","medium",41107,0.41107,86
"8379","gal","societal_risk","high",17091,0.17091,86
"8380","gal","strategy_to_change","cope",58447,0.58447,86
"8381","gal","strategy_to_change","react",37607,0.37607,86
"8382","gal","strategy_to_change","adapt",3946,0.03946,86
"8383","sto","economic_risk","low",66705,0.66705,86
"8384","sto","economic_risk","medium",8100,0.081,86
"8385","sto","economic_risk","high",25195,0.25195,86
"8386","sto","go_fishing","no",84375,0.84375,86
"8387","sto","go_fishing","yes",15625,0.15625,86
"8388","sto","individual_risk","low",11050,0.1105,86
"8389","sto","individual_risk","medium",48537,0.48537,86
"8390","sto","individual_risk","high",40413,0.40413,86
"8391","sto","societal_risk","low",11050,0.1105,86
"8392","sto","societal_risk","medium",65815,0.65815,86
"8393","sto","societal_risk","high",23135,0.23135,86
"8394","sto","strategy_to_change","cope",84375,0.84375,86
"8395","sto","strategy_to_change","react",15625,0.15625,86
"8396","erf","economic_risk","low",69061,0.69061,86
"8397","erf","economic_risk","medium",7374,0.07374,86
"8398","erf","economic_risk","high",23565,0.23565,86
"8399","erf","go_fishing","no",73155,0.73155,86
"8400","erf","go_fishing","yes",26845,0.26845,86
"8401","erf","individual_risk","low",15753,0.15753,86
"8402","erf","individual_risk","medium",46734,0.46734,86
"8403","erf","individual_risk","high",37513,0.37513,86
"8404","erf","societal_risk","low",15753,0.15753,86
"8405","erf","societal_risk","medium",64650,0.6465,86
"8406","erf","societal_risk","high",19597,0.19597,86
"8407","erf","strategy_to_change","cope",100000,1,86
"8408","ici","economic_risk","low",5417,0.05417,86
"8409","ici","economic_risk","medium",9535,0.09535,86
"8410","ici","economic_risk","high",24850,0.2485,86
"8411","ici","economic_risk","not_relevant",60198,0.60198,86
"8412","ici","go_fishing","no",55250,0.5525,86
"8413","ici","go_fishing","yes",44750,0.4475,86
"8414","ici","individual_risk","low",37,0.00037,86
"8415","ici","individual_risk","medium",7966,0.07966,86
"8416","ici","individual_risk","high",31799,0.31799,86
"8417","ici","individual_risk","not_relevant",60198,0.60198,86
"8418","ici","societal_risk","low",37,0.00037,86
"8419","ici","societal_risk","medium",22809,0.22809,86
"8420","ici","societal_risk","high",16956,0.16956,86
"8421","ici","societal_risk","not_relevant",60198,0.60198,86
"8422","ici","strategy_to_change","not_relevant",60198,0.60198,86
"8423","ici","strategy_to_change","cope",25249,0.25249,86
"8424","ici","strategy_to_change","react",14553,0.14553,86
"8425","abl","economic_risk","low",53458,0.53458,87
"8426","abl","economic_risk","medium",17699,0.17699,87
"8427","abl","economic_risk","high",28843,0.28843,87
"8428","abl","go_fishing","no",40499,0.40499,87
"8429","abl","go_fishing","yes",59501,0.59501,87
"8430","abl","individual_risk","low",32440,0.3244,87
"8431","abl","individual_risk","medium",45533,0.45533,87
"8432","abl","individual_risk","high",22027,0.22027,87
"8433","abl","societal_risk","low",32440,0.3244,87
"8434","abl","societal_risk","medium",60223,0.60223,87
"8435","abl","societal_risk","high",7337,0.07337,87
"8436","abl","strategy_to_change","cope",73383,0.73383,87
"8437","abl","strategy_to_change","react",24869,0.24869,87
"8438","abl","strategy_to_change","adapt",1748,0.01748,87
"8439","hws","economic_risk","low",82321,0.82321,87
"8440","hws","economic_risk","medium",8978,0.08978,87
"8441","hws","economic_risk","high",8701,0.08701,87
"8442","hws","go_fishing","no",8354,0.08354,87
"8443","hws","go_fishing","yes",91646,0.91646,87
"8444","hws","individual_risk","low",46877,0.46877,87
"8445","hws","individual_risk","medium",45520,0.4552,87
"8446","hws","individual_risk","high",7603,0.07603,87
"8447","hws","societal_risk","low",46877,0.46877,87
"8448","hws","societal_risk","medium",48047,0.48047,87
"8449","hws","societal_risk","high",5076,0.05076,87
"8450","hws","strategy_to_change","cope",23126,0.23126,87
"8451","hws","strategy_to_change","react",48704,0.48704,87
"8452","hws","strategy_to_change","adapt",28170,0.2817,87
"8453","hww","economic_risk","low",77334,0.77334,87
"8454","hww","economic_risk","medium",3579,0.03579,87
"8455","hww","economic_risk","high",19087,0.19087,87
"8456","hww","go_fishing","no",51287,0.51287,87
"8457","hww","go_fishing","yes",48713,0.48713,87
"8458","hww","individual_risk","low",36125,0.36125,87
"8459","hww","individual_risk","medium",33243,0.33243,87
"8460","hww","individual_risk","high",30632,0.30632,87
"8461","hww","societal_risk","low",36125,0.36125,87
"8462","hww","societal_risk","medium",43496,0.43496,87
"8463","hww","societal_risk","high",20379,0.20379,87
"8464","hww","strategy_to_change","cope",82764,0.82764,87
"8465","hww","strategy_to_change","react",13073,0.13073,87
"8466","hww","strategy_to_change","adapt",4163,0.04163,87
"8467","gal","economic_risk","low",58624,0.58624,87
"8468","gal","economic_risk","medium",18119,0.18119,87
"8469","gal","economic_risk","high",23257,0.23257,87
"8470","gal","go_fishing","no",31955,0.31955,87
"8471","gal","go_fishing","yes",68045,0.68045,87
"8472","gal","individual_risk","low",33179,0.33179,87
"8473","gal","individual_risk","medium",44423,0.44423,87
"8474","gal","individual_risk","high",22398,0.22398,87
"8475","gal","societal_risk","low",33179,0.33179,87
"8476","gal","societal_risk","medium",46173,0.46173,87
"8477","gal","societal_risk","high",20648,0.20648,87
"8478","gal","strategy_to_change","cope",62614,0.62614,87
"8479","gal","strategy_to_change","react",31966,0.31966,87
"8480","gal","strategy_to_change","adapt",5420,0.0542,87
"8481","sto","economic_risk","low",69991,0.69991,87
"8482","sto","economic_risk","medium",6263,0.06263,87
"8483","sto","economic_risk","high",23746,0.23746,87
"8484","sto","go_fishing","no",81860,0.8186,87
"8485","sto","go_fishing","yes",18140,0.1814,87
"8486","sto","individual_risk","low",11429,0.11429,87
"8487","sto","individual_risk","medium",51661,0.51661,87
"8488","sto","individual_risk","high",36910,0.3691,87
"8489","sto","societal_risk","low",11429,0.11429,87
"8490","sto","societal_risk","medium",63079,0.63079,87
"8491","sto","societal_risk","high",25492,0.25492,87
"8492","sto","strategy_to_change","cope",81860,0.8186,87
"8493","sto","strategy_to_change","react",18140,0.1814,87
"8494","erf","economic_risk","low",52494,0.52494,87
"8495","erf","economic_risk","medium",5477,0.05477,87
"8496","erf","economic_risk","high",42029,0.42029,87
"8497","erf","go_fishing","no",49297,0.49297,87
"8498","erf","go_fishing","yes",50703,0.50703,87
"8499","erf","individual_risk","low",31270,0.3127,87
"8500","erf","individual_risk","medium",42052,0.42052,87
"8501","erf","individual_risk","high",26678,0.26678,87
"8502","erf","societal_risk","low",31270,0.3127,87
"8503","erf","societal_risk","medium",57049,0.57049,87
"8504","erf","societal_risk","high",11681,0.11681,87
"8505","erf","strategy_to_change","cope",100000,1,87
"8506","ici","economic_risk","low",9107,0.09107,87
"8507","ici","economic_risk","medium",7015,0.07015,87
"8508","ici","economic_risk","high",23718,0.23718,87
"8509","ici","economic_risk","not_relevant",60160,0.6016,87
"8510","ici","go_fishing","no",59086,0.59086,87
"8511","ici","go_fishing","yes",40914,0.40914,87
"8512","ici","individual_risk","low",19,0.00019,87
"8513","ici","individual_risk","medium",10422,0.10422,87
"8514","ici","individual_risk","high",29399,0.29399,87
"8515","ici","individual_risk","not_relevant",60160,0.6016,87
"8516","ici","societal_risk","low",19,0.00019,87
"8517","ici","societal_risk","medium",26457,0.26457,87
"8518","ici","societal_risk","high",13364,0.13364,87
"8519","ici","societal_risk","not_relevant",60160,0.6016,87
"8520","ici","strategy_to_change","not_relevant",60160,0.6016,87
"8521","ici","strategy_to_change","cope",28971,0.28971,87
"8522","ici","strategy_to_change","react",10869,0.10869,87
"8523","abl","economic_risk","low",58928,0.58928,88
"8524","abl","economic_risk","medium",15146,0.15146,88
"8525","abl","economic_risk","high",25926,0.25926,88
"8526","abl","go_fishing","no",38477,0.38477,88
"8527","abl","go_fishing","yes",61523,0.61523,88
"8528","abl","individual_risk","low",28413,0.28413,88
"8529","abl","individual_risk","medium",51344,0.51344,88
"8530","abl","individual_risk","high",20243,0.20243,88
"8531","abl","societal_risk","low",28413,0.28413,88
"8532","abl","societal_risk","medium",64071,0.64071,88
"8533","abl","societal_risk","high",7516,0.07516,88
"8534","abl","strategy_to_change","cope",72388,0.72388,88
"8535","abl","strategy_to_change","react",17120,0.1712,88
"8536","abl","strategy_to_change","adapt",10492,0.10492,88
"8537","hws","economic_risk","low",78535,0.78535,88
"8538","hws","economic_risk","medium",9717,0.09717,88
"8539","hws","economic_risk","high",11748,0.11748,88
"8540","hws","go_fishing","no",7008,0.07008,88
"8541","hws","go_fishing","yes",92992,0.92992,88
"8542","hws","individual_risk","low",45302,0.45302,88
"8543","hws","individual_risk","medium",48389,0.48389,88
"8544","hws","individual_risk","high",6309,0.06309,88
"8545","hws","societal_risk","low",45302,0.45302,88
"8546","hws","societal_risk","medium",51495,0.51495,88
"8547","hws","societal_risk","high",3203,0.03203,88
"8548","hws","strategy_to_change","cope",18558,0.18558,88
"8549","hws","strategy_to_change","react",53996,0.53996,88
"8550","hws","strategy_to_change","adapt",27446,0.27446,88
"8551","hww","economic_risk","low",78614,0.78614,88
"8552","hww","economic_risk","medium",1629,0.01629,88
"8553","hww","economic_risk","high",19757,0.19757,88
"8554","hww","go_fishing","no",41122,0.41122,88
"8555","hww","go_fishing","yes",58878,0.58878,88
"8556","hww","individual_risk","low",41894,0.41894,88
"8557","hww","individual_risk","medium",28901,0.28901,88
"8558","hww","individual_risk","high",29205,0.29205,88
"8559","hww","societal_risk","low",41894,0.41894,88
"8560","hww","societal_risk","medium",46096,0.46096,88
"8561","hww","societal_risk","high",12010,0.1201,88
"8562","hww","strategy_to_change","cope",81929,0.81929,88
"8563","hww","strategy_to_change","react",10967,0.10967,88
"8564","hww","strategy_to_change","adapt",7104,0.07104,88
"8565","gal","economic_risk","low",44419,0.44419,88
"8566","gal","economic_risk","medium",22427,0.22427,88
"8567","gal","economic_risk","high",33154,0.33154,88
"8568","gal","go_fishing","no",21575,0.21575,88
"8569","gal","go_fishing","yes",78425,0.78425,88
"8570","gal","individual_risk","low",40826,0.40826,88
"8571","gal","individual_risk","medium",41892,0.41892,88
"8572","gal","individual_risk","high",17282,0.17282,88
"8573","gal","societal_risk","low",40826,0.40826,88
"8574","gal","societal_risk","medium",47327,0.47327,88
"8575","gal","societal_risk","high",11847,0.11847,88
"8576","gal","strategy_to_change","cope",47985,0.47985,88
"8577","gal","strategy_to_change","react",44893,0.44893,88
"8578","gal","strategy_to_change","adapt",7122,0.07122,88
"8579","sto","economic_risk","low",70930,0.7093,88
"8580","sto","economic_risk","medium",5409,0.05409,88
"8581","sto","economic_risk","high",23661,0.23661,88
"8582","sto","go_fishing","no",79184,0.79184,88
"8583","sto","go_fishing","yes",20816,0.20816,88
"8584","sto","individual_risk","low",14805,0.14805,88
"8585","sto","individual_risk","medium",48897,0.48897,88
"8586","sto","individual_risk","high",36298,0.36298,88
"8587","sto","societal_risk","low",14805,0.14805,88
"8588","sto","societal_risk","medium",67605,0.67605,88
"8589","sto","societal_risk","high",17590,0.1759,88
"8590","sto","strategy_to_change","cope",79184,0.79184,88
"8591","sto","strategy_to_change","react",20816,0.20816,88
"8592","erf","economic_risk","low",70716,0.70716,88
"8593","erf","economic_risk","medium",6836,0.06836,88
"8594","erf","economic_risk","high",22448,0.22448,88
"8595","erf","go_fishing","no",67117,0.67117,88
"8596","erf","go_fishing","yes",32883,0.32883,88
"8597","erf","individual_risk","low",20771,0.20771,88
"8598","erf","individual_risk","medium",45525,0.45525,88
"8599","erf","individual_risk","high",33704,0.33704,88
"8600","erf","societal_risk","low",20771,0.20771,88
"8601","erf","societal_risk","medium",64611,0.64611,88
"8602","erf","societal_risk","high",14618,0.14618,88
"8603","erf","strategy_to_change","cope",100000,1,88
"8604","ici","economic_risk","low",4651,0.04651,88
"8605","ici","economic_risk","medium",8589,0.08589,88
"8606","ici","economic_risk","high",26372,0.26372,88
"8607","ici","economic_risk","not_relevant",60388,0.60388,88
"8608","ici","go_fishing","no",54438,0.54438,88
"8609","ici","go_fishing","yes",45562,0.45562,88
"8610","ici","individual_risk","low",24,0.00024,88
"8611","ici","individual_risk","medium",5926,0.05926,88
"8612","ici","individual_risk","high",33662,0.33662,88
"8613","ici","individual_risk","not_relevant",60388,0.60388,88
"8614","ici","societal_risk","low",24,0.00024,88
"8615","ici","societal_risk","medium",20693,0.20693,88
"8616","ici","societal_risk","high",18895,0.18895,88
"8617","ici","societal_risk","not_relevant",60388,0.60388,88
"8618","ici","strategy_to_change","not_relevant",60388,0.60388,88
"8619","ici","strategy_to_change","cope",24206,0.24206,88
"8620","ici","strategy_to_change","react",15406,0.15406,88
"8621","abl","economic_risk","low",68131,0.68131,89
"8622","abl","economic_risk","medium",7987,0.07987,89
"8623","abl","economic_risk","high",23882,0.23882,89
"8624","abl","go_fishing","no",39790,0.3979,89
"8625","abl","go_fishing","yes",60210,0.6021,89
"8626","abl","individual_risk","low",30539,0.30539,89
"8627","abl","individual_risk","medium",47692,0.47692,89
"8628","abl","individual_risk","high",21769,0.21769,89
"8629","abl","societal_risk","low",30539,0.30539,89
"8630","abl","societal_risk","medium",62813,0.62813,89
"8631","abl","societal_risk","high",6648,0.06648,89
"8632","abl","strategy_to_change","cope",70031,0.70031,89
"8633","abl","strategy_to_change","react",13336,0.13336,89
"8634","abl","strategy_to_change","adapt",16633,0.16633,89
"8635","hws","economic_risk","low",83303,0.83303,89
"8636","hws","economic_risk","medium",7251,0.07251,89
"8637","hws","economic_risk","high",9446,0.09446,89
"8638","hws","go_fishing","no",6863,0.06863,89
"8639","hws","go_fishing","yes",93137,0.93137,89
"8640","hws","individual_risk","low",49410,0.4941,89
"8641","hws","individual_risk","medium",44574,0.44574,89
"8642","hws","individual_risk","high",6016,0.06016,89
"8643","hws","societal_risk","low",49410,0.4941,89
"8644","hws","societal_risk","medium",47011,0.47011,89
"8645","hws","societal_risk","high",3579,0.03579,89
"8646","hws","strategy_to_change","cope",13448,0.13448,89
"8647","hws","strategy_to_change","react",50351,0.50351,89
"8648","hws","strategy_to_change","adapt",36201,0.36201,89
"8649","hww","economic_risk","low",77166,0.77166,89
"8650","hww","economic_risk","medium",2885,0.02885,89
"8651","hww","economic_risk","high",19949,0.19949,89
"8652","hww","go_fishing","no",43610,0.4361,89
"8653","hww","go_fishing","yes",56390,0.5639,89
"8654","hww","individual_risk","low",40688,0.40688,89
"8655","hww","individual_risk","medium",31428,0.31428,89
"8656","hww","individual_risk","high",27884,0.27884,89
"8657","hww","societal_risk","low",40688,0.40688,89
"8658","hww","societal_risk","medium",47200,0.472,89
"8659","hww","societal_risk","high",12112,0.12112,89
"8660","hww","strategy_to_change","cope",74012,0.74012,89
"8661","hww","strategy_to_change","react",16728,0.16728,89
"8662","hww","strategy_to_change","adapt",9260,0.0926,89
"8663","gal","economic_risk","low",54066,0.54066,89
"8664","gal","economic_risk","medium",16766,0.16766,89
"8665","gal","economic_risk","high",29168,0.29168,89
"8666","gal","go_fishing","no",21194,0.21194,89
"8667","gal","go_fishing","yes",78806,0.78806,89
"8668","gal","individual_risk","low",42785,0.42785,89
"8669","gal","individual_risk","medium",40274,0.40274,89
"8670","gal","individual_risk","high",16941,0.16941,89
"8671","gal","societal_risk","low",42785,0.42785,89
"8672","gal","societal_risk","medium",44528,0.44528,89
"8673","gal","societal_risk","high",12687,0.12687,89
"8674","gal","strategy_to_change","cope",55991,0.55991,89
"8675","gal","strategy_to_change","react",38812,0.38812,89
"8676","gal","strategy_to_change","adapt",5197,0.05197,89
"8677","sto","economic_risk","low",72467,0.72467,89
"8678","sto","economic_risk","medium",4663,0.04663,89
"8679","sto","economic_risk","high",22870,0.2287,89
"8680","sto","go_fishing","no",79367,0.79367,89
"8681","sto","go_fishing","yes",20633,0.20633,89
"8682","sto","individual_risk","low",12736,0.12736,89
"8683","sto","individual_risk","medium",51802,0.51802,89
"8684","sto","individual_risk","high",35462,0.35462,89
"8685","sto","societal_risk","low",12736,0.12736,89
"8686","sto","societal_risk","medium",68963,0.68963,89
"8687","sto","societal_risk","high",18301,0.18301,89
"8688","sto","strategy_to_change","cope",79367,0.79367,89
"8689","sto","strategy_to_change","react",20633,0.20633,89
"8690","erf","economic_risk","low",54034,0.54034,89
"8691","erf","economic_risk","medium",3903,0.03903,89
"8692","erf","economic_risk","high",42063,0.42063,89
"8693","erf","go_fishing","no",52302,0.52302,89
"8694","erf","go_fishing","yes",47698,0.47698,89
"8695","erf","individual_risk","low",29709,0.29709,89
"8696","erf","individual_risk","medium",42760,0.4276,89
"8697","erf","individual_risk","high",27531,0.27531,89
"8698","erf","societal_risk","low",29709,0.29709,89
"8699","erf","societal_risk","medium",58413,0.58413,89
"8700","erf","societal_risk","high",11878,0.11878,89
"8701","erf","strategy_to_change","cope",100000,1,89
"8702","ici","economic_risk","low",2549,0.02549,89
"8703","ici","economic_risk","medium",8215,0.08215,89
"8704","ici","economic_risk","high",29501,0.29501,89
"8705","ici","economic_risk","not_relevant",59735,0.59735,89
"8706","ici","go_fishing","no",52626,0.52626,89
"8707","ici","go_fishing","yes",47374,0.47374,89
"8708","ici","individual_risk","low",6,6e-05,89
"8709","ici","individual_risk","medium",4137,0.04137,89
"8710","ici","individual_risk","high",36122,0.36122,89
"8711","ici","individual_risk","not_relevant",59735,0.59735,89
"8712","ici","societal_risk","low",6,6e-05,89
"8713","ici","societal_risk","medium",20398,0.20398,89
"8714","ici","societal_risk","high",19861,0.19861,89
"8715","ici","societal_risk","not_relevant",59735,0.59735,89
"8716","ici","strategy_to_change","not_relevant",59735,0.59735,89
"8717","ici","strategy_to_change","cope",22645,0.22645,89
"8718","ici","strategy_to_change","react",17620,0.1762,89
"8719","abl","economic_risk","low",61788,0.61788,90
"8720","abl","economic_risk","medium",13567,0.13567,90
"8721","abl","economic_risk","high",24645,0.24645,90
"8722","abl","go_fishing","no",37589,0.37589,90
"8723","abl","go_fishing","yes",62411,0.62411,90
"8724","abl","individual_risk","low",37004,0.37004,90
"8725","abl","individual_risk","medium",44174,0.44174,90
"8726","abl","individual_risk","high",18822,0.18822,90
"8727","abl","societal_risk","low",37004,0.37004,90
"8728","abl","societal_risk","medium",56648,0.56648,90
"8729","abl","societal_risk","high",6348,0.06348,90
"8730","abl","strategy_to_change","cope",65636,0.65636,90
"8731","abl","strategy_to_change","react",19739,0.19739,90
"8732","abl","strategy_to_change","adapt",14625,0.14625,90
"8733","hws","economic_risk","low",83643,0.83643,90
"8734","hws","economic_risk","medium",6464,0.06464,90
"8735","hws","economic_risk","high",9893,0.09893,90
"8736","hws","go_fishing","no",10841,0.10841,90
"8737","hws","go_fishing","yes",89159,0.89159,90
"8738","hws","individual_risk","low",51139,0.51139,90
"8739","hws","individual_risk","medium",40871,0.40871,90
"8740","hws","individual_risk","high",7990,0.0799,90
"8741","hws","societal_risk","low",51139,0.51139,90
"8742","hws","societal_risk","medium",44436,0.44436,90
"8743","hws","societal_risk","high",4425,0.04425,90
"8744","hws","strategy_to_change","cope",17207,0.17207,90
"8745","hws","strategy_to_change","react",45033,0.45033,90
"8746","hws","strategy_to_change","adapt",37760,0.3776,90
"8747","hww","economic_risk","low",78601,0.78601,90
"8748","hww","economic_risk","medium",1886,0.01886,90
"8749","hww","economic_risk","high",19513,0.19513,90
"8750","hww","go_fishing","no",48726,0.48726,90
"8751","hww","go_fishing","yes",51274,0.51274,90
"8752","hww","individual_risk","low",36036,0.36036,90
"8753","hww","individual_risk","medium",34756,0.34756,90
"8754","hww","individual_risk","high",29208,0.29208,90
"8755","hww","societal_risk","low",36036,0.36036,90
"8756","hww","societal_risk","medium",47799,0.47799,90
"8757","hww","societal_risk","high",16165,0.16165,90
"8758","hww","strategy_to_change","cope",78306,0.78306,90
"8759","hww","strategy_to_change","react",15806,0.15806,90
"8760","hww","strategy_to_change","adapt",5888,0.05888,90
"8761","gal","economic_risk","low",48983,0.48983,90
"8762","gal","economic_risk","medium",14679,0.14679,90
"8763","gal","economic_risk","high",36338,0.36338,90
"8764","gal","go_fishing","no",25122,0.25122,90
"8765","gal","go_fishing","yes",74878,0.74878,90
"8766","gal","individual_risk","low",34124,0.34124,90
"8767","gal","individual_risk","medium",44316,0.44316,90
"8768","gal","individual_risk","high",21560,0.2156,90
"8769","gal","societal_risk","low",34124,0.34124,90
"8770","gal","societal_risk","medium",48352,0.48352,90
"8771","gal","societal_risk","high",17524,0.17524,90
"8772","gal","strategy_to_change","cope",69298,0.69298,90
"8773","gal","strategy_to_change","react",26263,0.26263,90
"8774","gal","strategy_to_change","adapt",4439,0.04439,90
"8775","sto","economic_risk","low",71618,0.71618,90
"8776","sto","economic_risk","medium",5103,0.05103,90
"8777","sto","economic_risk","high",23279,0.23279,90
"8778","sto","go_fishing","no",79082,0.79082,90
"8779","sto","go_fishing","yes",20918,0.20918,90
"8780","sto","individual_risk","low",15517,0.15517,90
"8781","sto","individual_risk","medium",50458,0.50458,90
"8782","sto","individual_risk","high",34025,0.34025,90
"8783","sto","societal_risk","low",15517,0.15517,90
"8784","sto","societal_risk","medium",63514,0.63514,90
"8785","sto","societal_risk","high",20969,0.20969,90
"8786","sto","strategy_to_change","cope",79082,0.79082,90
"8787","sto","strategy_to_change","react",20918,0.20918,90
"8788","erf","economic_risk","low",70962,0.70962,90
"8789","erf","economic_risk","medium",6418,0.06418,90
"8790","erf","economic_risk","high",22620,0.2262,90
"8791","erf","go_fishing","no",68220,0.6822,90
"8792","erf","go_fishing","yes",31780,0.3178,90
"8793","erf","individual_risk","low",19499,0.19499,90
"8794","erf","individual_risk","medium",47713,0.47713,90
"8795","erf","individual_risk","high",32788,0.32788,90
"8796","erf","societal_risk","low",19499,0.19499,90
"8797","erf","societal_risk","medium",60946,0.60946,90
"8798","erf","societal_risk","high",19555,0.19555,90
"8799","erf","strategy_to_change","cope",100000,1,90
"8800","ici","economic_risk","low",1928,0.01928,90
"8801","ici","economic_risk","medium",9776,0.09776,90
"8802","ici","economic_risk","high",28446,0.28446,90
"8803","ici","economic_risk","not_relevant",59850,0.5985,90
"8804","ici","go_fishing","no",52158,0.52158,90
"8805","ici","go_fishing","yes",47842,0.47842,90
"8806","ici","individual_risk","low",10,1e-04,90
"8807","ici","individual_risk","medium",3426,0.03426,90
"8808","ici","individual_risk","high",36714,0.36714,90
"8809","ici","individual_risk","not_relevant",59850,0.5985,90
"8810","ici","societal_risk","low",10,1e-04,90
"8811","ici","societal_risk","medium",19866,0.19866,90
"8812","ici","societal_risk","high",20274,0.20274,90
"8813","ici","societal_risk","not_relevant",59850,0.5985,90
"8814","ici","strategy_to_change","not_relevant",59850,0.5985,90
"8815","ici","strategy_to_change","cope",22182,0.22182,90
"8816","ici","strategy_to_change","react",17968,0.17968,90
"8817","abl","economic_risk","low",66023,0.66023,91
"8818","abl","economic_risk","medium",10586,0.10586,91
"8819","abl","economic_risk","high",23391,0.23391,91
"8820","abl","go_fishing","no",40451,0.40451,91
"8821","abl","go_fishing","yes",59549,0.59549,91
"8822","abl","individual_risk","low",29762,0.29762,91
"8823","abl","individual_risk","medium",48020,0.4802,91
"8824","abl","individual_risk","high",22218,0.22218,91
"8825","abl","societal_risk","low",29743,0.29743,91
"8826","abl","societal_risk","medium",62195,0.62195,91
"8827","abl","societal_risk","high",8062,0.08062,91
"8828","abl","strategy_to_change","cope",74232,0.74232,91
"8829","abl","strategy_to_change","react",10019,0.10019,91
"8830","abl","strategy_to_change","adapt",15749,0.15749,91
"8831","hws","economic_risk","low",84085,0.84085,91
"8832","hws","economic_risk","medium",6556,0.06556,91
"8833","hws","economic_risk","high",9359,0.09359,91
"8834","hws","go_fishing","no",14397,0.14397,91
"8835","hws","go_fishing","yes",85603,0.85603,91
"8836","hws","individual_risk","low",47829,0.47829,91
"8837","hws","individual_risk","medium",41988,0.41988,91
"8838","hws","individual_risk","high",10183,0.10183,91
"8839","hws","societal_risk","low",47807,0.47807,91
"8840","hws","societal_risk","medium",45830,0.4583,91
"8841","hws","societal_risk","high",6363,0.06363,91
"8842","hws","strategy_to_change","cope",26828,0.26828,91
"8843","hws","strategy_to_change","react",41447,0.41447,91
"8844","hws","strategy_to_change","adapt",31725,0.31725,91
"8845","hww","economic_risk","low",75315,0.75315,91
"8846","hww","economic_risk","medium",4688,0.04688,91
"8847","hww","economic_risk","high",19997,0.19997,91
"8848","hww","go_fishing","no",44898,0.44898,91
"8849","hww","go_fishing","yes",55102,0.55102,91
"8850","hww","individual_risk","low",40511,0.40511,91
"8851","hww","individual_risk","medium",34214,0.34214,91
"8852","hww","individual_risk","high",25275,0.25275,91
"8853","hww","societal_risk","low",40484,0.40484,91
"8854","hww","societal_risk","medium",47703,0.47703,91
"8855","hww","societal_risk","high",11813,0.11813,91
"8856","hww","strategy_to_change","cope",73019,0.73019,91
"8857","hww","strategy_to_change","react",17094,0.17094,91
"8858","hww","strategy_to_change","adapt",9887,0.09887,91
"8859","gal","economic_risk","low",57663,0.57663,91
"8860","gal","economic_risk","medium",12038,0.12038,91
"8861","gal","economic_risk","high",30299,0.30299,91
"8862","gal","go_fishing","no",39090,0.3909,91
"8863","gal","go_fishing","yes",60910,0.6091,91
"8864","gal","individual_risk","low",28215,0.28215,91
"8865","gal","individual_risk","medium",53271,0.53271,91
"8866","gal","individual_risk","high",18514,0.18514,91
"8867","gal","societal_risk","low",28166,0.28166,91
"8868","gal","societal_risk","medium",56372,0.56372,91
"8869","gal","societal_risk","high",15462,0.15462,91
"8870","gal","strategy_to_change","cope",77771,0.77771,91
"8871","gal","strategy_to_change","react",18412,0.18412,91
"8872","gal","strategy_to_change","adapt",3817,0.03817,91
"8873","sto","economic_risk","low",67634,0.67634,91
"8874","sto","economic_risk","medium",8022,0.08022,91
"8875","sto","economic_risk","high",24344,0.24344,91
"8876","sto","go_fishing","no",80392,0.80392,91
"8877","sto","go_fishing","yes",19608,0.19608,91
"8878","sto","individual_risk","low",13331,0.13331,91
"8879","sto","individual_risk","medium",57001,0.57001,91
"8880","sto","individual_risk","high",29668,0.29668,91
"8881","sto","societal_risk","low",13276,0.13276,91
"8882","sto","societal_risk","medium",71550,0.7155,91
"8883","sto","societal_risk","high",15174,0.15174,91
"8884","sto","strategy_to_change","cope",80392,0.80392,91
"8885","sto","strategy_to_change","react",19608,0.19608,91
"8886","erf","economic_risk","low",69551,0.69551,91
"8887","erf","economic_risk","medium",7084,0.07084,91
"8888","erf","economic_risk","high",23365,0.23365,91
"8889","erf","go_fishing","no",63029,0.63029,91
"8890","erf","go_fishing","yes",36971,0.36971,91
"8891","erf","individual_risk","low",24634,0.24634,91
"8892","erf","individual_risk","medium",51476,0.51476,91
"8893","erf","individual_risk","high",23890,0.2389,91
"8894","erf","societal_risk","low",24601,0.24601,91
"8895","erf","societal_risk","medium",66504,0.66504,91
"8896","erf","societal_risk","high",8895,0.08895,91
"8897","erf","strategy_to_change","cope",100000,1,91
"8898","ici","economic_risk","low",6870,0.0687,91
"8899","ici","economic_risk","medium",7973,0.07973,91
"8900","ici","economic_risk","high",25191,0.25191,91
"8901","ici","economic_risk","not_relevant",59966,0.59966,91
"8902","ici","go_fishing","no",56741,0.56741,91
"8903","ici","go_fishing","yes",43259,0.43259,91
"8904","ici","individual_risk","low",20,2e-04,91
"8905","ici","individual_risk","medium",8873,0.08873,91
"8906","ici","individual_risk","high",31141,0.31141,91
"8907","ici","individual_risk","not_relevant",59966,0.59966,91
"8908","ici","societal_risk","low",20,2e-04,91
"8909","ici","societal_risk","medium",24329,0.24329,91
"8910","ici","societal_risk","high",15685,0.15685,91
"8911","ici","societal_risk","not_relevant",59966,0.59966,91
"8912","ici","strategy_to_change","not_relevant",59966,0.59966,91
"8913","ici","strategy_to_change","cope",26937,0.26937,91
"8914","ici","strategy_to_change","react",13097,0.13097,91
"8915","abl","economic_risk","low",58554,0.58554,92
"8916","abl","economic_risk","medium",18513,0.18513,92
"8917","abl","economic_risk","high",22933,0.22933,92
"8918","abl","go_fishing","no",31322,0.31322,92
"8919","abl","go_fishing","yes",68678,0.68678,92
"8920","abl","individual_risk","low",38943,0.38943,92
"8921","abl","individual_risk","medium",46836,0.46836,92
"8922","abl","individual_risk","high",14221,0.14221,92
"8923","abl","societal_risk","low",38943,0.38943,92
"8924","abl","societal_risk","medium",56165,0.56165,92
"8925","abl","societal_risk","high",4892,0.04892,92
"8926","abl","strategy_to_change","cope",62525,0.62525,92
"8927","abl","strategy_to_change","react",25902,0.25902,92
"8928","abl","strategy_to_change","adapt",11573,0.11573,92
"8929","hws","economic_risk","low",83548,0.83548,92
"8930","hws","economic_risk","medium",6669,0.06669,92
"8931","hws","economic_risk","high",9783,0.09783,92
"8932","hws","go_fishing","no",13161,0.13161,92
"8933","hws","go_fishing","yes",86839,0.86839,92
"8934","hws","individual_risk","low",45698,0.45698,92
"8935","hws","individual_risk","medium",46296,0.46296,92
"8936","hws","individual_risk","high",8006,0.08006,92
"8937","hws","societal_risk","low",45698,0.45698,92
"8938","hws","societal_risk","medium",50158,0.50158,92
"8939","hws","societal_risk","high",4144,0.04144,92
"8940","hws","strategy_to_change","cope",23687,0.23687,92
"8941","hws","strategy_to_change","react",41720,0.4172,92
"8942","hws","strategy_to_change","adapt",34593,0.34593,92
"8943","hww","economic_risk","low",79920,0.7992,92
"8944","hww","economic_risk","medium",1987,0.01987,92
"8945","hww","economic_risk","high",18093,0.18093,92
"8946","hww","go_fishing","no",42234,0.42234,92
"8947","hww","go_fishing","yes",57766,0.57766,92
"8948","hww","individual_risk","low",41820,0.4182,92
"8949","hww","individual_risk","medium",31389,0.31389,92
"8950","hww","individual_risk","high",26791,0.26791,92
"8951","hww","societal_risk","low",41820,0.4182,92
"8952","hww","societal_risk","medium",47005,0.47005,92
"8953","hww","societal_risk","high",11175,0.11175,92
"8954","hww","strategy_to_change","cope",78751,0.78751,92
"8955","hww","strategy_to_change","react",9020,0.0902,92
"8956","hww","strategy_to_change","adapt",12229,0.12229,92
"8957","gal","economic_risk","low",53544,0.53544,92
"8958","gal","economic_risk","medium",17187,0.17187,92
"8959","gal","economic_risk","high",29269,0.29269,92
"8960","gal","go_fishing","no",10308,0.10308,92
"8961","gal","go_fishing","yes",89692,0.89692,92
"8962","gal","individual_risk","low",44843,0.44843,92
"8963","gal","individual_risk","medium",37943,0.37943,92
"8964","gal","individual_risk","high",17214,0.17214,92
"8965","gal","societal_risk","low",44843,0.44843,92
"8966","gal","societal_risk","medium",41807,0.41807,92
"8967","gal","societal_risk","high",13350,0.1335,92
"8968","gal","strategy_to_change","cope",58941,0.58941,92
"8969","gal","strategy_to_change","react",34314,0.34314,92
"8970","gal","strategy_to_change","adapt",6745,0.06745,92
"8971","sto","economic_risk","low",70353,0.70353,92
"8972","sto","economic_risk","medium",5416,0.05416,92
"8973","sto","economic_risk","high",24231,0.24231,92
"8974","sto","go_fishing","no",85065,0.85065,92
"8975","sto","go_fishing","yes",14935,0.14935,92
"8976","sto","individual_risk","low",11134,0.11134,92
"8977","sto","individual_risk","medium",52027,0.52027,92
"8978","sto","individual_risk","high",36839,0.36839,92
"8979","sto","societal_risk","low",11134,0.11134,92
"8980","sto","societal_risk","medium",71354,0.71354,92
"8981","sto","societal_risk","high",17512,0.17512,92
"8982","sto","strategy_to_change","cope",85065,0.85065,92
"8983","sto","strategy_to_change","react",14935,0.14935,92
"8984","erf","economic_risk","low",72191,0.72191,92
"8985","erf","economic_risk","medium",5328,0.05328,92
"8986","erf","economic_risk","high",22481,0.22481,92
"8987","erf","go_fishing","no",67052,0.67052,92
"8988","erf","go_fishing","yes",32948,0.32948,92
"8989","erf","individual_risk","low",22428,0.22428,92
"8990","erf","individual_risk","medium",44385,0.44385,92
"8991","erf","individual_risk","high",33187,0.33187,92
"8992","erf","societal_risk","low",22428,0.22428,92
"8993","erf","societal_risk","medium",63976,0.63976,92
"8994","erf","societal_risk","high",13596,0.13596,92
"8995","erf","strategy_to_change","cope",100000,1,92
"8996","ici","economic_risk","low",7492,0.07492,92
"8997","ici","economic_risk","medium",7177,0.07177,92
"8998","ici","economic_risk","high",25593,0.25593,92
"8999","ici","economic_risk","not_relevant",59738,0.59738,92
"9000","ici","go_fishing","no",57416,0.57416,92
"9001","ici","go_fishing","yes",42584,0.42584,92
"9002","ici","individual_risk","low",7,7e-05,92
"9003","ici","individual_risk","medium",9276,0.09276,92
"9004","ici","individual_risk","high",30979,0.30979,92
"9005","ici","individual_risk","not_relevant",59738,0.59738,92
"9006","ici","societal_risk","low",7,7e-05,92
"9007","ici","societal_risk","medium",25211,0.25211,92
"9008","ici","societal_risk","high",15044,0.15044,92
"9009","ici","societal_risk","not_relevant",59738,0.59738,92
"9010","ici","strategy_to_change","not_relevant",59738,0.59738,92
"9011","ici","strategy_to_change","cope",27483,0.27483,92
"9012","ici","strategy_to_change","react",12779,0.12779,92
"9013","abl","economic_risk","low",68594,0.68594,93
"9014","abl","economic_risk","medium",11265,0.11265,93
"9015","abl","economic_risk","high",20141,0.20141,93
"9016","abl","go_fishing","no",34863,0.34863,93
"9017","abl","go_fishing","yes",65137,0.65137,93
"9018","abl","individual_risk","low",35809,0.35809,93
"9019","abl","individual_risk","medium",47534,0.47534,93
"9020","abl","individual_risk","high",16657,0.16657,93
"9021","abl","societal_risk","low",35809,0.35809,93
"9022","abl","societal_risk","medium",58025,0.58025,93
"9023","abl","societal_risk","high",6166,0.06166,93
"9024","abl","strategy_to_change","cope",68217,0.68217,93
"9025","abl","strategy_to_change","react",14149,0.14149,93
"9026","abl","strategy_to_change","adapt",17634,0.17634,93
"9027","hws","economic_risk","low",82735,0.82735,93
"9028","hws","economic_risk","medium",7411,0.07411,93
"9029","hws","economic_risk","high",9854,0.09854,93
"9030","hws","go_fishing","no",9453,0.09453,93
"9031","hws","go_fishing","yes",90547,0.90547,93
"9032","hws","individual_risk","low",48183,0.48183,93
"9033","hws","individual_risk","medium",44769,0.44769,93
"9034","hws","individual_risk","high",7048,0.07048,93
"9035","hws","societal_risk","low",48183,0.48183,93
"9036","hws","societal_risk","medium",47535,0.47535,93
"9037","hws","societal_risk","high",4282,0.04282,93
"9038","hws","strategy_to_change","cope",19463,0.19463,93
"9039","hws","strategy_to_change","react",48180,0.4818,93
"9040","hws","strategy_to_change","adapt",32357,0.32357,93
"9041","hww","economic_risk","low",75818,0.75818,93
"9042","hww","economic_risk","medium",2756,0.02756,93
"9043","hww","economic_risk","high",21426,0.21426,93
"9044","hww","go_fishing","no",44106,0.44106,93
"9045","hww","go_fishing","yes",55894,0.55894,93
"9046","hww","individual_risk","low",39343,0.39343,93
"9047","hww","individual_risk","medium",35932,0.35932,93
"9048","hww","individual_risk","high",24725,0.24725,93
"9049","hww","societal_risk","low",39343,0.39343,93
"9050","hww","societal_risk","medium",51091,0.51091,93
"9051","hww","societal_risk","high",9566,0.09566,93
"9052","hww","strategy_to_change","cope",78576,0.78576,93
"9053","hww","strategy_to_change","react",11425,0.11425,93
"9054","hww","strategy_to_change","adapt",9999,0.09999,93
"9055","gal","economic_risk","low",56042,0.56042,93
"9056","gal","economic_risk","medium",16649,0.16649,93
"9057","gal","economic_risk","high",27309,0.27309,93
"9058","gal","go_fishing","no",38317,0.38317,93
"9059","gal","go_fishing","yes",61683,0.61683,93
"9060","gal","individual_risk","low",31563,0.31563,93
"9061","gal","individual_risk","medium",53472,0.53472,93
"9062","gal","individual_risk","high",14965,0.14965,93
"9063","gal","societal_risk","low",31563,0.31563,93
"9064","gal","societal_risk","medium",56360,0.5636,93
"9065","gal","societal_risk","high",12077,0.12077,93
"9066","gal","strategy_to_change","cope",66480,0.6648,93
"9067","gal","strategy_to_change","react",28608,0.28608,93
"9068","gal","strategy_to_change","adapt",4912,0.04912,93
"9069","sto","economic_risk","low",70464,0.70464,93
"9070","sto","economic_risk","medium",5234,0.05234,93
"9071","sto","economic_risk","high",24302,0.24302,93
"9072","sto","go_fishing","no",83130,0.8313,93
"9073","sto","go_fishing","yes",16870,0.1687,93
"9074","sto","individual_risk","low",11444,0.11444,93
"9075","sto","individual_risk","medium",58988,0.58988,93
"9076","sto","individual_risk","high",29568,0.29568,93
"9077","sto","societal_risk","low",11444,0.11444,93
"9078","sto","societal_risk","medium",74345,0.74345,93
"9079","sto","societal_risk","high",14211,0.14211,93
"9080","sto","strategy_to_change","cope",83130,0.8313,93
"9081","sto","strategy_to_change","react",16870,0.1687,93
"9082","erf","economic_risk","low",71787,0.71787,93
"9083","erf","economic_risk","medium",5212,0.05212,93
"9084","erf","economic_risk","high",23001,0.23001,93
"9085","erf","go_fishing","no",67767,0.67767,93
"9086","erf","go_fishing","yes",32233,0.32233,93
"9087","erf","individual_risk","low",20177,0.20177,93
"9088","erf","individual_risk","medium",54347,0.54347,93
"9089","erf","individual_risk","high",25476,0.25476,93
"9090","erf","societal_risk","low",20177,0.20177,93
"9091","erf","societal_risk","medium",70009,0.70009,93
"9092","erf","societal_risk","high",9814,0.09814,93
"9093","erf","strategy_to_change","cope",100000,1,93
"9094","ici","economic_risk","low",6792,0.06792,93
"9095","ici","economic_risk","medium",7179,0.07179,93
"9096","ici","economic_risk","high",25947,0.25947,93
"9097","ici","economic_risk","not_relevant",60082,0.60082,93
"9098","ici","go_fishing","no",56632,0.56632,93
"9099","ici","go_fishing","yes",43368,0.43368,93
"9100","ici","individual_risk","low",10,1e-04,93
"9101","ici","individual_risk","medium",8704,0.08704,93
"9102","ici","individual_risk","high",31204,0.31204,93
"9103","ici","individual_risk","not_relevant",60082,0.60082,93
"9104","ici","societal_risk","low",10,1e-04,93
"9105","ici","societal_risk","medium",24600,0.246,93
"9106","ici","societal_risk","high",15308,0.15308,93
"9107","ici","societal_risk","not_relevant",60082,0.60082,93
"9108","ici","strategy_to_change","not_relevant",60082,0.60082,93
"9109","ici","strategy_to_change","cope",26668,0.26668,93
"9110","ici","strategy_to_change","react",13250,0.1325,93
"9111","abl","economic_risk","low",65081,0.65081,94
"9112","abl","economic_risk","medium",11823,0.11823,94
"9113","abl","economic_risk","high",23096,0.23096,94
"9114","abl","go_fishing","no",38728,0.38728,94
"9115","abl","go_fishing","yes",61272,0.61272,94
"9116","abl","individual_risk","low",33650,0.3365,94
"9117","abl","individual_risk","medium",46887,0.46887,94
"9118","abl","individual_risk","high",19463,0.19463,94
"9119","abl","societal_risk","low",33650,0.3365,94
"9120","abl","societal_risk","medium",59681,0.59681,94
"9121","abl","societal_risk","high",6669,0.06669,94
"9122","abl","strategy_to_change","cope",67624,0.67624,94
"9123","abl","strategy_to_change","react",14433,0.14433,94
"9124","abl","strategy_to_change","adapt",17943,0.17943,94
"9125","hws","economic_risk","low",83036,0.83036,94
"9126","hws","economic_risk","medium",7696,0.07696,94
"9127","hws","economic_risk","high",9268,0.09268,94
"9128","hws","go_fishing","no",13963,0.13963,94
"9129","hws","go_fishing","yes",86037,0.86037,94
"9130","hws","individual_risk","low",41517,0.41517,94
"9131","hws","individual_risk","medium",49206,0.49206,94
"9132","hws","individual_risk","high",9277,0.09277,94
"9133","hws","societal_risk","low",41517,0.41517,94
"9134","hws","societal_risk","medium",54044,0.54044,94
"9135","hws","societal_risk","high",4439,0.04439,94
"9136","hws","strategy_to_change","cope",23121,0.23121,94
"9137","hws","strategy_to_change","react",43102,0.43102,94
"9138","hws","strategy_to_change","adapt",33777,0.33777,94
"9139","hww","economic_risk","low",76349,0.76349,94
"9140","hww","economic_risk","medium",2932,0.02932,94
"9141","hww","economic_risk","high",20719,0.20719,94
"9142","hww","go_fishing","no",48835,0.48835,94
"9143","hww","go_fishing","yes",51165,0.51165,94
"9144","hww","individual_risk","low",37274,0.37274,94
"9145","hww","individual_risk","medium",31231,0.31231,94
"9146","hww","individual_risk","high",31495,0.31495,94
"9147","hww","societal_risk","low",37274,0.37274,94
"9148","hww","societal_risk","medium",49367,0.49367,94
"9149","hww","societal_risk","high",13359,0.13359,94
"9150","hww","strategy_to_change","cope",80626,0.80626,94
"9151","hww","strategy_to_change","react",11089,0.11089,94
"9152","hww","strategy_to_change","adapt",8285,0.08285,94
"9153","gal","economic_risk","low",54265,0.54265,94
"9154","gal","economic_risk","medium",18546,0.18546,94
"9155","gal","economic_risk","high",27189,0.27189,94
"9156","gal","go_fishing","no",17676,0.17676,94
"9157","gal","go_fishing","yes",82324,0.82324,94
"9158","gal","individual_risk","low",45607,0.45607,94
"9159","gal","individual_risk","medium",40487,0.40487,94
"9160","gal","individual_risk","high",13906,0.13906,94
"9161","gal","societal_risk","low",45607,0.45607,94
"9162","gal","societal_risk","medium",45539,0.45539,94
"9163","gal","societal_risk","high",8854,0.08854,94
"9164","gal","strategy_to_change","cope",59611,0.59611,94
"9165","gal","strategy_to_change","react",37408,0.37408,94
"9166","gal","strategy_to_change","adapt",2981,0.02981,94
"9167","sto","economic_risk","low",67708,0.67708,94
"9168","sto","economic_risk","medium",7080,0.0708,94
"9169","sto","economic_risk","high",25212,0.25212,94
"9170","sto","go_fishing","no",79139,0.79139,94
"9171","sto","go_fishing","yes",20861,0.20861,94
"9172","sto","individual_risk","low",14130,0.1413,94
"9173","sto","individual_risk","medium",43989,0.43989,94
"9174","sto","individual_risk","high",41881,0.41881,94
"9175","sto","societal_risk","low",14130,0.1413,94
"9176","sto","societal_risk","medium",63787,0.63787,94
"9177","sto","societal_risk","high",22083,0.22083,94
"9178","sto","strategy_to_change","cope",79139,0.79139,94
"9179","sto","strategy_to_change","react",20861,0.20861,94
"9180","erf","economic_risk","low",68188,0.68188,94
"9181","erf","economic_risk","medium",7771,0.07771,94
"9182","erf","economic_risk","high",24041,0.24041,94
"9183","erf","go_fishing","no",68497,0.68497,94
"9184","erf","go_fishing","yes",31503,0.31503,94
"9185","erf","individual_risk","low",20572,0.20572,94
"9186","erf","individual_risk","medium",41239,0.41239,94
"9187","erf","individual_risk","high",38189,0.38189,94
"9188","erf","societal_risk","low",20572,0.20572,94
"9189","erf","societal_risk","medium",61387,0.61387,94
"9190","erf","societal_risk","high",18041,0.18041,94
"9191","erf","strategy_to_change","cope",100000,1,94
"9192","ici","economic_risk","low",7552,0.07552,94
"9193","ici","economic_risk","medium",7054,0.07054,94
"9194","ici","economic_risk","high",25442,0.25442,94
"9195","ici","economic_risk","not_relevant",59952,0.59952,94
"9196","ici","go_fishing","no",57689,0.57689,94
"9197","ici","go_fishing","yes",42311,0.42311,94
"9198","ici","individual_risk","low",17,0.00017,94
"9199","ici","individual_risk","medium",9317,0.09317,94
"9200","ici","individual_risk","high",30714,0.30714,94
"9201","ici","individual_risk","not_relevant",59952,0.59952,94
"9202","ici","societal_risk","low",17,0.00017,94
"9203","ici","societal_risk","medium",26209,0.26209,94
"9204","ici","societal_risk","high",13822,0.13822,94
"9205","ici","societal_risk","not_relevant",59952,0.59952,94
"9206","ici","strategy_to_change","not_relevant",59952,0.59952,94
"9207","ici","strategy_to_change","cope",27680,0.2768,94
"9208","ici","strategy_to_change","react",12368,0.12368,94
"9209","abl","economic_risk","low",66032,0.66032,95
"9210","abl","economic_risk","medium",9460,0.0946,95
"9211","abl","economic_risk","high",24508,0.24508,95
"9212","abl","go_fishing","no",40298,0.40298,95
"9213","abl","go_fishing","yes",59702,0.59702,95
"9214","abl","individual_risk","low",28002,0.28002,95
"9215","abl","individual_risk","medium",49327,0.49327,95
"9216","abl","individual_risk","high",22671,0.22671,95
"9217","abl","societal_risk","low",28002,0.28002,95
"9218","abl","societal_risk","medium",65274,0.65274,95
"9219","abl","societal_risk","high",6724,0.06724,95
"9220","abl","strategy_to_change","cope",72097,0.72097,95
"9221","abl","strategy_to_change","react",10082,0.10082,95
"9222","abl","strategy_to_change","adapt",17821,0.17821,95
"9223","hws","economic_risk","low",87907,0.87907,95
"9224","hws","economic_risk","medium",6275,0.06275,95
"9225","hws","economic_risk","high",5818,0.05818,95
"9226","hws","go_fishing","no",16509,0.16509,95
"9227","hws","go_fishing","yes",83491,0.83491,95
"9228","hws","individual_risk","low",37476,0.37476,95
"9229","hws","individual_risk","medium",54664,0.54664,95
"9230","hws","individual_risk","high",7860,0.0786,95
"9231","hws","societal_risk","low",37476,0.37476,95
"9232","hws","societal_risk","medium",57215,0.57215,95
"9233","hws","societal_risk","high",5309,0.05309,95
"9234","hws","strategy_to_change","cope",29021,0.29021,95
"9235","hws","strategy_to_change","react",37547,0.37547,95
"9236","hws","strategy_to_change","adapt",33432,0.33432,95
"9237","hww","economic_risk","low",75986,0.75986,95
"9238","hww","economic_risk","medium",3485,0.03485,95
"9239","hww","economic_risk","high",20529,0.20529,95
"9240","hww","go_fishing","no",49506,0.49506,95
"9241","hww","go_fishing","yes",50494,0.50494,95
"9242","hww","individual_risk","low",36282,0.36282,95
"9243","hww","individual_risk","medium",30003,0.30003,95
"9244","hww","individual_risk","high",33715,0.33715,95
"9245","hww","societal_risk","low",36282,0.36282,95
"9246","hww","societal_risk","medium",45379,0.45379,95
"9247","hww","societal_risk","high",18339,0.18339,95
"9248","hww","strategy_to_change","cope",84737,0.84737,95
"9249","hww","strategy_to_change","react",10177,0.10177,95
"9250","hww","strategy_to_change","adapt",5086,0.05086,95
"9251","gal","economic_risk","low",54830,0.5483,95
"9252","gal","economic_risk","medium",19420,0.1942,95
"9253","gal","economic_risk","high",25750,0.2575,95
"9254","gal","go_fishing","no",19715,0.19715,95
"9255","gal","go_fishing","yes",80285,0.80285,95
"9256","gal","individual_risk","low",38813,0.38813,95
"9257","gal","individual_risk","medium",39853,0.39853,95
"9258","gal","individual_risk","high",21334,0.21334,95
"9259","gal","societal_risk","low",38813,0.38813,95
"9260","gal","societal_risk","medium",43645,0.43645,95
"9261","gal","societal_risk","high",17542,0.17542,95
"9262","gal","strategy_to_change","cope",51464,0.51464,95
"9263","gal","strategy_to_change","react",38236,0.38236,95
"9264","gal","strategy_to_change","adapt",10300,0.103,95
"9265","sto","economic_risk","low",70296,0.70296,95
"9266","sto","economic_risk","medium",5661,0.05661,95
"9267","sto","economic_risk","high",24043,0.24043,95
"9268","sto","go_fishing","no",83247,0.83247,95
"9269","sto","go_fishing","yes",16753,0.16753,95
"9270","sto","individual_risk","low",10332,0.10332,95
"9271","sto","individual_risk","medium",49333,0.49333,95
"9272","sto","individual_risk","high",40335,0.40335,95
"9273","sto","societal_risk","low",10332,0.10332,95
"9274","sto","societal_risk","medium",65967,0.65967,95
"9275","sto","societal_risk","high",23701,0.23701,95
"9276","sto","strategy_to_change","cope",83247,0.83247,95
"9277","sto","strategy_to_change","react",16753,0.16753,95
"9278","erf","economic_risk","low",51643,0.51643,95
"9279","erf","economic_risk","medium",5847,0.05847,95
"9280","erf","economic_risk","high",42510,0.4251,95
"9281","erf","go_fishing","no",49411,0.49411,95
"9282","erf","go_fishing","yes",50589,0.50589,95
"9283","erf","individual_risk","low",32463,0.32463,95
"9284","erf","individual_risk","medium",40965,0.40965,95
"9285","erf","individual_risk","high",26572,0.26572,95
"9286","erf","societal_risk","low",32463,0.32463,95
"9287","erf","societal_risk","medium",57247,0.57247,95
"9288","erf","societal_risk","high",10290,0.1029,95
"9289","erf","strategy_to_change","cope",100000,1,95
"9290","ici","economic_risk","low",6821,0.06821,95
"9291","ici","economic_risk","medium",8255,0.08255,95
"9292","ici","economic_risk","high",24937,0.24937,95
"9293","ici","economic_risk","not_relevant",59987,0.59987,95
"9294","ici","go_fishing","no",56731,0.56731,95
"9295","ici","go_fishing","yes",43269,0.43269,95
"9296","ici","individual_risk","low",4,4e-05,95
"9297","ici","individual_risk","medium",8439,0.08439,95
"9298","ici","individual_risk","high",31570,0.3157,95
"9299","ici","individual_risk","not_relevant",59987,0.59987,95
"9300","ici","societal_risk","low",4,4e-05,95
"9301","ici","societal_risk","medium",25437,0.25437,95
"9302","ici","societal_risk","high",14572,0.14572,95
"9303","ici","societal_risk","not_relevant",59987,0.59987,95
"9304","ici","strategy_to_change","not_relevant",59987,0.59987,95
"9305","ici","strategy_to_change","cope",26782,0.26782,95
"9306","ici","strategy_to_change","react",13231,0.13231,95
"9307","abl","economic_risk","low",75577,0.75577,96
"9308","abl","economic_risk","medium",8365,0.08365,96
"9309","abl","economic_risk","high",16058,0.16058,96
"9310","abl","go_fishing","no",33206,0.33206,96
"9311","abl","go_fishing","yes",66794,0.66794,96
"9312","abl","individual_risk","low",35566,0.35566,96
"9313","abl","individual_risk","medium",48220,0.4822,96
"9314","abl","individual_risk","high",16214,0.16214,96
"9315","abl","societal_risk","low",35566,0.35566,96
"9316","abl","societal_risk","medium",58273,0.58273,96
"9317","abl","societal_risk","high",6161,0.06161,96
"9318","abl","strategy_to_change","cope",63388,0.63388,96
"9319","abl","strategy_to_change","react",14533,0.14533,96
"9320","abl","strategy_to_change","adapt",22079,0.22079,96
"9321","hws","economic_risk","low",84116,0.84116,96
"9322","hws","economic_risk","medium",6760,0.0676,96
"9323","hws","economic_risk","high",9124,0.09124,96
"9324","hws","go_fishing","no",11818,0.11818,96
"9325","hws","go_fishing","yes",88182,0.88182,96
"9326","hws","individual_risk","low",47266,0.47266,96
"9327","hws","individual_risk","medium",43620,0.4362,96
"9328","hws","individual_risk","high",9114,0.09114,96
"9329","hws","societal_risk","low",47266,0.47266,96
"9330","hws","societal_risk","medium",48058,0.48058,96
"9331","hws","societal_risk","high",4676,0.04676,96
"9332","hws","strategy_to_change","cope",17571,0.17571,96
"9333","hws","strategy_to_change","react",52033,0.52033,96
"9334","hws","strategy_to_change","adapt",30396,0.30396,96
"9335","hww","economic_risk","low",77827,0.77827,96
"9336","hww","economic_risk","medium",3343,0.03343,96
"9337","hww","economic_risk","high",18830,0.1883,96
"9338","hww","go_fishing","no",47697,0.47697,96
"9339","hww","go_fishing","yes",52303,0.52303,96
"9340","hww","individual_risk","low",38376,0.38376,96
"9341","hww","individual_risk","medium",33946,0.33946,96
"9342","hww","individual_risk","high",27678,0.27678,96
"9343","hww","societal_risk","low",38376,0.38376,96
"9344","hww","societal_risk","medium",50260,0.5026,96
"9345","hww","societal_risk","high",11364,0.11364,96
"9346","hww","strategy_to_change","cope",80852,0.80852,96
"9347","hww","strategy_to_change","react",14750,0.1475,96
"9348","hww","strategy_to_change","adapt",4398,0.04398,96
"9349","gal","economic_risk","low",60330,0.6033,96
"9350","gal","economic_risk","medium",14823,0.14823,96
"9351","gal","economic_risk","high",24847,0.24847,96
"9352","gal","go_fishing","no",27995,0.27995,96
"9353","gal","go_fishing","yes",72005,0.72005,96
"9354","gal","individual_risk","low",39938,0.39938,96
"9355","gal","individual_risk","medium",42400,0.424,96
"9356","gal","individual_risk","high",17662,0.17662,96
"9357","gal","societal_risk","low",39938,0.39938,96
"9358","gal","societal_risk","medium",45919,0.45919,96
"9359","gal","societal_risk","high",14143,0.14143,96
"9360","gal","strategy_to_change","cope",63666,0.63666,96
"9361","gal","strategy_to_change","react",32799,0.32799,96
"9362","gal","strategy_to_change","adapt",3535,0.03535,96
"9363","sto","economic_risk","low",73031,0.73031,96
"9364","sto","economic_risk","medium",5622,0.05622,96
"9365","sto","economic_risk","high",21347,0.21347,96
"9366","sto","go_fishing","no",80480,0.8048,96
"9367","sto","go_fishing","yes",19520,0.1952,96
"9368","sto","individual_risk","low",14004,0.14004,96
"9369","sto","individual_risk","medium",52548,0.52548,96
"9370","sto","individual_risk","high",33448,0.33448,96
"9371","sto","societal_risk","low",14004,0.14004,96
"9372","sto","societal_risk","medium",68790,0.6879,96
"9373","sto","societal_risk","high",17206,0.17206,96
"9374","sto","strategy_to_change","cope",80480,0.8048,96
"9375","sto","strategy_to_change","react",19520,0.1952,96
"9376","erf","economic_risk","low",75762,0.75762,96
"9377","erf","economic_risk","medium",4530,0.0453,96
"9378","erf","economic_risk","high",19708,0.19708,96
"9379","erf","go_fishing","no",67116,0.67116,96
"9380","erf","go_fishing","yes",32884,0.32884,96
"9381","erf","individual_risk","low",21984,0.21984,96
"9382","erf","individual_risk","medium",49223,0.49223,96
"9383","erf","individual_risk","high",28793,0.28793,96
"9384","erf","societal_risk","low",21984,0.21984,96
"9385","erf","societal_risk","medium",65677,0.65677,96
"9386","erf","societal_risk","high",12339,0.12339,96
"9387","erf","strategy_to_change","cope",100000,1,96
"9388","ici","economic_risk","low",4755,0.04755,96
"9389","ici","economic_risk","medium",8960,0.0896,96
"9390","ici","economic_risk","high",26030,0.2603,96
"9391","ici","economic_risk","not_relevant",60255,0.60255,96
"9392","ici","go_fishing","no",54600,0.546,96
"9393","ici","go_fishing","yes",45400,0.454,96
"9394","ici","individual_risk","low",27,0.00027,96
"9395","ici","individual_risk","medium",6171,0.06171,96
"9396","ici","individual_risk","high",33547,0.33547,96
"9397","ici","individual_risk","not_relevant",60255,0.60255,96
"9398","ici","societal_risk","low",27,0.00027,96
"9399","ici","societal_risk","medium",22942,0.22942,96
"9400","ici","societal_risk","high",16776,0.16776,96
"9401","ici","societal_risk","not_relevant",60255,0.60255,96
"9402","ici","strategy_to_change","not_relevant",60255,0.60255,96
"9403","ici","strategy_to_change","cope",24374,0.24374,96
"9404","ici","strategy_to_change","react",15371,0.15371,96
"9405","abl","economic_risk","low",72746,0.72746,97
"9406","abl","economic_risk","medium",6248,0.06248,97
"9407","abl","economic_risk","high",21006,0.21006,97
"9408","abl","go_fishing","no",40314,0.40314,97
"9409","abl","go_fishing","yes",59686,0.59686,97
"9410","abl","individual_risk","low",31140,0.3114,97
"9411","abl","individual_risk","medium",47898,0.47898,97
"9412","abl","individual_risk","high",20962,0.20962,97
"9413","abl","societal_risk","low",31140,0.3114,97
"9414","abl","societal_risk","medium",59897,0.59897,97
"9415","abl","societal_risk","high",8963,0.08963,97
"9416","abl","strategy_to_change","cope",69090,0.6909,97
"9417","abl","strategy_to_change","react",10839,0.10839,97
"9418","abl","strategy_to_change","adapt",20071,0.20071,97
"9419","hws","economic_risk","low",85692,0.85692,97
"9420","hws","economic_risk","medium",8867,0.08867,97
"9421","hws","economic_risk","high",5441,0.05441,97
"9422","hws","go_fishing","no",15297,0.15297,97
"9423","hws","go_fishing","yes",84703,0.84703,97
"9424","hws","individual_risk","low",45321,0.45321,97
"9425","hws","individual_risk","medium",48320,0.4832,97
"9426","hws","individual_risk","high",6359,0.06359,97
"9427","hws","societal_risk","low",45321,0.45321,97
"9428","hws","societal_risk","medium",50264,0.50264,97
"9429","hws","societal_risk","high",4415,0.04415,97
"9430","hws","strategy_to_change","cope",23664,0.23664,97
"9431","hws","strategy_to_change","react",46028,0.46028,97
"9432","hws","strategy_to_change","adapt",30308,0.30308,97
"9433","hww","economic_risk","low",81676,0.81676,97
"9434","hww","economic_risk","medium",1936,0.01936,97
"9435","hww","economic_risk","high",16388,0.16388,97
"9436","hww","go_fishing","no",46095,0.46095,97
"9437","hww","go_fishing","yes",53905,0.53905,97
"9438","hww","individual_risk","low",36526,0.36526,97
"9439","hww","individual_risk","medium",36191,0.36191,97
"9440","hww","individual_risk","high",27283,0.27283,97
"9441","hww","societal_risk","low",36526,0.36526,97
"9442","hww","societal_risk","medium",48966,0.48966,97
"9443","hww","societal_risk","high",14508,0.14508,97
"9444","hww","strategy_to_change","cope",80493,0.80493,97
"9445","hww","strategy_to_change","react",8151,0.08151,97
"9446","hww","strategy_to_change","adapt",11356,0.11356,97
"9447","gal","economic_risk","low",61640,0.6164,97
"9448","gal","economic_risk","medium",15355,0.15355,97
"9449","gal","economic_risk","high",23005,0.23005,97
"9450","gal","go_fishing","no",18166,0.18166,97
"9451","gal","go_fishing","yes",81834,0.81834,97
"9452","gal","individual_risk","low",36159,0.36159,97
"9453","gal","individual_risk","medium",46918,0.46918,97
"9454","gal","individual_risk","high",16923,0.16923,97
"9455","gal","societal_risk","low",36159,0.36159,97
"9456","gal","societal_risk","medium",51850,0.5185,97
"9457","gal","societal_risk","high",11991,0.11991,97
"9458","gal","strategy_to_change","cope",58195,0.58195,97
"9459","gal","strategy_to_change","react",36520,0.3652,97
"9460","gal","strategy_to_change","adapt",5285,0.05285,97
"9461","sto","economic_risk","low",75373,0.75373,97
"9462","sto","economic_risk","medium",3627,0.03627,97
"9463","sto","economic_risk","high",21000,0.21,97
"9464","sto","go_fishing","no",82267,0.82267,97
"9465","sto","go_fishing","yes",17733,0.17733,97
"9466","sto","individual_risk","low",10391,0.10391,97
"9467","sto","individual_risk","medium",54455,0.54455,97
"9468","sto","individual_risk","high",35154,0.35154,97
"9469","sto","societal_risk","low",10391,0.10391,97
"9470","sto","societal_risk","medium",70063,0.70063,97
"9471","sto","societal_risk","high",19546,0.19546,97
"9472","sto","strategy_to_change","cope",82267,0.82267,97
"9473","sto","strategy_to_change","react",17733,0.17733,97
"9474","erf","economic_risk","low",76289,0.76289,97
"9475","erf","economic_risk","medium",3193,0.03193,97
"9476","erf","economic_risk","high",20518,0.20518,97
"9477","erf","go_fishing","no",70085,0.70085,97
"9478","erf","go_fishing","yes",29915,0.29915,97
"9479","erf","individual_risk","low",18097,0.18097,97
"9480","erf","individual_risk","medium",47721,0.47721,97
"9481","erf","individual_risk","high",34182,0.34182,97
"9482","erf","societal_risk","low",18097,0.18097,97
"9483","erf","societal_risk","medium",63324,0.63324,97
"9484","erf","societal_risk","high",18579,0.18579,97
"9485","erf","strategy_to_change","cope",100000,1,97
"9486","ici","economic_risk","low",2972,0.02972,97
"9487","ici","economic_risk","medium",9221,0.09221,97
"9488","ici","economic_risk","high",27667,0.27667,97
"9489","ici","economic_risk","not_relevant",60140,0.6014,97
"9490","ici","go_fishing","no",53153,0.53153,97
"9491","ici","go_fishing","yes",46847,0.46847,97
"9492","ici","individual_risk","low",26,0.00026,97
"9493","ici","individual_risk","medium",5060,0.0506,97
"9494","ici","individual_risk","high",34774,0.34774,97
"9495","ici","individual_risk","not_relevant",60140,0.6014,97
"9496","ici","societal_risk","low",26,0.00026,97
"9497","ici","societal_risk","medium",18527,0.18527,97
"9498","ici","societal_risk","high",21307,0.21307,97
"9499","ici","societal_risk","not_relevant",60140,0.6014,97
"9500","ici","strategy_to_change","not_relevant",60140,0.6014,97
"9501","ici","strategy_to_change","cope",22976,0.22976,97
"9502","ici","strategy_to_change","react",16884,0.16884,97
"9503","abl","economic_risk","low",65978,0.65978,98
"9504","abl","economic_risk","medium",13539,0.13539,98
"9505","abl","economic_risk","high",20483,0.20483,98
"9506","abl","go_fishing","no",34616,0.34616,98
"9507","abl","go_fishing","yes",65384,0.65384,98
"9508","abl","individual_risk","low",35895,0.35895,98
"9509","abl","individual_risk","medium",48060,0.4806,98
"9510","abl","individual_risk","high",16045,0.16045,98
"9511","abl","societal_risk","low",35895,0.35895,98
"9512","abl","societal_risk","medium",58671,0.58671,98
"9513","abl","societal_risk","high",5434,0.05434,98
"9514","abl","strategy_to_change","cope",65391,0.65391,98
"9515","abl","strategy_to_change","react",18736,0.18736,98
"9516","abl","strategy_to_change","adapt",15873,0.15873,98
"9517","hws","economic_risk","low",85580,0.8558,98
"9518","hws","economic_risk","medium",6318,0.06318,98
"9519","hws","economic_risk","high",8102,0.08102,98
"9520","hws","go_fishing","no",17160,0.1716,98
"9521","hws","go_fishing","yes",82840,0.8284,98
"9522","hws","individual_risk","low",48191,0.48191,98
"9523","hws","individual_risk","medium",43899,0.43899,98
"9524","hws","individual_risk","high",7910,0.0791,98
"9525","hws","societal_risk","low",48191,0.48191,98
"9526","hws","societal_risk","medium",47849,0.47849,98
"9527","hws","societal_risk","high",3960,0.0396,98
"9528","hws","strategy_to_change","cope",26302,0.26302,98
"9529","hws","strategy_to_change","react",44217,0.44217,98
"9530","hws","strategy_to_change","adapt",29481,0.29481,98
"9531","hww","economic_risk","low",76997,0.76997,98
"9532","hww","economic_risk","medium",3038,0.03038,98
"9533","hww","economic_risk","high",19965,0.19965,98
"9534","hww","go_fishing","no",50322,0.50322,98
"9535","hww","go_fishing","yes",49678,0.49678,98
"9536","hww","individual_risk","low",37554,0.37554,98
"9537","hww","individual_risk","medium",31630,0.3163,98
"9538","hww","individual_risk","high",30816,0.30816,98
"9539","hww","societal_risk","low",37554,0.37554,98
"9540","hww","societal_risk","medium",49722,0.49722,98
"9541","hww","societal_risk","high",12724,0.12724,98
"9542","hww","strategy_to_change","cope",81284,0.81284,98
"9543","hww","strategy_to_change","react",15242,0.15242,98
"9544","hww","strategy_to_change","adapt",3474,0.03474,98
"9545","gal","economic_risk","low",49770,0.4977,98
"9546","gal","economic_risk","medium",14296,0.14296,98
"9547","gal","economic_risk","high",35934,0.35934,98
"9548","gal","go_fishing","no",12419,0.12419,98
"9549","gal","go_fishing","yes",87581,0.87581,98
"9550","gal","individual_risk","low",40874,0.40874,98
"9551","gal","individual_risk","medium",39452,0.39452,98
"9552","gal","individual_risk","high",19674,0.19674,98
"9553","gal","societal_risk","low",40874,0.40874,98
"9554","gal","societal_risk","medium",43556,0.43556,98
"9555","gal","societal_risk","high",15570,0.1557,98
"9556","gal","strategy_to_change","cope",68815,0.68815,98
"9557","gal","strategy_to_change","react",27555,0.27555,98
"9558","gal","strategy_to_change","adapt",3630,0.0363,98
"9559","sto","economic_risk","low",70688,0.70688,98
"9560","sto","economic_risk","medium",5996,0.05996,98
"9561","sto","economic_risk","high",23316,0.23316,98
"9562","sto","go_fishing","no",77054,0.77054,98
"9563","sto","go_fishing","yes",22946,0.22946,98
"9564","sto","individual_risk","low",16524,0.16524,98
"9565","sto","individual_risk","medium",48049,0.48049,98
"9566","sto","individual_risk","high",35427,0.35427,98
"9567","sto","societal_risk","low",16524,0.16524,98
"9568","sto","societal_risk","medium",67081,0.67081,98
"9569","sto","societal_risk","high",16395,0.16395,98
"9570","sto","strategy_to_change","cope",77054,0.77054,98
"9571","sto","strategy_to_change","react",22946,0.22946,98
"9572","erf","economic_risk","low",51135,0.51135,98
"9573","erf","economic_risk","medium",6850,0.0685,98
"9574","erf","economic_risk","high",42015,0.42015,98
"9575","erf","go_fishing","no",44343,0.44343,98
"9576","erf","go_fishing","yes",55657,0.55657,98
"9577","erf","individual_risk","low",39412,0.39412,98
"9578","erf","individual_risk","medium",37556,0.37556,98
"9579","erf","individual_risk","high",23032,0.23032,98
"9580","erf","societal_risk","low",39412,0.39412,98
"9581","erf","societal_risk","medium",54348,0.54348,98
"9582","erf","societal_risk","high",6240,0.0624,98
"9583","erf","strategy_to_change","cope",100000,1,98
"9584","ici","economic_risk","low",3475,0.03475,98
"9585","ici","economic_risk","medium",8730,0.0873,98
"9586","ici","economic_risk","high",27601,0.27601,98
"9587","ici","economic_risk","not_relevant",60194,0.60194,98
"9588","ici","go_fishing","no",53727,0.53727,98
"9589","ici","go_fishing","yes",46273,0.46273,98
"9590","ici","individual_risk","low",28,0.00028,98
"9591","ici","individual_risk","medium",5645,0.05645,98
"9592","ici","individual_risk","high",34133,0.34133,98
"9593","ici","individual_risk","not_relevant",60194,0.60194,98
"9594","ici","societal_risk","low",28,0.00028,98
"9595","ici","societal_risk","medium",22485,0.22485,98
"9596","ici","societal_risk","high",17293,0.17293,98
"9597","ici","societal_risk","not_relevant",60194,0.60194,98
"9598","ici","strategy_to_change","not_relevant",60194,0.60194,98
"9599","ici","strategy_to_change","cope",23493,0.23493,98
"9600","ici","strategy_to_change","react",16313,0.16313,98
"9601","abl","economic_risk","low",77947,0.77947,99
"9602","abl","economic_risk","medium",7634,0.07634,99
"9603","abl","economic_risk","high",14419,0.14419,99
"9604","abl","go_fishing","no",30961,0.30961,99
"9605","abl","go_fishing","yes",69039,0.69039,99
"9606","abl","individual_risk","low",34720,0.3472,99
"9607","abl","individual_risk","medium",49923,0.49923,99
"9608","abl","individual_risk","high",15357,0.15357,99
"9609","abl","societal_risk","low",34748,0.34748,99
"9610","abl","societal_risk","medium",59470,0.5947,99
"9611","abl","societal_risk","high",5782,0.05782,99
"9612","abl","strategy_to_change","cope",66058,0.66058,99
"9613","abl","strategy_to_change","react",4837,0.04837,99
"9614","abl","strategy_to_change","adapt",29105,0.29105,99
"9615","hws","economic_risk","low",84577,0.84577,99
"9616","hws","economic_risk","medium",7917,0.07917,99
"9617","hws","economic_risk","high",7506,0.07506,99
"9618","hws","go_fishing","no",10396,0.10396,99
"9619","hws","go_fishing","yes",89604,0.89604,99
"9620","hws","individual_risk","low",48673,0.48673,99
"9621","hws","individual_risk","medium",43261,0.43261,99
"9622","hws","individual_risk","high",8066,0.08066,99
"9623","hws","societal_risk","low",48715,0.48715,99
"9624","hws","societal_risk","medium",46272,0.46272,99
"9625","hws","societal_risk","high",5013,0.05013,99
"9626","hws","strategy_to_change","cope",26125,0.26125,99
"9627","hws","strategy_to_change","react",44436,0.44436,99
"9628","hws","strategy_to_change","adapt",29439,0.29439,99
"9629","hww","economic_risk","low",73261,0.73261,99
"9630","hww","economic_risk","medium",5228,0.05228,99
"9631","hww","economic_risk","high",21511,0.21511,99
"9632","hww","go_fishing","no",50457,0.50457,99
"9633","hww","go_fishing","yes",49543,0.49543,99
"9634","hww","individual_risk","low",37883,0.37883,99
"9635","hww","individual_risk","medium",26076,0.26076,99
"9636","hww","individual_risk","high",36041,0.36041,99
"9637","hww","societal_risk","low",37946,0.37946,99
"9638","hww","societal_risk","medium",46898,0.46898,99
"9639","hww","societal_risk","high",15156,0.15156,99
"9640","hww","strategy_to_change","cope",85504,0.85504,99
"9641","hww","strategy_to_change","react",9466,0.09466,99
"9642","hww","strategy_to_change","adapt",5030,0.0503,99
"9643","gal","economic_risk","low",47500,0.475,99
"9644","gal","economic_risk","medium",21430,0.2143,99
"9645","gal","economic_risk","high",31070,0.3107,99
"9646","gal","go_fishing","no",24575,0.24575,99
"9647","gal","go_fishing","yes",75425,0.75425,99
"9648","gal","individual_risk","low",44159,0.44159,99
"9649","gal","individual_risk","medium",35915,0.35915,99
"9650","gal","individual_risk","high",19926,0.19926,99
"9651","gal","societal_risk","low",44200,0.442,99
"9652","gal","societal_risk","medium",41068,0.41068,99
"9653","gal","societal_risk","high",14732,0.14732,99
"9654","gal","strategy_to_change","cope",52236,0.52236,99
"9655","gal","strategy_to_change","react",39026,0.39026,99
"9656","gal","strategy_to_change","adapt",8738,0.08738,99
"9657","sto","economic_risk","low",66804,0.66804,99
"9658","sto","economic_risk","medium",8429,0.08429,99
"9659","sto","economic_risk","high",24767,0.24767,99
"9660","sto","go_fishing","no",74812,0.74812,99
"9661","sto","go_fishing","yes",25188,0.25188,99
"9662","sto","individual_risk","low",17548,0.17548,99
"9663","sto","individual_risk","medium",43369,0.43369,99
"9664","sto","individual_risk","high",39083,0.39083,99
"9665","sto","societal_risk","low",17616,0.17616,99
"9666","sto","societal_risk","medium",66585,0.66585,99
"9667","sto","societal_risk","high",15799,0.15799,99
"9668","sto","strategy_to_change","cope",74812,0.74812,99
"9669","sto","strategy_to_change","react",25188,0.25188,99
"9670","erf","economic_risk","low",70873,0.70873,99
"9671","erf","economic_risk","medium",6522,0.06522,99
"9672","erf","economic_risk","high",22605,0.22605,99
"9673","erf","go_fishing","no",69652,0.69652,99
"9674","erf","go_fishing","yes",30348,0.30348,99
"9675","erf","individual_risk","low",19299,0.19299,99
"9676","erf","individual_risk","medium",41912,0.41912,99
"9677","erf","individual_risk","high",38789,0.38789,99
"9678","erf","societal_risk","low",19373,0.19373,99
"9679","erf","societal_risk","medium",65120,0.6512,99
"9680","erf","societal_risk","high",15507,0.15507,99
"9681","erf","strategy_to_change","cope",100000,1,99
"9682","ici","economic_risk","low",11292,0.11292,99
"9683","ici","economic_risk","medium",6029,0.06029,99
"9684","ici","economic_risk","high",22666,0.22666,99
"9685","ici","economic_risk","not_relevant",60013,0.60013,99
"9686","ici","go_fishing","no",61416,0.61416,99
"9687","ici","go_fishing","yes",38584,0.38584,99
"9688","ici","individual_risk","low",3,3e-05,99
"9689","ici","individual_risk","medium",12429,0.12429,99
"9690","ici","individual_risk","high",27555,0.27555,99
"9691","ici","individual_risk","not_relevant",60013,0.60013,99
"9692","ici","societal_risk","low",3,3e-05,99
"9693","ici","societal_risk","medium",28570,0.2857,99
"9694","ici","societal_risk","high",11414,0.11414,99
"9695","ici","societal_risk","not_relevant",60013,0.60013,99
"9696","ici","strategy_to_change","not_relevant",60013,0.60013,99
"9697","ici","strategy_to_change","cope",31482,0.31482,99
"9698","ici","strategy_to_change","react",8505,0.08505,99
"9699","abl","economic_risk","low",72101,0.72101,100
"9700","abl","economic_risk","medium",9917,0.09917,100
"9701","abl","economic_risk","high",17982,0.17982,100
"9702","abl","go_fishing","no",35085,0.35085,100
"9703","abl","go_fishing","yes",64915,0.64915,100
"9704","abl","individual_risk","low",34061,0.34061,100
"9705","abl","individual_risk","medium",48075,0.48075,100
"9706","abl","individual_risk","high",17864,0.17864,100
"9707","abl","societal_risk","low",34061,0.34061,100
"9708","abl","societal_risk","medium",58743,0.58743,100
"9709","abl","societal_risk","high",7196,0.07196,100
"9710","abl","strategy_to_change","cope",66807,0.66807,100
"9711","abl","strategy_to_change","react",15342,0.15342,100
"9712","abl","strategy_to_change","adapt",17851,0.17851,100
"9713","hws","economic_risk","low",87246,0.87246,100
"9714","hws","economic_risk","medium",5944,0.05944,100
"9715","hws","economic_risk","high",6810,0.0681,100
"9716","hws","go_fishing","no",9946,0.09946,100
"9717","hws","go_fishing","yes",90054,0.90054,100
"9718","hws","individual_risk","low",49430,0.4943,100
"9719","hws","individual_risk","medium",42179,0.42179,100
"9720","hws","individual_risk","high",8391,0.08391,100
"9721","hws","societal_risk","low",49430,0.4943,100
"9722","hws","societal_risk","medium",45329,0.45329,100
"9723","hws","societal_risk","high",5241,0.05241,100
"9724","hws","strategy_to_change","cope",23838,0.23838,100
"9725","hws","strategy_to_change","react",46056,0.46056,100
"9726","hws","strategy_to_change","adapt",30106,0.30106,100
"9727","hww","economic_risk","low",77783,0.77783,100
"9728","hww","economic_risk","medium",3194,0.03194,100
"9729","hww","economic_risk","high",19023,0.19023,100
"9730","hww","go_fishing","no",41620,0.4162,100
"9731","hww","go_fishing","yes",58380,0.5838,100
"9732","hww","individual_risk","low",43961,0.43961,100
"9733","hww","individual_risk","medium",31544,0.31544,100
"9734","hww","individual_risk","high",24495,0.24495,100
"9735","hww","societal_risk","low",43961,0.43961,100
"9736","hww","societal_risk","medium",46656,0.46656,100
"9737","hww","societal_risk","high",9383,0.09383,100
"9738","hww","strategy_to_change","cope",77606,0.77606,100
"9739","hww","strategy_to_change","react",14356,0.14356,100
"9740","hww","strategy_to_change","adapt",8038,0.08038,100
"9741","gal","economic_risk","low",60311,0.60311,100
"9742","gal","economic_risk","medium",17186,0.17186,100
"9743","gal","economic_risk","high",22503,0.22503,100
"9744","gal","go_fishing","no",27793,0.27793,100
"9745","gal","go_fishing","yes",72207,0.72207,100
"9746","gal","individual_risk","low",38851,0.38851,100
"9747","gal","individual_risk","medium",41874,0.41874,100
"9748","gal","individual_risk","high",19275,0.19275,100
"9749","gal","societal_risk","low",38851,0.38851,100
"9750","gal","societal_risk","medium",44905,0.44905,100
"9751","gal","societal_risk","high",16244,0.16244,100
"9752","gal","strategy_to_change","cope",62505,0.62505,100
"9753","gal","strategy_to_change","react",33575,0.33575,100
"9754","gal","strategy_to_change","adapt",3920,0.0392,100
"9755","sto","economic_risk","low",72137,0.72137,100
"9756","sto","economic_risk","medium",5729,0.05729,100
"9757","sto","economic_risk","high",22134,0.22134,100
"9758","sto","go_fishing","no",83134,0.83134,100
"9759","sto","go_fishing","yes",16866,0.16866,100
"9760","sto","individual_risk","low",13075,0.13075,100
"9761","sto","individual_risk","medium",55116,0.55116,100
"9762","sto","individual_risk","high",31809,0.31809,100
"9763","sto","societal_risk","low",13075,0.13075,100
"9764","sto","societal_risk","medium",70371,0.70371,100
"9765","sto","societal_risk","high",16554,0.16554,100
"9766","sto","strategy_to_change","cope",83134,0.83134,100
"9767","sto","strategy_to_change","react",16866,0.16866,100
"9768","erf","economic_risk","low",74873,0.74873,100
"9769","erf","economic_risk","medium",4444,0.04444,100
"9770","erf","economic_risk","high",20683,0.20683,100
"9771","erf","go_fishing","no",66277,0.66277,100
"9772","erf","go_fishing","yes",33723,0.33723,100
"9773","erf","individual_risk","low",23253,0.23253,100
"9774","erf","individual_risk","medium",51470,0.5147,100
"9775","erf","individual_risk","high",25277,0.25277,100
"9776","erf","societal_risk","low",23253,0.23253,100
"9777","erf","societal_risk","medium",67470,0.6747,100
"9778","erf","societal_risk","high",9277,0.09277,100
"9779","erf","strategy_to_change","cope",100000,1,100
"9780","ici","economic_risk","low",5055,0.05055,100
"9781","ici","economic_risk","medium",9244,0.09244,100
"9782","ici","economic_risk","high",25669,0.25669,100
"9783","ici","economic_risk","not_relevant",60032,0.60032,100
"9784","ici","go_fishing","no",54975,0.54975,100
"9785","ici","go_fishing","yes",45025,0.45025,100
"9786","ici","individual_risk","low",16,0.00016,100
"9787","ici","individual_risk","medium",6969,0.06969,100
"9788","ici","individual_risk","high",32983,0.32983,100
"9789","ici","individual_risk","not_relevant",60032,0.60032,100
"9790","ici","societal_risk","low",16,0.00016,100
"9791","ici","societal_risk","medium",23131,0.23131,100
"9792","ici","societal_risk","high",16821,0.16821,100
"9793","ici","societal_risk","not_relevant",60032,0.60032,100
"9794","ici","strategy_to_change","not_relevant",60032,0.60032,100
"9795","ici","strategy_to_change","cope",24982,0.24982,100
"9796","ici","strategy_to_change","react",14986,0.14986,100
