"","fishing_style","node","est","n","prob","iter"
"1","recreational","economic_buffers","low",100000,1,1
"2","recreational","economic_risk","low",67973,0.67973,1
"3","recreational","economic_risk","medium",8647,0.08647,1
"4","recreational","economic_risk","high",9141,0.09141,1
"5","recreational","economic_risk","not_relevant",14239,0.14239,1
"6","recreational","go_fishing","no",47545,0.47545,1
"7","recreational","go_fishing","yes",52455,0.52455,1
"8","recreational","individual_importance","medium",59839,0.59839,1
"9","recreational","individual_importance","high",40161,0.40161,1
"10","recreational","individual_risk","low",25088,0.25088,1
"11","recreational","individual_risk","medium",59873,0.59873,1
"12","recreational","individual_risk","high",800,0.008,1
"13","recreational","individual_risk","not_relevant",14239,0.14239,1
"14","recreational","societal_importance","medium",69484,0.69484,1
"15","recreational","societal_importance","high",30516,0.30516,1
"16","recreational","societal_risk","low",25088,0.25088,1
"17","recreational","societal_risk","medium",60080,0.6008,1
"18","recreational","societal_risk","high",593,0.00593,1
"19","recreational","societal_risk","not_relevant",14239,0.14239,1
"20","recreational","strategy_to_change","not_relevant",14239,0.14239,1
"21","recreational","strategy_to_change","cope",50393,0.50393,1
"22","recreational","strategy_to_change","react",14609,0.14609,1
"23","recreational","strategy_to_change","adapt",20759,0.20759,1
"24","recreational","substitution_capacity","no",22,0.00022,1
"25","recreational","substitution_capacity","yes",99978,0.99978,1
"26","small_scale","economic_buffers","low",92158,0.92158,1
"27","small_scale","economic_buffers","medium",7842,0.07842,1
"28","small_scale","economic_risk","low",34798,0.34798,1
"29","small_scale","economic_risk","medium",28220,0.2822,1
"30","small_scale","economic_risk","high",22665,0.22665,1
"31","small_scale","economic_risk","not_relevant",14317,0.14317,1
"32","small_scale","go_fishing","no",47063,0.47063,1
"33","small_scale","go_fishing","yes",52937,0.52937,1
"34","small_scale","individual_importance","medium",4410,0.0441,1
"35","small_scale","individual_importance","high",95590,0.9559,1
"36","small_scale","individual_risk","low",28630,0.2863,1
"37","small_scale","individual_risk","medium",22517,0.22517,1
"38","small_scale","individual_risk","high",34536,0.34536,1
"39","small_scale","individual_risk","not_relevant",14317,0.14317,1
"40","small_scale","societal_importance","high",100000,1,1
"41","small_scale","societal_risk","low",28630,0.2863,1
"42","small_scale","societal_risk","medium",20916,0.20916,1
"43","small_scale","societal_risk","high",36137,0.36137,1
"44","small_scale","societal_risk","not_relevant",14317,0.14317,1
"45","small_scale","strategy_to_change","not_relevant",14317,0.14317,1
"46","small_scale","strategy_to_change","cope",64133,0.64133,1
"47","small_scale","strategy_to_change","react",20699,0.20699,1
"48","small_scale","strategy_to_change","adapt",851,0.00851,1
"49","small_scale","substitution_capacity","no",84941,0.84941,1
"50","small_scale","substitution_capacity","yes",15059,0.15059,1
"51","household","economic_buffers","low",100000,1,1
"52","household","economic_risk","low",70957,0.70957,1
"53","household","economic_risk","medium",5282,0.05282,1
"54","household","economic_risk","high",9565,0.09565,1
"55","household","economic_risk","not_relevant",14196,0.14196,1
"56","household","go_fishing","no",58236,0.58236,1
"57","household","go_fishing","yes",41764,0.41764,1
"58","household","individual_importance","medium",52139,0.52139,1
"59","household","individual_importance","high",47861,0.47861,1
"60","household","individual_risk","low",25811,0.25811,1
"61","household","individual_risk","medium",59810,0.5981,1
"62","household","individual_risk","high",183,0.00183,1
"63","household","individual_risk","not_relevant",14196,0.14196,1
"64","household","societal_importance","medium",76992,0.76992,1
"65","household","societal_importance","high",23008,0.23008,1
"66","household","societal_risk","low",25811,0.25811,1
"67","household","societal_risk","medium",59871,0.59871,1
"68","household","societal_risk","high",122,0.00122,1
"69","household","societal_risk","not_relevant",14196,0.14196,1
"70","household","strategy_to_change","not_relevant",14196,0.14196,1
"71","household","strategy_to_change","cope",66582,0.66582,1
"72","household","strategy_to_change","react",19222,0.19222,1
"73","household","substitution_capacity","yes",100000,1,1
"74","trawler","economic_buffers","medium",49905,0.49905,1
"75","trawler","economic_buffers","high",50095,0.50095,1
"76","trawler","economic_risk","low",89064,0.89064,1
"77","trawler","economic_risk","medium",5557,0.05557,1
"78","trawler","economic_risk","high",5379,0.05379,1
"79","trawler","go_fishing","no",9793,0.09793,1
"80","trawler","go_fishing","yes",90207,0.90207,1
"81","trawler","individual_importance","high",100000,1,1
"82","trawler","individual_risk","low",44589,0.44589,1
"83","trawler","individual_risk","medium",39557,0.39557,1
"84","trawler","individual_risk","high",15854,0.15854,1
"85","trawler","societal_importance","high",100000,1,1
"86","trawler","societal_risk","low",44589,0.44589,1
"87","trawler","societal_risk","medium",39557,0.39557,1
"88","trawler","societal_risk","high",15854,0.15854,1
"89","trawler","strategy_to_change","cope",52979,0.52979,1
"90","trawler","strategy_to_change","react",47021,0.47021,1
"91","trawler","substitution_capacity","yes",100000,1,1
"92","guide","economic_buffers","low",94164,0.94164,1
"93","guide","economic_buffers","medium",5836,0.05836,1
"94","guide","economic_risk","low",29334,0.29334,1
"95","guide","economic_risk","medium",6532,0.06532,1
"96","guide","economic_risk","high",64134,0.64134,1
"97","guide","go_fishing","no",62732,0.62732,1
"98","guide","go_fishing","yes",37268,0.37268,1
"99","guide","individual_importance","high",100000,1,1
"100","guide","individual_risk","low",15949,0.15949,1
"101","guide","individual_risk","medium",15114,0.15114,1
"102","guide","individual_risk","high",68937,0.68937,1
"103","guide","societal_importance","medium",78734,0.78734,1
"104","guide","societal_importance","high",21266,0.21266,1
"105","guide","societal_risk","low",15949,0.15949,1
"106","guide","societal_risk","medium",69422,0.69422,1
"107","guide","societal_risk","high",14629,0.14629,1
"108","guide","strategy_to_change","cope",76047,0.76047,1
"109","guide","strategy_to_change","react",5493,0.05493,1
"110","guide","strategy_to_change","adapt",18460,0.1846,1
"111","guide","substitution_capacity","no",100000,1,1
"112","recreational","economic_buffers","low",100000,1,2
"113","recreational","economic_risk","low",73863,0.73863,2
"114","recreational","economic_risk","medium",7170,0.0717,2
"115","recreational","economic_risk","high",4587,0.04587,2
"116","recreational","economic_risk","not_relevant",14380,0.1438,2
"117","recreational","go_fishing","no",45501,0.45501,2
"118","recreational","go_fishing","yes",54499,0.54499,2
"119","recreational","individual_importance","medium",51543,0.51543,2
"120","recreational","individual_importance","high",48457,0.48457,2
"121","recreational","individual_risk","low",26651,0.26651,2
"122","recreational","individual_risk","medium",39781,0.39781,2
"123","recreational","individual_risk","high",19188,0.19188,2
"124","recreational","individual_risk","not_relevant",14380,0.1438,2
"125","recreational","societal_importance","medium",55386,0.55386,2
"126","recreational","societal_importance","high",44614,0.44614,2
"127","recreational","societal_risk","low",26651,0.26651,2
"128","recreational","societal_risk","medium",41163,0.41163,2
"129","recreational","societal_risk","high",17806,0.17806,2
"130","recreational","societal_risk","not_relevant",14380,0.1438,2
"131","recreational","strategy_to_change","not_relevant",14380,0.1438,2
"132","recreational","strategy_to_change","cope",38347,0.38347,2
"133","recreational","strategy_to_change","react",12051,0.12051,2
"134","recreational","strategy_to_change","adapt",35222,0.35222,2
"135","recreational","substitution_capacity","no",99974,0.99974,2
"136","recreational","substitution_capacity","yes",26,0.00026,2
"137","small_scale","economic_buffers","low",90209,0.90209,2
"138","small_scale","economic_buffers","medium",9791,0.09791,2
"139","small_scale","economic_risk","low",51233,0.51233,2
"140","small_scale","economic_risk","medium",19834,0.19834,2
"141","small_scale","economic_risk","high",14574,0.14574,2
"142","small_scale","economic_risk","not_relevant",14359,0.14359,2
"143","small_scale","go_fishing","no",36557,0.36557,2
"144","small_scale","go_fishing","yes",63443,0.63443,2
"145","small_scale","individual_importance","medium",1152,0.01152,2
"146","small_scale","individual_importance","high",98848,0.98848,2
"147","small_scale","individual_risk","low",32684,0.32684,2
"148","small_scale","individual_risk","medium",37697,0.37697,2
"149","small_scale","individual_risk","high",15260,0.1526,2
"150","small_scale","individual_risk","not_relevant",14359,0.14359,2
"151","small_scale","societal_importance","high",100000,1,2
"152","small_scale","societal_risk","low",32684,0.32684,2
"153","small_scale","societal_risk","medium",37518,0.37518,2
"154","small_scale","societal_risk","high",15439,0.15439,2
"155","small_scale","societal_risk","not_relevant",14359,0.14359,2
"156","small_scale","strategy_to_change","not_relevant",14359,0.14359,2
"157","small_scale","strategy_to_change","cope",55772,0.55772,2
"158","small_scale","strategy_to_change","react",26563,0.26563,2
"159","small_scale","strategy_to_change","adapt",3306,0.03306,2
"160","small_scale","substitution_capacity","no",42183,0.42183,2
"161","small_scale","substitution_capacity","yes",57817,0.57817,2
"162","household","economic_buffers","low",100000,1,2
"163","household","economic_risk","low",68470,0.6847,2
"164","household","economic_risk","medium",5936,0.05936,2
"165","household","economic_risk","high",11171,0.11171,2
"166","household","economic_risk","not_relevant",14423,0.14423,2
"167","household","go_fishing","no",60195,0.60195,2
"168","household","go_fishing","yes",39805,0.39805,2
"169","household","individual_importance","medium",62021,0.62021,2
"170","household","individual_importance","high",37979,0.37979,2
"171","household","individual_risk","low",23922,0.23922,2
"172","household","individual_risk","medium",61510,0.6151,2
"173","household","individual_risk","high",145,0.00145,2
"174","household","individual_risk","not_relevant",14423,0.14423,2
"175","household","societal_importance","medium",75962,0.75962,2
"176","household","societal_importance","high",24038,0.24038,2
"177","household","societal_risk","low",23922,0.23922,2
"178","household","societal_risk","medium",61563,0.61563,2
"179","household","societal_risk","high",92,0.00092,2
"180","household","societal_risk","not_relevant",14423,0.14423,2
"181","household","strategy_to_change","not_relevant",14423,0.14423,2
"182","household","strategy_to_change","cope",64326,0.64326,2
"183","household","strategy_to_change","react",21251,0.21251,2
"184","household","substitution_capacity","yes",100000,1,2
"185","trawler","economic_buffers","medium",47581,0.47581,2
"186","trawler","economic_buffers","high",52419,0.52419,2
"187","trawler","economic_risk","low",87321,0.87321,2
"188","trawler","economic_risk","medium",6655,0.06655,2
"189","trawler","economic_risk","high",6024,0.06024,2
"190","trawler","go_fishing","no",7289,0.07289,2
"191","trawler","go_fishing","yes",92711,0.92711,2
"192","trawler","individual_importance","high",100000,1,2
"193","trawler","individual_risk","low",44318,0.44318,2
"194","trawler","individual_risk","medium",38756,0.38756,2
"195","trawler","individual_risk","high",16926,0.16926,2
"196","trawler","societal_importance","high",100000,1,2
"197","trawler","societal_risk","low",44318,0.44318,2
"198","trawler","societal_risk","medium",38756,0.38756,2
"199","trawler","societal_risk","high",16926,0.16926,2
"200","trawler","strategy_to_change","cope",53866,0.53866,2
"201","trawler","strategy_to_change","react",46134,0.46134,2
"202","trawler","substitution_capacity","yes",100000,1,2
"203","guide","economic_buffers","low",97122,0.97122,2
"204","guide","economic_buffers","medium",2878,0.02878,2
"205","guide","economic_risk","low",22904,0.22904,2
"206","guide","economic_risk","medium",3662,0.03662,2
"207","guide","economic_risk","high",73434,0.73434,2
"208","guide","go_fishing","no",65700,0.657,2
"209","guide","go_fishing","yes",34300,0.343,2
"210","guide","individual_importance","high",100000,1,2
"211","guide","individual_risk","low",12288,0.12288,2
"212","guide","individual_risk","medium",15275,0.15275,2
"213","guide","individual_risk","high",72437,0.72437,2
"214","guide","societal_importance","medium",84827,0.84827,2
"215","guide","societal_importance","high",15173,0.15173,2
"216","guide","societal_risk","low",12288,0.12288,2
"217","guide","societal_risk","medium",76703,0.76703,2
"218","guide","societal_risk","high",11009,0.11009,2
"219","guide","strategy_to_change","cope",77765,0.77765,2
"220","guide","strategy_to_change","react",3241,0.03241,2
"221","guide","strategy_to_change","adapt",18994,0.18994,2
"222","guide","substitution_capacity","no",100000,1,2
"223","recreational","economic_buffers","low",100000,1,3
"224","recreational","economic_risk","low",58954,0.58954,3
"225","recreational","economic_risk","medium",5583,0.05583,3
"226","recreational","economic_risk","high",21173,0.21173,3
"227","recreational","economic_risk","not_relevant",14290,0.1429,3
"228","recreational","go_fishing","no",26275,0.26275,3
"229","recreational","go_fishing","yes",73725,0.73725,3
"230","recreational","individual_importance","medium",58789,0.58789,3
"231","recreational","individual_importance","high",41211,0.41211,3
"232","recreational","individual_risk","low",39897,0.39897,3
"233","recreational","individual_risk","medium",36922,0.36922,3
"234","recreational","individual_risk","high",8891,0.08891,3
"235","recreational","individual_risk","not_relevant",14290,0.1429,3
"236","recreational","societal_importance","medium",86272,0.86272,3
"237","recreational","societal_importance","high",13728,0.13728,3
"238","recreational","societal_risk","low",39897,0.39897,3
"239","recreational","societal_risk","medium",42907,0.42907,3
"240","recreational","societal_risk","high",2906,0.02906,3
"241","recreational","societal_risk","not_relevant",14290,0.1429,3
"242","recreational","strategy_to_change","not_relevant",14290,0.1429,3
"243","recreational","strategy_to_change","cope",40700,0.407,3
"244","recreational","strategy_to_change","react",9299,0.09299,3
"245","recreational","strategy_to_change","adapt",35711,0.35711,3
"246","recreational","substitution_capacity","no",100000,1,3
"247","small_scale","economic_buffers","low",96923,0.96923,3
"248","small_scale","economic_buffers","medium",3077,0.03077,3
"249","small_scale","economic_risk","low",45139,0.45139,3
"250","small_scale","economic_risk","medium",23292,0.23292,3
"251","small_scale","economic_risk","high",17262,0.17262,3
"252","small_scale","economic_risk","not_relevant",14307,0.14307,3
"253","small_scale","go_fishing","no",40521,0.40521,3
"254","small_scale","go_fishing","yes",59479,0.59479,3
"255","small_scale","individual_importance","medium",5176,0.05176,3
"256","small_scale","individual_importance","high",94824,0.94824,3
"257","small_scale","individual_risk","low",31937,0.31937,3
"258","small_scale","individual_risk","medium",33154,0.33154,3
"259","small_scale","individual_risk","high",20602,0.20602,3
"260","small_scale","individual_risk","not_relevant",14307,0.14307,3
"261","small_scale","societal_importance","high",100000,1,3
"262","small_scale","societal_risk","low",31937,0.31937,3
"263","small_scale","societal_risk","medium",32023,0.32023,3
"264","small_scale","societal_risk","high",21733,0.21733,3
"265","small_scale","societal_risk","not_relevant",14307,0.14307,3
"266","small_scale","strategy_to_change","not_relevant",14307,0.14307,3
"267","small_scale","strategy_to_change","cope",61788,0.61788,3
"268","small_scale","strategy_to_change","react",21995,0.21995,3
"269","small_scale","strategy_to_change","adapt",1910,0.0191,3
"270","small_scale","substitution_capacity","no",56161,0.56161,3
"271","small_scale","substitution_capacity","yes",43839,0.43839,3
"272","household","economic_buffers","low",100000,1,3
"273","household","economic_risk","low",67815,0.67815,3
"274","household","economic_risk","medium",6364,0.06364,3
"275","household","economic_risk","high",11561,0.11561,3
"276","household","economic_risk","not_relevant",14260,0.1426,3
"277","household","go_fishing","no",58277,0.58277,3
"278","household","go_fishing","yes",41723,0.41723,3
"279","household","individual_importance","medium",43940,0.4394,3
"280","household","individual_importance","high",56060,0.5606,3
"281","household","individual_risk","low",27016,0.27016,3
"282","household","individual_risk","medium",58454,0.58454,3
"283","household","individual_risk","high",270,0.0027,3
"284","household","individual_risk","not_relevant",14260,0.1426,3
"285","household","societal_importance","medium",81999,0.81999,3
"286","household","societal_importance","high",18001,0.18001,3
"287","household","societal_risk","low",27016,0.27016,3
"288","household","societal_risk","medium",58643,0.58643,3
"289","household","societal_risk","high",81,0.00081,3
"290","household","societal_risk","not_relevant",14260,0.1426,3
"291","household","strategy_to_change","not_relevant",14260,0.1426,3
"292","household","strategy_to_change","cope",64507,0.64507,3
"293","household","strategy_to_change","react",21233,0.21233,3
"294","household","substitution_capacity","yes",100000,1,3
"295","trawler","economic_buffers","medium",46929,0.46929,3
"296","trawler","economic_buffers","high",53071,0.53071,3
"297","trawler","economic_risk","low",89661,0.89661,3
"298","trawler","economic_risk","medium",5631,0.05631,3
"299","trawler","economic_risk","high",4708,0.04708,3
"300","trawler","go_fishing","no",11431,0.11431,3
"301","trawler","go_fishing","yes",88569,0.88569,3
"302","trawler","individual_importance","high",100000,1,3
"303","trawler","individual_risk","low",46024,0.46024,3
"304","trawler","individual_risk","medium",38964,0.38964,3
"305","trawler","individual_risk","high",15012,0.15012,3
"306","trawler","societal_importance","high",100000,1,3
"307","trawler","societal_risk","low",46024,0.46024,3
"308","trawler","societal_risk","medium",38964,0.38964,3
"309","trawler","societal_risk","high",15012,0.15012,3
"310","trawler","strategy_to_change","cope",55563,0.55563,3
"311","trawler","strategy_to_change","react",44437,0.44437,3
"312","trawler","substitution_capacity","yes",100000,1,3
"313","guide","economic_buffers","low",96952,0.96952,3
"314","guide","economic_buffers","medium",3048,0.03048,3
"315","guide","economic_risk","low",23841,0.23841,3
"316","guide","economic_risk","medium",3107,0.03107,3
"317","guide","economic_risk","high",73052,0.73052,3
"318","guide","go_fishing","no",68303,0.68303,3
"319","guide","go_fishing","yes",31697,0.31697,3
"320","guide","individual_importance","high",100000,1,3
"321","guide","individual_risk","low",13137,0.13137,3
"322","guide","individual_risk","medium",13234,0.13234,3
"323","guide","individual_risk","high",73629,0.73629,3
"324","guide","societal_importance","medium",83904,0.83904,3
"325","guide","societal_importance","high",16096,0.16096,3
"326","guide","societal_risk","low",13137,0.13137,3
"327","guide","societal_risk","medium",75034,0.75034,3
"328","guide","societal_risk","high",11829,0.11829,3
"329","guide","strategy_to_change","cope",83025,0.83025,3
"330","guide","strategy_to_change","react",1943,0.01943,3
"331","guide","strategy_to_change","adapt",15032,0.15032,3
"332","guide","substitution_capacity","no",100000,1,3
"333","recreational","economic_buffers","low",100000,1,4
"334","recreational","economic_risk","low",65868,0.65868,4
"335","recreational","economic_risk","medium",8203,0.08203,4
"336","recreational","economic_risk","high",11575,0.11575,4
"337","recreational","economic_risk","not_relevant",14354,0.14354,4
"338","recreational","go_fishing","no",40081,0.40081,4
"339","recreational","go_fishing","yes",59919,0.59919,4
"340","recreational","individual_importance","medium",47956,0.47956,4
"341","recreational","individual_importance","high",52044,0.52044,4
"342","recreational","individual_risk","low",33290,0.3329,4
"343","recreational","individual_risk","medium",51312,0.51312,4
"344","recreational","individual_risk","high",1044,0.01044,4
"345","recreational","individual_risk","not_relevant",14354,0.14354,4
"346","recreational","societal_importance","medium",44560,0.4456,4
"347","recreational","societal_importance","high",55440,0.5544,4
"348","recreational","societal_risk","low",33290,0.3329,4
"349","recreational","societal_risk","medium",51227,0.51227,4
"350","recreational","societal_risk","high",1129,0.01129,4
"351","recreational","societal_risk","not_relevant",14354,0.14354,4
"352","recreational","strategy_to_change","not_relevant",14354,0.14354,4
"353","recreational","strategy_to_change","cope",41315,0.41315,4
"354","recreational","strategy_to_change","react",13715,0.13715,4
"355","recreational","strategy_to_change","adapt",30616,0.30616,4
"356","recreational","substitution_capacity","yes",100000,1,4
"357","small_scale","economic_buffers","low",72081,0.72081,4
"358","small_scale","economic_buffers","medium",27919,0.27919,4
"359","small_scale","economic_risk","low",49616,0.49616,4
"360","small_scale","economic_risk","medium",20086,0.20086,4
"361","small_scale","economic_risk","high",15960,0.1596,4
"362","small_scale","economic_risk","not_relevant",14338,0.14338,4
"363","small_scale","go_fishing","no",42308,0.42308,4
"364","small_scale","go_fishing","yes",57692,0.57692,4
"365","small_scale","individual_importance","medium",3213,0.03213,4
"366","small_scale","individual_importance","high",96787,0.96787,4
"367","small_scale","individual_risk","low",31001,0.31001,4
"368","small_scale","individual_risk","medium",32156,0.32156,4
"369","small_scale","individual_risk","high",22505,0.22505,4
"370","small_scale","individual_risk","not_relevant",14338,0.14338,4
"371","small_scale","societal_importance","high",100000,1,4
"372","small_scale","societal_risk","low",31001,0.31001,4
"373","small_scale","societal_risk","medium",31398,0.31398,4
"374","small_scale","societal_risk","high",23263,0.23263,4
"375","small_scale","societal_risk","not_relevant",14338,0.14338,4
"376","small_scale","strategy_to_change","not_relevant",14338,0.14338,4
"377","small_scale","strategy_to_change","cope",61905,0.61905,4
"378","small_scale","strategy_to_change","react",23535,0.23535,4
"379","small_scale","strategy_to_change","adapt",222,0.00222,4
"380","small_scale","substitution_capacity","no",57862,0.57862,4
"381","small_scale","substitution_capacity","yes",42138,0.42138,4
"382","household","economic_buffers","low",100000,1,4
"383","household","economic_risk","low",72142,0.72142,4
"384","household","economic_risk","medium",5098,0.05098,4
"385","household","economic_risk","high",8635,0.08635,4
"386","household","economic_risk","not_relevant",14125,0.14125,4
"387","household","go_fishing","no",63717,0.63717,4
"388","household","go_fishing","yes",36283,0.36283,4
"389","household","individual_importance","medium",54979,0.54979,4
"390","household","individual_importance","high",45021,0.45021,4
"391","household","individual_risk","low",21678,0.21678,4
"392","household","individual_risk","medium",63935,0.63935,4
"393","household","individual_risk","high",262,0.00262,4
"394","household","individual_risk","not_relevant",14125,0.14125,4
"395","household","societal_importance","medium",82896,0.82896,4
"396","household","societal_importance","high",17104,0.17104,4
"397","household","societal_risk","low",21678,0.21678,4
"398","household","societal_risk","medium",64110,0.6411,4
"399","household","societal_risk","high",87,0.00087,4
"400","household","societal_risk","not_relevant",14125,0.14125,4
"401","household","strategy_to_change","not_relevant",14125,0.14125,4
"402","household","strategy_to_change","cope",68713,0.68713,4
"403","household","strategy_to_change","react",17162,0.17162,4
"404","household","substitution_capacity","yes",100000,1,4
"405","trawler","economic_buffers","medium",49890,0.4989,4
"406","trawler","economic_buffers","high",50110,0.5011,4
"407","trawler","economic_risk","low",87834,0.87834,4
"408","trawler","economic_risk","medium",6197,0.06197,4
"409","trawler","economic_risk","high",5969,0.05969,4
"410","trawler","go_fishing","no",9943,0.09943,4
"411","trawler","go_fishing","yes",90057,0.90057,4
"412","trawler","individual_importance","high",100000,1,4
"413","trawler","individual_risk","low",41749,0.41749,4
"414","trawler","individual_risk","medium",41755,0.41755,4
"415","trawler","individual_risk","high",16496,0.16496,4
"416","trawler","societal_importance","high",100000,1,4
"417","trawler","societal_risk","low",41749,0.41749,4
"418","trawler","societal_risk","medium",41755,0.41755,4
"419","trawler","societal_risk","high",16496,0.16496,4
"420","trawler","strategy_to_change","cope",54255,0.54255,4
"421","trawler","strategy_to_change","react",45745,0.45745,4
"422","trawler","substitution_capacity","yes",100000,1,4
"423","guide","economic_buffers","low",92881,0.92881,4
"424","guide","economic_buffers","medium",7119,0.07119,4
"425","guide","economic_risk","low",23544,0.23544,4
"426","guide","economic_risk","medium",7018,0.07018,4
"427","guide","economic_risk","high",69438,0.69438,4
"428","guide","go_fishing","no",67810,0.6781,4
"429","guide","go_fishing","yes",32190,0.3219,4
"430","guide","individual_importance","high",100000,1,4
"431","guide","individual_risk","low",13185,0.13185,4
"432","guide","individual_risk","medium",13262,0.13262,4
"433","guide","individual_risk","high",73553,0.73553,4
"434","guide","societal_importance","medium",78899,0.78899,4
"435","guide","societal_importance","high",21101,0.21101,4
"436","guide","societal_risk","low",13185,0.13185,4
"437","guide","societal_risk","medium",71158,0.71158,4
"438","guide","societal_risk","high",15657,0.15657,4
"439","guide","strategy_to_change","cope",81224,0.81224,4
"440","guide","strategy_to_change","react",4495,0.04495,4
"441","guide","strategy_to_change","adapt",14281,0.14281,4
"442","guide","substitution_capacity","no",100000,1,4
"443","recreational","economic_buffers","low",100000,1,5
"444","recreational","economic_risk","low",68610,0.6861,5
"445","recreational","economic_risk","medium",10305,0.10305,5
"446","recreational","economic_risk","high",6849,0.06849,5
"447","recreational","economic_risk","not_relevant",14236,0.14236,5
"448","recreational","go_fishing","no",54764,0.54764,5
"449","recreational","go_fishing","yes",45236,0.45236,5
"450","recreational","individual_importance","medium",55330,0.5533,5
"451","recreational","individual_importance","high",44670,0.4467,5
"452","recreational","individual_risk","low",20212,0.20212,5
"453","recreational","individual_risk","medium",65152,0.65152,5
"454","recreational","individual_risk","high",400,0.004,5
"455","recreational","individual_risk","not_relevant",14236,0.14236,5
"456","recreational","societal_importance","medium",72206,0.72206,5
"457","recreational","societal_importance","high",27794,0.27794,5
"458","recreational","societal_risk","low",20212,0.20212,5
"459","recreational","societal_risk","medium",65298,0.65298,5
"460","recreational","societal_risk","high",254,0.00254,5
"461","recreational","societal_risk","not_relevant",14236,0.14236,5
"462","recreational","strategy_to_change","not_relevant",14236,0.14236,5
"463","recreational","strategy_to_change","cope",48037,0.48037,5
"464","recreational","strategy_to_change","react",17310,0.1731,5
"465","recreational","strategy_to_change","adapt",20417,0.20417,5
"466","recreational","substitution_capacity","yes",100000,1,5
"467","small_scale","economic_buffers","low",21677,0.21677,5
"468","small_scale","economic_buffers","medium",78323,0.78323,5
"469","small_scale","economic_risk","low",63688,0.63688,5
"470","small_scale","economic_risk","medium",11686,0.11686,5
"471","small_scale","economic_risk","high",10200,0.102,5
"472","small_scale","economic_risk","not_relevant",14426,0.14426,5
"473","small_scale","go_fishing","no",33591,0.33591,5
"474","small_scale","go_fishing","yes",66409,0.66409,5
"475","small_scale","individual_importance","medium",6695,0.06695,5
"476","small_scale","individual_importance","high",93305,0.93305,5
"477","small_scale","individual_risk","low",33888,0.33888,5
"478","small_scale","individual_risk","medium",34921,0.34921,5
"479","small_scale","individual_risk","high",16765,0.16765,5
"480","small_scale","individual_risk","not_relevant",14426,0.14426,5
"481","small_scale","societal_importance","high",100000,1,5
"482","small_scale","societal_risk","low",33888,0.33888,5
"483","small_scale","societal_risk","medium",33753,0.33753,5
"484","small_scale","societal_risk","high",17933,0.17933,5
"485","small_scale","societal_risk","not_relevant",14426,0.14426,5
"486","small_scale","strategy_to_change","not_relevant",14426,0.14426,5
"487","small_scale","strategy_to_change","cope",56922,0.56922,5
"488","small_scale","strategy_to_change","react",26033,0.26033,5
"489","small_scale","strategy_to_change","adapt",2619,0.02619,5
"490","small_scale","substitution_capacity","no",53236,0.53236,5
"491","small_scale","substitution_capacity","yes",46764,0.46764,5
"492","household","economic_buffers","low",100000,1,5
"493","household","economic_risk","low",70187,0.70187,5
"494","household","economic_risk","medium",5503,0.05503,5
"495","household","economic_risk","high",10030,0.1003,5
"496","household","economic_risk","not_relevant",14280,0.1428,5
"497","household","go_fishing","no",61499,0.61499,5
"498","household","go_fishing","yes",38501,0.38501,5
"499","household","individual_importance","medium",35088,0.35088,5
"500","household","individual_importance","high",64912,0.64912,5
"501","household","individual_risk","low",22843,0.22843,5
"502","household","individual_risk","medium",62570,0.6257,5
"503","household","individual_risk","high",307,0.00307,5
"504","household","individual_risk","not_relevant",14280,0.1428,5
"505","household","societal_importance","medium",80783,0.80783,5
"506","household","societal_importance","high",19217,0.19217,5
"507","household","societal_risk","low",22843,0.22843,5
"508","household","societal_risk","medium",62794,0.62794,5
"509","household","societal_risk","high",83,0.00083,5
"510","household","societal_risk","not_relevant",14280,0.1428,5
"511","household","strategy_to_change","not_relevant",14280,0.1428,5
"512","household","strategy_to_change","cope",67386,0.67386,5
"513","household","strategy_to_change","react",18334,0.18334,5
"514","household","substitution_capacity","yes",100000,1,5
"515","trawler","economic_buffers","medium",42944,0.42944,5
"516","trawler","economic_buffers","high",57056,0.57056,5
"517","trawler","economic_risk","low",89993,0.89993,5
"518","trawler","economic_risk","medium",5808,0.05808,5
"519","trawler","economic_risk","high",4199,0.04199,5
"520","trawler","go_fishing","no",13924,0.13924,5
"521","trawler","go_fishing","yes",86076,0.86076,5
"522","trawler","individual_importance","high",100000,1,5
"523","trawler","individual_risk","low",40612,0.40612,5
"524","trawler","individual_risk","medium",42774,0.42774,5
"525","trawler","individual_risk","high",16614,0.16614,5
"526","trawler","societal_importance","high",100000,1,5
"527","trawler","societal_risk","low",40612,0.40612,5
"528","trawler","societal_risk","medium",42774,0.42774,5
"529","trawler","societal_risk","high",16614,0.16614,5
"530","trawler","strategy_to_change","cope",57315,0.57315,5
"531","trawler","strategy_to_change","react",42685,0.42685,5
"532","trawler","substitution_capacity","yes",100000,1,5
"533","guide","economic_buffers","low",94015,0.94015,5
"534","guide","economic_buffers","medium",5985,0.05985,5
"535","guide","economic_risk","low",22904,0.22904,5
"536","guide","economic_risk","medium",6068,0.06068,5
"537","guide","economic_risk","high",71028,0.71028,5
"538","guide","go_fishing","no",67488,0.67488,5
"539","guide","go_fishing","yes",32512,0.32512,5
"540","guide","individual_importance","high",100000,1,5
"541","guide","individual_risk","low",11647,0.11647,5
"542","guide","individual_risk","medium",13512,0.13512,5
"543","guide","individual_risk","high",74841,0.74841,5
"544","guide","societal_importance","medium",81859,0.81859,5
"545","guide","societal_importance","high",18141,0.18141,5
"546","guide","societal_risk","low",11647,0.11647,5
"547","guide","societal_risk","medium",74882,0.74882,5
"548","guide","societal_risk","high",13471,0.13471,5
"549","guide","strategy_to_change","cope",80936,0.80936,5
"550","guide","strategy_to_change","react",3947,0.03947,5
"551","guide","strategy_to_change","adapt",15117,0.15117,5
"552","guide","substitution_capacity","no",100000,1,5
"553","recreational","economic_buffers","low",100000,1,6
"554","recreational","economic_risk","low",69469,0.69469,6
"555","recreational","economic_risk","medium",9947,0.09947,6
"556","recreational","economic_risk","high",6304,0.06304,6
"557","recreational","economic_risk","not_relevant",14280,0.1428,6
"558","recreational","go_fishing","no",55893,0.55893,6
"559","recreational","go_fishing","yes",44107,0.44107,6
"560","recreational","individual_importance","medium",51686,0.51686,6
"561","recreational","individual_importance","high",48314,0.48314,6
"562","recreational","individual_risk","low",20851,0.20851,6
"563","recreational","individual_risk","medium",64429,0.64429,6
"564","recreational","individual_risk","high",440,0.0044,6
"565","recreational","individual_risk","not_relevant",14280,0.1428,6
"566","recreational","societal_importance","medium",49570,0.4957,6
"567","recreational","societal_importance","high",50430,0.5043,6
"568","recreational","societal_risk","low",20851,0.20851,6
"569","recreational","societal_risk","medium",64442,0.64442,6
"570","recreational","societal_risk","high",427,0.00427,6
"571","recreational","societal_risk","not_relevant",14280,0.1428,6
"572","recreational","strategy_to_change","not_relevant",14280,0.1428,6
"573","recreational","strategy_to_change","cope",48764,0.48764,6
"574","recreational","strategy_to_change","react",16632,0.16632,6
"575","recreational","strategy_to_change","adapt",20324,0.20324,6
"576","recreational","substitution_capacity","yes",100000,1,6
"577","small_scale","economic_buffers","low",40537,0.40537,6
"578","small_scale","economic_buffers","medium",59463,0.59463,6
"579","small_scale","economic_risk","low",58880,0.5888,6
"580","small_scale","economic_risk","medium",14782,0.14782,6
"581","small_scale","economic_risk","high",12180,0.1218,6
"582","small_scale","economic_risk","not_relevant",14158,0.14158,6
"583","small_scale","go_fishing","no",40369,0.40369,6
"584","small_scale","go_fishing","yes",59631,0.59631,6
"585","small_scale","individual_importance","medium",7136,0.07136,6
"586","small_scale","individual_importance","high",92864,0.92864,6
"587","small_scale","individual_risk","low",32774,0.32774,6
"588","small_scale","individual_risk","medium",33816,0.33816,6
"589","small_scale","individual_risk","high",19252,0.19252,6
"590","small_scale","individual_risk","not_relevant",14158,0.14158,6
"591","small_scale","societal_importance","high",100000,1,6
"592","small_scale","societal_risk","low",32774,0.32774,6
"593","small_scale","societal_risk","medium",32340,0.3234,6
"594","small_scale","societal_risk","high",20728,0.20728,6
"595","small_scale","societal_risk","not_relevant",14158,0.14158,6
"596","small_scale","strategy_to_change","not_relevant",14158,0.14158,6
"597","small_scale","strategy_to_change","cope",63987,0.63987,6
"598","small_scale","strategy_to_change","react",20549,0.20549,6
"599","small_scale","strategy_to_change","adapt",1306,0.01306,6
"600","small_scale","substitution_capacity","no",55135,0.55135,6
"601","small_scale","substitution_capacity","yes",44865,0.44865,6
"602","household","economic_buffers","low",100000,1,6
"603","household","economic_risk","low",69380,0.6938,6
"604","household","economic_risk","medium",5543,0.05543,6
"605","household","economic_risk","high",10668,0.10668,6
"606","household","economic_risk","not_relevant",14409,0.14409,6
"607","household","go_fishing","no",60393,0.60393,6
"608","household","go_fishing","yes",39607,0.39607,6
"609","household","individual_importance","medium",46231,0.46231,6
"610","household","individual_importance","high",53769,0.53769,6
"611","household","individual_risk","low",24937,0.24937,6
"612","household","individual_risk","medium",60514,0.60514,6
"613","household","individual_risk","high",140,0.0014,6
"614","household","individual_risk","not_relevant",14409,0.14409,6
"615","household","societal_importance","medium",69857,0.69857,6
"616","household","societal_importance","high",30143,0.30143,6
"617","household","societal_risk","low",24937,0.24937,6
"618","household","societal_risk","medium",60574,0.60574,6
"619","household","societal_risk","high",80,8e-04,6
"620","household","societal_risk","not_relevant",14409,0.14409,6
"621","household","strategy_to_change","not_relevant",14409,0.14409,6
"622","household","strategy_to_change","cope",66752,0.66752,6
"623","household","strategy_to_change","react",18839,0.18839,6
"624","household","substitution_capacity","yes",100000,1,6
"625","trawler","economic_buffers","medium",49078,0.49078,6
"626","trawler","economic_buffers","high",50922,0.50922,6
"627","trawler","economic_risk","low",86837,0.86837,6
"628","trawler","economic_risk","medium",6699,0.06699,6
"629","trawler","economic_risk","high",6464,0.06464,6
"630","trawler","go_fishing","no",6720,0.0672,6
"631","trawler","go_fishing","yes",93280,0.9328,6
"632","trawler","individual_importance","high",100000,1,6
"633","trawler","individual_risk","low",47990,0.4799,6
"634","trawler","individual_risk","medium",35672,0.35672,6
"635","trawler","individual_risk","high",16338,0.16338,6
"636","trawler","societal_importance","high",100000,1,6
"637","trawler","societal_risk","low",47990,0.4799,6
"638","trawler","societal_risk","medium",35672,0.35672,6
"639","trawler","societal_risk","high",16338,0.16338,6
"640","trawler","strategy_to_change","cope",52497,0.52497,6
"641","trawler","strategy_to_change","react",47503,0.47503,6
"642","trawler","substitution_capacity","yes",100000,1,6
"643","guide","economic_buffers","low",94978,0.94978,6
"644","guide","economic_buffers","medium",5022,0.05022,6
"645","guide","economic_risk","low",22922,0.22922,6
"646","guide","economic_risk","medium",6986,0.06986,6
"647","guide","economic_risk","high",70092,0.70092,6
"648","guide","go_fishing","no",66533,0.66533,6
"649","guide","go_fishing","yes",33467,0.33467,6
"650","guide","individual_importance","high",100000,1,6
"651","guide","individual_risk","low",14733,0.14733,6
"652","guide","individual_risk","medium",13776,0.13776,6
"653","guide","individual_risk","high",71491,0.71491,6
"654","guide","societal_importance","medium",73771,0.73771,6
"655","guide","societal_importance","high",26229,0.26229,6
"656","guide","societal_risk","low",14733,0.14733,6
"657","guide","societal_risk","medium",66483,0.66483,6
"658","guide","societal_risk","high",18784,0.18784,6
"659","guide","strategy_to_change","cope",76905,0.76905,6
"660","guide","strategy_to_change","react",6991,0.06991,6
"661","guide","strategy_to_change","adapt",16104,0.16104,6
"662","guide","substitution_capacity","no",100000,1,6
"663","recreational","economic_buffers","low",100000,1,7
"664","recreational","economic_risk","low",62609,0.62609,7
"665","recreational","economic_risk","medium",11039,0.11039,7
"666","recreational","economic_risk","high",11928,0.11928,7
"667","recreational","economic_risk","not_relevant",14424,0.14424,7
"668","recreational","go_fishing","no",46854,0.46854,7
"669","recreational","go_fishing","yes",53146,0.53146,7
"670","recreational","individual_importance","medium",60349,0.60349,7
"671","recreational","individual_importance","high",39651,0.39651,7
"672","recreational","individual_risk","low",26135,0.26135,7
"673","recreational","individual_risk","medium",51422,0.51422,7
"674","recreational","individual_risk","high",8019,0.08019,7
"675","recreational","individual_risk","not_relevant",14424,0.14424,7
"676","recreational","societal_importance","medium",92627,0.92627,7
"677","recreational","societal_importance","high",7373,0.07373,7
"678","recreational","societal_risk","low",26135,0.26135,7
"679","recreational","societal_risk","medium",57970,0.5797,7
"680","recreational","societal_risk","high",1471,0.01471,7
"681","recreational","societal_risk","not_relevant",14424,0.14424,7
"682","recreational","strategy_to_change","not_relevant",14424,0.14424,7
"683","recreational","strategy_to_change","cope",47461,0.47461,7
"684","recreational","strategy_to_change","react",18751,0.18751,7
"685","recreational","strategy_to_change","adapt",19364,0.19364,7
"686","recreational","substitution_capacity","no",47995,0.47995,7
"687","recreational","substitution_capacity","yes",52005,0.52005,7
"688","small_scale","economic_buffers","low",78806,0.78806,7
"689","small_scale","economic_buffers","medium",21194,0.21194,7
"690","small_scale","economic_risk","low",57906,0.57906,7
"691","small_scale","economic_risk","medium",16480,0.1648,7
"692","small_scale","economic_risk","high",11253,0.11253,7
"693","small_scale","economic_risk","not_relevant",14361,0.14361,7
"694","small_scale","go_fishing","no",44230,0.4423,7
"695","small_scale","go_fishing","yes",55770,0.5577,7
"696","small_scale","individual_importance","medium",4422,0.04422,7
"697","small_scale","individual_importance","high",95578,0.95578,7
"698","small_scale","individual_risk","low",29265,0.29265,7
"699","small_scale","individual_risk","medium",47249,0.47249,7
"700","small_scale","individual_risk","high",9125,0.09125,7
"701","small_scale","individual_risk","not_relevant",14361,0.14361,7
"702","small_scale","societal_importance","high",100000,1,7
"703","small_scale","societal_risk","low",29265,0.29265,7
"704","small_scale","societal_risk","medium",46821,0.46821,7
"705","small_scale","societal_risk","high",9553,0.09553,7
"706","small_scale","societal_risk","not_relevant",14361,0.14361,7
"707","small_scale","strategy_to_change","not_relevant",14361,0.14361,7
"708","small_scale","strategy_to_change","cope",62271,0.62271,7
"709","small_scale","strategy_to_change","react",22781,0.22781,7
"710","small_scale","strategy_to_change","adapt",587,0.00587,7
"711","small_scale","substitution_capacity","no",19821,0.19821,7
"712","small_scale","substitution_capacity","yes",80179,0.80179,7
"713","household","economic_buffers","low",100000,1,7
"714","household","economic_risk","low",73176,0.73176,7
"715","household","economic_risk","medium",4063,0.04063,7
"716","household","economic_risk","high",8181,0.08181,7
"717","household","economic_risk","not_relevant",14580,0.1458,7
"718","household","go_fishing","no",64276,0.64276,7
"719","household","go_fishing","yes",35724,0.35724,7
"720","household","individual_importance","medium",41763,0.41763,7
"721","household","individual_importance","high",58237,0.58237,7
"722","household","individual_risk","low",19049,0.19049,7
"723","household","individual_risk","medium",66232,0.66232,7
"724","household","individual_risk","high",139,0.00139,7
"725","household","individual_risk","not_relevant",14580,0.1458,7
"726","household","societal_importance","medium",79679,0.79679,7
"727","household","societal_importance","high",20321,0.20321,7
"728","household","societal_risk","low",19049,0.19049,7
"729","household","societal_risk","medium",66330,0.6633,7
"730","household","societal_risk","high",41,0.00041,7
"731","household","societal_risk","not_relevant",14580,0.1458,7
"732","household","strategy_to_change","not_relevant",14580,0.1458,7
"733","household","strategy_to_change","cope",71378,0.71378,7
"734","household","strategy_to_change","react",14042,0.14042,7
"735","household","substitution_capacity","yes",100000,1,7
"736","trawler","economic_buffers","medium",46044,0.46044,7
"737","trawler","economic_buffers","high",53956,0.53956,7
"738","trawler","economic_risk","low",88373,0.88373,7
"739","trawler","economic_risk","medium",6318,0.06318,7
"740","trawler","economic_risk","high",5309,0.05309,7
"741","trawler","go_fishing","no",8436,0.08436,7
"742","trawler","go_fishing","yes",91564,0.91564,7
"743","trawler","individual_importance","high",100000,1,7
"744","trawler","individual_risk","low",41827,0.41827,7
"745","trawler","individual_risk","medium",40540,0.4054,7
"746","trawler","individual_risk","high",17633,0.17633,7
"747","trawler","societal_importance","high",100000,1,7
"748","trawler","societal_risk","low",41827,0.41827,7
"749","trawler","societal_risk","medium",40540,0.4054,7
"750","trawler","societal_risk","high",17633,0.17633,7
"751","trawler","strategy_to_change","cope",54647,0.54647,7
"752","trawler","strategy_to_change","react",45353,0.45353,7
"753","trawler","substitution_capacity","yes",100000,1,7
"754","guide","economic_buffers","low",95083,0.95083,7
"755","guide","economic_buffers","medium",4917,0.04917,7
"756","guide","economic_risk","low",24192,0.24192,7
"757","guide","economic_risk","medium",5052,0.05052,7
"758","guide","economic_risk","high",70756,0.70756,7
"759","guide","go_fishing","no",68299,0.68299,7
"760","guide","go_fishing","yes",31701,0.31701,7
"761","guide","individual_importance","high",100000,1,7
"762","guide","individual_risk","low",12923,0.12923,7
"763","guide","individual_risk","medium",13402,0.13402,7
"764","guide","individual_risk","high",73675,0.73675,7
"765","guide","societal_importance","medium",77995,0.77995,7
"766","guide","societal_importance","high",22005,0.22005,7
"767","guide","societal_risk","low",12923,0.12923,7
"768","guide","societal_risk","medium",70847,0.70847,7
"769","guide","societal_risk","high",16230,0.1623,7
"770","guide","strategy_to_change","cope",81459,0.81459,7
"771","guide","strategy_to_change","react",3305,0.03305,7
"772","guide","strategy_to_change","adapt",15236,0.15236,7
"773","guide","substitution_capacity","no",100000,1,7
"774","recreational","economic_buffers","low",100000,1,8
"775","recreational","economic_risk","low",54710,0.5471,8
"776","recreational","economic_risk","medium",13519,0.13519,8
"777","recreational","economic_risk","high",17467,0.17467,8
"778","recreational","economic_risk","not_relevant",14304,0.14304,8
"779","recreational","go_fishing","no",44913,0.44913,8
"780","recreational","go_fishing","yes",55087,0.55087,8
"781","recreational","individual_importance","medium",42267,0.42267,8
"782","recreational","individual_importance","high",57733,0.57733,8
"783","recreational","individual_risk","low",29349,0.29349,8
"784","recreational","individual_risk","medium",33795,0.33795,8
"785","recreational","individual_risk","high",22552,0.22552,8
"786","recreational","individual_risk","not_relevant",14304,0.14304,8
"787","recreational","societal_importance","medium",34443,0.34443,8
"788","recreational","societal_importance","high",65557,0.65557,8
"789","recreational","societal_risk","low",29349,0.29349,8
"790","recreational","societal_risk","medium",30561,0.30561,8
"791","recreational","societal_risk","high",25786,0.25786,8
"792","recreational","societal_risk","not_relevant",14304,0.14304,8
"793","recreational","strategy_to_change","not_relevant",14304,0.14304,8
"794","recreational","strategy_to_change","cope",46778,0.46778,8
"795","recreational","strategy_to_change","react",22553,0.22553,8
"796","recreational","strategy_to_change","adapt",16365,0.16365,8
"797","recreational","substitution_capacity","no",100000,1,8
"798","small_scale","economic_buffers","low",95413,0.95413,8
"799","small_scale","economic_buffers","medium",4587,0.04587,8
"800","small_scale","economic_risk","low",45879,0.45879,8
"801","small_scale","economic_risk","medium",22710,0.2271,8
"802","small_scale","economic_risk","high",17171,0.17171,8
"803","small_scale","economic_risk","not_relevant",14240,0.1424,8
"804","small_scale","go_fishing","no",34962,0.34962,8
"805","small_scale","go_fishing","yes",65038,0.65038,8
"806","small_scale","individual_importance","medium",6928,0.06928,8
"807","small_scale","individual_importance","high",93072,0.93072,8
"808","small_scale","individual_risk","low",36508,0.36508,8
"809","small_scale","individual_risk","medium",32977,0.32977,8
"810","small_scale","individual_risk","high",16275,0.16275,8
"811","small_scale","individual_risk","not_relevant",14240,0.1424,8
"812","small_scale","societal_importance","high",100000,1,8
"813","small_scale","societal_risk","low",36508,0.36508,8
"814","small_scale","societal_risk","medium",31844,0.31844,8
"815","small_scale","societal_risk","high",17408,0.17408,8
"816","small_scale","societal_risk","not_relevant",14240,0.1424,8
"817","small_scale","strategy_to_change","not_relevant",14240,0.1424,8
"818","small_scale","strategy_to_change","cope",58398,0.58398,8
"819","small_scale","strategy_to_change","react",27308,0.27308,8
"820","small_scale","strategy_to_change","adapt",54,0.00054,8
"821","small_scale","substitution_capacity","no",52137,0.52137,8
"822","small_scale","substitution_capacity","yes",47863,0.47863,8
"823","household","economic_buffers","low",100000,1,8
"824","household","economic_risk","low",70527,0.70527,8
"825","household","economic_risk","medium",5396,0.05396,8
"826","household","economic_risk","high",9733,0.09733,8
"827","household","economic_risk","not_relevant",14344,0.14344,8
"828","household","go_fishing","no",61797,0.61797,8
"829","household","go_fishing","yes",38203,0.38203,8
"830","household","individual_importance","medium",40976,0.40976,8
"831","household","individual_importance","high",59024,0.59024,8
"832","household","individual_risk","low",23143,0.23143,8
"833","household","individual_risk","medium",62211,0.62211,8
"834","household","individual_risk","high",302,0.00302,8
"835","household","individual_risk","not_relevant",14344,0.14344,8
"836","household","societal_importance","medium",73862,0.73862,8
"837","household","societal_importance","high",26138,0.26138,8
"838","household","societal_risk","low",23143,0.23143,8
"839","household","societal_risk","medium",62378,0.62378,8
"840","household","societal_risk","high",135,0.00135,8
"841","household","societal_risk","not_relevant",14344,0.14344,8
"842","household","strategy_to_change","not_relevant",14344,0.14344,8
"843","household","strategy_to_change","cope",66856,0.66856,8
"844","household","strategy_to_change","react",18800,0.188,8
"845","household","substitution_capacity","yes",100000,1,8
"846","trawler","economic_buffers","medium",56881,0.56881,8
"847","trawler","economic_buffers","high",43119,0.43119,8
"848","trawler","economic_risk","low",90976,0.90976,8
"849","trawler","economic_risk","medium",3903,0.03903,8
"850","trawler","economic_risk","high",5121,0.05121,8
"851","trawler","go_fishing","no",14395,0.14395,8
"852","trawler","go_fishing","yes",85605,0.85605,8
"853","trawler","individual_importance","high",100000,1,8
"854","trawler","individual_risk","low",43197,0.43197,8
"855","trawler","individual_risk","medium",43388,0.43388,8
"856","trawler","individual_risk","high",13415,0.13415,8
"857","trawler","societal_importance","high",100000,1,8
"858","trawler","societal_risk","low",43197,0.43197,8
"859","trawler","societal_risk","medium",43388,0.43388,8
"860","trawler","societal_risk","high",13415,0.13415,8
"861","trawler","strategy_to_change","cope",58570,0.5857,8
"862","trawler","strategy_to_change","react",41430,0.4143,8
"863","trawler","substitution_capacity","yes",100000,1,8
"864","guide","economic_buffers","low",100000,1,8
"865","guide","economic_risk","low",24092,0.24092,8
"866","guide","economic_risk","medium",2120,0.0212,8
"867","guide","economic_risk","high",73788,0.73788,8
"868","guide","go_fishing","no",67070,0.6707,8
"869","guide","go_fishing","yes",32930,0.3293,8
"870","guide","individual_importance","high",100000,1,8
"871","guide","individual_risk","low",13654,0.13654,8
"872","guide","individual_risk","medium",13032,0.13032,8
"873","guide","individual_risk","high",73314,0.73314,8
"874","guide","societal_importance","medium",76960,0.7696,8
"875","guide","societal_importance","high",23040,0.2304,8
"876","guide","societal_risk","low",13654,0.13654,8
"877","guide","societal_risk","medium",69438,0.69438,8
"878","guide","societal_risk","high",16908,0.16908,8
"879","guide","strategy_to_change","cope",79366,0.79366,8
"880","guide","strategy_to_change","react",3760,0.0376,8
"881","guide","strategy_to_change","adapt",16874,0.16874,8
"882","guide","substitution_capacity","no",100000,1,8
"883","recreational","economic_buffers","low",100000,1,9
"884","recreational","economic_risk","low",66717,0.66717,9
"885","recreational","economic_risk","medium",11576,0.11576,9
"886","recreational","economic_risk","high",7376,0.07376,9
"887","recreational","economic_risk","not_relevant",14331,0.14331,9
"888","recreational","go_fishing","no",50370,0.5037,9
"889","recreational","go_fishing","yes",49630,0.4963,9
"890","recreational","individual_importance","medium",52131,0.52131,9
"891","recreational","individual_importance","high",47869,0.47869,9
"892","recreational","individual_risk","low",25932,0.25932,9
"893","recreational","individual_risk","medium",38459,0.38459,9
"894","recreational","individual_risk","high",21278,0.21278,9
"895","recreational","individual_risk","not_relevant",14331,0.14331,9
"896","recreational","societal_importance","medium",65465,0.65465,9
"897","recreational","societal_importance","high",34535,0.34535,9
"898","recreational","societal_risk","low",25932,0.25932,9
"899","recreational","societal_risk","medium",44592,0.44592,9
"900","recreational","societal_risk","high",15145,0.15145,9
"901","recreational","societal_risk","not_relevant",14331,0.14331,9
"902","recreational","strategy_to_change","not_relevant",14331,0.14331,9
"903","recreational","strategy_to_change","cope",43229,0.43229,9
"904","recreational","strategy_to_change","react",19420,0.1942,9
"905","recreational","strategy_to_change","adapt",23020,0.2302,9
"906","recreational","substitution_capacity","no",100000,1,9
"907","small_scale","economic_buffers","low",73014,0.73014,9
"908","small_scale","economic_buffers","medium",26986,0.26986,9
"909","small_scale","economic_risk","low",52363,0.52363,9
"910","small_scale","economic_risk","medium",18555,0.18555,9
"911","small_scale","economic_risk","high",14826,0.14826,9
"912","small_scale","economic_risk","not_relevant",14256,0.14256,9
"913","small_scale","go_fishing","no",45419,0.45419,9
"914","small_scale","go_fishing","yes",54581,0.54581,9
"915","small_scale","individual_importance","medium",5820,0.0582,9
"916","small_scale","individual_importance","high",94180,0.9418,9
"917","small_scale","individual_risk","low",30757,0.30757,9
"918","small_scale","individual_risk","medium",36873,0.36873,9
"919","small_scale","individual_risk","high",18114,0.18114,9
"920","small_scale","individual_risk","not_relevant",14256,0.14256,9
"921","small_scale","societal_importance","high",100000,1,9
"922","small_scale","societal_risk","low",30757,0.30757,9
"923","small_scale","societal_risk","medium",35706,0.35706,9
"924","small_scale","societal_risk","high",19281,0.19281,9
"925","small_scale","societal_risk","not_relevant",14256,0.14256,9
"926","small_scale","strategy_to_change","not_relevant",14256,0.14256,9
"927","small_scale","strategy_to_change","cope",61122,0.61122,9
"928","small_scale","strategy_to_change","react",23987,0.23987,9
"929","small_scale","strategy_to_change","adapt",635,0.00635,9
"930","small_scale","substitution_capacity","no",44359,0.44359,9
"931","small_scale","substitution_capacity","yes",55641,0.55641,9
"932","household","economic_buffers","low",100000,1,9
"933","household","economic_risk","low",70886,0.70886,9
"934","household","economic_risk","medium",5022,0.05022,9
"935","household","economic_risk","high",9990,0.0999,9
"936","household","economic_risk","not_relevant",14102,0.14102,9
"937","household","go_fishing","no",60301,0.60301,9
"938","household","go_fishing","yes",39699,0.39699,9
"939","household","individual_importance","medium",45832,0.45832,9
"940","household","individual_importance","high",54168,0.54168,9
"941","household","individual_risk","low",25751,0.25751,9
"942","household","individual_risk","medium",59959,0.59959,9
"943","household","individual_risk","high",188,0.00188,9
"944","household","individual_risk","not_relevant",14102,0.14102,9
"945","household","societal_importance","medium",85053,0.85053,9
"946","household","societal_importance","high",14947,0.14947,9
"947","household","societal_risk","low",25751,0.25751,9
"948","household","societal_risk","medium",60091,0.60091,9
"949","household","societal_risk","high",56,0.00056,9
"950","household","societal_risk","not_relevant",14102,0.14102,9
"951","household","strategy_to_change","not_relevant",14102,0.14102,9
"952","household","strategy_to_change","cope",68700,0.687,9
"953","household","strategy_to_change","react",17198,0.17198,9
"954","household","substitution_capacity","yes",100000,1,9
"955","trawler","economic_buffers","medium",48881,0.48881,9
"956","trawler","economic_buffers","high",51119,0.51119,9
"957","trawler","economic_risk","low",87872,0.87872,9
"958","trawler","economic_risk","medium",6277,0.06277,9
"959","trawler","economic_risk","high",5851,0.05851,9
"960","trawler","go_fishing","no",7570,0.0757,9
"961","trawler","go_fishing","yes",92430,0.9243,9
"962","trawler","individual_importance","high",100000,1,9
"963","trawler","individual_risk","low",47556,0.47556,9
"964","trawler","individual_risk","medium",35224,0.35224,9
"965","trawler","individual_risk","high",17220,0.1722,9
"966","trawler","societal_importance","high",100000,1,9
"967","trawler","societal_risk","low",47556,0.47556,9
"968","trawler","societal_risk","medium",35224,0.35224,9
"969","trawler","societal_risk","high",17220,0.1722,9
"970","trawler","strategy_to_change","cope",52429,0.52429,9
"971","trawler","strategy_to_change","react",47571,0.47571,9
"972","trawler","substitution_capacity","yes",100000,1,9
"973","guide","economic_buffers","low",97982,0.97982,9
"974","guide","economic_buffers","medium",2018,0.02018,9
"975","guide","economic_risk","low",29531,0.29531,9
"976","guide","economic_risk","medium",2088,0.02088,9
"977","guide","economic_risk","high",68381,0.68381,9
"978","guide","go_fishing","no",64589,0.64589,9
"979","guide","go_fishing","yes",35411,0.35411,9
"980","guide","individual_importance","high",100000,1,9
"981","guide","individual_risk","low",13731,0.13731,9
"982","guide","individual_risk","medium",14705,0.14705,9
"983","guide","individual_risk","high",71564,0.71564,9
"984","guide","societal_importance","medium",75854,0.75854,9
"985","guide","societal_importance","high",24146,0.24146,9
"986","guide","societal_risk","low",13731,0.13731,9
"987","guide","societal_risk","medium",68941,0.68941,9
"988","guide","societal_risk","high",17328,0.17328,9
"989","guide","strategy_to_change","cope",78819,0.78819,9
"990","guide","strategy_to_change","react",1474,0.01474,9
"991","guide","strategy_to_change","adapt",19707,0.19707,9
"992","guide","substitution_capacity","no",100000,1,9
"993","recreational","economic_buffers","low",100000,1,10
"994","recreational","economic_risk","low",61404,0.61404,10
"995","recreational","economic_risk","medium",6020,0.0602,10
"996","recreational","economic_risk","high",18340,0.1834,10
"997","recreational","economic_risk","not_relevant",14236,0.14236,10
"998","recreational","go_fishing","no",39340,0.3934,10
"999","recreational","go_fishing","yes",60660,0.6066,10
"1000","recreational","individual_importance","medium",73233,0.73233,10
"1001","recreational","individual_importance","high",26767,0.26767,10
"1002","recreational","individual_risk","low",31513,0.31513,10
"1003","recreational","individual_risk","medium",53562,0.53562,10
"1004","recreational","individual_risk","high",689,0.00689,10
"1005","recreational","individual_risk","not_relevant",14236,0.14236,10
"1006","recreational","societal_importance","medium",66523,0.66523,10
"1007","recreational","societal_importance","high",33477,0.33477,10
"1008","recreational","societal_risk","low",31513,0.31513,10
"1009","recreational","societal_risk","medium",53374,0.53374,10
"1010","recreational","societal_risk","high",877,0.00877,10
"1011","recreational","societal_risk","not_relevant",14236,0.14236,10
"1012","recreational","strategy_to_change","not_relevant",14236,0.14236,10
"1013","recreational","strategy_to_change","cope",46517,0.46517,10
"1014","recreational","strategy_to_change","react",10204,0.10204,10
"1015","recreational","strategy_to_change","adapt",29043,0.29043,10
"1016","recreational","substitution_capacity","yes",100000,1,10
"1017","small_scale","economic_buffers","low",93574,0.93574,10
"1018","small_scale","economic_buffers","medium",6426,0.06426,10
"1019","small_scale","economic_risk","low",41518,0.41518,10
"1020","small_scale","economic_risk","medium",24719,0.24719,10
"1021","small_scale","economic_risk","high",19504,0.19504,10
"1022","small_scale","economic_risk","not_relevant",14259,0.14259,10
"1023","small_scale","go_fishing","no",45236,0.45236,10
"1024","small_scale","go_fishing","yes",54764,0.54764,10
"1025","small_scale","individual_importance","medium",2419,0.02419,10
"1026","small_scale","individual_importance","high",97581,0.97581,10
"1027","small_scale","individual_risk","low",28864,0.28864,10
"1028","small_scale","individual_risk","medium",31614,0.31614,10
"1029","small_scale","individual_risk","high",25263,0.25263,10
"1030","small_scale","individual_risk","not_relevant",14259,0.14259,10
"1031","small_scale","societal_importance","high",100000,1,10
"1032","small_scale","societal_risk","low",28864,0.28864,10
"1033","small_scale","societal_risk","medium",30944,0.30944,10
"1034","small_scale","societal_risk","high",25933,0.25933,10
"1035","small_scale","societal_risk","not_relevant",14259,0.14259,10
"1036","small_scale","strategy_to_change","not_relevant",14259,0.14259,10
"1037","small_scale","strategy_to_change","cope",60260,0.6026,10
"1038","small_scale","strategy_to_change","react",25093,0.25093,10
"1039","small_scale","strategy_to_change","adapt",388,0.00388,10
"1040","small_scale","substitution_capacity","no",60165,0.60165,10
"1041","small_scale","substitution_capacity","yes",39835,0.39835,10
"1042","household","economic_buffers","low",100000,1,10
"1043","household","economic_risk","low",71055,0.71055,10
"1044","household","economic_risk","medium",5051,0.05051,10
"1045","household","economic_risk","high",9617,0.09617,10
"1046","household","economic_risk","not_relevant",14277,0.14277,10
"1047","household","go_fishing","no",61561,0.61561,10
"1048","household","go_fishing","yes",38439,0.38439,10
"1049","household","individual_importance","medium",42043,0.42043,10
"1050","household","individual_importance","high",57957,0.57957,10
"1051","household","individual_risk","low",22463,0.22463,10
"1052","household","individual_risk","medium",62890,0.6289,10
"1053","household","individual_risk","high",370,0.0037,10
"1054","household","individual_risk","not_relevant",14277,0.14277,10
"1055","household","societal_importance","medium",79893,0.79893,10
"1056","household","societal_importance","high",20107,0.20107,10
"1057","household","societal_risk","low",22463,0.22463,10
"1058","household","societal_risk","medium",63128,0.63128,10
"1059","household","societal_risk","high",132,0.00132,10
"1060","household","societal_risk","not_relevant",14277,0.14277,10
"1061","household","strategy_to_change","not_relevant",14277,0.14277,10
"1062","household","strategy_to_change","cope",68565,0.68565,10
"1063","household","strategy_to_change","react",17158,0.17158,10
"1064","household","substitution_capacity","yes",100000,1,10
"1065","trawler","economic_buffers","medium",43208,0.43208,10
"1066","trawler","economic_buffers","high",56792,0.56792,10
"1067","trawler","economic_risk","low",86879,0.86879,10
"1068","trawler","economic_risk","medium",7665,0.07665,10
"1069","trawler","economic_risk","high",5456,0.05456,10
"1070","trawler","go_fishing","no",6880,0.0688,10
"1071","trawler","go_fishing","yes",93120,0.9312,10
"1072","trawler","individual_importance","high",100000,1,10
"1073","trawler","individual_risk","low",47074,0.47074,10
"1074","trawler","individual_risk","medium",35166,0.35166,10
"1075","trawler","individual_risk","high",17760,0.1776,10
"1076","trawler","societal_importance","high",100000,1,10
"1077","trawler","societal_risk","low",47074,0.47074,10
"1078","trawler","societal_risk","medium",35166,0.35166,10
"1079","trawler","societal_risk","high",17760,0.1776,10
"1080","trawler","strategy_to_change","cope",54148,0.54148,10
"1081","trawler","strategy_to_change","react",45852,0.45852,10
"1082","trawler","substitution_capacity","yes",100000,1,10
"1083","guide","economic_buffers","low",95104,0.95104,10
"1084","guide","economic_buffers","medium",4896,0.04896,10
"1085","guide","economic_risk","low",20512,0.20512,10
"1086","guide","economic_risk","medium",5794,0.05794,10
"1087","guide","economic_risk","high",73694,0.73694,10
"1088","guide","go_fishing","no",68401,0.68401,10
"1089","guide","go_fishing","yes",31599,0.31599,10
"1090","guide","individual_importance","high",100000,1,10
"1091","guide","individual_risk","low",11375,0.11375,10
"1092","guide","individual_risk","medium",13262,0.13262,10
"1093","guide","individual_risk","high",75363,0.75363,10
"1094","guide","societal_importance","medium",80138,0.80138,10
"1095","guide","societal_importance","high",19862,0.19862,10
"1096","guide","societal_risk","low",11375,0.11375,10
"1097","guide","societal_risk","medium",73681,0.73681,10
"1098","guide","societal_risk","high",14944,0.14944,10
"1099","guide","strategy_to_change","cope",82948,0.82948,10
"1100","guide","strategy_to_change","react",4642,0.04642,10
"1101","guide","strategy_to_change","adapt",12410,0.1241,10
"1102","guide","substitution_capacity","no",100000,1,10
"1103","recreational","economic_buffers","low",100000,1,11
"1104","recreational","economic_risk","low",60190,0.6019,11
"1105","recreational","economic_risk","medium",7050,0.0705,11
"1106","recreational","economic_risk","high",18665,0.18665,11
"1107","recreational","economic_risk","not_relevant",14095,0.14095,11
"1108","recreational","go_fishing","no",42017,0.42017,11
"1109","recreational","go_fishing","yes",57983,0.57983,11
"1110","recreational","individual_importance","medium",51924,0.51924,11
"1111","recreational","individual_importance","high",48076,0.48076,11
"1112","recreational","individual_risk","low",31366,0.31366,11
"1113","recreational","individual_risk","medium",53771,0.53771,11
"1114","recreational","individual_risk","high",768,0.00768,11
"1115","recreational","individual_risk","not_relevant",14095,0.14095,11
"1116","recreational","societal_importance","medium",36064,0.36064,11
"1117","recreational","societal_importance","high",63936,0.63936,11
"1118","recreational","societal_risk","low",31366,0.31366,11
"1119","recreational","societal_risk","medium",53543,0.53543,11
"1120","recreational","societal_risk","high",996,0.00996,11
"1121","recreational","societal_risk","not_relevant",14095,0.14095,11
"1122","recreational","strategy_to_change","not_relevant",14095,0.14095,11
"1123","recreational","strategy_to_change","cope",49198,0.49198,11
"1124","recreational","strategy_to_change","react",11781,0.11781,11
"1125","recreational","strategy_to_change","adapt",24926,0.24926,11
"1126","recreational","substitution_capacity","yes",100000,1,11
"1127","small_scale","economic_buffers","low",91433,0.91433,11
"1128","small_scale","economic_buffers","medium",8567,0.08567,11
"1129","small_scale","economic_risk","low",53028,0.53028,11
"1130","small_scale","economic_risk","medium",18840,0.1884,11
"1131","small_scale","economic_risk","high",13907,0.13907,11
"1132","small_scale","economic_risk","not_relevant",14225,0.14225,11
"1133","small_scale","go_fishing","no",35417,0.35417,11
"1134","small_scale","go_fishing","yes",64583,0.64583,11
"1135","small_scale","individual_importance","medium",7772,0.07772,11
"1136","small_scale","individual_importance","high",92228,0.92228,11
"1137","small_scale","individual_risk","low",36086,0.36086,11
"1138","small_scale","individual_risk","medium",40593,0.40593,11
"1139","small_scale","individual_risk","high",9096,0.09096,11
"1140","small_scale","individual_risk","not_relevant",14225,0.14225,11
"1141","small_scale","societal_importance","high",100000,1,11
"1142","small_scale","societal_risk","low",36086,0.36086,11
"1143","small_scale","societal_risk","medium",39830,0.3983,11
"1144","small_scale","societal_risk","high",9859,0.09859,11
"1145","small_scale","societal_risk","not_relevant",14225,0.14225,11
"1146","small_scale","strategy_to_change","not_relevant",14225,0.14225,11
"1147","small_scale","strategy_to_change","cope",56351,0.56351,11
"1148","small_scale","strategy_to_change","react",25955,0.25955,11
"1149","small_scale","strategy_to_change","adapt",3469,0.03469,11
"1150","small_scale","substitution_capacity","no",23984,0.23984,11
"1151","small_scale","substitution_capacity","yes",76016,0.76016,11
"1152","household","economic_buffers","low",100000,1,11
"1153","household","economic_risk","low",69582,0.69582,11
"1154","household","economic_risk","medium",5270,0.0527,11
"1155","household","economic_risk","high",10870,0.1087,11
"1156","household","economic_risk","not_relevant",14278,0.14278,11
"1157","household","go_fishing","no",59301,0.59301,11
"1158","household","go_fishing","yes",40699,0.40699,11
"1159","household","individual_importance","medium",53007,0.53007,11
"1160","household","individual_importance","high",46993,0.46993,11
"1161","household","individual_risk","low",25910,0.2591,11
"1162","household","individual_risk","medium",59673,0.59673,11
"1163","household","individual_risk","high",139,0.00139,11
"1164","household","individual_risk","not_relevant",14278,0.14278,11
"1165","household","societal_importance","medium",78020,0.7802,11
"1166","household","societal_importance","high",21980,0.2198,11
"1167","household","societal_risk","low",25910,0.2591,11
"1168","household","societal_risk","medium",59739,0.59739,11
"1169","household","societal_risk","high",73,0.00073,11
"1170","household","societal_risk","not_relevant",14278,0.14278,11
"1171","household","strategy_to_change","not_relevant",14278,0.14278,11
"1172","household","strategy_to_change","cope",66025,0.66025,11
"1173","household","strategy_to_change","react",19697,0.19697,11
"1174","household","substitution_capacity","yes",100000,1,11
"1175","trawler","economic_buffers","medium",46900,0.469,11
"1176","trawler","economic_buffers","high",53100,0.531,11
"1177","trawler","economic_risk","low",87875,0.87875,11
"1178","trawler","economic_risk","medium",6605,0.06605,11
"1179","trawler","economic_risk","high",5520,0.0552,11
"1180","trawler","go_fishing","no",7790,0.0779,11
"1181","trawler","go_fishing","yes",92210,0.9221,11
"1182","trawler","individual_importance","high",100000,1,11
"1183","trawler","individual_risk","low",48179,0.48179,11
"1184","trawler","individual_risk","medium",36647,0.36647,11
"1185","trawler","individual_risk","high",15174,0.15174,11
"1186","trawler","societal_importance","high",100000,1,11
"1187","trawler","societal_risk","low",48179,0.48179,11
"1188","trawler","societal_risk","medium",36647,0.36647,11
"1189","trawler","societal_risk","high",15174,0.15174,11
"1190","trawler","strategy_to_change","cope",51344,0.51344,11
"1191","trawler","strategy_to_change","react",48656,0.48656,11
"1192","trawler","substitution_capacity","yes",100000,1,11
"1193","guide","economic_buffers","low",97984,0.97984,11
"1194","guide","economic_buffers","medium",2016,0.02016,11
"1195","guide","economic_risk","low",28731,0.28731,11
"1196","guide","economic_risk","medium",3078,0.03078,11
"1197","guide","economic_risk","high",68191,0.68191,11
"1198","guide","go_fishing","no",65084,0.65084,11
"1199","guide","go_fishing","yes",34916,0.34916,11
"1200","guide","individual_importance","high",100000,1,11
"1201","guide","individual_risk","low",14852,0.14852,11
"1202","guide","individual_risk","medium",14451,0.14451,11
"1203","guide","individual_risk","high",70697,0.70697,11
"1204","guide","societal_importance","medium",79149,0.79149,11
"1205","guide","societal_importance","high",20851,0.20851,11
"1206","guide","societal_risk","low",14852,0.14852,11
"1207","guide","societal_risk","medium",70449,0.70449,11
"1208","guide","societal_risk","high",14699,0.14699,11
"1209","guide","strategy_to_change","cope",76358,0.76358,11
"1210","guide","strategy_to_change","react",3234,0.03234,11
"1211","guide","strategy_to_change","adapt",20408,0.20408,11
"1212","guide","substitution_capacity","no",100000,1,11
"1213","recreational","economic_buffers","low",100000,1,12
"1214","recreational","economic_risk","low",58701,0.58701,12
"1215","recreational","economic_risk","medium",7841,0.07841,12
"1216","recreational","economic_risk","high",19247,0.19247,12
"1217","recreational","economic_risk","not_relevant",14211,0.14211,12
"1218","recreational","go_fishing","no",41193,0.41193,12
"1219","recreational","go_fishing","yes",58807,0.58807,12
"1220","recreational","individual_importance","medium",38922,0.38922,12
"1221","recreational","individual_importance","high",61078,0.61078,12
"1222","recreational","individual_risk","low",34787,0.34787,12
"1223","recreational","individual_risk","medium",49834,0.49834,12
"1224","recreational","individual_risk","high",1168,0.01168,12
"1225","recreational","individual_risk","not_relevant",14211,0.14211,12
"1226","recreational","societal_importance","medium",58813,0.58813,12
"1227","recreational","societal_importance","high",41187,0.41187,12
"1228","recreational","societal_risk","low",34787,0.34787,12
"1229","recreational","societal_risk","medium",50215,0.50215,12
"1230","recreational","societal_risk","high",787,0.00787,12
"1231","recreational","societal_risk","not_relevant",14211,0.14211,12
"1232","recreational","strategy_to_change","not_relevant",14211,0.14211,12
"1233","recreational","strategy_to_change","cope",48251,0.48251,12
"1234","recreational","strategy_to_change","react",13260,0.1326,12
"1235","recreational","strategy_to_change","adapt",24278,0.24278,12
"1236","recreational","substitution_capacity","yes",100000,1,12
"1237","small_scale","economic_buffers","low",90844,0.90844,12
"1238","small_scale","economic_buffers","medium",9156,0.09156,12
"1239","small_scale","economic_risk","low",53358,0.53358,12
"1240","small_scale","economic_risk","medium",19270,0.1927,12
"1241","small_scale","economic_risk","high",13151,0.13151,12
"1242","small_scale","economic_risk","not_relevant",14221,0.14221,12
"1243","small_scale","go_fishing","no",31393,0.31393,12
"1244","small_scale","go_fishing","yes",68607,0.68607,12
"1245","small_scale","individual_importance","medium",8871,0.08871,12
"1246","small_scale","individual_importance","high",91129,0.91129,12
"1247","small_scale","individual_risk","low",42045,0.42045,12
"1248","small_scale","individual_risk","medium",33088,0.33088,12
"1249","small_scale","individual_risk","high",10646,0.10646,12
"1250","small_scale","individual_risk","not_relevant",14221,0.14221,12
"1251","small_scale","societal_importance","high",100000,1,12
"1252","small_scale","societal_risk","low",42045,0.42045,12
"1253","small_scale","societal_risk","medium",32089,0.32089,12
"1254","small_scale","societal_risk","high",11645,0.11645,12
"1255","small_scale","societal_risk","not_relevant",14221,0.14221,12
"1256","small_scale","strategy_to_change","not_relevant",14221,0.14221,12
"1257","small_scale","strategy_to_change","cope",57925,0.57925,12
"1258","small_scale","strategy_to_change","react",27482,0.27482,12
"1259","small_scale","strategy_to_change","adapt",372,0.00372,12
"1260","small_scale","substitution_capacity","no",34028,0.34028,12
"1261","small_scale","substitution_capacity","yes",65972,0.65972,12
"1262","household","economic_buffers","low",100000,1,12
"1263","household","economic_risk","low",73400,0.734,12
"1264","household","economic_risk","medium",4531,0.04531,12
"1265","household","economic_risk","high",7711,0.07711,12
"1266","household","economic_risk","not_relevant",14358,0.14358,12
"1267","household","go_fishing","no",64897,0.64897,12
"1268","household","go_fishing","yes",35103,0.35103,12
"1269","household","individual_importance","medium",47205,0.47205,12
"1270","household","individual_importance","high",52795,0.52795,12
"1271","household","individual_risk","low",21475,0.21475,12
"1272","household","individual_risk","medium",63817,0.63817,12
"1273","household","individual_risk","high",350,0.0035,12
"1274","household","individual_risk","not_relevant",14358,0.14358,12
"1275","household","societal_importance","medium",78056,0.78056,12
"1276","household","societal_importance","high",21944,0.21944,12
"1277","household","societal_risk","low",21475,0.21475,12
"1278","household","societal_risk","medium",64010,0.6401,12
"1279","household","societal_risk","high",157,0.00157,12
"1280","household","societal_risk","not_relevant",14358,0.14358,12
"1281","household","strategy_to_change","not_relevant",14358,0.14358,12
"1282","household","strategy_to_change","cope",70692,0.70692,12
"1283","household","strategy_to_change","react",14950,0.1495,12
"1284","household","substitution_capacity","yes",100000,1,12
"1285","trawler","economic_buffers","medium",49093,0.49093,12
"1286","trawler","economic_buffers","high",50907,0.50907,12
"1287","trawler","economic_risk","low",87819,0.87819,12
"1288","trawler","economic_risk","medium",6279,0.06279,12
"1289","trawler","economic_risk","high",5902,0.05902,12
"1290","trawler","go_fishing","no",4849,0.04849,12
"1291","trawler","go_fishing","yes",95151,0.95151,12
"1292","trawler","individual_importance","high",100000,1,12
"1293","trawler","individual_risk","low",50500,0.505,12
"1294","trawler","individual_risk","medium",30619,0.30619,12
"1295","trawler","individual_risk","high",18881,0.18881,12
"1296","trawler","societal_importance","high",100000,1,12
"1297","trawler","societal_risk","low",50500,0.505,12
"1298","trawler","societal_risk","medium",30619,0.30619,12
"1299","trawler","societal_risk","high",18881,0.18881,12
"1300","trawler","strategy_to_change","cope",50788,0.50788,12
"1301","trawler","strategy_to_change","react",49212,0.49212,12
"1302","trawler","substitution_capacity","yes",100000,1,12
"1303","guide","economic_buffers","low",94041,0.94041,12
"1304","guide","economic_buffers","medium",5959,0.05959,12
"1305","guide","economic_risk","low",19649,0.19649,12
"1306","guide","economic_risk","medium",7702,0.07702,12
"1307","guide","economic_risk","high",72649,0.72649,12
"1308","guide","go_fishing","no",67380,0.6738,12
"1309","guide","go_fishing","yes",32620,0.3262,12
"1310","guide","individual_importance","high",100000,1,12
"1311","guide","individual_risk","low",15460,0.1546,12
"1312","guide","individual_risk","medium",11409,0.11409,12
"1313","guide","individual_risk","high",73131,0.73131,12
"1314","guide","societal_importance","medium",77156,0.77156,12
"1315","guide","societal_importance","high",22844,0.22844,12
"1316","guide","societal_risk","low",15460,0.1546,12
"1317","guide","societal_risk","medium",67660,0.6766,12
"1318","guide","societal_risk","high",16880,0.1688,12
"1319","guide","strategy_to_change","cope",79663,0.79663,12
"1320","guide","strategy_to_change","react",7188,0.07188,12
"1321","guide","strategy_to_change","adapt",13149,0.13149,12
"1322","guide","substitution_capacity","no",100000,1,12
"1323","recreational","economic_buffers","low",100000,1,13
"1324","recreational","economic_risk","low",83444,0.83444,13
"1325","recreational","economic_risk","medium",1469,0.01469,13
"1326","recreational","economic_risk","high",964,0.00964,13
"1327","recreational","economic_risk","not_relevant",14123,0.14123,13
"1328","recreational","go_fishing","no",58918,0.58918,13
"1329","recreational","go_fishing","yes",41082,0.41082,13
"1330","recreational","individual_importance","medium",46857,0.46857,13
"1331","recreational","individual_importance","high",53143,0.53143,13
"1332","recreational","individual_risk","low",21061,0.21061,13
"1333","recreational","individual_risk","medium",64412,0.64412,13
"1334","recreational","individual_risk","high",404,0.00404,13
"1335","recreational","individual_risk","not_relevant",14123,0.14123,13
"1336","recreational","societal_importance","medium",71688,0.71688,13
"1337","recreational","societal_importance","high",28312,0.28312,13
"1338","recreational","societal_risk","low",21061,0.21061,13
"1339","recreational","societal_risk","medium",64599,0.64599,13
"1340","recreational","societal_risk","high",217,0.00217,13
"1341","recreational","societal_risk","not_relevant",14123,0.14123,13
"1342","recreational","strategy_to_change","not_relevant",14123,0.14123,13
"1343","recreational","strategy_to_change","cope",51896,0.51896,13
"1344","recreational","strategy_to_change","react",2492,0.02492,13
"1345","recreational","strategy_to_change","adapt",31489,0.31489,13
"1346","recreational","substitution_capacity","yes",100000,1,13
"1347","small_scale","economic_buffers","low",92083,0.92083,13
"1348","small_scale","economic_buffers","medium",7917,0.07917,13
"1349","small_scale","economic_risk","low",38762,0.38762,13
"1350","small_scale","economic_risk","medium",26331,0.26331,13
"1351","small_scale","economic_risk","high",20563,0.20563,13
"1352","small_scale","economic_risk","not_relevant",14344,0.14344,13
"1353","small_scale","go_fishing","no",39416,0.39416,13
"1354","small_scale","go_fishing","yes",60584,0.60584,13
"1355","small_scale","individual_importance","medium",15161,0.15161,13
"1356","small_scale","individual_importance","high",84839,0.84839,13
"1357","small_scale","individual_risk","low",31421,0.31421,13
"1358","small_scale","individual_risk","medium",31750,0.3175,13
"1359","small_scale","individual_risk","high",22485,0.22485,13
"1360","small_scale","individual_risk","not_relevant",14344,0.14344,13
"1361","small_scale","societal_importance","high",100000,1,13
"1362","small_scale","societal_risk","low",31421,0.31421,13
"1363","small_scale","societal_risk","medium",27711,0.27711,13
"1364","small_scale","societal_risk","high",26524,0.26524,13
"1365","small_scale","societal_risk","not_relevant",14344,0.14344,13
"1366","small_scale","strategy_to_change","not_relevant",14344,0.14344,13
"1367","small_scale","strategy_to_change","cope",59362,0.59362,13
"1368","small_scale","strategy_to_change","react",25767,0.25767,13
"1369","small_scale","strategy_to_change","adapt",527,0.00527,13
"1370","small_scale","substitution_capacity","no",73749,0.73749,13
"1371","small_scale","substitution_capacity","yes",26251,0.26251,13
"1372","household","economic_buffers","low",100000,1,13
"1373","household","economic_risk","low",68596,0.68596,13
"1374","household","economic_risk","medium",5443,0.05443,13
"1375","household","economic_risk","high",11854,0.11854,13
"1376","household","economic_risk","not_relevant",14107,0.14107,13
"1377","household","go_fishing","no",59563,0.59563,13
"1378","household","go_fishing","yes",40437,0.40437,13
"1379","household","individual_importance","medium",48933,0.48933,13
"1380","household","individual_importance","high",51067,0.51067,13
"1381","household","individual_risk","low",24617,0.24617,13
"1382","household","individual_risk","medium",61038,0.61038,13
"1383","household","individual_risk","high",238,0.00238,13
"1384","household","individual_risk","not_relevant",14107,0.14107,13
"1385","household","societal_importance","medium",80943,0.80943,13
"1386","household","societal_importance","high",19057,0.19057,13
"1387","household","societal_risk","low",24617,0.24617,13
"1388","household","societal_risk","medium",61188,0.61188,13
"1389","household","societal_risk","high",88,0.00088,13
"1390","household","societal_risk","not_relevant",14107,0.14107,13
"1391","household","strategy_to_change","not_relevant",14107,0.14107,13
"1392","household","strategy_to_change","cope",65623,0.65623,13
"1393","household","strategy_to_change","react",20270,0.2027,13
"1394","household","substitution_capacity","yes",100000,1,13
"1395","trawler","economic_buffers","medium",43987,0.43987,13
"1396","trawler","economic_buffers","high",56013,0.56013,13
"1397","trawler","economic_risk","low",92373,0.92373,13
"1398","trawler","economic_risk","medium",4327,0.04327,13
"1399","trawler","economic_risk","high",3300,0.033,13
"1400","trawler","go_fishing","no",12411,0.12411,13
"1401","trawler","go_fishing","yes",87589,0.87589,13
"1402","trawler","individual_importance","high",100000,1,13
"1403","trawler","individual_risk","low",44051,0.44051,13
"1404","trawler","individual_risk","medium",42878,0.42878,13
"1405","trawler","individual_risk","high",13071,0.13071,13
"1406","trawler","societal_importance","high",100000,1,13
"1407","trawler","societal_risk","low",44051,0.44051,13
"1408","trawler","societal_risk","medium",42878,0.42878,13
"1409","trawler","societal_risk","high",13071,0.13071,13
"1410","trawler","strategy_to_change","cope",58249,0.58249,13
"1411","trawler","strategy_to_change","react",41751,0.41751,13
"1412","trawler","substitution_capacity","yes",100000,1,13
"1413","guide","economic_buffers","low",91968,0.91968,13
"1414","guide","economic_buffers","medium",8032,0.08032,13
"1415","guide","economic_risk","low",24235,0.24235,13
"1416","guide","economic_risk","medium",7269,0.07269,13
"1417","guide","economic_risk","high",68496,0.68496,13
"1418","guide","go_fishing","no",64608,0.64608,13
"1419","guide","go_fishing","yes",35392,0.35392,13
"1420","guide","individual_importance","high",100000,1,13
"1421","guide","individual_risk","low",15361,0.15361,13
"1422","guide","individual_risk","medium",15243,0.15243,13
"1423","guide","individual_risk","high",69396,0.69396,13
"1424","guide","societal_importance","medium",80007,0.80007,13
"1425","guide","societal_importance","high",19993,0.19993,13
"1426","guide","societal_risk","low",15361,0.15361,13
"1427","guide","societal_risk","medium",70741,0.70741,13
"1428","guide","societal_risk","high",13898,0.13898,13
"1429","guide","strategy_to_change","cope",78331,0.78331,13
"1430","guide","strategy_to_change","react",4134,0.04134,13
"1431","guide","strategy_to_change","adapt",17535,0.17535,13
"1432","guide","substitution_capacity","no",100000,1,13
"1433","recreational","economic_buffers","low",100000,1,14
"1434","recreational","economic_risk","low",65570,0.6557,14
"1435","recreational","economic_risk","medium",5721,0.05721,14
"1436","recreational","economic_risk","high",14389,0.14389,14
"1437","recreational","economic_risk","not_relevant",14320,0.1432,14
"1438","recreational","go_fishing","no",42775,0.42775,14
"1439","recreational","go_fishing","yes",57225,0.57225,14
"1440","recreational","individual_importance","medium",44876,0.44876,14
"1441","recreational","individual_importance","high",55124,0.55124,14
"1442","recreational","individual_risk","low",30769,0.30769,14
"1443","recreational","individual_risk","medium",34502,0.34502,14
"1444","recreational","individual_risk","high",20409,0.20409,14
"1445","recreational","individual_risk","not_relevant",14320,0.1432,14
"1446","recreational","societal_importance","medium",69181,0.69181,14
"1447","recreational","societal_importance","high",30819,0.30819,14
"1448","recreational","societal_risk","low",30769,0.30769,14
"1449","recreational","societal_risk","medium",43572,0.43572,14
"1450","recreational","societal_risk","high",11339,0.11339,14
"1451","recreational","societal_risk","not_relevant",14320,0.1432,14
"1452","recreational","strategy_to_change","not_relevant",14320,0.1432,14
"1453","recreational","strategy_to_change","cope",46430,0.4643,14
"1454","recreational","strategy_to_change","react",9693,0.09693,14
"1455","recreational","strategy_to_change","adapt",29557,0.29557,14
"1456","recreational","substitution_capacity","no",100000,1,14
"1457","small_scale","economic_buffers","low",95493,0.95493,14
"1458","small_scale","economic_buffers","medium",4507,0.04507,14
"1459","small_scale","economic_risk","low",51777,0.51777,14
"1460","small_scale","economic_risk","medium",19638,0.19638,14
"1461","small_scale","economic_risk","high",14202,0.14202,14
"1462","small_scale","economic_risk","not_relevant",14383,0.14383,14
"1463","small_scale","go_fishing","no",39994,0.39994,14
"1464","small_scale","go_fishing","yes",60006,0.60006,14
"1465","small_scale","individual_importance","medium",2934,0.02934,14
"1466","small_scale","individual_importance","high",97066,0.97066,14
"1467","small_scale","individual_risk","low",35423,0.35423,14
"1468","small_scale","individual_risk","medium",35578,0.35578,14
"1469","small_scale","individual_risk","high",14616,0.14616,14
"1470","small_scale","individual_risk","not_relevant",14383,0.14383,14
"1471","small_scale","societal_importance","high",100000,1,14
"1472","small_scale","societal_risk","low",35423,0.35423,14
"1473","small_scale","societal_risk","medium",35141,0.35141,14
"1474","small_scale","societal_risk","high",15053,0.15053,14
"1475","small_scale","societal_risk","not_relevant",14383,0.14383,14
"1476","small_scale","strategy_to_change","not_relevant",14383,0.14383,14
"1477","small_scale","strategy_to_change","cope",57995,0.57995,14
"1478","small_scale","strategy_to_change","react",25305,0.25305,14
"1479","small_scale","strategy_to_change","adapt",2317,0.02317,14
"1480","small_scale","substitution_capacity","no",39656,0.39656,14
"1481","small_scale","substitution_capacity","yes",60344,0.60344,14
"1482","household","economic_buffers","low",100000,1,14
"1483","household","economic_risk","low",72778,0.72778,14
"1484","household","economic_risk","medium",4544,0.04544,14
"1485","household","economic_risk","high",8276,0.08276,14
"1486","household","economic_risk","not_relevant",14402,0.14402,14
"1487","household","go_fishing","no",64538,0.64538,14
"1488","household","go_fishing","yes",35462,0.35462,14
"1489","household","individual_importance","medium",45813,0.45813,14
"1490","household","individual_importance","high",54187,0.54187,14
"1491","household","individual_risk","low",21717,0.21717,14
"1492","household","individual_risk","medium",63677,0.63677,14
"1493","household","individual_risk","high",204,0.00204,14
"1494","household","individual_risk","not_relevant",14402,0.14402,14
"1495","household","societal_importance","medium",73121,0.73121,14
"1496","household","societal_importance","high",26879,0.26879,14
"1497","household","societal_risk","low",21717,0.21717,14
"1498","household","societal_risk","medium",63778,0.63778,14
"1499","household","societal_risk","high",103,0.00103,14
"1500","household","societal_risk","not_relevant",14402,0.14402,14
"1501","household","strategy_to_change","not_relevant",14402,0.14402,14
"1502","household","strategy_to_change","cope",69082,0.69082,14
"1503","household","strategy_to_change","react",16516,0.16516,14
"1504","household","substitution_capacity","yes",100000,1,14
"1505","trawler","economic_buffers","medium",45876,0.45876,14
"1506","trawler","economic_buffers","high",54124,0.54124,14
"1507","trawler","economic_risk","low",87361,0.87361,14
"1508","trawler","economic_risk","medium",6917,0.06917,14
"1509","trawler","economic_risk","high",5722,0.05722,14
"1510","trawler","go_fishing","no",6344,0.06344,14
"1511","trawler","go_fishing","yes",93656,0.93656,14
"1512","trawler","individual_importance","high",100000,1,14
"1513","trawler","individual_risk","low",48464,0.48464,14
"1514","trawler","individual_risk","medium",34320,0.3432,14
"1515","trawler","individual_risk","high",17216,0.17216,14
"1516","trawler","societal_importance","high",100000,1,14
"1517","trawler","societal_risk","low",48464,0.48464,14
"1518","trawler","societal_risk","medium",34320,0.3432,14
"1519","trawler","societal_risk","high",17216,0.17216,14
"1520","trawler","strategy_to_change","cope",49717,0.49717,14
"1521","trawler","strategy_to_change","react",50283,0.50283,14
"1522","trawler","substitution_capacity","yes",100000,1,14
"1523","guide","economic_buffers","low",95979,0.95979,14
"1524","guide","economic_buffers","medium",4021,0.04021,14
"1525","guide","economic_risk","low",22736,0.22736,14
"1526","guide","economic_risk","medium",4300,0.043,14
"1527","guide","economic_risk","high",72964,0.72964,14
"1528","guide","go_fishing","no",69467,0.69467,14
"1529","guide","go_fishing","yes",30533,0.30533,14
"1530","guide","individual_importance","high",100000,1,14
"1531","guide","individual_risk","low",10627,0.10627,14
"1532","guide","individual_risk","medium",12982,0.12982,14
"1533","guide","individual_risk","high",76391,0.76391,14
"1534","guide","societal_importance","medium",78899,0.78899,14
"1535","guide","societal_importance","high",21101,0.21101,14
"1536","guide","societal_risk","low",10627,0.10627,14
"1537","guide","societal_risk","medium",73210,0.7321,14
"1538","guide","societal_risk","high",16163,0.16163,14
"1539","guide","strategy_to_change","cope",85496,0.85496,14
"1540","guide","strategy_to_change","react",2957,0.02957,14
"1541","guide","strategy_to_change","adapt",11547,0.11547,14
"1542","guide","substitution_capacity","no",100000,1,14
"1543","recreational","economic_buffers","low",100000,1,15
"1544","recreational","economic_risk","low",73924,0.73924,15
"1545","recreational","economic_risk","medium",6927,0.06927,15
"1546","recreational","economic_risk","high",4690,0.0469,15
"1547","recreational","economic_risk","not_relevant",14459,0.14459,15
"1548","recreational","go_fishing","no",50695,0.50695,15
"1549","recreational","go_fishing","yes",49305,0.49305,15
"1550","recreational","individual_importance","medium",45030,0.4503,15
"1551","recreational","individual_importance","high",54970,0.5497,15
"1552","recreational","individual_risk","low",22884,0.22884,15
"1553","recreational","individual_risk","medium",38101,0.38101,15
"1554","recreational","individual_risk","high",24556,0.24556,15
"1555","recreational","individual_risk","not_relevant",14459,0.14459,15
"1556","recreational","societal_importance","medium",43647,0.43647,15
"1557","recreational","societal_importance","high",56353,0.56353,15
"1558","recreational","societal_risk","low",22884,0.22884,15
"1559","recreational","societal_risk","medium",37404,0.37404,15
"1560","recreational","societal_risk","high",25253,0.25253,15
"1561","recreational","societal_risk","not_relevant",14459,0.14459,15
"1562","recreational","strategy_to_change","not_relevant",14459,0.14459,15
"1563","recreational","strategy_to_change","cope",43540,0.4354,15
"1564","recreational","strategy_to_change","react",11728,0.11728,15
"1565","recreational","strategy_to_change","adapt",30273,0.30273,15
"1566","recreational","substitution_capacity","no",100000,1,15
"1567","small_scale","economic_buffers","low",9359,0.09359,15
"1568","small_scale","economic_buffers","medium",90641,0.90641,15
"1569","small_scale","economic_risk","low",64336,0.64336,15
"1570","small_scale","economic_risk","medium",11100,0.111,15
"1571","small_scale","economic_risk","high",10235,0.10235,15
"1572","small_scale","economic_risk","not_relevant",14329,0.14329,15
"1573","small_scale","go_fishing","no",36917,0.36917,15
"1574","small_scale","go_fishing","yes",63083,0.63083,15
"1575","small_scale","individual_importance","medium",8581,0.08581,15
"1576","small_scale","individual_importance","high",91419,0.91419,15
"1577","small_scale","individual_risk","low",36169,0.36169,15
"1578","small_scale","individual_risk","medium",30901,0.30901,15
"1579","small_scale","individual_risk","high",18601,0.18601,15
"1580","small_scale","individual_risk","not_relevant",14329,0.14329,15
"1581","small_scale","societal_importance","high",100000,1,15
"1582","small_scale","societal_risk","low",36169,0.36169,15
"1583","small_scale","societal_risk","medium",29254,0.29254,15
"1584","small_scale","societal_risk","high",20248,0.20248,15
"1585","small_scale","societal_risk","not_relevant",14329,0.14329,15
"1586","small_scale","strategy_to_change","not_relevant",14329,0.14329,15
"1587","small_scale","strategy_to_change","cope",55942,0.55942,15
"1588","small_scale","strategy_to_change","react",29669,0.29669,15
"1589","small_scale","strategy_to_change","adapt",60,6e-04,15
"1590","small_scale","substitution_capacity","no",60121,0.60121,15
"1591","small_scale","substitution_capacity","yes",39879,0.39879,15
"1592","household","economic_buffers","low",100000,1,15
"1593","household","economic_risk","low",70099,0.70099,15
"1594","household","economic_risk","medium",5665,0.05665,15
"1595","household","economic_risk","high",9952,0.09952,15
"1596","household","economic_risk","not_relevant",14284,0.14284,15
"1597","household","go_fishing","no",62832,0.62832,15
"1598","household","go_fishing","yes",37168,0.37168,15
"1599","household","individual_importance","medium",51963,0.51963,15
"1600","household","individual_importance","high",48037,0.48037,15
"1601","household","individual_risk","low",23380,0.2338,15
"1602","household","individual_risk","medium",62228,0.62228,15
"1603","household","individual_risk","high",108,0.00108,15
"1604","household","individual_risk","not_relevant",14284,0.14284,15
"1605","household","societal_importance","medium",77892,0.77892,15
"1606","household","societal_importance","high",22108,0.22108,15
"1607","household","societal_risk","low",23380,0.2338,15
"1608","household","societal_risk","medium",62293,0.62293,15
"1609","household","societal_risk","high",43,0.00043,15
"1610","household","societal_risk","not_relevant",14284,0.14284,15
"1611","household","strategy_to_change","not_relevant",14284,0.14284,15
"1612","household","strategy_to_change","cope",67771,0.67771,15
"1613","household","strategy_to_change","react",17945,0.17945,15
"1614","household","substitution_capacity","yes",100000,1,15
"1615","trawler","economic_buffers","medium",50036,0.50036,15
"1616","trawler","economic_buffers","high",49964,0.49964,15
"1617","trawler","economic_risk","low",88521,0.88521,15
"1618","trawler","economic_risk","medium",5893,0.05893,15
"1619","trawler","economic_risk","high",5586,0.05586,15
"1620","trawler","go_fishing","no",11615,0.11615,15
"1621","trawler","go_fishing","yes",88385,0.88385,15
"1622","trawler","individual_importance","high",100000,1,15
"1623","trawler","individual_risk","low",47203,0.47203,15
"1624","trawler","individual_risk","medium",38277,0.38277,15
"1625","trawler","individual_risk","high",14520,0.1452,15
"1626","trawler","societal_importance","high",100000,1,15
"1627","trawler","societal_risk","low",47203,0.47203,15
"1628","trawler","societal_risk","medium",38277,0.38277,15
"1629","trawler","societal_risk","high",14520,0.1452,15
"1630","trawler","strategy_to_change","cope",52590,0.5259,15
"1631","trawler","strategy_to_change","react",47410,0.4741,15
"1632","trawler","substitution_capacity","yes",100000,1,15
"1633","guide","economic_buffers","low",91155,0.91155,15
"1634","guide","economic_buffers","medium",8845,0.08845,15
"1635","guide","economic_risk","low",20291,0.20291,15
"1636","guide","economic_risk","medium",9443,0.09443,15
"1637","guide","economic_risk","high",70266,0.70266,15
"1638","guide","go_fishing","no",68686,0.68686,15
"1639","guide","go_fishing","yes",31314,0.31314,15
"1640","guide","individual_importance","high",100000,1,15
"1641","guide","individual_risk","low",13530,0.1353,15
"1642","guide","individual_risk","medium",13245,0.13245,15
"1643","guide","individual_risk","high",73225,0.73225,15
"1644","guide","societal_importance","medium",75897,0.75897,15
"1645","guide","societal_importance","high",24103,0.24103,15
"1646","guide","societal_risk","low",13530,0.1353,15
"1647","guide","societal_risk","medium",68883,0.68883,15
"1648","guide","societal_risk","high",17587,0.17587,15
"1649","guide","strategy_to_change","cope",77296,0.77296,15
"1650","guide","strategy_to_change","react",6655,0.06655,15
"1651","guide","strategy_to_change","adapt",16049,0.16049,15
"1652","guide","substitution_capacity","no",100000,1,15
"1653","recreational","economic_buffers","low",100000,1,16
"1654","recreational","economic_risk","low",62914,0.62914,16
"1655","recreational","economic_risk","medium",4609,0.04609,16
"1656","recreational","economic_risk","high",18193,0.18193,16
"1657","recreational","economic_risk","not_relevant",14284,0.14284,16
"1658","recreational","go_fishing","no",34742,0.34742,16
"1659","recreational","go_fishing","yes",65258,0.65258,16
"1660","recreational","individual_importance","medium",45196,0.45196,16
"1661","recreational","individual_importance","high",54804,0.54804,16
"1662","recreational","individual_risk","low",32616,0.32616,16
"1663","recreational","individual_risk","medium",35999,0.35999,16
"1664","recreational","individual_risk","high",17101,0.17101,16
"1665","recreational","individual_risk","not_relevant",14284,0.14284,16
"1666","recreational","societal_importance","medium",65964,0.65964,16
"1667","recreational","societal_importance","high",34036,0.34036,16
"1668","recreational","societal_risk","low",32616,0.32616,16
"1669","recreational","societal_risk","medium",42440,0.4244,16
"1670","recreational","societal_risk","high",10660,0.1066,16
"1671","recreational","societal_risk","not_relevant",14284,0.14284,16
"1672","recreational","strategy_to_change","not_relevant",14284,0.14284,16
"1673","recreational","strategy_to_change","cope",48933,0.48933,16
"1674","recreational","strategy_to_change","react",7841,0.07841,16
"1675","recreational","strategy_to_change","adapt",28942,0.28942,16
"1676","recreational","substitution_capacity","no",100000,1,16
"1677","small_scale","economic_buffers","low",95554,0.95554,16
"1678","small_scale","economic_buffers","medium",4446,0.04446,16
"1679","small_scale","economic_risk","low",43980,0.4398,16
"1680","small_scale","economic_risk","medium",24087,0.24087,16
"1681","small_scale","economic_risk","high",17717,0.17717,16
"1682","small_scale","economic_risk","not_relevant",14216,0.14216,16
"1683","small_scale","go_fishing","no",32681,0.32681,16
"1684","small_scale","go_fishing","yes",67319,0.67319,16
"1685","small_scale","individual_importance","medium",5749,0.05749,16
"1686","small_scale","individual_importance","high",94251,0.94251,16
"1687","small_scale","individual_risk","low",36062,0.36062,16
"1688","small_scale","individual_risk","medium",30624,0.30624,16
"1689","small_scale","individual_risk","high",19098,0.19098,16
"1690","small_scale","individual_risk","not_relevant",14216,0.14216,16
"1691","small_scale","societal_importance","high",100000,1,16
"1692","small_scale","societal_risk","low",36062,0.36062,16
"1693","small_scale","societal_risk","medium",29430,0.2943,16
"1694","small_scale","societal_risk","high",20292,0.20292,16
"1695","small_scale","societal_risk","not_relevant",14216,0.14216,16
"1696","small_scale","strategy_to_change","not_relevant",14216,0.14216,16
"1697","small_scale","strategy_to_change","cope",59537,0.59537,16
"1698","small_scale","strategy_to_change","react",25502,0.25502,16
"1699","small_scale","strategy_to_change","adapt",745,0.00745,16
"1700","small_scale","substitution_capacity","no",64884,0.64884,16
"1701","small_scale","substitution_capacity","yes",35116,0.35116,16
"1702","household","economic_buffers","low",100000,1,16
"1703","household","economic_risk","low",68418,0.68418,16
"1704","household","economic_risk","medium",5886,0.05886,16
"1705","household","economic_risk","high",11577,0.11577,16
"1706","household","economic_risk","not_relevant",14119,0.14119,16
"1707","household","go_fishing","no",60403,0.60403,16
"1708","household","go_fishing","yes",39597,0.39597,16
"1709","household","individual_importance","medium",46786,0.46786,16
"1710","household","individual_importance","high",53214,0.53214,16
"1711","household","individual_risk","low",24511,0.24511,16
"1712","household","individual_risk","medium",61091,0.61091,16
"1713","household","individual_risk","high",279,0.00279,16
"1714","household","individual_risk","not_relevant",14119,0.14119,16
"1715","household","societal_importance","medium",77931,0.77931,16
"1716","household","societal_importance","high",22069,0.22069,16
"1717","household","societal_risk","low",24511,0.24511,16
"1718","household","societal_risk","medium",61249,0.61249,16
"1719","household","societal_risk","high",121,0.00121,16
"1720","household","societal_risk","not_relevant",14119,0.14119,16
"1721","household","strategy_to_change","not_relevant",14119,0.14119,16
"1722","household","strategy_to_change","cope",65135,0.65135,16
"1723","household","strategy_to_change","react",20746,0.20746,16
"1724","household","substitution_capacity","yes",100000,1,16
"1725","trawler","economic_buffers","medium",41203,0.41203,16
"1726","trawler","economic_buffers","high",58797,0.58797,16
"1727","trawler","economic_risk","low",89871,0.89871,16
"1728","trawler","economic_risk","medium",5983,0.05983,16
"1729","trawler","economic_risk","high",4146,0.04146,16
"1730","trawler","go_fishing","no",11962,0.11962,16
"1731","trawler","go_fishing","yes",88038,0.88038,16
"1732","trawler","individual_importance","high",100000,1,16
"1733","trawler","individual_risk","low",39535,0.39535,16
"1734","trawler","individual_risk","medium",43132,0.43132,16
"1735","trawler","individual_risk","high",17333,0.17333,16
"1736","trawler","societal_importance","high",100000,1,16
"1737","trawler","societal_risk","low",39535,0.39535,16
"1738","trawler","societal_risk","medium",43132,0.43132,16
"1739","trawler","societal_risk","high",17333,0.17333,16
"1740","trawler","strategy_to_change","cope",57894,0.57894,16
"1741","trawler","strategy_to_change","react",42106,0.42106,16
"1742","trawler","substitution_capacity","yes",100000,1,16
"1743","guide","economic_buffers","low",99000,0.99,16
"1744","guide","economic_buffers","medium",1000,0.01,16
"1745","guide","economic_risk","low",25801,0.25801,16
"1746","guide","economic_risk","medium",3214,0.03214,16
"1747","guide","economic_risk","high",70985,0.70985,16
"1748","guide","go_fishing","no",68276,0.68276,16
"1749","guide","go_fishing","yes",31724,0.31724,16
"1750","guide","individual_importance","high",100000,1,16
"1751","guide","individual_risk","low",12062,0.12062,16
"1752","guide","individual_risk","medium",12774,0.12774,16
"1753","guide","individual_risk","high",75164,0.75164,16
"1754","guide","societal_importance","medium",78818,0.78818,16
"1755","guide","societal_importance","high",21182,0.21182,16
"1756","guide","societal_risk","low",12062,0.12062,16
"1757","guide","societal_risk","medium",72146,0.72146,16
"1758","guide","societal_risk","high",15792,0.15792,16
"1759","guide","strategy_to_change","cope",81254,0.81254,16
"1760","guide","strategy_to_change","react",4507,0.04507,16
"1761","guide","strategy_to_change","adapt",14239,0.14239,16
"1762","guide","substitution_capacity","no",100000,1,16
"1763","recreational","economic_buffers","low",100000,1,17
"1764","recreational","economic_risk","low",57327,0.57327,17
"1765","recreational","economic_risk","medium",8559,0.08559,17
"1766","recreational","economic_risk","high",19859,0.19859,17
"1767","recreational","economic_risk","not_relevant",14255,0.14255,17
"1768","recreational","go_fishing","no",38733,0.38733,17
"1769","recreational","go_fishing","yes",61267,0.61267,17
"1770","recreational","individual_importance","medium",39212,0.39212,17
"1771","recreational","individual_importance","high",60788,0.60788,17
"1772","recreational","individual_risk","low",35020,0.3502,17
"1773","recreational","individual_risk","medium",49722,0.49722,17
"1774","recreational","individual_risk","high",1003,0.01003,17
"1775","recreational","individual_risk","not_relevant",14255,0.14255,17
"1776","recreational","societal_importance","medium",61909,0.61909,17
"1777","recreational","societal_importance","high",38091,0.38091,17
"1778","recreational","societal_risk","low",35020,0.3502,17
"1779","recreational","societal_risk","medium",50097,0.50097,17
"1780","recreational","societal_risk","high",628,0.00628,17
"1781","recreational","societal_risk","not_relevant",14255,0.14255,17
"1782","recreational","strategy_to_change","not_relevant",14255,0.14255,17
"1783","recreational","strategy_to_change","cope",46006,0.46006,17
"1784","recreational","strategy_to_change","react",14312,0.14312,17
"1785","recreational","strategy_to_change","adapt",25427,0.25427,17
"1786","recreational","substitution_capacity","yes",100000,1,17
"1787","small_scale","economic_buffers","low",97995,0.97995,17
"1788","small_scale","economic_buffers","medium",2005,0.02005,17
"1789","small_scale","economic_risk","low",41826,0.41826,17
"1790","small_scale","economic_risk","medium",24486,0.24486,17
"1791","small_scale","economic_risk","high",19386,0.19386,17
"1792","small_scale","economic_risk","not_relevant",14302,0.14302,17
"1793","small_scale","go_fishing","no",42588,0.42588,17
"1794","small_scale","go_fishing","yes",57412,0.57412,17
"1795","small_scale","individual_importance","medium",5054,0.05054,17
"1796","small_scale","individual_importance","high",94946,0.94946,17
"1797","small_scale","individual_risk","low",29644,0.29644,17
"1798","small_scale","individual_risk","medium",31594,0.31594,17
"1799","small_scale","individual_risk","high",24460,0.2446,17
"1800","small_scale","individual_risk","not_relevant",14302,0.14302,17
"1801","small_scale","societal_importance","high",100000,1,17
"1802","small_scale","societal_risk","low",29644,0.29644,17
"1803","small_scale","societal_risk","medium",30331,0.30331,17
"1804","small_scale","societal_risk","high",25723,0.25723,17
"1805","small_scale","societal_risk","not_relevant",14302,0.14302,17
"1806","small_scale","strategy_to_change","not_relevant",14302,0.14302,17
"1807","small_scale","strategy_to_change","cope",63373,0.63373,17
"1808","small_scale","strategy_to_change","react",21383,0.21383,17
"1809","small_scale","strategy_to_change","adapt",942,0.00942,17
"1810","small_scale","substitution_capacity","no",63777,0.63777,17
"1811","small_scale","substitution_capacity","yes",36223,0.36223,17
"1812","household","economic_buffers","low",100000,1,17
"1813","household","economic_risk","low",70729,0.70729,17
"1814","household","economic_risk","medium",4821,0.04821,17
"1815","household","economic_risk","high",10224,0.10224,17
"1816","household","economic_risk","not_relevant",14226,0.14226,17
"1817","household","go_fishing","no",59759,0.59759,17
"1818","household","go_fishing","yes",40241,0.40241,17
"1819","household","individual_importance","medium",53953,0.53953,17
"1820","household","individual_importance","high",46047,0.46047,17
"1821","household","individual_risk","low",23825,0.23825,17
"1822","household","individual_risk","medium",61655,0.61655,17
"1823","household","individual_risk","high",294,0.00294,17
"1824","household","individual_risk","not_relevant",14226,0.14226,17
"1825","household","societal_importance","medium",72944,0.72944,17
"1826","household","societal_importance","high",27056,0.27056,17
"1827","household","societal_risk","low",23825,0.23825,17
"1828","household","societal_risk","medium",61781,0.61781,17
"1829","household","societal_risk","high",168,0.00168,17
"1830","household","societal_risk","not_relevant",14226,0.14226,17
"1831","household","strategy_to_change","not_relevant",14226,0.14226,17
"1832","household","strategy_to_change","cope",69577,0.69577,17
"1833","household","strategy_to_change","react",16197,0.16197,17
"1834","household","substitution_capacity","yes",100000,1,17
"1835","trawler","economic_buffers","medium",44840,0.4484,17
"1836","trawler","economic_buffers","high",55160,0.5516,17
"1837","trawler","economic_risk","low",89233,0.89233,17
"1838","trawler","economic_risk","medium",6005,0.06005,17
"1839","trawler","economic_risk","high",4762,0.04762,17
"1840","trawler","go_fishing","no",11540,0.1154,17
"1841","trawler","go_fishing","yes",88460,0.8846,17
"1842","trawler","individual_importance","high",100000,1,17
"1843","trawler","individual_risk","low",45205,0.45205,17
"1844","trawler","individual_risk","medium",39860,0.3986,17
"1845","trawler","individual_risk","high",14935,0.14935,17
"1846","trawler","societal_importance","high",100000,1,17
"1847","trawler","societal_risk","low",45205,0.45205,17
"1848","trawler","societal_risk","medium",39860,0.3986,17
"1849","trawler","societal_risk","high",14935,0.14935,17
"1850","trawler","strategy_to_change","cope",52469,0.52469,17
"1851","trawler","strategy_to_change","react",47531,0.47531,17
"1852","trawler","substitution_capacity","yes",100000,1,17
"1853","guide","economic_buffers","low",97955,0.97955,17
"1854","guide","economic_buffers","medium",2045,0.02045,17
"1855","guide","economic_risk","low",19849,0.19849,17
"1856","guide","economic_risk","medium",3350,0.0335,17
"1857","guide","economic_risk","high",76801,0.76801,17
"1858","guide","go_fishing","no",69410,0.6941,17
"1859","guide","go_fishing","yes",30590,0.3059,17
"1860","guide","individual_importance","high",100000,1,17
"1861","guide","individual_risk","low",12400,0.124,17
"1862","guide","individual_risk","medium",12334,0.12334,17
"1863","guide","individual_risk","high",75266,0.75266,17
"1864","guide","societal_importance","medium",82073,0.82073,17
"1865","guide","societal_importance","high",17927,0.17927,17
"1866","guide","societal_risk","low",12400,0.124,17
"1867","guide","societal_risk","medium",74035,0.74035,17
"1868","guide","societal_risk","high",13565,0.13565,17
"1869","guide","strategy_to_change","cope",84932,0.84932,17
"1870","guide","strategy_to_change","react",3472,0.03472,17
"1871","guide","strategy_to_change","adapt",11596,0.11596,17
"1872","guide","substitution_capacity","no",100000,1,17
"1873","recreational","economic_buffers","low",100000,1,18
"1874","recreational","economic_risk","low",68148,0.68148,18
"1875","recreational","economic_risk","medium",8095,0.08095,18
"1876","recreational","economic_risk","high",9448,0.09448,18
"1877","recreational","economic_risk","not_relevant",14309,0.14309,18
"1878","recreational","go_fishing","no",49215,0.49215,18
"1879","recreational","go_fishing","yes",50785,0.50785,18
"1880","recreational","individual_importance","medium",61192,0.61192,18
"1881","recreational","individual_importance","high",38808,0.38808,18
"1882","recreational","individual_risk","low",27418,0.27418,18
"1883","recreational","individual_risk","medium",41427,0.41427,18
"1884","recreational","individual_risk","high",16846,0.16846,18
"1885","recreational","individual_risk","not_relevant",14309,0.14309,18
"1886","recreational","societal_importance","medium",59135,0.59135,18
"1887","recreational","societal_importance","high",40865,0.40865,18
"1888","recreational","societal_risk","low",27418,0.27418,18
"1889","recreational","societal_risk","medium",40443,0.40443,18
"1890","recreational","societal_risk","high",17830,0.1783,18
"1891","recreational","societal_risk","not_relevant",14309,0.14309,18
"1892","recreational","strategy_to_change","not_relevant",14309,0.14309,18
"1893","recreational","strategy_to_change","cope",46482,0.46482,18
"1894","recreational","strategy_to_change","react",13675,0.13675,18
"1895","recreational","strategy_to_change","adapt",25534,0.25534,18
"1896","recreational","substitution_capacity","no",100000,1,18
"1897","small_scale","economic_buffers","low",80496,0.80496,18
"1898","small_scale","economic_buffers","medium",19504,0.19504,18
"1899","small_scale","economic_risk","low",38741,0.38741,18
"1900","small_scale","economic_risk","medium",25669,0.25669,18
"1901","small_scale","economic_risk","high",21072,0.21072,18
"1902","small_scale","economic_risk","not_relevant",14518,0.14518,18
"1903","small_scale","go_fishing","no",42798,0.42798,18
"1904","small_scale","go_fishing","yes",57202,0.57202,18
"1905","small_scale","individual_importance","medium",5963,0.05963,18
"1906","small_scale","individual_importance","high",94037,0.94037,18
"1907","small_scale","individual_risk","low",33050,0.3305,18
"1908","small_scale","individual_risk","medium",23744,0.23744,18
"1909","small_scale","individual_risk","high",28688,0.28688,18
"1910","small_scale","individual_risk","not_relevant",14518,0.14518,18
"1911","small_scale","societal_importance","high",100000,1,18
"1912","small_scale","societal_risk","low",33050,0.3305,18
"1913","small_scale","societal_risk","medium",21947,0.21947,18
"1914","small_scale","societal_risk","high",30485,0.30485,18
"1915","small_scale","societal_risk","not_relevant",14518,0.14518,18
"1916","small_scale","strategy_to_change","not_relevant",14518,0.14518,18
"1917","small_scale","strategy_to_change","cope",55255,0.55255,18
"1918","small_scale","strategy_to_change","react",28589,0.28589,18
"1919","small_scale","strategy_to_change","adapt",1638,0.01638,18
"1920","small_scale","substitution_capacity","no",79464,0.79464,18
"1921","small_scale","substitution_capacity","yes",20536,0.20536,18
"1922","household","economic_buffers","low",100000,1,18
"1923","household","economic_risk","low",71203,0.71203,18
"1924","household","economic_risk","medium",4561,0.04561,18
"1925","household","economic_risk","high",9803,0.09803,18
"1926","household","economic_risk","not_relevant",14433,0.14433,18
"1927","household","go_fishing","no",61566,0.61566,18
"1928","household","go_fishing","yes",38434,0.38434,18
"1929","household","individual_importance","medium",41044,0.41044,18
"1930","household","individual_importance","high",58956,0.58956,18
"1931","household","individual_risk","low",24274,0.24274,18
"1932","household","individual_risk","medium",61071,0.61071,18
"1933","household","individual_risk","high",222,0.00222,18
"1934","household","individual_risk","not_relevant",14433,0.14433,18
"1935","household","societal_importance","medium",73617,0.73617,18
"1936","household","societal_importance","high",26383,0.26383,18
"1937","household","societal_risk","low",24274,0.24274,18
"1938","household","societal_risk","medium",61199,0.61199,18
"1939","household","societal_risk","high",94,0.00094,18
"1940","household","societal_risk","not_relevant",14433,0.14433,18
"1941","household","strategy_to_change","not_relevant",14433,0.14433,18
"1942","household","strategy_to_change","cope",69437,0.69437,18
"1943","household","strategy_to_change","react",16130,0.1613,18
"1944","household","substitution_capacity","yes",100000,1,18
"1945","trawler","economic_buffers","medium",51998,0.51998,18
"1946","trawler","economic_buffers","high",48002,0.48002,18
"1947","trawler","economic_risk","low",89839,0.89839,18
"1948","trawler","economic_risk","medium",5007,0.05007,18
"1949","trawler","economic_risk","high",5154,0.05154,18
"1950","trawler","go_fishing","no",14072,0.14072,18
"1951","trawler","go_fishing","yes",85928,0.85928,18
"1952","trawler","individual_importance","high",100000,1,18
"1953","trawler","individual_risk","low",45553,0.45553,18
"1954","trawler","individual_risk","medium",41292,0.41292,18
"1955","trawler","individual_risk","high",13155,0.13155,18
"1956","trawler","societal_importance","high",100000,1,18
"1957","trawler","societal_risk","low",45553,0.45553,18
"1958","trawler","societal_risk","medium",41292,0.41292,18
"1959","trawler","societal_risk","high",13155,0.13155,18
"1960","trawler","strategy_to_change","cope",52790,0.5279,18
"1961","trawler","strategy_to_change","react",47210,0.4721,18
"1962","trawler","substitution_capacity","yes",100000,1,18
"1963","guide","economic_buffers","low",94992,0.94992,18
"1964","guide","economic_buffers","medium",5008,0.05008,18
"1965","guide","economic_risk","low",28355,0.28355,18
"1966","guide","economic_risk","medium",5728,0.05728,18
"1967","guide","economic_risk","high",65917,0.65917,18
"1968","guide","go_fishing","no",64878,0.64878,18
"1969","guide","go_fishing","yes",35122,0.35122,18
"1970","guide","individual_importance","high",100000,1,18
"1971","guide","individual_risk","low",16452,0.16452,18
"1972","guide","individual_risk","medium",13244,0.13244,18
"1973","guide","individual_risk","high",70304,0.70304,18
"1974","guide","societal_importance","medium",81997,0.81997,18
"1975","guide","societal_importance","high",18003,0.18003,18
"1976","guide","societal_risk","low",16452,0.16452,18
"1977","guide","societal_risk","medium",70861,0.70861,18
"1978","guide","societal_risk","high",12687,0.12687,18
"1979","guide","strategy_to_change","cope",75471,0.75471,18
"1980","guide","strategy_to_change","react",4714,0.04714,18
"1981","guide","strategy_to_change","adapt",19815,0.19815,18
"1982","guide","substitution_capacity","no",100000,1,18
"1983","recreational","economic_buffers","low",100000,1,19
"1984","recreational","economic_risk","low",54066,0.54066,19
"1985","recreational","economic_risk","medium",7742,0.07742,19
"1986","recreational","economic_risk","high",23862,0.23862,19
"1987","recreational","economic_risk","not_relevant",14330,0.1433,19
"1988","recreational","go_fishing","no",35043,0.35043,19
"1989","recreational","go_fishing","yes",64957,0.64957,19
"1990","recreational","individual_importance","medium",44211,0.44211,19
"1991","recreational","individual_importance","high",55789,0.55789,19
"1992","recreational","individual_risk","low",34378,0.34378,19
"1993","recreational","individual_risk","medium",50222,0.50222,19
"1994","recreational","individual_risk","high",1070,0.0107,19
"1995","recreational","individual_risk","not_relevant",14330,0.1433,19
"1996","recreational","societal_importance","medium",75010,0.7501,19
"1997","recreational","societal_importance","high",24990,0.2499,19
"1998","recreational","societal_risk","low",34378,0.34378,19
"1999","recreational","societal_risk","medium",50801,0.50801,19
"2000","recreational","societal_risk","high",491,0.00491,19
"2001","recreational","societal_risk","not_relevant",14330,0.1433,19
"2002","recreational","strategy_to_change","not_relevant",14330,0.1433,19
"2003","recreational","strategy_to_change","cope",48573,0.48573,19
"2004","recreational","strategy_to_change","react",13067,0.13067,19
"2005","recreational","strategy_to_change","adapt",24030,0.2403,19
"2006","recreational","substitution_capacity","yes",100000,1,19
"2007","small_scale","economic_buffers","low",31918,0.31918,19
"2008","small_scale","economic_buffers","medium",68082,0.68082,19
"2009","small_scale","economic_risk","low",62803,0.62803,19
"2010","small_scale","economic_risk","medium",12233,0.12233,19
"2011","small_scale","economic_risk","high",10615,0.10615,19
"2012","small_scale","economic_risk","not_relevant",14349,0.14349,19
"2013","small_scale","go_fishing","no",37173,0.37173,19
"2014","small_scale","go_fishing","yes",62827,0.62827,19
"2015","small_scale","individual_importance","medium",6693,0.06693,19
"2016","small_scale","individual_importance","high",93307,0.93307,19
"2017","small_scale","individual_risk","low",30683,0.30683,19
"2018","small_scale","individual_risk","medium",38994,0.38994,19
"2019","small_scale","individual_risk","high",15974,0.15974,19
"2020","small_scale","individual_risk","not_relevant",14349,0.14349,19
"2021","small_scale","societal_importance","high",100000,1,19
"2022","small_scale","societal_risk","low",30683,0.30683,19
"2023","small_scale","societal_risk","medium",37835,0.37835,19
"2024","small_scale","societal_risk","high",17133,0.17133,19
"2025","small_scale","societal_risk","not_relevant",14349,0.14349,19
"2026","small_scale","strategy_to_change","not_relevant",14349,0.14349,19
"2027","small_scale","strategy_to_change","cope",61654,0.61654,19
"2028","small_scale","strategy_to_change","react",21661,0.21661,19
"2029","small_scale","strategy_to_change","adapt",2336,0.02336,19
"2030","small_scale","substitution_capacity","no",47500,0.475,19
"2031","small_scale","substitution_capacity","yes",52500,0.525,19
"2032","household","economic_buffers","low",100000,1,19
"2033","household","economic_risk","low",72710,0.7271,19
"2034","household","economic_risk","medium",4309,0.04309,19
"2035","household","economic_risk","high",8777,0.08777,19
"2036","household","economic_risk","not_relevant",14204,0.14204,19
"2037","household","go_fishing","no",67296,0.67296,19
"2038","household","go_fishing","yes",32704,0.32704,19
"2039","household","individual_importance","medium",46866,0.46866,19
"2040","household","individual_importance","high",53134,0.53134,19
"2041","household","individual_risk","low",17681,0.17681,19
"2042","household","individual_risk","medium",67939,0.67939,19
"2043","household","individual_risk","high",176,0.00176,19
"2044","household","individual_risk","not_relevant",14204,0.14204,19
"2045","household","societal_importance","medium",83052,0.83052,19
"2046","household","societal_importance","high",16948,0.16948,19
"2047","household","societal_risk","low",17681,0.17681,19
"2048","household","societal_risk","medium",68053,0.68053,19
"2049","household","societal_risk","high",62,0.00062,19
"2050","household","societal_risk","not_relevant",14204,0.14204,19
"2051","household","strategy_to_change","not_relevant",14204,0.14204,19
"2052","household","strategy_to_change","cope",71125,0.71125,19
"2053","household","strategy_to_change","react",14671,0.14671,19
"2054","household","substitution_capacity","yes",100000,1,19
"2055","trawler","economic_buffers","medium",51945,0.51945,19
"2056","trawler","economic_buffers","high",48055,0.48055,19
"2057","trawler","economic_risk","low",86452,0.86452,19
"2058","trawler","economic_risk","medium",6517,0.06517,19
"2059","trawler","economic_risk","high",7031,0.07031,19
"2060","trawler","go_fishing","no",8123,0.08123,19
"2061","trawler","go_fishing","yes",91877,0.91877,19
"2062","trawler","individual_importance","high",100000,1,19
"2063","trawler","individual_risk","low",43634,0.43634,19
"2064","trawler","individual_risk","medium",40072,0.40072,19
"2065","trawler","individual_risk","high",16294,0.16294,19
"2066","trawler","societal_importance","high",100000,1,19
"2067","trawler","societal_risk","low",43634,0.43634,19
"2068","trawler","societal_risk","medium",40072,0.40072,19
"2069","trawler","societal_risk","high",16294,0.16294,19
"2070","trawler","strategy_to_change","cope",52169,0.52169,19
"2071","trawler","strategy_to_change","react",47831,0.47831,19
"2072","trawler","substitution_capacity","yes",100000,1,19
"2073","guide","economic_buffers","low",97993,0.97993,19
"2074","guide","economic_buffers","medium",2007,0.02007,19
"2075","guide","economic_risk","low",22584,0.22584,19
"2076","guide","economic_risk","medium",2410,0.0241,19
"2077","guide","economic_risk","high",75006,0.75006,19
"2078","guide","go_fishing","no",66077,0.66077,19
"2079","guide","go_fishing","yes",33923,0.33923,19
"2080","guide","individual_importance","high",100000,1,19
"2081","guide","individual_risk","low",12178,0.12178,19
"2082","guide","individual_risk","medium",15354,0.15354,19
"2083","guide","individual_risk","high",72468,0.72468,19
"2084","guide","societal_importance","medium",76933,0.76933,19
"2085","guide","societal_importance","high",23067,0.23067,19
"2086","guide","societal_risk","low",12178,0.12178,19
"2087","guide","societal_risk","medium",71046,0.71046,19
"2088","guide","societal_risk","high",16776,0.16776,19
"2089","guide","strategy_to_change","cope",80809,0.80809,19
"2090","guide","strategy_to_change","react",2097,0.02097,19
"2091","guide","strategy_to_change","adapt",17094,0.17094,19
"2092","guide","substitution_capacity","no",100000,1,19
"2093","recreational","economic_buffers","low",100000,1,20
"2094","recreational","economic_risk","low",64782,0.64782,20
"2095","recreational","economic_risk","medium",4334,0.04334,20
"2096","recreational","economic_risk","high",16763,0.16763,20
"2097","recreational","economic_risk","not_relevant",14121,0.14121,20
"2098","recreational","go_fishing","no",41711,0.41711,20
"2099","recreational","go_fishing","yes",58289,0.58289,20
"2100","recreational","individual_importance","medium",53020,0.5302,20
"2101","recreational","individual_importance","high",46980,0.4698,20
"2102","recreational","individual_risk","low",28826,0.28826,20
"2103","recreational","individual_risk","medium",56205,0.56205,20
"2104","recreational","individual_risk","high",848,0.00848,20
"2105","recreational","individual_risk","not_relevant",14121,0.14121,20
"2106","recreational","societal_importance","medium",73302,0.73302,20
"2107","recreational","societal_importance","high",26698,0.26698,20
"2108","recreational","societal_risk","low",28826,0.28826,20
"2109","recreational","societal_risk","medium",56550,0.5655,20
"2110","recreational","societal_risk","high",503,0.00503,20
"2111","recreational","societal_risk","not_relevant",14121,0.14121,20
"2112","recreational","strategy_to_change","not_relevant",14121,0.14121,20
"2113","recreational","strategy_to_change","cope",48825,0.48825,20
"2114","recreational","strategy_to_change","react",7274,0.07274,20
"2115","recreational","strategy_to_change","adapt",29780,0.2978,20
"2116","recreational","substitution_capacity","yes",100000,1,20
"2117","small_scale","economic_buffers","low",96889,0.96889,20
"2118","small_scale","economic_buffers","medium",3111,0.03111,20
"2119","small_scale","economic_risk","low",37289,0.37289,20
"2120","small_scale","economic_risk","medium",26995,0.26995,20
"2121","small_scale","economic_risk","high",21405,0.21405,20
"2122","small_scale","economic_risk","not_relevant",14311,0.14311,20
"2123","small_scale","go_fishing","no",44014,0.44014,20
"2124","small_scale","go_fishing","yes",55986,0.55986,20
"2125","small_scale","individual_importance","medium",10451,0.10451,20
"2126","small_scale","individual_importance","high",89549,0.89549,20
"2127","small_scale","individual_risk","low",29349,0.29349,20
"2128","small_scale","individual_risk","medium",28216,0.28216,20
"2129","small_scale","individual_risk","high",28124,0.28124,20
"2130","small_scale","individual_risk","not_relevant",14311,0.14311,20
"2131","small_scale","societal_importance","high",100000,1,20
"2132","small_scale","societal_risk","low",29349,0.29349,20
"2133","small_scale","societal_risk","medium",24933,0.24933,20
"2134","small_scale","societal_risk","high",31407,0.31407,20
"2135","small_scale","societal_risk","not_relevant",14311,0.14311,20
"2136","small_scale","strategy_to_change","not_relevant",14311,0.14311,20
"2137","small_scale","strategy_to_change","cope",61398,0.61398,20
"2138","small_scale","strategy_to_change","react",24142,0.24142,20
"2139","small_scale","strategy_to_change","adapt",149,0.00149,20
"2140","small_scale","substitution_capacity","no",77783,0.77783,20
"2141","small_scale","substitution_capacity","yes",22217,0.22217,20
"2142","household","economic_buffers","low",100000,1,20
"2143","household","economic_risk","low",69985,0.69985,20
"2144","household","economic_risk","medium",5365,0.05365,20
"2145","household","economic_risk","high",10177,0.10177,20
"2146","household","economic_risk","not_relevant",14473,0.14473,20
"2147","household","go_fishing","no",60870,0.6087,20
"2148","household","go_fishing","yes",39130,0.3913,20
"2149","household","individual_importance","medium",51132,0.51132,20
"2150","household","individual_importance","high",48868,0.48868,20
"2151","household","individual_risk","low",24681,0.24681,20
"2152","household","individual_risk","medium",60677,0.60677,20
"2153","household","individual_risk","high",169,0.00169,20
"2154","household","individual_risk","not_relevant",14473,0.14473,20
"2155","household","societal_importance","medium",74850,0.7485,20
"2156","household","societal_importance","high",25150,0.2515,20
"2157","household","societal_risk","low",24681,0.24681,20
"2158","household","societal_risk","medium",60770,0.6077,20
"2159","household","societal_risk","high",76,0.00076,20
"2160","household","societal_risk","not_relevant",14473,0.14473,20
"2161","household","strategy_to_change","not_relevant",14473,0.14473,20
"2162","household","strategy_to_change","cope",66923,0.66923,20
"2163","household","strategy_to_change","react",18604,0.18604,20
"2164","household","substitution_capacity","yes",100000,1,20
"2165","trawler","economic_buffers","medium",49956,0.49956,20
"2166","trawler","economic_buffers","high",50044,0.50044,20
"2167","trawler","economic_risk","low",88798,0.88798,20
"2168","trawler","economic_risk","medium",5732,0.05732,20
"2169","trawler","economic_risk","high",5470,0.0547,20
"2170","trawler","go_fishing","no",11711,0.11711,20
"2171","trawler","go_fishing","yes",88289,0.88289,20
"2172","trawler","individual_importance","high",100000,1,20
"2173","trawler","individual_risk","low",44281,0.44281,20
"2174","trawler","individual_risk","medium",40973,0.40973,20
"2175","trawler","individual_risk","high",14746,0.14746,20
"2176","trawler","societal_importance","high",100000,1,20
"2177","trawler","societal_risk","low",44281,0.44281,20
"2178","trawler","societal_risk","medium",40973,0.40973,20
"2179","trawler","societal_risk","high",14746,0.14746,20
"2180","trawler","strategy_to_change","cope",52478,0.52478,20
"2181","trawler","strategy_to_change","react",47522,0.47522,20
"2182","trawler","substitution_capacity","yes",100000,1,20
"2183","guide","economic_buffers","low",97040,0.9704,20
"2184","guide","economic_buffers","medium",2960,0.0296,20
"2185","guide","economic_risk","low",16432,0.16432,20
"2186","guide","economic_risk","medium",3475,0.03475,20
"2187","guide","economic_risk","high",80093,0.80093,20
"2188","guide","go_fishing","no",70220,0.7022,20
"2189","guide","go_fishing","yes",29780,0.2978,20
"2190","guide","individual_importance","high",100000,1,20
"2191","guide","individual_risk","low",12013,0.12013,20
"2192","guide","individual_risk","medium",13230,0.1323,20
"2193","guide","individual_risk","high",74757,0.74757,20
"2194","guide","societal_importance","medium",74023,0.74023,20
"2195","guide","societal_importance","high",25977,0.25977,20
"2196","guide","societal_risk","low",12013,0.12013,20
"2197","guide","societal_risk","medium",68578,0.68578,20
"2198","guide","societal_risk","high",19409,0.19409,20
"2199","guide","strategy_to_change","cope",80976,0.80976,20
"2200","guide","strategy_to_change","react",2619,0.02619,20
"2201","guide","strategy_to_change","adapt",16405,0.16405,20
"2202","guide","substitution_capacity","no",100000,1,20
"2203","recreational","economic_buffers","low",100000,1,21
"2204","recreational","economic_risk","low",71913,0.71913,21
"2205","recreational","economic_risk","medium",8347,0.08347,21
"2206","recreational","economic_risk","high",5302,0.05302,21
"2207","recreational","economic_risk","not_relevant",14438,0.14438,21
"2208","recreational","go_fishing","no",53096,0.53096,21
"2209","recreational","go_fishing","yes",46904,0.46904,21
"2210","recreational","individual_importance","medium",48844,0.48844,21
"2211","recreational","individual_importance","high",51156,0.51156,21
"2212","recreational","individual_risk","low",23190,0.2319,21
"2213","recreational","individual_risk","medium",62018,0.62018,21
"2214","recreational","individual_risk","high",354,0.00354,21
"2215","recreational","individual_risk","not_relevant",14438,0.14438,21
"2216","recreational","societal_importance","medium",66437,0.66437,21
"2217","recreational","societal_importance","high",33563,0.33563,21
"2218","recreational","societal_risk","low",23190,0.2319,21
"2219","recreational","societal_risk","medium",62123,0.62123,21
"2220","recreational","societal_risk","high",249,0.00249,21
"2221","recreational","societal_risk","not_relevant",14438,0.14438,21
"2222","recreational","strategy_to_change","not_relevant",14438,0.14438,21
"2223","recreational","strategy_to_change","cope",45989,0.45989,21
"2224","recreational","strategy_to_change","react",13973,0.13973,21
"2225","recreational","strategy_to_change","adapt",25600,0.256,21
"2226","recreational","substitution_capacity","yes",100000,1,21
"2227","small_scale","economic_buffers","low",94188,0.94188,21
"2228","small_scale","economic_buffers","medium",5812,0.05812,21
"2229","small_scale","economic_risk","low",57149,0.57149,21
"2230","small_scale","economic_risk","medium",16482,0.16482,21
"2231","small_scale","economic_risk","high",12268,0.12268,21
"2232","small_scale","economic_risk","not_relevant",14101,0.14101,21
"2233","small_scale","go_fishing","no",42293,0.42293,21
"2234","small_scale","go_fishing","yes",57707,0.57707,21
"2235","small_scale","individual_importance","medium",8190,0.0819,21
"2236","small_scale","individual_importance","high",91810,0.9181,21
"2237","small_scale","individual_risk","low",31261,0.31261,21
"2238","small_scale","individual_risk","medium",44529,0.44529,21
"2239","small_scale","individual_risk","high",10109,0.10109,21
"2240","small_scale","individual_risk","not_relevant",14101,0.14101,21
"2241","small_scale","societal_importance","high",100000,1,21
"2242","small_scale","societal_risk","low",31261,0.31261,21
"2243","small_scale","societal_risk","medium",43609,0.43609,21
"2244","small_scale","societal_risk","high",11029,0.11029,21
"2245","small_scale","societal_risk","not_relevant",14101,0.14101,21
"2246","small_scale","strategy_to_change","not_relevant",14101,0.14101,21
"2247","small_scale","strategy_to_change","cope",63491,0.63491,21
"2248","small_scale","strategy_to_change","react",22337,0.22337,21
"2249","small_scale","strategy_to_change","adapt",71,0.00071,21
"2250","small_scale","substitution_capacity","no",23921,0.23921,21
"2251","small_scale","substitution_capacity","yes",76079,0.76079,21
"2252","household","economic_buffers","low",100000,1,21
"2253","household","economic_risk","low",69252,0.69252,21
"2254","household","economic_risk","medium",5746,0.05746,21
"2255","household","economic_risk","high",10800,0.108,21
"2256","household","economic_risk","not_relevant",14202,0.14202,21
"2257","household","go_fishing","no",61994,0.61994,21
"2258","household","go_fishing","yes",38006,0.38006,21
"2259","household","individual_importance","medium",51931,0.51931,21
"2260","household","individual_importance","high",48069,0.48069,21
"2261","household","individual_risk","low",22910,0.2291,21
"2262","household","individual_risk","medium",62808,0.62808,21
"2263","household","individual_risk","high",80,8e-04,21
"2264","household","individual_risk","not_relevant",14202,0.14202,21
"2265","household","societal_importance","medium",74941,0.74941,21
"2266","household","societal_importance","high",25059,0.25059,21
"2267","household","societal_risk","low",22910,0.2291,21
"2268","household","societal_risk","medium",62850,0.6285,21
"2269","household","societal_risk","high",38,0.00038,21
"2270","household","societal_risk","not_relevant",14202,0.14202,21
"2271","household","strategy_to_change","not_relevant",14202,0.14202,21
"2272","household","strategy_to_change","cope",64816,0.64816,21
"2273","household","strategy_to_change","react",20982,0.20982,21
"2274","household","substitution_capacity","yes",100000,1,21
"2275","trawler","economic_buffers","medium",45982,0.45982,21
"2276","trawler","economic_buffers","high",54018,0.54018,21
"2277","trawler","economic_risk","low",88665,0.88665,21
"2278","trawler","economic_risk","medium",6198,0.06198,21
"2279","trawler","economic_risk","high",5137,0.05137,21
"2280","trawler","go_fishing","no",11581,0.11581,21
"2281","trawler","go_fishing","yes",88419,0.88419,21
"2282","trawler","individual_importance","high",100000,1,21
"2283","trawler","individual_risk","low",45900,0.459,21
"2284","trawler","individual_risk","medium",39222,0.39222,21
"2285","trawler","individual_risk","high",14878,0.14878,21
"2286","trawler","societal_importance","high",100000,1,21
"2287","trawler","societal_risk","low",45900,0.459,21
"2288","trawler","societal_risk","medium",39222,0.39222,21
"2289","trawler","societal_risk","high",14878,0.14878,21
"2290","trawler","strategy_to_change","cope",54816,0.54816,21
"2291","trawler","strategy_to_change","react",45184,0.45184,21
"2292","trawler","substitution_capacity","yes",100000,1,21
"2293","guide","economic_buffers","low",94974,0.94974,21
"2294","guide","economic_buffers","medium",5026,0.05026,21
"2295","guide","economic_risk","low",26922,0.26922,21
"2296","guide","economic_risk","medium",4078,0.04078,21
"2297","guide","economic_risk","high",69000,0.69,21
"2298","guide","go_fishing","no",61523,0.61523,21
"2299","guide","go_fishing","yes",38477,0.38477,21
"2300","guide","individual_importance","high",100000,1,21
"2301","guide","individual_risk","low",15346,0.15346,21
"2302","guide","individual_risk","medium",16090,0.1609,21
"2303","guide","individual_risk","high",68564,0.68564,21
"2304","guide","societal_importance","medium",85039,0.85039,21
"2305","guide","societal_importance","high",14961,0.14961,21
"2306","guide","societal_risk","low",15346,0.15346,21
"2307","guide","societal_risk","medium",74341,0.74341,21
"2308","guide","societal_risk","high",10313,0.10313,21
"2309","guide","strategy_to_change","cope",72190,0.7219,21
"2310","guide","strategy_to_change","react",1979,0.01979,21
"2311","guide","strategy_to_change","adapt",25831,0.25831,21
"2312","guide","substitution_capacity","no",100000,1,21
"2313","recreational","economic_buffers","low",100000,1,22
"2314","recreational","economic_risk","low",67516,0.67516,22
"2315","recreational","economic_risk","medium",11125,0.11125,22
"2316","recreational","economic_risk","high",6983,0.06983,22
"2317","recreational","economic_risk","not_relevant",14376,0.14376,22
"2318","recreational","go_fishing","no",56204,0.56204,22
"2319","recreational","go_fishing","yes",43796,0.43796,22
"2320","recreational","individual_importance","medium",51709,0.51709,22
"2321","recreational","individual_importance","high",48291,0.48291,22
"2322","recreational","individual_risk","low",20636,0.20636,22
"2323","recreational","individual_risk","medium",40868,0.40868,22
"2324","recreational","individual_risk","high",24120,0.2412,22
"2325","recreational","individual_risk","not_relevant",14376,0.14376,22
"2326","recreational","societal_importance","low",291,0.00291,22
"2327","recreational","societal_importance","medium",71611,0.71611,22
"2328","recreational","societal_importance","high",28098,0.28098,22
"2329","recreational","societal_risk","low",20821,0.20821,22
"2330","recreational","societal_risk","medium",50868,0.50868,22
"2331","recreational","societal_risk","high",13935,0.13935,22
"2332","recreational","societal_risk","not_relevant",14376,0.14376,22
"2333","recreational","strategy_to_change","not_relevant",14376,0.14376,22
"2334","recreational","strategy_to_change","cope",49286,0.49286,22
"2335","recreational","strategy_to_change","react",18489,0.18489,22
"2336","recreational","strategy_to_change","adapt",17849,0.17849,22
"2337","recreational","substitution_capacity","no",100000,1,22
"2338","small_scale","economic_buffers","low",90385,0.90385,22
"2339","small_scale","economic_buffers","medium",9615,0.09615,22
"2340","small_scale","economic_risk","low",52612,0.52612,22
"2341","small_scale","economic_risk","medium",19412,0.19412,22
"2342","small_scale","economic_risk","high",13919,0.13919,22
"2343","small_scale","economic_risk","not_relevant",14057,0.14057,22
"2344","small_scale","go_fishing","no",39247,0.39247,22
"2345","small_scale","go_fishing","yes",60753,0.60753,22
"2346","small_scale","individual_importance","medium",3593,0.03593,22
"2347","small_scale","individual_importance","high",96407,0.96407,22
"2348","small_scale","individual_risk","low",32004,0.32004,22
"2349","small_scale","individual_risk","medium",41232,0.41232,22
"2350","small_scale","individual_risk","high",12707,0.12707,22
"2351","small_scale","individual_risk","not_relevant",14057,0.14057,22
"2352","small_scale","societal_importance","high",100000,1,22
"2353","small_scale","societal_risk","low",32004,0.32004,22
"2354","small_scale","societal_risk","medium",40761,0.40761,22
"2355","small_scale","societal_risk","high",13178,0.13178,22
"2356","small_scale","societal_risk","not_relevant",14057,0.14057,22
"2357","small_scale","strategy_to_change","not_relevant",14057,0.14057,22
"2358","small_scale","strategy_to_change","cope",61435,0.61435,22
"2359","small_scale","strategy_to_change","react",22892,0.22892,22
"2360","small_scale","strategy_to_change","adapt",1616,0.01616,22
"2361","small_scale","substitution_capacity","no",32389,0.32389,22
"2362","small_scale","substitution_capacity","yes",67611,0.67611,22
"2363","household","economic_buffers","low",100000,1,22
"2364","household","economic_risk","low",70259,0.70259,22
"2365","household","economic_risk","medium",5814,0.05814,22
"2366","household","economic_risk","high",9768,0.09768,22
"2367","household","economic_risk","not_relevant",14159,0.14159,22
"2368","household","go_fishing","no",60456,0.60456,22
"2369","household","go_fishing","yes",39544,0.39544,22
"2370","household","individual_importance","medium",47110,0.4711,22
"2371","household","individual_importance","high",52890,0.5289,22
"2372","household","individual_risk","low",23810,0.2381,22
"2373","household","individual_risk","medium",61853,0.61853,22
"2374","household","individual_risk","high",178,0.00178,22
"2375","household","individual_risk","not_relevant",14159,0.14159,22
"2376","household","societal_importance","medium",78828,0.78828,22
"2377","household","societal_importance","high",21172,0.21172,22
"2378","household","societal_risk","low",23810,0.2381,22
"2379","household","societal_risk","medium",61959,0.61959,22
"2380","household","societal_risk","high",72,0.00072,22
"2381","household","societal_risk","not_relevant",14159,0.14159,22
"2382","household","strategy_to_change","not_relevant",14159,0.14159,22
"2383","household","strategy_to_change","cope",64671,0.64671,22
"2384","household","strategy_to_change","react",21170,0.2117,22
"2385","household","substitution_capacity","yes",100000,1,22
"2386","trawler","economic_buffers","medium",56925,0.56925,22
"2387","trawler","economic_buffers","high",43075,0.43075,22
"2388","trawler","economic_risk","low",88728,0.88728,22
"2389","trawler","economic_risk","medium",4907,0.04907,22
"2390","trawler","economic_risk","high",6365,0.06365,22
"2391","trawler","go_fishing","no",9260,0.0926,22
"2392","trawler","go_fishing","yes",90740,0.9074,22
"2393","trawler","individual_importance","high",100000,1,22
"2394","trawler","individual_risk","low",46410,0.4641,22
"2395","trawler","individual_risk","medium",38410,0.3841,22
"2396","trawler","individual_risk","high",15180,0.1518,22
"2397","trawler","societal_importance","high",100000,1,22
"2398","trawler","societal_risk","low",46410,0.4641,22
"2399","trawler","societal_risk","medium",38410,0.3841,22
"2400","trawler","societal_risk","high",15180,0.1518,22
"2401","trawler","strategy_to_change","cope",56430,0.5643,22
"2402","trawler","strategy_to_change","react",43570,0.4357,22
"2403","trawler","substitution_capacity","yes",100000,1,22
"2404","guide","economic_buffers","low",97991,0.97991,22
"2405","guide","economic_buffers","medium",2009,0.02009,22
"2406","guide","economic_risk","low",24096,0.24096,22
"2407","guide","economic_risk","medium",3643,0.03643,22
"2408","guide","economic_risk","high",72261,0.72261,22
"2409","guide","go_fishing","no",69313,0.69313,22
"2410","guide","go_fishing","yes",30687,0.30687,22
"2411","guide","individual_importance","high",100000,1,22
"2412","guide","individual_risk","low",12641,0.12641,22
"2413","guide","individual_risk","medium",12917,0.12917,22
"2414","guide","individual_risk","high",74442,0.74442,22
"2415","guide","societal_importance","medium",84084,0.84084,22
"2416","guide","societal_importance","high",15916,0.15916,22
"2417","guide","societal_risk","low",12641,0.12641,22
"2418","guide","societal_risk","medium",75434,0.75434,22
"2419","guide","societal_risk","high",11925,0.11925,22
"2420","guide","strategy_to_change","cope",78992,0.78992,22
"2421","guide","strategy_to_change","react",4110,0.0411,22
"2422","guide","strategy_to_change","adapt",16898,0.16898,22
"2423","guide","substitution_capacity","no",100000,1,22
"2424","recreational","economic_buffers","low",100000,1,23
"2425","recreational","economic_risk","low",69846,0.69846,23
"2426","recreational","economic_risk","medium",9601,0.09601,23
"2427","recreational","economic_risk","high",6283,0.06283,23
"2428","recreational","economic_risk","not_relevant",14270,0.1427,23
"2429","recreational","go_fishing","no",53461,0.53461,23
"2430","recreational","go_fishing","yes",46539,0.46539,23
"2431","recreational","individual_importance","medium",54104,0.54104,23
"2432","recreational","individual_importance","high",45896,0.45896,23
"2433","recreational","individual_risk","low",24313,0.24313,23
"2434","recreational","individual_risk","medium",39787,0.39787,23
"2435","recreational","individual_risk","high",21630,0.2163,23
"2436","recreational","individual_risk","not_relevant",14270,0.1427,23
"2437","recreational","societal_importance","medium",81125,0.81125,23
"2438","recreational","societal_importance","high",18875,0.18875,23
"2439","recreational","societal_risk","low",24313,0.24313,23
"2440","recreational","societal_risk","medium",52635,0.52635,23
"2441","recreational","societal_risk","high",8782,0.08782,23
"2442","recreational","societal_risk","not_relevant",14270,0.1427,23
"2443","recreational","strategy_to_change","not_relevant",14270,0.1427,23
"2444","recreational","strategy_to_change","cope",46374,0.46374,23
"2445","recreational","strategy_to_change","react",16268,0.16268,23
"2446","recreational","strategy_to_change","adapt",23088,0.23088,23
"2447","recreational","substitution_capacity","no",100000,1,23
"2448","small_scale","economic_buffers","low",87047,0.87047,23
"2449","small_scale","economic_buffers","medium",12953,0.12953,23
"2450","small_scale","economic_risk","low",48034,0.48034,23
"2451","small_scale","economic_risk","medium",21028,0.21028,23
"2452","small_scale","economic_risk","high",16646,0.16646,23
"2453","small_scale","economic_risk","not_relevant",14292,0.14292,23
"2454","small_scale","go_fishing","no",41378,0.41378,23
"2455","small_scale","go_fishing","yes",58622,0.58622,23
"2456","small_scale","individual_importance","medium",14738,0.14738,23
"2457","small_scale","individual_importance","high",85262,0.85262,23
"2458","small_scale","individual_risk","low",32555,0.32555,23
"2459","small_scale","individual_risk","medium",35516,0.35516,23
"2460","small_scale","individual_risk","high",17637,0.17637,23
"2461","small_scale","individual_risk","not_relevant",14292,0.14292,23
"2462","small_scale","societal_importance","high",100000,1,23
"2463","small_scale","societal_risk","low",32555,0.32555,23
"2464","small_scale","societal_risk","medium",32416,0.32416,23
"2465","small_scale","societal_risk","high",20737,0.20737,23
"2466","small_scale","societal_risk","not_relevant",14292,0.14292,23
"2467","small_scale","strategy_to_change","not_relevant",14292,0.14292,23
"2468","small_scale","strategy_to_change","cope",56342,0.56342,23
"2469","small_scale","strategy_to_change","react",28321,0.28321,23
"2470","small_scale","strategy_to_change","adapt",1045,0.01045,23
"2471","small_scale","substitution_capacity","no",53527,0.53527,23
"2472","small_scale","substitution_capacity","yes",46473,0.46473,23
"2473","household","economic_buffers","low",100000,1,23
"2474","household","economic_risk","low",70737,0.70737,23
"2475","household","economic_risk","medium",5521,0.05521,23
"2476","household","economic_risk","high",9492,0.09492,23
"2477","household","economic_risk","not_relevant",14250,0.1425,23
"2478","household","go_fishing","no",59806,0.59806,23
"2479","household","go_fishing","yes",40194,0.40194,23
"2480","household","individual_importance","medium",40165,0.40165,23
"2481","household","individual_importance","high",59835,0.59835,23
"2482","household","individual_risk","low",24415,0.24415,23
"2483","household","individual_risk","medium",61156,0.61156,23
"2484","household","individual_risk","high",179,0.00179,23
"2485","household","individual_risk","not_relevant",14250,0.1425,23
"2486","household","societal_importance","medium",81994,0.81994,23
"2487","household","societal_importance","high",18006,0.18006,23
"2488","household","societal_risk","low",24415,0.24415,23
"2489","household","societal_risk","medium",61281,0.61281,23
"2490","household","societal_risk","high",54,0.00054,23
"2491","household","societal_risk","not_relevant",14250,0.1425,23
"2492","household","strategy_to_change","not_relevant",14250,0.1425,23
"2493","household","strategy_to_change","cope",68591,0.68591,23
"2494","household","strategy_to_change","react",17159,0.17159,23
"2495","household","substitution_capacity","yes",100000,1,23
"2496","trawler","economic_buffers","medium",37866,0.37866,23
"2497","trawler","economic_buffers","high",62134,0.62134,23
"2498","trawler","economic_risk","low",89195,0.89195,23
"2499","trawler","economic_risk","medium",6815,0.06815,23
"2500","trawler","economic_risk","high",3990,0.0399,23
"2501","trawler","go_fishing","no",9288,0.09288,23
"2502","trawler","go_fishing","yes",90712,0.90712,23
"2503","trawler","individual_importance","high",100000,1,23
"2504","trawler","individual_risk","low",48214,0.48214,23
"2505","trawler","individual_risk","medium",38781,0.38781,23
"2506","trawler","individual_risk","high",13005,0.13005,23
"2507","trawler","societal_importance","high",100000,1,23
"2508","trawler","societal_risk","low",48214,0.48214,23
"2509","trawler","societal_risk","medium",38781,0.38781,23
"2510","trawler","societal_risk","high",13005,0.13005,23
"2511","trawler","strategy_to_change","cope",53032,0.53032,23
"2512","trawler","strategy_to_change","react",46968,0.46968,23
"2513","trawler","substitution_capacity","yes",100000,1,23
"2514","guide","economic_buffers","low",98955,0.98955,23
"2515","guide","economic_buffers","medium",1045,0.01045,23
"2516","guide","economic_risk","low",18973,0.18973,23
"2517","guide","economic_risk","medium",2791,0.02791,23
"2518","guide","economic_risk","high",78236,0.78236,23
"2519","guide","go_fishing","no",69245,0.69245,23
"2520","guide","go_fishing","yes",30755,0.30755,23
"2521","guide","individual_importance","high",100000,1,23
"2522","guide","individual_risk","low",12848,0.12848,23
"2523","guide","individual_risk","medium",13598,0.13598,23
"2524","guide","individual_risk","high",73554,0.73554,23
"2525","guide","societal_importance","medium",78215,0.78215,23
"2526","guide","societal_importance","high",21785,0.21785,23
"2527","guide","societal_risk","low",12848,0.12848,23
"2528","guide","societal_risk","medium",71135,0.71135,23
"2529","guide","societal_risk","high",16017,0.16017,23
"2530","guide","strategy_to_change","cope",79757,0.79757,23
"2531","guide","strategy_to_change","react",3770,0.0377,23
"2532","guide","strategy_to_change","adapt",16473,0.16473,23
"2533","guide","substitution_capacity","no",100000,1,23
"2534","recreational","economic_buffers","low",100000,1,24
"2535","recreational","economic_risk","low",77022,0.77022,24
"2536","recreational","economic_risk","medium",5223,0.05223,24
"2537","recreational","economic_risk","high",3490,0.0349,24
"2538","recreational","economic_risk","not_relevant",14265,0.14265,24
"2539","recreational","go_fishing","no",53055,0.53055,24
"2540","recreational","go_fishing","yes",46945,0.46945,24
"2541","recreational","individual_importance","low",402,0.00402,24
"2542","recreational","individual_importance","medium",64812,0.64812,24
"2543","recreational","individual_importance","high",34786,0.34786,24
"2544","recreational","individual_risk","low",21310,0.2131,24
"2545","recreational","individual_risk","medium",64124,0.64124,24
"2546","recreational","individual_risk","high",301,0.00301,24
"2547","recreational","individual_risk","not_relevant",14265,0.14265,24
"2548","recreational","societal_importance","medium",77588,0.77588,24
"2549","recreational","societal_importance","high",22412,0.22412,24
"2550","recreational","societal_risk","low",21050,0.2105,24
"2551","recreational","societal_risk","medium",64468,0.64468,24
"2552","recreational","societal_risk","high",217,0.00217,24
"2553","recreational","societal_risk","not_relevant",14265,0.14265,24
"2554","recreational","strategy_to_change","not_relevant",14265,0.14265,24
"2555","recreational","strategy_to_change","cope",45910,0.4591,24
"2556","recreational","strategy_to_change","react",8945,0.08945,24
"2557","recreational","strategy_to_change","adapt",30880,0.3088,24
"2558","recreational","substitution_capacity","yes",100000,1,24
"2559","small_scale","economic_buffers","low",90615,0.90615,24
"2560","small_scale","economic_buffers","medium",9385,0.09385,24
"2561","small_scale","economic_risk","low",42424,0.42424,24
"2562","small_scale","economic_risk","medium",24079,0.24079,24
"2563","small_scale","economic_risk","high",19144,0.19144,24
"2564","small_scale","economic_risk","not_relevant",14353,0.14353,24
"2565","small_scale","go_fishing","no",32124,0.32124,24
"2566","small_scale","go_fishing","yes",67876,0.67876,24
"2567","small_scale","individual_importance","low",8,8e-05,24
"2568","small_scale","individual_importance","medium",4953,0.04953,24
"2569","small_scale","individual_importance","high",95039,0.95039,24
"2570","small_scale","individual_risk","low",37386,0.37386,24
"2571","small_scale","individual_risk","medium",29626,0.29626,24
"2572","small_scale","individual_risk","high",18635,0.18635,24
"2573","small_scale","individual_risk","not_relevant",14353,0.14353,24
"2574","small_scale","societal_importance","high",100000,1,24
"2575","small_scale","societal_risk","low",37385,0.37385,24
"2576","small_scale","societal_risk","medium",28615,0.28615,24
"2577","small_scale","societal_risk","high",19647,0.19647,24
"2578","small_scale","societal_risk","not_relevant",14353,0.14353,24
"2579","small_scale","strategy_to_change","not_relevant",14353,0.14353,24
"2580","small_scale","strategy_to_change","cope",51060,0.5106,24
"2581","small_scale","strategy_to_change","react",33425,0.33425,24
"2582","small_scale","strategy_to_change","adapt",1162,0.01162,24
"2583","small_scale","substitution_capacity","no",69978,0.69978,24
"2584","small_scale","substitution_capacity","yes",30022,0.30022,24
"2585","household","economic_buffers","low",100000,1,24
"2586","household","economic_risk","low",69294,0.69294,24
"2587","household","economic_risk","medium",5736,0.05736,24
"2588","household","economic_risk","high",10870,0.1087,24
"2589","household","economic_risk","not_relevant",14100,0.141,24
"2590","household","go_fishing","no",59752,0.59752,24
"2591","household","go_fishing","yes",40248,0.40248,24
"2592","household","individual_importance","medium",62213,0.62213,24
"2593","household","individual_importance","high",37787,0.37787,24
"2594","household","individual_risk","low",24147,0.24147,24
"2595","household","individual_risk","medium",61632,0.61632,24
"2596","household","individual_risk","high",121,0.00121,24
"2597","household","individual_risk","not_relevant",14100,0.141,24
"2598","household","societal_importance","medium",81983,0.81983,24
"2599","household","societal_importance","high",18017,0.18017,24
"2600","household","societal_risk","low",24147,0.24147,24
"2601","household","societal_risk","medium",61706,0.61706,24
"2602","household","societal_risk","high",47,0.00047,24
"2603","household","societal_risk","not_relevant",14100,0.141,24
"2604","household","strategy_to_change","not_relevant",14100,0.141,24
"2605","household","strategy_to_change","cope",64826,0.64826,24
"2606","household","strategy_to_change","react",21074,0.21074,24
"2607","household","substitution_capacity","yes",100000,1,24
"2608","trawler","economic_buffers","medium",45972,0.45972,24
"2609","trawler","economic_buffers","high",54028,0.54028,24
"2610","trawler","economic_risk","low",91168,0.91168,24
"2611","trawler","economic_risk","medium",4824,0.04824,24
"2612","trawler","economic_risk","high",4008,0.04008,24
"2613","trawler","go_fishing","no",13691,0.13691,24
"2614","trawler","go_fishing","yes",86309,0.86309,24
"2615","trawler","individual_importance","high",100000,1,24
"2616","trawler","individual_risk","low",42061,0.42061,24
"2617","trawler","individual_risk","medium",43540,0.4354,24
"2618","trawler","individual_risk","high",14399,0.14399,24
"2619","trawler","societal_importance","high",100000,1,24
"2620","trawler","societal_risk","low",42061,0.42061,24
"2621","trawler","societal_risk","medium",43540,0.4354,24
"2622","trawler","societal_risk","high",14399,0.14399,24
"2623","trawler","strategy_to_change","cope",58214,0.58214,24
"2624","trawler","strategy_to_change","react",41786,0.41786,24
"2625","trawler","substitution_capacity","yes",100000,1,24
"2626","guide","economic_buffers","low",95073,0.95073,24
"2627","guide","economic_buffers","medium",4927,0.04927,24
"2628","guide","economic_risk","low",29301,0.29301,24
"2629","guide","economic_risk","medium",3744,0.03744,24
"2630","guide","economic_risk","high",66955,0.66955,24
"2631","guide","go_fishing","no",64801,0.64801,24
"2632","guide","go_fishing","yes",35199,0.35199,24
"2633","guide","individual_importance","high",100000,1,24
"2634","guide","individual_risk","low",13213,0.13213,24
"2635","guide","individual_risk","medium",15461,0.15461,24
"2636","guide","individual_risk","high",71326,0.71326,24
"2637","guide","societal_importance","medium",73187,0.73187,24
"2638","guide","societal_importance","high",26813,0.26813,24
"2639","guide","societal_risk","low",13213,0.13213,24
"2640","guide","societal_risk","medium",67707,0.67707,24
"2641","guide","societal_risk","high",19080,0.1908,24
"2642","guide","strategy_to_change","cope",78556,0.78556,24
"2643","guide","strategy_to_change","react",1285,0.01285,24
"2644","guide","strategy_to_change","adapt",20159,0.20159,24
"2645","guide","substitution_capacity","no",100000,1,24
"2646","recreational","economic_buffers","low",100000,1,25
"2647","recreational","economic_risk","low",61601,0.61601,25
"2648","recreational","economic_risk","medium",6239,0.06239,25
"2649","recreational","economic_risk","high",17874,0.17874,25
"2650","recreational","economic_risk","not_relevant",14286,0.14286,25
"2651","recreational","go_fishing","no",38590,0.3859,25
"2652","recreational","go_fishing","yes",61410,0.6141,25
"2653","recreational","individual_importance","medium",37141,0.37141,25
"2654","recreational","individual_importance","high",62859,0.62859,25
"2655","recreational","individual_risk","low",34081,0.34081,25
"2656","recreational","individual_risk","medium",50574,0.50574,25
"2657","recreational","individual_risk","high",1059,0.01059,25
"2658","recreational","individual_risk","not_relevant",14286,0.14286,25
"2659","recreational","societal_importance","low",55,0.00055,25
"2660","recreational","societal_importance","medium",41063,0.41063,25
"2661","recreational","societal_importance","high",58882,0.58882,25
"2662","recreational","societal_risk","low",34111,0.34111,25
"2663","recreational","societal_risk","medium",50605,0.50605,25
"2664","recreational","societal_risk","high",998,0.00998,25
"2665","recreational","societal_risk","not_relevant",14286,0.14286,25
"2666","recreational","strategy_to_change","not_relevant",14286,0.14286,25
"2667","recreational","strategy_to_change","cope",45347,0.45347,25
"2668","recreational","strategy_to_change","react",10470,0.1047,25
"2669","recreational","strategy_to_change","adapt",29897,0.29897,25
"2670","recreational","substitution_capacity","yes",100000,1,25
"2671","small_scale","economic_buffers","low",79839,0.79839,25
"2672","small_scale","economic_buffers","medium",20161,0.20161,25
"2673","small_scale","economic_risk","low",52432,0.52432,25
"2674","small_scale","economic_risk","medium",18832,0.18832,25
"2675","small_scale","economic_risk","high",14594,0.14594,25
"2676","small_scale","economic_risk","not_relevant",14142,0.14142,25
"2677","small_scale","go_fishing","no",41732,0.41732,25
"2678","small_scale","go_fishing","yes",58268,0.58268,25
"2679","small_scale","individual_importance","medium",7526,0.07526,25
"2680","small_scale","individual_importance","high",92474,0.92474,25
"2681","small_scale","individual_risk","low",33443,0.33443,25
"2682","small_scale","individual_risk","medium",36313,0.36313,25
"2683","small_scale","individual_risk","high",16102,0.16102,25
"2684","small_scale","individual_risk","not_relevant",14142,0.14142,25
"2685","small_scale","societal_importance","high",100000,1,25
"2686","small_scale","societal_risk","low",33443,0.33443,25
"2687","small_scale","societal_risk","medium",35041,0.35041,25
"2688","small_scale","societal_risk","high",17374,0.17374,25
"2689","small_scale","societal_risk","not_relevant",14142,0.14142,25
"2690","small_scale","strategy_to_change","not_relevant",14142,0.14142,25
"2691","small_scale","strategy_to_change","cope",58791,0.58791,25
"2692","small_scale","strategy_to_change","react",26099,0.26099,25
"2693","small_scale","strategy_to_change","adapt",968,0.00968,25
"2694","small_scale","substitution_capacity","no",43097,0.43097,25
"2695","small_scale","substitution_capacity","yes",56903,0.56903,25
"2696","household","economic_buffers","low",100000,1,25
"2697","household","economic_risk","low",70793,0.70793,25
"2698","household","economic_risk","medium",5649,0.05649,25
"2699","household","economic_risk","high",9502,0.09502,25
"2700","household","economic_risk","not_relevant",14056,0.14056,25
"2701","household","go_fishing","no",63128,0.63128,25
"2702","household","go_fishing","yes",36872,0.36872,25
"2703","household","individual_importance","medium",51036,0.51036,25
"2704","household","individual_importance","high",48964,0.48964,25
"2705","household","individual_risk","low",23229,0.23229,25
"2706","household","individual_risk","medium",62583,0.62583,25
"2707","household","individual_risk","high",132,0.00132,25
"2708","household","individual_risk","not_relevant",14056,0.14056,25
"2709","household","societal_importance","medium",82021,0.82021,25
"2710","household","societal_importance","high",17979,0.17979,25
"2711","household","societal_risk","low",23229,0.23229,25
"2712","household","societal_risk","medium",62665,0.62665,25
"2713","household","societal_risk","high",50,5e-04,25
"2714","household","societal_risk","not_relevant",14056,0.14056,25
"2715","household","strategy_to_change","not_relevant",14056,0.14056,25
"2716","household","strategy_to_change","cope",66083,0.66083,25
"2717","household","strategy_to_change","react",19861,0.19861,25
"2718","household","substitution_capacity","yes",100000,1,25
"2719","trawler","economic_buffers","medium",58883,0.58883,25
"2720","trawler","economic_buffers","high",41117,0.41117,25
"2721","trawler","economic_risk","low",89988,0.89988,25
"2722","trawler","economic_risk","medium",4120,0.0412,25
"2723","trawler","economic_risk","high",5892,0.05892,25
"2724","trawler","go_fishing","no",16143,0.16143,25
"2725","trawler","go_fishing","yes",83857,0.83857,25
"2726","trawler","individual_importance","high",100000,1,25
"2727","trawler","individual_risk","low",43026,0.43026,25
"2728","trawler","individual_risk","medium",42547,0.42547,25
"2729","trawler","individual_risk","high",14427,0.14427,25
"2730","trawler","societal_importance","high",100000,1,25
"2731","trawler","societal_risk","low",43026,0.43026,25
"2732","trawler","societal_risk","medium",42547,0.42547,25
"2733","trawler","societal_risk","high",14427,0.14427,25
"2734","trawler","strategy_to_change","cope",58721,0.58721,25
"2735","trawler","strategy_to_change","react",41279,0.41279,25
"2736","trawler","substitution_capacity","yes",100000,1,25
"2737","guide","economic_buffers","low",92128,0.92128,25
"2738","guide","economic_buffers","medium",7872,0.07872,25
"2739","guide","economic_risk","low",27283,0.27283,25
"2740","guide","economic_risk","medium",7288,0.07288,25
"2741","guide","economic_risk","high",65429,0.65429,25
"2742","guide","go_fishing","no",64911,0.64911,25
"2743","guide","go_fishing","yes",35089,0.35089,25
"2744","guide","individual_importance","high",100000,1,25
"2745","guide","individual_risk","low",14836,0.14836,25
"2746","guide","individual_risk","medium",13809,0.13809,25
"2747","guide","individual_risk","high",71355,0.71355,25
"2748","guide","societal_importance","medium",77188,0.77188,25
"2749","guide","societal_importance","high",22812,0.22812,25
"2750","guide","societal_risk","low",14836,0.14836,25
"2751","guide","societal_risk","medium",68847,0.68847,25
"2752","guide","societal_risk","high",16317,0.16317,25
"2753","guide","strategy_to_change","cope",74319,0.74319,25
"2754","guide","strategy_to_change","react",4339,0.04339,25
"2755","guide","strategy_to_change","adapt",21342,0.21342,25
"2756","guide","substitution_capacity","no",100000,1,25
"2757","recreational","economic_buffers","low",100000,1,26
"2758","recreational","economic_risk","low",68262,0.68262,26
"2759","recreational","economic_risk","medium",9241,0.09241,26
"2760","recreational","economic_risk","high",8209,0.08209,26
"2761","recreational","economic_risk","not_relevant",14288,0.14288,26
"2762","recreational","go_fishing","no",50601,0.50601,26
"2763","recreational","go_fishing","yes",49399,0.49399,26
"2764","recreational","individual_importance","medium",43160,0.4316,26
"2765","recreational","individual_importance","high",56840,0.5684,26
"2766","recreational","individual_risk","low",25605,0.25605,26
"2767","recreational","individual_risk","medium",59324,0.59324,26
"2768","recreational","individual_risk","high",783,0.00783,26
"2769","recreational","individual_risk","not_relevant",14288,0.14288,26
"2770","recreational","societal_importance","medium",60668,0.60668,26
"2771","recreational","societal_importance","high",39332,0.39332,26
"2772","recreational","societal_risk","low",25605,0.25605,26
"2773","recreational","societal_risk","medium",59587,0.59587,26
"2774","recreational","societal_risk","high",520,0.0052,26
"2775","recreational","societal_risk","not_relevant",14288,0.14288,26
"2776","recreational","strategy_to_change","not_relevant",14288,0.14288,26
"2777","recreational","strategy_to_change","cope",45816,0.45816,26
"2778","recreational","strategy_to_change","react",15470,0.1547,26
"2779","recreational","strategy_to_change","adapt",24426,0.24426,26
"2780","recreational","substitution_capacity","yes",100000,1,26
"2781","small_scale","economic_buffers","low",58117,0.58117,26
"2782","small_scale","economic_buffers","medium",41883,0.41883,26
"2783","small_scale","economic_risk","low",61237,0.61237,26
"2784","small_scale","economic_risk","medium",13720,0.1372,26
"2785","small_scale","economic_risk","high",10535,0.10535,26
"2786","small_scale","economic_risk","not_relevant",14508,0.14508,26
"2787","small_scale","go_fishing","no",44944,0.44944,26
"2788","small_scale","go_fishing","yes",55056,0.55056,26
"2789","small_scale","individual_importance","medium",3654,0.03654,26
"2790","small_scale","individual_importance","high",96346,0.96346,26
"2791","small_scale","individual_risk","low",29865,0.29865,26
"2792","small_scale","individual_risk","medium",40894,0.40894,26
"2793","small_scale","individual_risk","high",14733,0.14733,26
"2794","small_scale","individual_risk","not_relevant",14508,0.14508,26
"2795","small_scale","societal_importance","high",100000,1,26
"2796","small_scale","societal_risk","low",29865,0.29865,26
"2797","small_scale","societal_risk","medium",40344,0.40344,26
"2798","small_scale","societal_risk","high",15283,0.15283,26
"2799","small_scale","societal_risk","not_relevant",14508,0.14508,26
"2800","small_scale","strategy_to_change","not_relevant",14508,0.14508,26
"2801","small_scale","strategy_to_change","cope",64101,0.64101,26
"2802","small_scale","strategy_to_change","react",20134,0.20134,26
"2803","small_scale","strategy_to_change","adapt",1257,0.01257,26
"2804","small_scale","substitution_capacity","no",34122,0.34122,26
"2805","small_scale","substitution_capacity","yes",65878,0.65878,26
"2806","household","economic_buffers","low",100000,1,26
"2807","household","economic_risk","low",72121,0.72121,26
"2808","household","economic_risk","medium",5046,0.05046,26
"2809","household","economic_risk","high",8547,0.08547,26
"2810","household","economic_risk","not_relevant",14286,0.14286,26
"2811","household","go_fishing","no",64136,0.64136,26
"2812","household","go_fishing","yes",35864,0.35864,26
"2813","household","individual_importance","medium",50981,0.50981,26
"2814","household","individual_importance","high",49019,0.49019,26
"2815","household","individual_risk","low",22380,0.2238,26
"2816","household","individual_risk","medium",63104,0.63104,26
"2817","household","individual_risk","high",230,0.0023,26
"2818","household","individual_risk","not_relevant",14286,0.14286,26
"2819","household","societal_importance","medium",84995,0.84995,26
"2820","household","societal_importance","high",15005,0.15005,26
"2821","household","societal_risk","low",22380,0.2238,26
"2822","household","societal_risk","medium",63265,0.63265,26
"2823","household","societal_risk","high",69,0.00069,26
"2824","household","societal_risk","not_relevant",14286,0.14286,26
"2825","household","strategy_to_change","not_relevant",14286,0.14286,26
"2826","household","strategy_to_change","cope",68645,0.68645,26
"2827","household","strategy_to_change","react",17069,0.17069,26
"2828","household","substitution_capacity","yes",100000,1,26
"2829","trawler","economic_buffers","medium",53901,0.53901,26
"2830","trawler","economic_buffers","high",46099,0.46099,26
"2831","trawler","economic_risk","low",89669,0.89669,26
"2832","trawler","economic_risk","medium",4874,0.04874,26
"2833","trawler","economic_risk","high",5457,0.05457,26
"2834","trawler","go_fishing","no",10767,0.10767,26
"2835","trawler","go_fishing","yes",89233,0.89233,26
"2836","trawler","individual_importance","high",100000,1,26
"2837","trawler","individual_risk","low",43290,0.4329,26
"2838","trawler","individual_risk","medium",41184,0.41184,26
"2839","trawler","individual_risk","high",15526,0.15526,26
"2840","trawler","societal_importance","high",100000,1,26
"2841","trawler","societal_risk","low",43290,0.4329,26
"2842","trawler","societal_risk","medium",41184,0.41184,26
"2843","trawler","societal_risk","high",15526,0.15526,26
"2844","trawler","strategy_to_change","cope",55143,0.55143,26
"2845","trawler","strategy_to_change","react",44857,0.44857,26
"2846","trawler","substitution_capacity","yes",100000,1,26
"2847","guide","economic_buffers","low",93037,0.93037,26
"2848","guide","economic_buffers","medium",6963,0.06963,26
"2849","guide","economic_risk","low",24207,0.24207,26
"2850","guide","economic_risk","medium",7148,0.07148,26
"2851","guide","economic_risk","high",68645,0.68645,26
"2852","guide","go_fishing","no",66425,0.66425,26
"2853","guide","go_fishing","yes",33575,0.33575,26
"2854","guide","individual_importance","high",100000,1,26
"2855","guide","individual_risk","low",14581,0.14581,26
"2856","guide","individual_risk","medium",13657,0.13657,26
"2857","guide","individual_risk","high",71762,0.71762,26
"2858","guide","societal_importance","medium",79906,0.79906,26
"2859","guide","societal_importance","high",20094,0.20094,26
"2860","guide","societal_risk","low",14581,0.14581,26
"2861","guide","societal_risk","medium",71064,0.71064,26
"2862","guide","societal_risk","high",14355,0.14355,26
"2863","guide","strategy_to_change","cope",77720,0.7772,26
"2864","guide","strategy_to_change","react",4887,0.04887,26
"2865","guide","strategy_to_change","adapt",17393,0.17393,26
"2866","guide","substitution_capacity","no",100000,1,26
"2867","recreational","economic_buffers","low",100000,1,27
"2868","recreational","economic_risk","low",53948,0.53948,27
"2869","recreational","economic_risk","medium",9077,0.09077,27
"2870","recreational","economic_risk","high",22664,0.22664,27
"2871","recreational","economic_risk","not_relevant",14311,0.14311,27
"2872","recreational","go_fishing","no",31894,0.31894,27
"2873","recreational","go_fishing","yes",68106,0.68106,27
"2874","recreational","individual_importance","medium",60669,0.60669,27
"2875","recreational","individual_importance","high",39331,0.39331,27
"2876","recreational","individual_risk","low",38249,0.38249,27
"2877","recreational","individual_risk","medium",46585,0.46585,27
"2878","recreational","individual_risk","high",855,0.00855,27
"2879","recreational","individual_risk","not_relevant",14311,0.14311,27
"2880","recreational","societal_importance","medium",61481,0.61481,27
"2881","recreational","societal_importance","high",38519,0.38519,27
"2882","recreational","societal_risk","low",38249,0.38249,27
"2883","recreational","societal_risk","medium",46596,0.46596,27
"2884","recreational","societal_risk","high",844,0.00844,27
"2885","recreational","societal_risk","not_relevant",14311,0.14311,27
"2886","recreational","strategy_to_change","not_relevant",14311,0.14311,27
"2887","recreational","strategy_to_change","cope",45650,0.4565,27
"2888","recreational","strategy_to_change","react",15208,0.15208,27
"2889","recreational","strategy_to_change","adapt",24831,0.24831,27
"2890","recreational","substitution_capacity","yes",100000,1,27
"2891","small_scale","economic_buffers","low",93910,0.9391,27
"2892","small_scale","economic_buffers","medium",6090,0.0609,27
"2893","small_scale","economic_risk","low",50267,0.50267,27
"2894","small_scale","economic_risk","medium",20596,0.20596,27
"2895","small_scale","economic_risk","high",14850,0.1485,27
"2896","small_scale","economic_risk","not_relevant",14287,0.14287,27
"2897","small_scale","go_fishing","no",32181,0.32181,27
"2898","small_scale","go_fishing","yes",67819,0.67819,27
"2899","small_scale","individual_importance","medium",8657,0.08657,27
"2900","small_scale","individual_importance","high",91343,0.91343,27
"2901","small_scale","individual_risk","low",38024,0.38024,27
"2902","small_scale","individual_risk","medium",39458,0.39458,27
"2903","small_scale","individual_risk","high",8231,0.08231,27
"2904","small_scale","individual_risk","not_relevant",14287,0.14287,27
"2905","small_scale","societal_importance","high",100000,1,27
"2906","small_scale","societal_risk","low",38024,0.38024,27
"2907","small_scale","societal_risk","medium",38663,0.38663,27
"2908","small_scale","societal_risk","high",9026,0.09026,27
"2909","small_scale","societal_risk","not_relevant",14287,0.14287,27
"2910","small_scale","strategy_to_change","not_relevant",14287,0.14287,27
"2911","small_scale","strategy_to_change","cope",54437,0.54437,27
"2912","small_scale","strategy_to_change","react",28597,0.28597,27
"2913","small_scale","strategy_to_change","adapt",2679,0.02679,27
"2914","small_scale","substitution_capacity","no",21824,0.21824,27
"2915","small_scale","substitution_capacity","yes",78176,0.78176,27
"2916","household","economic_buffers","low",100000,1,27
"2917","household","economic_risk","low",70518,0.70518,27
"2918","household","economic_risk","medium",5600,0.056,27
"2919","household","economic_risk","high",9671,0.09671,27
"2920","household","economic_risk","not_relevant",14211,0.14211,27
"2921","household","go_fishing","no",61037,0.61037,27
"2922","household","go_fishing","yes",38963,0.38963,27
"2923","household","individual_importance","medium",46018,0.46018,27
"2924","household","individual_importance","high",53982,0.53982,27
"2925","household","individual_risk","low",23872,0.23872,27
"2926","household","individual_risk","medium",61654,0.61654,27
"2927","household","individual_risk","high",263,0.00263,27
"2928","household","individual_risk","not_relevant",14211,0.14211,27
"2929","household","societal_importance","medium",80864,0.80864,27
"2930","household","societal_importance","high",19136,0.19136,27
"2931","household","societal_risk","low",23872,0.23872,27
"2932","household","societal_risk","medium",61832,0.61832,27
"2933","household","societal_risk","high",85,0.00085,27
"2934","household","societal_risk","not_relevant",14211,0.14211,27
"2935","household","strategy_to_change","not_relevant",14211,0.14211,27
"2936","household","strategy_to_change","cope",67898,0.67898,27
"2937","household","strategy_to_change","react",17891,0.17891,27
"2938","household","substitution_capacity","yes",100000,1,27
"2939","trawler","economic_buffers","medium",48080,0.4808,27
"2940","trawler","economic_buffers","high",51920,0.5192,27
"2941","trawler","economic_risk","low",88776,0.88776,27
"2942","trawler","economic_risk","medium",5860,0.0586,27
"2943","trawler","economic_risk","high",5364,0.05364,27
"2944","trawler","go_fishing","no",9346,0.09346,27
"2945","trawler","go_fishing","yes",90654,0.90654,27
"2946","trawler","individual_importance","high",100000,1,27
"2947","trawler","individual_risk","low",45065,0.45065,27
"2948","trawler","individual_risk","medium",37754,0.37754,27
"2949","trawler","individual_risk","high",17181,0.17181,27
"2950","trawler","societal_importance","high",100000,1,27
"2951","trawler","societal_risk","low",45065,0.45065,27
"2952","trawler","societal_risk","medium",37754,0.37754,27
"2953","trawler","societal_risk","high",17181,0.17181,27
"2954","trawler","strategy_to_change","cope",55860,0.5586,27
"2955","trawler","strategy_to_change","react",44140,0.4414,27
"2956","trawler","substitution_capacity","yes",100000,1,27
"2957","guide","economic_buffers","low",93980,0.9398,27
"2958","guide","economic_buffers","medium",6020,0.0602,27
"2959","guide","economic_risk","low",25700,0.257,27
"2960","guide","economic_risk","medium",5193,0.05193,27
"2961","guide","economic_risk","high",69107,0.69107,27
"2962","guide","go_fishing","no",67602,0.67602,27
"2963","guide","go_fishing","yes",32398,0.32398,27
"2964","guide","individual_importance","high",100000,1,27
"2965","guide","individual_risk","low",13172,0.13172,27
"2966","guide","individual_risk","medium",13026,0.13026,27
"2967","guide","individual_risk","high",73802,0.73802,27
"2968","guide","societal_importance","medium",79953,0.79953,27
"2969","guide","societal_importance","high",20047,0.20047,27
"2970","guide","societal_risk","low",13172,0.13172,27
"2971","guide","societal_risk","medium",72092,0.72092,27
"2972","guide","societal_risk","high",14736,0.14736,27
"2973","guide","strategy_to_change","cope",79255,0.79255,27
"2974","guide","strategy_to_change","react",2226,0.02226,27
"2975","guide","strategy_to_change","adapt",18519,0.18519,27
"2976","guide","substitution_capacity","no",100000,1,27
"2977","recreational","economic_buffers","low",100000,1,28
"2978","recreational","economic_risk","low",54135,0.54135,28
"2979","recreational","economic_risk","medium",10531,0.10531,28
"2980","recreational","economic_risk","high",20993,0.20993,28
"2981","recreational","economic_risk","not_relevant",14341,0.14341,28
"2982","recreational","go_fishing","no",36565,0.36565,28
"2983","recreational","go_fishing","yes",63435,0.63435,28
"2984","recreational","individual_importance","medium",43430,0.4343,28
"2985","recreational","individual_importance","high",56570,0.5657,28
"2986","recreational","individual_risk","low",33219,0.33219,28
"2987","recreational","individual_risk","medium",35215,0.35215,28
"2988","recreational","individual_risk","high",17225,0.17225,28
"2989","recreational","individual_risk","not_relevant",14341,0.14341,28
"2990","recreational","societal_importance","medium",62067,0.62067,28
"2991","recreational","societal_importance","high",37933,0.37933,28
"2992","recreational","societal_risk","low",33219,0.33219,28
"2993","recreational","societal_risk","medium",40815,0.40815,28
"2994","recreational","societal_risk","high",11625,0.11625,28
"2995","recreational","societal_risk","not_relevant",14341,0.14341,28
"2996","recreational","strategy_to_change","not_relevant",14341,0.14341,28
"2997","recreational","strategy_to_change","cope",43609,0.43609,28
"2998","recreational","strategy_to_change","react",17720,0.1772,28
"2999","recreational","strategy_to_change","adapt",24330,0.2433,28
"3000","recreational","substitution_capacity","no",100000,1,28
"3001","small_scale","economic_buffers","low",95349,0.95349,28
"3002","small_scale","economic_buffers","medium",4651,0.04651,28
"3003","small_scale","economic_risk","low",44841,0.44841,28
"3004","small_scale","economic_risk","medium",23041,0.23041,28
"3005","small_scale","economic_risk","high",17827,0.17827,28
"3006","small_scale","economic_risk","not_relevant",14291,0.14291,28
"3007","small_scale","go_fishing","no",37343,0.37343,28
"3008","small_scale","go_fishing","yes",62657,0.62657,28
"3009","small_scale","individual_importance","medium",7151,0.07151,28
"3010","small_scale","individual_importance","high",92849,0.92849,28
"3011","small_scale","individual_risk","low",32134,0.32134,28
"3012","small_scale","individual_risk","medium",31761,0.31761,28
"3013","small_scale","individual_risk","high",21814,0.21814,28
"3014","small_scale","individual_risk","not_relevant",14291,0.14291,28
"3015","small_scale","societal_importance","high",100000,1,28
"3016","small_scale","societal_risk","low",32134,0.32134,28
"3017","small_scale","societal_risk","medium",30133,0.30133,28
"3018","small_scale","societal_risk","high",23442,0.23442,28
"3019","small_scale","societal_risk","not_relevant",14291,0.14291,28
"3020","small_scale","strategy_to_change","not_relevant",14291,0.14291,28
"3021","small_scale","strategy_to_change","cope",60615,0.60615,28
"3022","small_scale","strategy_to_change","react",24197,0.24197,28
"3023","small_scale","strategy_to_change","adapt",897,0.00897,28
"3024","small_scale","substitution_capacity","no",68634,0.68634,28
"3025","small_scale","substitution_capacity","yes",31366,0.31366,28
"3026","household","economic_buffers","low",100000,1,28
"3027","household","economic_risk","low",70683,0.70683,28
"3028","household","economic_risk","medium",5427,0.05427,28
"3029","household","economic_risk","high",9666,0.09666,28
"3030","household","economic_risk","not_relevant",14224,0.14224,28
"3031","household","go_fishing","no",60342,0.60342,28
"3032","household","go_fishing","yes",39658,0.39658,28
"3033","household","individual_importance","medium",56066,0.56066,28
"3034","household","individual_importance","high",43934,0.43934,28
"3035","household","individual_risk","low",22715,0.22715,28
"3036","household","individual_risk","medium",62894,0.62894,28
"3037","household","individual_risk","high",167,0.00167,28
"3038","household","individual_risk","not_relevant",14224,0.14224,28
"3039","household","societal_importance","medium",75924,0.75924,28
"3040","household","societal_importance","high",24076,0.24076,28
"3041","household","societal_risk","low",22715,0.22715,28
"3042","household","societal_risk","medium",62993,0.62993,28
"3043","household","societal_risk","high",68,0.00068,28
"3044","household","societal_risk","not_relevant",14224,0.14224,28
"3045","household","strategy_to_change","not_relevant",14224,0.14224,28
"3046","household","strategy_to_change","cope",67320,0.6732,28
"3047","household","strategy_to_change","react",18456,0.18456,28
"3048","household","substitution_capacity","yes",100000,1,28
"3049","trawler","economic_buffers","medium",49201,0.49201,28
"3050","trawler","economic_buffers","high",50799,0.50799,28
"3051","trawler","economic_risk","low",92472,0.92472,28
"3052","trawler","economic_risk","medium",4032,0.04032,28
"3053","trawler","economic_risk","high",3496,0.03496,28
"3054","trawler","go_fishing","no",11901,0.11901,28
"3055","trawler","go_fishing","yes",88099,0.88099,28
"3056","trawler","individual_importance","high",100000,1,28
"3057","trawler","individual_risk","low",42288,0.42288,28
"3058","trawler","individual_risk","medium",45188,0.45188,28
"3059","trawler","individual_risk","high",12524,0.12524,28
"3060","trawler","societal_importance","high",100000,1,28
"3061","trawler","societal_risk","low",42288,0.42288,28
"3062","trawler","societal_risk","medium",45188,0.45188,28
"3063","trawler","societal_risk","high",12524,0.12524,28
"3064","trawler","strategy_to_change","cope",56691,0.56691,28
"3065","trawler","strategy_to_change","react",43309,0.43309,28
"3066","trawler","substitution_capacity","yes",100000,1,28
"3067","guide","economic_buffers","low",95968,0.95968,28
"3068","guide","economic_buffers","medium",4032,0.04032,28
"3069","guide","economic_risk","low",29306,0.29306,28
"3070","guide","economic_risk","medium",4614,0.04614,28
"3071","guide","economic_risk","high",66080,0.6608,28
"3072","guide","go_fishing","no",65030,0.6503,28
"3073","guide","go_fishing","yes",34970,0.3497,28
"3074","guide","individual_importance","high",100000,1,28
"3075","guide","individual_risk","low",13335,0.13335,28
"3076","guide","individual_risk","medium",15302,0.15302,28
"3077","guide","individual_risk","high",71363,0.71363,28
"3078","guide","societal_importance","medium",80959,0.80959,28
"3079","guide","societal_importance","high",19041,0.19041,28
"3080","guide","societal_risk","low",13335,0.13335,28
"3081","guide","societal_risk","medium",73160,0.7316,28
"3082","guide","societal_risk","high",13505,0.13505,28
"3083","guide","strategy_to_change","cope",77208,0.77208,28
"3084","guide","strategy_to_change","react",3754,0.03754,28
"3085","guide","strategy_to_change","adapt",19038,0.19038,28
"3086","guide","substitution_capacity","no",100000,1,28
"3087","recreational","economic_buffers","low",100000,1,29
"3088","recreational","economic_risk","low",73463,0.73463,29
"3089","recreational","economic_risk","medium",7438,0.07438,29
"3090","recreational","economic_risk","high",4815,0.04815,29
"3091","recreational","economic_risk","not_relevant",14284,0.14284,29
"3092","recreational","go_fishing","no",51818,0.51818,29
"3093","recreational","go_fishing","yes",48182,0.48182,29
"3094","recreational","individual_importance","medium",49263,0.49263,29
"3095","recreational","individual_importance","high",50737,0.50737,29
"3096","recreational","individual_risk","low",27740,0.2774,29
"3097","recreational","individual_risk","medium",34655,0.34655,29
"3098","recreational","individual_risk","high",23321,0.23321,29
"3099","recreational","individual_risk","not_relevant",14284,0.14284,29
"3100","recreational","societal_importance","medium",84679,0.84679,29
"3101","recreational","societal_importance","high",15321,0.15321,29
"3102","recreational","societal_risk","low",27740,0.2774,29
"3103","recreational","societal_risk","medium",50977,0.50977,29
"3104","recreational","societal_risk","high",6999,0.06999,29
"3105","recreational","societal_risk","not_relevant",14284,0.14284,29
"3106","recreational","strategy_to_change","not_relevant",14284,0.14284,29
"3107","recreational","strategy_to_change","cope",44780,0.4478,29
"3108","recreational","strategy_to_change","react",12539,0.12539,29
"3109","recreational","strategy_to_change","adapt",28397,0.28397,29
"3110","recreational","substitution_capacity","no",100000,1,29
"3111","small_scale","economic_buffers","low",95954,0.95954,29
"3112","small_scale","economic_buffers","medium",4046,0.04046,29
"3113","small_scale","economic_risk","low",41644,0.41644,29
"3114","small_scale","economic_risk","medium",24551,0.24551,29
"3115","small_scale","economic_risk","high",19553,0.19553,29
"3116","small_scale","economic_risk","not_relevant",14252,0.14252,29
"3117","small_scale","go_fishing","no",43036,0.43036,29
"3118","small_scale","go_fishing","yes",56964,0.56964,29
"3119","small_scale","individual_importance","medium",23373,0.23373,29
"3120","small_scale","individual_importance","high",76627,0.76627,29
"3121","small_scale","individual_risk","low",31689,0.31689,29
"3122","small_scale","individual_risk","medium",32736,0.32736,29
"3123","small_scale","individual_risk","high",21323,0.21323,29
"3124","small_scale","individual_risk","not_relevant",14252,0.14252,29
"3125","small_scale","societal_importance","high",100000,1,29
"3126","small_scale","societal_risk","low",31689,0.31689,29
"3127","small_scale","societal_risk","medium",26176,0.26176,29
"3128","small_scale","societal_risk","high",27883,0.27883,29
"3129","small_scale","societal_risk","not_relevant",14252,0.14252,29
"3130","small_scale","strategy_to_change","not_relevant",14252,0.14252,29
"3131","small_scale","strategy_to_change","cope",62040,0.6204,29
"3132","small_scale","strategy_to_change","react",22251,0.22251,29
"3133","small_scale","strategy_to_change","adapt",1457,0.01457,29
"3134","small_scale","substitution_capacity","no",70081,0.70081,29
"3135","small_scale","substitution_capacity","yes",29919,0.29919,29
"3136","household","economic_buffers","low",100000,1,29
"3137","household","economic_risk","low",71982,0.71982,29
"3138","household","economic_risk","medium",5270,0.0527,29
"3139","household","economic_risk","high",8488,0.08488,29
"3140","household","economic_risk","not_relevant",14260,0.1426,29
"3141","household","go_fishing","no",62852,0.62852,29
"3142","household","go_fishing","yes",37148,0.37148,29
"3143","household","individual_importance","medium",51833,0.51833,29
"3144","household","individual_importance","high",48167,0.48167,29
"3145","household","individual_risk","low",22827,0.22827,29
"3146","household","individual_risk","medium",62641,0.62641,29
"3147","household","individual_risk","high",272,0.00272,29
"3148","household","individual_risk","not_relevant",14260,0.1426,29
"3149","household","societal_importance","medium",77886,0.77886,29
"3150","household","societal_importance","high",22114,0.22114,29
"3151","household","societal_risk","low",22827,0.22827,29
"3152","household","societal_risk","medium",62793,0.62793,29
"3153","household","societal_risk","high",120,0.0012,29
"3154","household","societal_risk","not_relevant",14260,0.1426,29
"3155","household","strategy_to_change","not_relevant",14260,0.1426,29
"3156","household","strategy_to_change","cope",67627,0.67627,29
"3157","household","strategy_to_change","react",18113,0.18113,29
"3158","household","substitution_capacity","yes",100000,1,29
"3159","trawler","economic_buffers","medium",52818,0.52818,29
"3160","trawler","economic_buffers","high",47182,0.47182,29
"3161","trawler","economic_risk","low",91403,0.91403,29
"3162","trawler","economic_risk","medium",4197,0.04197,29
"3163","trawler","economic_risk","high",4400,0.044,29
"3164","trawler","go_fishing","no",11335,0.11335,29
"3165","trawler","go_fishing","yes",88665,0.88665,29
"3166","trawler","individual_importance","high",100000,1,29
"3167","trawler","individual_risk","low",45125,0.45125,29
"3168","trawler","individual_risk","medium",40218,0.40218,29
"3169","trawler","individual_risk","high",14657,0.14657,29
"3170","trawler","societal_importance","high",100000,1,29
"3171","trawler","societal_risk","low",45125,0.45125,29
"3172","trawler","societal_risk","medium",40218,0.40218,29
"3173","trawler","societal_risk","high",14657,0.14657,29
"3174","trawler","strategy_to_change","cope",56693,0.56693,29
"3175","trawler","strategy_to_change","react",43307,0.43307,29
"3176","trawler","substitution_capacity","yes",100000,1,29
"3177","guide","economic_buffers","low",95951,0.95951,29
"3178","guide","economic_buffers","medium",4049,0.04049,29
"3179","guide","economic_risk","low",25641,0.25641,29
"3180","guide","economic_risk","medium",5432,0.05432,29
"3181","guide","economic_risk","high",68927,0.68927,29
"3182","guide","go_fishing","no",65652,0.65652,29
"3183","guide","go_fishing","yes",34348,0.34348,29
"3184","guide","individual_importance","high",100000,1,29
"3185","guide","individual_risk","low",16658,0.16658,29
"3186","guide","individual_risk","medium",12717,0.12717,29
"3187","guide","individual_risk","high",70625,0.70625,29
"3188","guide","societal_importance","medium",76016,0.76016,29
"3189","guide","societal_importance","high",23984,0.23984,29
"3190","guide","societal_risk","low",16658,0.16658,29
"3191","guide","societal_risk","medium",66360,0.6636,29
"3192","guide","societal_risk","high",16982,0.16982,29
"3193","guide","strategy_to_change","cope",77634,0.77634,29
"3194","guide","strategy_to_change","react",5162,0.05162,29
"3195","guide","strategy_to_change","adapt",17204,0.17204,29
"3196","guide","substitution_capacity","no",100000,1,29
"3197","recreational","economic_buffers","low",100000,1,30
"3198","recreational","economic_risk","low",73457,0.73457,30
"3199","recreational","economic_risk","medium",4911,0.04911,30
"3200","recreational","economic_risk","high",7421,0.07421,30
"3201","recreational","economic_risk","not_relevant",14211,0.14211,30
"3202","recreational","go_fishing","no",48093,0.48093,30
"3203","recreational","go_fishing","yes",51907,0.51907,30
"3204","recreational","individual_importance","medium",54826,0.54826,30
"3205","recreational","individual_importance","high",45174,0.45174,30
"3206","recreational","individual_risk","low",26350,0.2635,30
"3207","recreational","individual_risk","medium",58421,0.58421,30
"3208","recreational","individual_risk","high",1018,0.01018,30
"3209","recreational","individual_risk","not_relevant",14211,0.14211,30
"3210","recreational","societal_importance","medium",85321,0.85321,30
"3211","recreational","societal_importance","high",14679,0.14679,30
"3212","recreational","societal_risk","low",26350,0.2635,30
"3213","recreational","societal_risk","medium",59145,0.59145,30
"3214","recreational","societal_risk","high",294,0.00294,30
"3215","recreational","societal_risk","not_relevant",14211,0.14211,30
"3216","recreational","strategy_to_change","not_relevant",14211,0.14211,30
"3217","recreational","strategy_to_change","cope",48152,0.48152,30
"3218","recreational","strategy_to_change","react",8183,0.08183,30
"3219","recreational","strategy_to_change","adapt",29454,0.29454,30
"3220","recreational","substitution_capacity","yes",100000,1,30
"3221","small_scale","economic_buffers","low",95998,0.95998,30
"3222","small_scale","economic_buffers","medium",4002,0.04002,30
"3223","small_scale","economic_risk","low",46226,0.46226,30
"3224","small_scale","economic_risk","medium",22277,0.22277,30
"3225","small_scale","economic_risk","high",17128,0.17128,30
"3226","small_scale","economic_risk","not_relevant",14369,0.14369,30
"3227","small_scale","go_fishing","no",40758,0.40758,30
"3228","small_scale","go_fishing","yes",59242,0.59242,30
"3229","small_scale","individual_importance","medium",2700,0.027,30
"3230","small_scale","individual_importance","high",97300,0.973,30
"3231","small_scale","individual_risk","low",33377,0.33377,30
"3232","small_scale","individual_risk","medium",34771,0.34771,30
"3233","small_scale","individual_risk","high",17483,0.17483,30
"3234","small_scale","individual_risk","not_relevant",14369,0.14369,30
"3235","small_scale","societal_importance","high",100000,1,30
"3236","small_scale","societal_risk","low",33377,0.33377,30
"3237","small_scale","societal_risk","medium",34301,0.34301,30
"3238","small_scale","societal_risk","high",17953,0.17953,30
"3239","small_scale","societal_risk","not_relevant",14369,0.14369,30
"3240","small_scale","strategy_to_change","not_relevant",14369,0.14369,30
"3241","small_scale","strategy_to_change","cope",56600,0.566,30
"3242","small_scale","strategy_to_change","react",28523,0.28523,30
"3243","small_scale","strategy_to_change","adapt",508,0.00508,30
"3244","small_scale","substitution_capacity","no",46196,0.46196,30
"3245","small_scale","substitution_capacity","yes",53804,0.53804,30
"3246","household","economic_buffers","low",100000,1,30
"3247","household","economic_risk","low",69351,0.69351,30
"3248","household","economic_risk","medium",6279,0.06279,30
"3249","household","economic_risk","high",10068,0.10068,30
"3250","household","economic_risk","not_relevant",14302,0.14302,30
"3251","household","go_fishing","no",61145,0.61145,30
"3252","household","go_fishing","yes",38855,0.38855,30
"3253","household","individual_importance","medium",47812,0.47812,30
"3254","household","individual_importance","high",52188,0.52188,30
"3255","household","individual_risk","low",24206,0.24206,30
"3256","household","individual_risk","medium",61268,0.61268,30
"3257","household","individual_risk","high",224,0.00224,30
"3258","household","individual_risk","not_relevant",14302,0.14302,30
"3259","household","societal_importance","medium",73004,0.73004,30
"3260","household","societal_importance","high",26996,0.26996,30
"3261","household","societal_risk","low",24206,0.24206,30
"3262","household","societal_risk","medium",61379,0.61379,30
"3263","household","societal_risk","high",113,0.00113,30
"3264","household","societal_risk","not_relevant",14302,0.14302,30
"3265","household","strategy_to_change","not_relevant",14302,0.14302,30
"3266","household","strategy_to_change","cope",66013,0.66013,30
"3267","household","strategy_to_change","react",19685,0.19685,30
"3268","household","substitution_capacity","yes",100000,1,30
"3269","trawler","economic_buffers","medium",51973,0.51973,30
"3270","trawler","economic_buffers","high",48027,0.48027,30
"3271","trawler","economic_risk","low",88373,0.88373,30
"3272","trawler","economic_risk","medium",5645,0.05645,30
"3273","trawler","economic_risk","high",5982,0.05982,30
"3274","trawler","go_fishing","no",6751,0.06751,30
"3275","trawler","go_fishing","yes",93249,0.93249,30
"3276","trawler","individual_importance","high",100000,1,30
"3277","trawler","individual_risk","low",46277,0.46277,30
"3278","trawler","individual_risk","medium",35691,0.35691,30
"3279","trawler","individual_risk","high",18032,0.18032,30
"3280","trawler","societal_importance","high",100000,1,30
"3281","trawler","societal_risk","low",46277,0.46277,30
"3282","trawler","societal_risk","medium",35691,0.35691,30
"3283","trawler","societal_risk","high",18032,0.18032,30
"3284","trawler","strategy_to_change","cope",54813,0.54813,30
"3285","trawler","strategy_to_change","react",45187,0.45187,30
"3286","trawler","substitution_capacity","yes",100000,1,30
"3287","guide","economic_buffers","low",95975,0.95975,30
"3288","guide","economic_buffers","medium",4025,0.04025,30
"3289","guide","economic_risk","low",22774,0.22774,30
"3290","guide","economic_risk","medium",3999,0.03999,30
"3291","guide","economic_risk","high",73227,0.73227,30
"3292","guide","go_fishing","no",67031,0.67031,30
"3293","guide","go_fishing","yes",32969,0.32969,30
"3294","guide","individual_importance","high",100000,1,30
"3295","guide","individual_risk","low",12289,0.12289,30
"3296","guide","individual_risk","medium",13832,0.13832,30
"3297","guide","individual_risk","high",73879,0.73879,30
"3298","guide","societal_importance","medium",82020,0.8202,30
"3299","guide","societal_importance","high",17980,0.1798,30
"3300","guide","societal_risk","low",12289,0.12289,30
"3301","guide","societal_risk","medium",74340,0.7434,30
"3302","guide","societal_risk","high",13371,0.13371,30
"3303","guide","strategy_to_change","cope",84802,0.84802,30
"3304","guide","strategy_to_change","react",2574,0.02574,30
"3305","guide","strategy_to_change","adapt",12624,0.12624,30
"3306","guide","substitution_capacity","no",100000,1,30
"3307","recreational","economic_buffers","low",100000,1,31
"3308","recreational","economic_risk","low",72628,0.72628,31
"3309","recreational","economic_risk","medium",6335,0.06335,31
"3310","recreational","economic_risk","high",6789,0.06789,31
"3311","recreational","economic_risk","not_relevant",14248,0.14248,31
"3312","recreational","go_fishing","no",45182,0.45182,31
"3313","recreational","go_fishing","yes",54818,0.54818,31
"3314","recreational","individual_importance","medium",57441,0.57441,31
"3315","recreational","individual_importance","high",42559,0.42559,31
"3316","recreational","individual_risk","low",25326,0.25326,31
"3317","recreational","individual_risk","medium",43214,0.43214,31
"3318","recreational","individual_risk","high",17212,0.17212,31
"3319","recreational","individual_risk","not_relevant",14248,0.14248,31
"3320","recreational","societal_importance","medium",76471,0.76471,31
"3321","recreational","societal_importance","high",23529,0.23529,31
"3322","recreational","societal_risk","low",25326,0.25326,31
"3323","recreational","societal_risk","medium",51035,0.51035,31
"3324","recreational","societal_risk","high",9391,0.09391,31
"3325","recreational","societal_risk","not_relevant",14248,0.14248,31
"3326","recreational","strategy_to_change","not_relevant",14248,0.14248,31
"3327","recreational","strategy_to_change","cope",47505,0.47505,31
"3328","recreational","strategy_to_change","react",10675,0.10675,31
"3329","recreational","strategy_to_change","adapt",27572,0.27572,31
"3330","recreational","substitution_capacity","no",100000,1,31
"3331","small_scale","economic_buffers","low",86917,0.86917,31
"3332","small_scale","economic_buffers","medium",13083,0.13083,31
"3333","small_scale","economic_risk","low",45729,0.45729,31
"3334","small_scale","economic_risk","medium",22364,0.22364,31
"3335","small_scale","economic_risk","high",17663,0.17663,31
"3336","small_scale","economic_risk","not_relevant",14244,0.14244,31
"3337","small_scale","go_fishing","no",45731,0.45731,31
"3338","small_scale","go_fishing","yes",54269,0.54269,31
"3339","small_scale","individual_importance","medium",10036,0.10036,31
"3340","small_scale","individual_importance","high",89964,0.89964,31
"3341","small_scale","individual_risk","low",29539,0.29539,31
"3342","small_scale","individual_risk","medium",32965,0.32965,31
"3343","small_scale","individual_risk","high",23252,0.23252,31
"3344","small_scale","individual_risk","not_relevant",14244,0.14244,31
"3345","small_scale","societal_importance","high",100000,1,31
"3346","small_scale","societal_risk","low",29539,0.29539,31
"3347","small_scale","societal_risk","medium",30454,0.30454,31
"3348","small_scale","societal_risk","high",25763,0.25763,31
"3349","small_scale","societal_risk","not_relevant",14244,0.14244,31
"3350","small_scale","strategy_to_change","not_relevant",14244,0.14244,31
"3351","small_scale","strategy_to_change","cope",64409,0.64409,31
"3352","small_scale","strategy_to_change","react",20725,0.20725,31
"3353","small_scale","strategy_to_change","adapt",622,0.00622,31
"3354","small_scale","substitution_capacity","no",60607,0.60607,31
"3355","small_scale","substitution_capacity","yes",39393,0.39393,31
"3356","household","economic_buffers","low",100000,1,31
"3357","household","economic_risk","low",71665,0.71665,31
"3358","household","economic_risk","medium",4829,0.04829,31
"3359","household","economic_risk","high",9249,0.09249,31
"3360","household","economic_risk","not_relevant",14257,0.14257,31
"3361","household","go_fishing","no",64588,0.64588,31
"3362","household","go_fishing","yes",35412,0.35412,31
"3363","household","individual_importance","medium",48061,0.48061,31
"3364","household","individual_importance","high",51939,0.51939,31
"3365","household","individual_risk","low",22363,0.22363,31
"3366","household","individual_risk","medium",63240,0.6324,31
"3367","household","individual_risk","high",140,0.0014,31
"3368","household","individual_risk","not_relevant",14257,0.14257,31
"3369","household","societal_importance","medium",81275,0.81275,31
"3370","household","societal_importance","high",18725,0.18725,31
"3371","household","societal_risk","low",22363,0.22363,31
"3372","household","societal_risk","medium",63317,0.63317,31
"3373","household","societal_risk","high",63,0.00063,31
"3374","household","societal_risk","not_relevant",14257,0.14257,31
"3375","household","strategy_to_change","not_relevant",14257,0.14257,31
"3376","household","strategy_to_change","cope",69607,0.69607,31
"3377","household","strategy_to_change","react",16136,0.16136,31
"3378","household","substitution_capacity","yes",100000,1,31
"3379","trawler","economic_buffers","medium",59950,0.5995,31
"3380","trawler","economic_buffers","high",40050,0.4005,31
"3381","trawler","economic_risk","low",89191,0.89191,31
"3382","trawler","economic_risk","medium",4468,0.04468,31
"3383","trawler","economic_risk","high",6341,0.06341,31
"3384","trawler","go_fishing","no",11940,0.1194,31
"3385","trawler","go_fishing","yes",88060,0.8806,31
"3386","trawler","individual_importance","high",100000,1,31
"3387","trawler","individual_risk","low",44975,0.44975,31
"3388","trawler","individual_risk","medium",40080,0.4008,31
"3389","trawler","individual_risk","high",14945,0.14945,31
"3390","trawler","societal_importance","high",100000,1,31
"3391","trawler","societal_risk","low",44975,0.44975,31
"3392","trawler","societal_risk","medium",40080,0.4008,31
"3393","trawler","societal_risk","high",14945,0.14945,31
"3394","trawler","strategy_to_change","cope",56282,0.56282,31
"3395","trawler","strategy_to_change","react",43718,0.43718,31
"3396","trawler","substitution_capacity","yes",100000,1,31
"3397","guide","economic_buffers","low",97024,0.97024,31
"3398","guide","economic_buffers","medium",2976,0.02976,31
"3399","guide","economic_risk","low",29790,0.2979,31
"3400","guide","economic_risk","medium",4157,0.04157,31
"3401","guide","economic_risk","high",66053,0.66053,31
"3402","guide","go_fishing","no",63898,0.63898,31
"3403","guide","go_fishing","yes",36102,0.36102,31
"3404","guide","individual_importance","high",100000,1,31
"3405","guide","individual_risk","low",13900,0.139,31
"3406","guide","individual_risk","medium",15321,0.15321,31
"3407","guide","individual_risk","high",70779,0.70779,31
"3408","guide","societal_importance","medium",75201,0.75201,31
"3409","guide","societal_importance","high",24799,0.24799,31
"3410","guide","societal_risk","low",13900,0.139,31
"3411","guide","societal_risk","medium",68467,0.68467,31
"3412","guide","societal_risk","high",17633,0.17633,31
"3413","guide","strategy_to_change","cope",81102,0.81102,31
"3414","guide","strategy_to_change","react",4130,0.0413,31
"3415","guide","strategy_to_change","adapt",14768,0.14768,31
"3416","guide","substitution_capacity","no",100000,1,31
"3417","recreational","economic_buffers","low",100000,1,32
"3418","recreational","economic_risk","low",55108,0.55108,32
"3419","recreational","economic_risk","medium",7164,0.07164,32
"3420","recreational","economic_risk","high",23477,0.23477,32
"3421","recreational","economic_risk","not_relevant",14251,0.14251,32
"3422","recreational","go_fishing","no",33116,0.33116,32
"3423","recreational","go_fishing","yes",66884,0.66884,32
"3424","recreational","individual_importance","medium",70908,0.70908,32
"3425","recreational","individual_importance","high",29092,0.29092,32
"3426","recreational","individual_risk","low",37281,0.37281,32
"3427","recreational","individual_risk","medium",47716,0.47716,32
"3428","recreational","individual_risk","high",752,0.00752,32
"3429","recreational","individual_risk","not_relevant",14251,0.14251,32
"3430","recreational","societal_importance","medium",58303,0.58303,32
"3431","recreational","societal_importance","high",41697,0.41697,32
"3432","recreational","societal_risk","low",37281,0.37281,32
"3433","recreational","societal_risk","medium",47407,0.47407,32
"3434","recreational","societal_risk","high",1061,0.01061,32
"3435","recreational","societal_risk","not_relevant",14251,0.14251,32
"3436","recreational","strategy_to_change","not_relevant",14251,0.14251,32
"3437","recreational","strategy_to_change","cope",47614,0.47614,32
"3438","recreational","strategy_to_change","react",11971,0.11971,32
"3439","recreational","strategy_to_change","adapt",26164,0.26164,32
"3440","recreational","substitution_capacity","yes",100000,1,32
"3441","small_scale","economic_buffers","low",3377,0.03377,32
"3442","small_scale","economic_buffers","medium",96623,0.96623,32
"3443","small_scale","economic_risk","low",68185,0.68185,32
"3444","small_scale","economic_risk","medium",9001,0.09001,32
"3445","small_scale","economic_risk","high",8640,0.0864,32
"3446","small_scale","economic_risk","not_relevant",14174,0.14174,32
"3447","small_scale","go_fishing","no",41766,0.41766,32
"3448","small_scale","go_fishing","yes",58234,0.58234,32
"3449","small_scale","individual_importance","medium",26858,0.26858,32
"3450","small_scale","individual_importance","high",73142,0.73142,32
"3451","small_scale","individual_risk","low",30856,0.30856,32
"3452","small_scale","individual_risk","medium",39234,0.39234,32
"3453","small_scale","individual_risk","high",15736,0.15736,32
"3454","small_scale","individual_risk","not_relevant",14174,0.14174,32
"3455","small_scale","societal_importance","high",100000,1,32
"3456","small_scale","societal_risk","low",30856,0.30856,32
"3457","small_scale","societal_risk","medium",33233,0.33233,32
"3458","small_scale","societal_risk","high",21737,0.21737,32
"3459","small_scale","societal_risk","not_relevant",14174,0.14174,32
"3460","small_scale","strategy_to_change","not_relevant",14174,0.14174,32
"3461","small_scale","strategy_to_change","cope",62917,0.62917,32
"3462","small_scale","strategy_to_change","react",22757,0.22757,32
"3463","small_scale","strategy_to_change","adapt",152,0.00152,32
"3464","small_scale","substitution_capacity","no",52744,0.52744,32
"3465","small_scale","substitution_capacity","yes",47256,0.47256,32
"3466","household","economic_buffers","low",100000,1,32
"3467","household","economic_risk","low",69955,0.69955,32
"3468","household","economic_risk","medium",5435,0.05435,32
"3469","household","economic_risk","high",10349,0.10349,32
"3470","household","economic_risk","not_relevant",14261,0.14261,32
"3471","household","go_fishing","no",59060,0.5906,32
"3472","household","go_fishing","yes",40940,0.4094,32
"3473","household","individual_importance","medium",45132,0.45132,32
"3474","household","individual_importance","high",54868,0.54868,32
"3475","household","individual_risk","low",26371,0.26371,32
"3476","household","individual_risk","medium",59156,0.59156,32
"3477","household","individual_risk","high",212,0.00212,32
"3478","household","individual_risk","not_relevant",14261,0.14261,32
"3479","household","societal_importance","medium",77149,0.77149,32
"3480","household","societal_importance","high",22851,0.22851,32
"3481","household","societal_risk","low",26371,0.26371,32
"3482","household","societal_risk","medium",59256,0.59256,32
"3483","household","societal_risk","high",112,0.00112,32
"3484","household","societal_risk","not_relevant",14261,0.14261,32
"3485","household","strategy_to_change","not_relevant",14261,0.14261,32
"3486","household","strategy_to_change","cope",65473,0.65473,32
"3487","household","strategy_to_change","react",20266,0.20266,32
"3488","household","substitution_capacity","yes",100000,1,32
"3489","trawler","economic_buffers","medium",52994,0.52994,32
"3490","trawler","economic_buffers","high",47006,0.47006,32
"3491","trawler","economic_risk","low",89116,0.89116,32
"3492","trawler","economic_risk","medium",5245,0.05245,32
"3493","trawler","economic_risk","high",5639,0.05639,32
"3494","trawler","go_fishing","no",8638,0.08638,32
"3495","trawler","go_fishing","yes",91362,0.91362,32
"3496","trawler","individual_importance","high",100000,1,32
"3497","trawler","individual_risk","low",44325,0.44325,32
"3498","trawler","individual_risk","medium",38837,0.38837,32
"3499","trawler","individual_risk","high",16838,0.16838,32
"3500","trawler","societal_importance","high",100000,1,32
"3501","trawler","societal_risk","low",44325,0.44325,32
"3502","trawler","societal_risk","medium",38837,0.38837,32
"3503","trawler","societal_risk","high",16838,0.16838,32
"3504","trawler","strategy_to_change","cope",56665,0.56665,32
"3505","trawler","strategy_to_change","react",43335,0.43335,32
"3506","trawler","substitution_capacity","yes",100000,1,32
"3507","guide","economic_buffers","low",96087,0.96087,32
"3508","guide","economic_buffers","medium",3913,0.03913,32
"3509","guide","economic_risk","low",19068,0.19068,32
"3510","guide","economic_risk","medium",4622,0.04622,32
"3511","guide","economic_risk","high",76310,0.7631,32
"3512","guide","go_fishing","no",69765,0.69765,32
"3513","guide","go_fishing","yes",30235,0.30235,32
"3514","guide","individual_importance","high",100000,1,32
"3515","guide","individual_risk","low",12710,0.1271,32
"3516","guide","individual_risk","medium",11521,0.11521,32
"3517","guide","individual_risk","high",75769,0.75769,32
"3518","guide","societal_importance","medium",82793,0.82793,32
"3519","guide","societal_importance","high",17207,0.17207,32
"3520","guide","societal_risk","low",12710,0.1271,32
"3521","guide","societal_risk","medium",74218,0.74218,32
"3522","guide","societal_risk","high",13072,0.13072,32
"3523","guide","strategy_to_change","cope",82662,0.82662,32
"3524","guide","strategy_to_change","react",3608,0.03608,32
"3525","guide","strategy_to_change","adapt",13730,0.1373,32
"3526","guide","substitution_capacity","no",100000,1,32
"3527","recreational","economic_buffers","low",100000,1,33
"3528","recreational","economic_risk","low",66694,0.66694,33
"3529","recreational","economic_risk","medium",11630,0.1163,33
"3530","recreational","economic_risk","high",7459,0.07459,33
"3531","recreational","economic_risk","not_relevant",14217,0.14217,33
"3532","recreational","go_fishing","no",55428,0.55428,33
"3533","recreational","go_fishing","yes",44572,0.44572,33
"3534","recreational","individual_importance","medium",57946,0.57946,33
"3535","recreational","individual_importance","high",42054,0.42054,33
"3536","recreational","individual_risk","low",24896,0.24896,33
"3537","recreational","individual_risk","medium",60538,0.60538,33
"3538","recreational","individual_risk","high",349,0.00349,33
"3539","recreational","individual_risk","not_relevant",14217,0.14217,33
"3540","recreational","societal_importance","medium",59573,0.59573,33
"3541","recreational","societal_importance","high",40427,0.40427,33
"3542","recreational","societal_risk","low",24896,0.24896,33
"3543","recreational","societal_risk","medium",60547,0.60547,33
"3544","recreational","societal_risk","high",340,0.0034,33
"3545","recreational","societal_risk","not_relevant",14217,0.14217,33
"3546","recreational","strategy_to_change","not_relevant",14217,0.14217,33
"3547","recreational","strategy_to_change","cope",48287,0.48287,33
"3548","recreational","strategy_to_change","react",19571,0.19571,33
"3549","recreational","strategy_to_change","adapt",17925,0.17925,33
"3550","recreational","substitution_capacity","yes",100000,1,33
"3551","small_scale","economic_buffers","low",81282,0.81282,33
"3552","small_scale","economic_buffers","medium",18718,0.18718,33
"3553","small_scale","economic_risk","low",56199,0.56199,33
"3554","small_scale","economic_risk","medium",17014,0.17014,33
"3555","small_scale","economic_risk","high",12495,0.12495,33
"3556","small_scale","economic_risk","not_relevant",14292,0.14292,33
"3557","small_scale","go_fishing","no",36997,0.36997,33
"3558","small_scale","go_fishing","yes",63003,0.63003,33
"3559","small_scale","individual_importance","medium",8708,0.08708,33
"3560","small_scale","individual_importance","high",91292,0.91292,33
"3561","small_scale","individual_risk","low",34649,0.34649,33
"3562","small_scale","individual_risk","medium",39153,0.39153,33
"3563","small_scale","individual_risk","high",11906,0.11906,33
"3564","small_scale","individual_risk","not_relevant",14292,0.14292,33
"3565","small_scale","societal_importance","high",100000,1,33
"3566","small_scale","societal_risk","low",34649,0.34649,33
"3567","small_scale","societal_risk","medium",37983,0.37983,33
"3568","small_scale","societal_risk","high",13076,0.13076,33
"3569","small_scale","societal_risk","not_relevant",14292,0.14292,33
"3570","small_scale","strategy_to_change","not_relevant",14292,0.14292,33
"3571","small_scale","strategy_to_change","cope",61334,0.61334,33
"3572","small_scale","strategy_to_change","react",22912,0.22912,33
"3573","small_scale","strategy_to_change","adapt",1462,0.01462,33
"3574","small_scale","substitution_capacity","no",34138,0.34138,33
"3575","small_scale","substitution_capacity","yes",65862,0.65862,33
"3576","household","economic_buffers","low",100000,1,33
"3577","household","economic_risk","low",72050,0.7205,33
"3578","household","economic_risk","medium",5134,0.05134,33
"3579","household","economic_risk","high",8371,0.08371,33
"3580","household","economic_risk","not_relevant",14445,0.14445,33
"3581","household","go_fishing","no",62623,0.62623,33
"3582","household","go_fishing","yes",37377,0.37377,33
"3583","household","individual_importance","medium",46994,0.46994,33
"3584","household","individual_importance","high",53006,0.53006,33
"3585","household","individual_risk","low",22659,0.22659,33
"3586","household","individual_risk","medium",62614,0.62614,33
"3587","household","individual_risk","high",282,0.00282,33
"3588","household","individual_risk","not_relevant",14445,0.14445,33
"3589","household","societal_importance","medium",80132,0.80132,33
"3590","household","societal_importance","high",19868,0.19868,33
"3591","household","societal_risk","low",22659,0.22659,33
"3592","household","societal_risk","medium",62798,0.62798,33
"3593","household","societal_risk","high",98,0.00098,33
"3594","household","societal_risk","not_relevant",14445,0.14445,33
"3595","household","strategy_to_change","not_relevant",14445,0.14445,33
"3596","household","strategy_to_change","cope",68462,0.68462,33
"3597","household","strategy_to_change","react",17093,0.17093,33
"3598","household","substitution_capacity","yes",100000,1,33
"3599","trawler","economic_buffers","medium",48954,0.48954,33
"3600","trawler","economic_buffers","high",51046,0.51046,33
"3601","trawler","economic_risk","low",89243,0.89243,33
"3602","trawler","economic_risk","medium",5549,0.05549,33
"3603","trawler","economic_risk","high",5208,0.05208,33
"3604","trawler","go_fishing","no",15465,0.15465,33
"3605","trawler","go_fishing","yes",84535,0.84535,33
"3606","trawler","individual_importance","high",100000,1,33
"3607","trawler","individual_risk","low",43799,0.43799,33
"3608","trawler","individual_risk","medium",42362,0.42362,33
"3609","trawler","individual_risk","high",13839,0.13839,33
"3610","trawler","societal_importance","high",100000,1,33
"3611","trawler","societal_risk","low",43799,0.43799,33
"3612","trawler","societal_risk","medium",42362,0.42362,33
"3613","trawler","societal_risk","high",13839,0.13839,33
"3614","trawler","strategy_to_change","cope",53108,0.53108,33
"3615","trawler","strategy_to_change","react",46892,0.46892,33
"3616","trawler","substitution_capacity","yes",100000,1,33
"3617","guide","economic_buffers","low",94980,0.9498,33
"3618","guide","economic_buffers","medium",5020,0.0502,33
"3619","guide","economic_risk","low",17871,0.17871,33
"3620","guide","economic_risk","medium",5999,0.05999,33
"3621","guide","economic_risk","high",76130,0.7613,33
"3622","guide","go_fishing","no",70457,0.70457,33
"3623","guide","go_fishing","yes",29543,0.29543,33
"3624","guide","individual_importance","high",100000,1,33
"3625","guide","individual_risk","low",12590,0.1259,33
"3626","guide","individual_risk","medium",11374,0.11374,33
"3627","guide","individual_risk","high",76036,0.76036,33
"3628","guide","societal_importance","medium",76886,0.76886,33
"3629","guide","societal_importance","high",23114,0.23114,33
"3630","guide","societal_risk","low",12590,0.1259,33
"3631","guide","societal_risk","medium",69901,0.69901,33
"3632","guide","societal_risk","high",17509,0.17509,33
"3633","guide","strategy_to_change","cope",83290,0.8329,33
"3634","guide","strategy_to_change","react",4640,0.0464,33
"3635","guide","strategy_to_change","adapt",12070,0.1207,33
"3636","guide","substitution_capacity","no",100000,1,33
"3637","recreational","economic_buffers","low",100000,1,34
"3638","recreational","economic_risk","low",50505,0.50505,34
"3639","recreational","economic_risk","medium",10772,0.10772,34
"3640","recreational","economic_risk","high",24284,0.24284,34
"3641","recreational","economic_risk","not_relevant",14439,0.14439,34
"3642","recreational","go_fishing","no",27609,0.27609,34
"3643","recreational","go_fishing","yes",72391,0.72391,34
"3644","recreational","individual_importance","medium",37613,0.37613,34
"3645","recreational","individual_importance","high",62387,0.62387,34
"3646","recreational","individual_risk","low",38307,0.38307,34
"3647","recreational","individual_risk","medium",33036,0.33036,34
"3648","recreational","individual_risk","high",14218,0.14218,34
"3649","recreational","individual_risk","not_relevant",14439,0.14439,34
"3650","recreational","societal_importance","medium",74868,0.74868,34
"3651","recreational","societal_importance","high",25132,0.25132,34
"3652","recreational","societal_risk","low",38307,0.38307,34
"3653","recreational","societal_risk","medium",41573,0.41573,34
"3654","recreational","societal_risk","high",5681,0.05681,34
"3655","recreational","societal_risk","not_relevant",14439,0.14439,34
"3656","recreational","strategy_to_change","not_relevant",14439,0.14439,34
"3657","recreational","strategy_to_change","cope",40647,0.40647,34
"3658","recreational","strategy_to_change","react",17945,0.17945,34
"3659","recreational","strategy_to_change","adapt",26969,0.26969,34
"3660","recreational","substitution_capacity","no",99999,0.99999,34
"3661","recreational","substitution_capacity","yes",1,1e-05,34
"3662","small_scale","economic_buffers","low",95773,0.95773,34
"3663","small_scale","economic_buffers","medium",4227,0.04227,34
"3664","small_scale","economic_risk","low",47706,0.47706,34
"3665","small_scale","economic_risk","medium",21669,0.21669,34
"3666","small_scale","economic_risk","high",16366,0.16366,34
"3667","small_scale","economic_risk","not_relevant",14259,0.14259,34
"3668","small_scale","go_fishing","no",36374,0.36374,34
"3669","small_scale","go_fishing","yes",63626,0.63626,34
"3670","small_scale","individual_importance","medium",10226,0.10226,34
"3671","small_scale","individual_importance","high",89774,0.89774,34
"3672","small_scale","individual_risk","low",36308,0.36308,34
"3673","small_scale","individual_risk","medium",33086,0.33086,34
"3674","small_scale","individual_risk","high",16347,0.16347,34
"3675","small_scale","individual_risk","not_relevant",14259,0.14259,34
"3676","small_scale","societal_importance","high",100000,1,34
"3677","small_scale","societal_risk","low",36308,0.36308,34
"3678","small_scale","societal_risk","medium",31287,0.31287,34
"3679","small_scale","societal_risk","high",18146,0.18146,34
"3680","small_scale","societal_risk","not_relevant",14259,0.14259,34
"3681","small_scale","strategy_to_change","not_relevant",14259,0.14259,34
"3682","small_scale","strategy_to_change","cope",60002,0.60002,34
"3683","small_scale","strategy_to_change","react",23532,0.23532,34
"3684","small_scale","strategy_to_change","adapt",2207,0.02207,34
"3685","small_scale","substitution_capacity","no",53305,0.53305,34
"3686","small_scale","substitution_capacity","yes",46695,0.46695,34
"3687","household","economic_buffers","low",100000,1,34
"3688","household","economic_risk","low",70135,0.70135,34
"3689","household","economic_risk","medium",4928,0.04928,34
"3690","household","economic_risk","high",10525,0.10525,34
"3691","household","economic_risk","not_relevant",14412,0.14412,34
"3692","household","go_fishing","no",58655,0.58655,34
"3693","household","go_fishing","yes",41345,0.41345,34
"3694","household","individual_importance","medium",42208,0.42208,34
"3695","household","individual_importance","high",57792,0.57792,34
"3696","household","individual_risk","low",24451,0.24451,34
"3697","household","individual_risk","medium",60784,0.60784,34
"3698","household","individual_risk","high",353,0.00353,34
"3699","household","individual_risk","not_relevant",14412,0.14412,34
"3700","household","societal_importance","medium",77051,0.77051,34
"3701","household","societal_importance","high",22949,0.22949,34
"3702","household","societal_risk","low",24451,0.24451,34
"3703","household","societal_risk","medium",61007,0.61007,34
"3704","household","societal_risk","high",130,0.0013,34
"3705","household","societal_risk","not_relevant",14412,0.14412,34
"3706","household","strategy_to_change","not_relevant",14412,0.14412,34
"3707","household","strategy_to_change","cope",66714,0.66714,34
"3708","household","strategy_to_change","react",18874,0.18874,34
"3709","household","substitution_capacity","yes",100000,1,34
"3710","trawler","economic_buffers","medium",51757,0.51757,34
"3711","trawler","economic_buffers","high",48243,0.48243,34
"3712","trawler","economic_risk","low",88503,0.88503,34
"3713","trawler","economic_risk","medium",5563,0.05563,34
"3714","trawler","economic_risk","high",5934,0.05934,34
"3715","trawler","go_fishing","no",8826,0.08826,34
"3716","trawler","go_fishing","yes",91174,0.91174,34
"3717","trawler","individual_importance","high",100000,1,34
"3718","trawler","individual_risk","low",48098,0.48098,34
"3719","trawler","individual_risk","medium",37306,0.37306,34
"3720","trawler","individual_risk","high",14596,0.14596,34
"3721","trawler","societal_importance","high",100000,1,34
"3722","trawler","societal_risk","low",48098,0.48098,34
"3723","trawler","societal_risk","medium",37306,0.37306,34
"3724","trawler","societal_risk","high",14596,0.14596,34
"3725","trawler","strategy_to_change","cope",50338,0.50338,34
"3726","trawler","strategy_to_change","react",49662,0.49662,34
"3727","trawler","substitution_capacity","yes",100000,1,34
"3728","guide","economic_buffers","low",96954,0.96954,34
"3729","guide","economic_buffers","medium",3046,0.03046,34
"3730","guide","economic_risk","low",24159,0.24159,34
"3731","guide","economic_risk","medium",3619,0.03619,34
"3732","guide","economic_risk","high",72222,0.72222,34
"3733","guide","go_fishing","no",66041,0.66041,34
"3734","guide","go_fishing","yes",33959,0.33959,34
"3735","guide","individual_importance","high",100000,1,34
"3736","guide","individual_risk","low",14057,0.14057,34
"3737","guide","individual_risk","medium",14448,0.14448,34
"3738","guide","individual_risk","high",71495,0.71495,34
"3739","guide","societal_importance","medium",69961,0.69961,34
"3740","guide","societal_importance","high",30039,0.30039,34
"3741","guide","societal_risk","low",14057,0.14057,34
"3742","guide","societal_risk","medium",64469,0.64469,34
"3743","guide","societal_risk","high",21474,0.21474,34
"3744","guide","strategy_to_change","cope",79274,0.79274,34
"3745","guide","strategy_to_change","react",2984,0.02984,34
"3746","guide","strategy_to_change","adapt",17742,0.17742,34
"3747","guide","substitution_capacity","no",100000,1,34
"3748","recreational","economic_buffers","low",100000,1,35
"3749","recreational","economic_risk","low",68846,0.68846,35
"3750","recreational","economic_risk","medium",9928,0.09928,35
"3751","recreational","economic_risk","high",6712,0.06712,35
"3752","recreational","economic_risk","not_relevant",14514,0.14514,35
"3753","recreational","go_fishing","no",49656,0.49656,35
"3754","recreational","go_fishing","yes",50344,0.50344,35
"3755","recreational","individual_importance","medium",51213,0.51213,35
"3756","recreational","individual_importance","high",48787,0.48787,35
"3757","recreational","individual_risk","low",26276,0.26276,35
"3758","recreational","individual_risk","medium",37664,0.37664,35
"3759","recreational","individual_risk","high",21546,0.21546,35
"3760","recreational","individual_risk","not_relevant",14514,0.14514,35
"3761","recreational","societal_importance","medium",67144,0.67144,35
"3762","recreational","societal_importance","high",32856,0.32856,35
"3763","recreational","societal_risk","low",26276,0.26276,35
"3764","recreational","societal_risk","medium",44691,0.44691,35
"3765","recreational","societal_risk","high",14519,0.14519,35
"3766","recreational","societal_risk","not_relevant",14514,0.14514,35
"3767","recreational","strategy_to_change","not_relevant",14514,0.14514,35
"3768","recreational","strategy_to_change","cope",43042,0.43042,35
"3769","recreational","strategy_to_change","react",16613,0.16613,35
"3770","recreational","strategy_to_change","adapt",25831,0.25831,35
"3771","recreational","substitution_capacity","no",100000,1,35
"3772","small_scale","economic_buffers","low",92208,0.92208,35
"3773","small_scale","economic_buffers","medium",7792,0.07792,35
"3774","small_scale","economic_risk","low",52952,0.52952,35
"3775","small_scale","economic_risk","medium",19029,0.19029,35
"3776","small_scale","economic_risk","high",13827,0.13827,35
"3777","small_scale","economic_risk","not_relevant",14192,0.14192,35
"3778","small_scale","go_fishing","no",37493,0.37493,35
"3779","small_scale","go_fishing","yes",62507,0.62507,35
"3780","small_scale","individual_importance","medium",18309,0.18309,35
"3781","small_scale","individual_importance","high",81691,0.81691,35
"3782","small_scale","individual_risk","low",34017,0.34017,35
"3783","small_scale","individual_risk","medium",39053,0.39053,35
"3784","small_scale","individual_risk","high",12738,0.12738,35
"3785","small_scale","individual_risk","not_relevant",14192,0.14192,35
"3786","small_scale","societal_importance","high",100000,1,35
"3787","small_scale","societal_risk","low",34017,0.34017,35
"3788","small_scale","societal_risk","medium",36238,0.36238,35
"3789","small_scale","societal_risk","high",15553,0.15553,35
"3790","small_scale","societal_risk","not_relevant",14192,0.14192,35
"3791","small_scale","strategy_to_change","not_relevant",14192,0.14192,35
"3792","small_scale","strategy_to_change","cope",63492,0.63492,35
"3793","small_scale","strategy_to_change","react",21859,0.21859,35
"3794","small_scale","strategy_to_change","adapt",457,0.00457,35
"3795","small_scale","substitution_capacity","no",38933,0.38933,35
"3796","small_scale","substitution_capacity","yes",61067,0.61067,35
"3797","household","economic_buffers","low",100000,1,35
"3798","household","economic_risk","low",74012,0.74012,35
"3799","household","economic_risk","medium",4171,0.04171,35
"3800","household","economic_risk","high",7536,0.07536,35
"3801","household","economic_risk","not_relevant",14281,0.14281,35
"3802","household","go_fishing","no",64739,0.64739,35
"3803","household","go_fishing","yes",35261,0.35261,35
"3804","household","individual_importance","medium",43730,0.4373,35
"3805","household","individual_importance","high",56270,0.5627,35
"3806","household","individual_risk","low",19862,0.19862,35
"3807","household","individual_risk","medium",65427,0.65427,35
"3808","household","individual_risk","high",430,0.0043,35
"3809","household","individual_risk","not_relevant",14281,0.14281,35
"3810","household","societal_importance","medium",80140,0.8014,35
"3811","household","societal_importance","high",19860,0.1986,35
"3812","household","societal_risk","low",19862,0.19862,35
"3813","household","societal_risk","medium",65715,0.65715,35
"3814","household","societal_risk","high",142,0.00142,35
"3815","household","societal_risk","not_relevant",14281,0.14281,35
"3816","household","strategy_to_change","not_relevant",14281,0.14281,35
"3817","household","strategy_to_change","cope",70753,0.70753,35
"3818","household","strategy_to_change","react",14966,0.14966,35
"3819","household","substitution_capacity","yes",100000,1,35
"3820","trawler","economic_buffers","medium",43960,0.4396,35
"3821","trawler","economic_buffers","high",56040,0.5604,35
"3822","trawler","economic_risk","low",89264,0.89264,35
"3823","trawler","economic_risk","medium",6134,0.06134,35
"3824","trawler","economic_risk","high",4602,0.04602,35
"3825","trawler","go_fishing","no",10479,0.10479,35
"3826","trawler","go_fishing","yes",89521,0.89521,35
"3827","trawler","individual_importance","high",100000,1,35
"3828","trawler","individual_risk","low",43958,0.43958,35
"3829","trawler","individual_risk","medium",38803,0.38803,35
"3830","trawler","individual_risk","high",17239,0.17239,35
"3831","trawler","societal_importance","high",100000,1,35
"3832","trawler","societal_risk","low",43958,0.43958,35
"3833","trawler","societal_risk","medium",38803,0.38803,35
"3834","trawler","societal_risk","high",17239,0.17239,35
"3835","trawler","strategy_to_change","cope",57365,0.57365,35
"3836","trawler","strategy_to_change","react",42635,0.42635,35
"3837","trawler","substitution_capacity","yes",100000,1,35
"3838","guide","economic_buffers","low",99012,0.99012,35
"3839","guide","economic_buffers","medium",988,0.00988,35
"3840","guide","economic_risk","low",24327,0.24327,35
"3841","guide","economic_risk","medium",2952,0.02952,35
"3842","guide","economic_risk","high",72721,0.72721,35
"3843","guide","go_fishing","no",64845,0.64845,35
"3844","guide","go_fishing","yes",35155,0.35155,35
"3845","guide","individual_importance","high",100000,1,35
"3846","guide","individual_risk","low",15696,0.15696,35
"3847","guide","individual_risk","medium",13540,0.1354,35
"3848","guide","individual_risk","high",70764,0.70764,35
"3849","guide","societal_importance","medium",80959,0.80959,35
"3850","guide","societal_importance","high",19041,0.19041,35
"3851","guide","societal_risk","low",15696,0.15696,35
"3852","guide","societal_risk","medium",70834,0.70834,35
"3853","guide","societal_risk","high",13470,0.1347,35
"3854","guide","strategy_to_change","cope",75022,0.75022,35
"3855","guide","strategy_to_change","react",4068,0.04068,35
"3856","guide","strategy_to_change","adapt",20910,0.2091,35
"3857","guide","substitution_capacity","no",100000,1,35
"3858","recreational","economic_buffers","low",100000,1,36
"3859","recreational","economic_risk","low",55915,0.55915,36
"3860","recreational","economic_risk","medium",5181,0.05181,36
"3861","recreational","economic_risk","high",24699,0.24699,36
"3862","recreational","economic_risk","not_relevant",14205,0.14205,36
"3863","recreational","go_fishing","no",31258,0.31258,36
"3864","recreational","go_fishing","yes",68742,0.68742,36
"3865","recreational","individual_importance","medium",45340,0.4534,36
"3866","recreational","individual_importance","high",54660,0.5466,36
"3867","recreational","individual_risk","low",36191,0.36191,36
"3868","recreational","individual_risk","medium",47977,0.47977,36
"3869","recreational","individual_risk","high",1627,0.01627,36
"3870","recreational","individual_risk","not_relevant",14205,0.14205,36
"3871","recreational","societal_importance","medium",39631,0.39631,36
"3872","recreational","societal_importance","high",60369,0.60369,36
"3873","recreational","societal_risk","low",36191,0.36191,36
"3874","recreational","societal_risk","medium",47734,0.47734,36
"3875","recreational","societal_risk","high",1870,0.0187,36
"3876","recreational","societal_risk","not_relevant",14205,0.14205,36
"3877","recreational","strategy_to_change","not_relevant",14205,0.14205,36
"3878","recreational","strategy_to_change","cope",50497,0.50497,36
"3879","recreational","strategy_to_change","react",8724,0.08724,36
"3880","recreational","strategy_to_change","adapt",26574,0.26574,36
"3881","recreational","substitution_capacity","yes",100000,1,36
"3882","small_scale","economic_buffers","low",94481,0.94481,36
"3883","small_scale","economic_buffers","medium",5519,0.05519,36
"3884","small_scale","economic_risk","low",56933,0.56933,36
"3885","small_scale","economic_risk","medium",17746,0.17746,36
"3886","small_scale","economic_risk","high",11160,0.1116,36
"3887","small_scale","economic_risk","not_relevant",14161,0.14161,36
"3888","small_scale","go_fishing","no",36710,0.3671,36
"3889","small_scale","go_fishing","yes",63290,0.6329,36
"3890","small_scale","individual_importance","medium",6412,0.06412,36
"3891","small_scale","individual_importance","high",93588,0.93588,36
"3892","small_scale","individual_risk","low",35046,0.35046,36
"3893","small_scale","individual_risk","medium",44605,0.44605,36
"3894","small_scale","individual_risk","high",6188,0.06188,36
"3895","small_scale","individual_risk","not_relevant",14161,0.14161,36
"3896","small_scale","societal_importance","high",100000,1,36
"3897","small_scale","societal_risk","low",35046,0.35046,36
"3898","small_scale","societal_risk","medium",44192,0.44192,36
"3899","small_scale","societal_risk","high",6601,0.06601,36
"3900","small_scale","societal_risk","not_relevant",14161,0.14161,36
"3901","small_scale","strategy_to_change","not_relevant",14161,0.14161,36
"3902","small_scale","strategy_to_change","cope",59284,0.59284,36
"3903","small_scale","strategy_to_change","react",25889,0.25889,36
"3904","small_scale","strategy_to_change","adapt",666,0.00666,36
"3905","small_scale","substitution_capacity","no",12810,0.1281,36
"3906","small_scale","substitution_capacity","yes",87190,0.8719,36
"3907","household","economic_buffers","low",100000,1,36
"3908","household","economic_risk","low",70376,0.70376,36
"3909","household","economic_risk","medium",5364,0.05364,36
"3910","household","economic_risk","high",9968,0.09968,36
"3911","household","economic_risk","not_relevant",14292,0.14292,36
"3912","household","go_fishing","no",60377,0.60377,36
"3913","household","go_fishing","yes",39623,0.39623,36
"3914","household","individual_importance","medium",51259,0.51259,36
"3915","household","individual_importance","high",48741,0.48741,36
"3916","household","individual_risk","low",23348,0.23348,36
"3917","household","individual_risk","medium",62109,0.62109,36
"3918","household","individual_risk","high",251,0.00251,36
"3919","household","individual_risk","not_relevant",14292,0.14292,36
"3920","household","societal_importance","medium",82022,0.82022,36
"3921","household","societal_importance","high",17978,0.17978,36
"3922","household","societal_risk","low",23348,0.23348,36
"3923","household","societal_risk","medium",62261,0.62261,36
"3924","household","societal_risk","high",99,0.00099,36
"3925","household","societal_risk","not_relevant",14292,0.14292,36
"3926","household","strategy_to_change","not_relevant",14292,0.14292,36
"3927","household","strategy_to_change","cope",67332,0.67332,36
"3928","household","strategy_to_change","react",18376,0.18376,36
"3929","household","substitution_capacity","yes",100000,1,36
"3930","trawler","economic_buffers","medium",39767,0.39767,36
"3931","trawler","economic_buffers","high",60233,0.60233,36
"3932","trawler","economic_risk","low",88119,0.88119,36
"3933","trawler","economic_risk","medium",7195,0.07195,36
"3934","trawler","economic_risk","high",4686,0.04686,36
"3935","trawler","go_fishing","no",10127,0.10127,36
"3936","trawler","go_fishing","yes",89873,0.89873,36
"3937","trawler","individual_importance","high",100000,1,36
"3938","trawler","individual_risk","low",46518,0.46518,36
"3939","trawler","individual_risk","medium",38077,0.38077,36
"3940","trawler","individual_risk","high",15405,0.15405,36
"3941","trawler","societal_importance","high",100000,1,36
"3942","trawler","societal_risk","low",46518,0.46518,36
"3943","trawler","societal_risk","medium",38077,0.38077,36
"3944","trawler","societal_risk","high",15405,0.15405,36
"3945","trawler","strategy_to_change","cope",56817,0.56817,36
"3946","trawler","strategy_to_change","react",43183,0.43183,36
"3947","trawler","substitution_capacity","yes",100000,1,36
"3948","guide","economic_buffers","low",95053,0.95053,36
"3949","guide","economic_buffers","medium",4947,0.04947,36
"3950","guide","economic_risk","low",21331,0.21331,36
"3951","guide","economic_risk","medium",5042,0.05042,36
"3952","guide","economic_risk","high",73627,0.73627,36
"3953","guide","go_fishing","no",68389,0.68389,36
"3954","guide","go_fishing","yes",31611,0.31611,36
"3955","guide","individual_importance","high",100000,1,36
"3956","guide","individual_risk","low",12495,0.12495,36
"3957","guide","individual_risk","medium",12975,0.12975,36
"3958","guide","individual_risk","high",74530,0.7453,36
"3959","guide","societal_importance","medium",78863,0.78863,36
"3960","guide","societal_importance","high",21137,0.21137,36
"3961","guide","societal_risk","low",12495,0.12495,36
"3962","guide","societal_risk","medium",71685,0.71685,36
"3963","guide","societal_risk","high",15820,0.1582,36
"3964","guide","strategy_to_change","cope",82597,0.82597,36
"3965","guide","strategy_to_change","react",3318,0.03318,36
"3966","guide","strategy_to_change","adapt",14085,0.14085,36
"3967","guide","substitution_capacity","no",100000,1,36
"3968","recreational","economic_buffers","low",100000,1,37
"3969","recreational","economic_risk","low",63395,0.63395,37
"3970","recreational","economic_risk","medium",4956,0.04956,37
"3971","recreational","economic_risk","high",17612,0.17612,37
"3972","recreational","economic_risk","not_relevant",14037,0.14037,37
"3973","recreational","go_fishing","no",35851,0.35851,37
"3974","recreational","go_fishing","yes",64149,0.64149,37
"3975","recreational","individual_importance","medium",74432,0.74432,37
"3976","recreational","individual_importance","high",25568,0.25568,37
"3977","recreational","individual_risk","low",34774,0.34774,37
"3978","recreational","individual_risk","medium",43513,0.43513,37
"3979","recreational","individual_risk","high",7676,0.07676,37
"3980","recreational","individual_risk","not_relevant",14037,0.14037,37
"3981","recreational","societal_importance","medium",54955,0.54955,37
"3982","recreational","societal_importance","high",45045,0.45045,37
"3983","recreational","societal_risk","low",34774,0.34774,37
"3984","recreational","societal_risk","medium",37551,0.37551,37
"3985","recreational","societal_risk","high",13638,0.13638,37
"3986","recreational","societal_risk","not_relevant",14037,0.14037,37
"3987","recreational","strategy_to_change","not_relevant",14037,0.14037,37
"3988","recreational","strategy_to_change","cope",43359,0.43359,37
"3989","recreational","strategy_to_change","react",8247,0.08247,37
"3990","recreational","strategy_to_change","adapt",34357,0.34357,37
"3991","recreational","substitution_capacity","no",100000,1,37
"3992","small_scale","economic_buffers","low",94355,0.94355,37
"3993","small_scale","economic_buffers","medium",5645,0.05645,37
"3994","small_scale","economic_risk","low",40381,0.40381,37
"3995","small_scale","economic_risk","medium",24845,0.24845,37
"3996","small_scale","economic_risk","high",20484,0.20484,37
"3997","small_scale","economic_risk","not_relevant",14290,0.1429,37
"3998","small_scale","go_fishing","no",42451,0.42451,37
"3999","small_scale","go_fishing","yes",57549,0.57549,37
"4000","small_scale","individual_importance","medium",5919,0.05919,37
"4001","small_scale","individual_importance","high",94081,0.94081,37
"4002","small_scale","individual_risk","low",30045,0.30045,37
"4003","small_scale","individual_risk","medium",29834,0.29834,37
"4004","small_scale","individual_risk","high",25831,0.25831,37
"4005","small_scale","individual_risk","not_relevant",14290,0.1429,37
"4006","small_scale","societal_importance","high",100000,1,37
"4007","small_scale","societal_risk","low",30045,0.30045,37
"4008","small_scale","societal_risk","medium",28213,0.28213,37
"4009","small_scale","societal_risk","high",27452,0.27452,37
"4010","small_scale","societal_risk","not_relevant",14290,0.1429,37
"4011","small_scale","strategy_to_change","not_relevant",14290,0.1429,37
"4012","small_scale","strategy_to_change","cope",62301,0.62301,37
"4013","small_scale","strategy_to_change","react",23085,0.23085,37
"4014","small_scale","strategy_to_change","adapt",324,0.00324,37
"4015","small_scale","substitution_capacity","no",69138,0.69138,37
"4016","small_scale","substitution_capacity","yes",30862,0.30862,37
"4017","household","economic_buffers","low",100000,1,37
"4018","household","economic_risk","low",71672,0.71672,37
"4019","household","economic_risk","medium",4557,0.04557,37
"4020","household","economic_risk","high",9442,0.09442,37
"4021","household","economic_risk","not_relevant",14329,0.14329,37
"4022","household","go_fishing","no",64947,0.64947,37
"4023","household","go_fishing","yes",35053,0.35053,37
"4024","household","individual_importance","medium",53049,0.53049,37
"4025","household","individual_importance","high",46951,0.46951,37
"4026","household","individual_risk","low",20374,0.20374,37
"4027","household","individual_risk","medium",65099,0.65099,37
"4028","household","individual_risk","high",198,0.00198,37
"4029","household","individual_risk","not_relevant",14329,0.14329,37
"4030","household","societal_importance","medium",78095,0.78095,37
"4031","household","societal_importance","high",21905,0.21905,37
"4032","household","societal_risk","low",20374,0.20374,37
"4033","household","societal_risk","medium",65197,0.65197,37
"4034","household","societal_risk","high",100,0.001,37
"4035","household","societal_risk","not_relevant",14329,0.14329,37
"4036","household","strategy_to_change","not_relevant",14329,0.14329,37
"4037","household","strategy_to_change","cope",70260,0.7026,37
"4038","household","strategy_to_change","react",15411,0.15411,37
"4039","household","substitution_capacity","yes",100000,1,37
"4040","trawler","economic_buffers","medium",53082,0.53082,37
"4041","trawler","economic_buffers","high",46918,0.46918,37
"4042","trawler","economic_risk","low",90424,0.90424,37
"4043","trawler","economic_risk","medium",4535,0.04535,37
"4044","trawler","economic_risk","high",5041,0.05041,37
"4045","trawler","go_fishing","no",17510,0.1751,37
"4046","trawler","go_fishing","yes",82490,0.8249,37
"4047","trawler","individual_importance","high",100000,1,37
"4048","trawler","individual_risk","low",41200,0.412,37
"4049","trawler","individual_risk","medium",47283,0.47283,37
"4050","trawler","individual_risk","high",11517,0.11517,37
"4051","trawler","societal_importance","high",100000,1,37
"4052","trawler","societal_risk","low",41200,0.412,37
"4053","trawler","societal_risk","medium",47283,0.47283,37
"4054","trawler","societal_risk","high",11517,0.11517,37
"4055","trawler","strategy_to_change","cope",54600,0.546,37
"4056","trawler","strategy_to_change","react",45400,0.454,37
"4057","trawler","substitution_capacity","yes",100000,1,37
"4058","guide","economic_buffers","low",95067,0.95067,37
"4059","guide","economic_buffers","medium",4933,0.04933,37
"4060","guide","economic_risk","low",26725,0.26725,37
"4061","guide","economic_risk","medium",4350,0.0435,37
"4062","guide","economic_risk","high",68925,0.68925,37
"4063","guide","go_fishing","no",64118,0.64118,37
"4064","guide","go_fishing","yes",35882,0.35882,37
"4065","guide","individual_importance","high",100000,1,37
"4066","guide","individual_risk","low",13428,0.13428,37
"4067","guide","individual_risk","medium",15764,0.15764,37
"4068","guide","individual_risk","high",70808,0.70808,37
"4069","guide","societal_importance","medium",76976,0.76976,37
"4070","guide","societal_importance","high",23024,0.23024,37
"4071","guide","societal_risk","low",13428,0.13428,37
"4072","guide","societal_risk","medium",70266,0.70266,37
"4073","guide","societal_risk","high",16306,0.16306,37
"4074","guide","strategy_to_change","cope",78124,0.78124,37
"4075","guide","strategy_to_change","react",2351,0.02351,37
"4076","guide","strategy_to_change","adapt",19525,0.19525,37
"4077","guide","substitution_capacity","no",100000,1,37
"4078","recreational","economic_buffers","low",100000,1,38
"4079","recreational","economic_risk","low",61438,0.61438,38
"4080","recreational","economic_risk","medium",3124,0.03124,38
"4081","recreational","economic_risk","high",21262,0.21262,38
"4082","recreational","economic_risk","not_relevant",14176,0.14176,38
"4083","recreational","go_fishing","no",34309,0.34309,38
"4084","recreational","go_fishing","yes",65691,0.65691,38
"4085","recreational","individual_importance","medium",59286,0.59286,38
"4086","recreational","individual_importance","high",40714,0.40714,38
"4087","recreational","individual_risk","low",37239,0.37239,38
"4088","recreational","individual_risk","medium",36237,0.36237,38
"4089","recreational","individual_risk","high",12348,0.12348,38
"4090","recreational","individual_risk","not_relevant",14176,0.14176,38
"4091","recreational","societal_importance","medium",66637,0.66637,38
"4092","recreational","societal_importance","high",33363,0.33363,38
"4093","recreational","societal_risk","low",37239,0.37239,38
"4094","recreational","societal_risk","medium",38421,0.38421,38
"4095","recreational","societal_risk","high",10164,0.10164,38
"4096","recreational","societal_risk","not_relevant",14176,0.14176,38
"4097","recreational","strategy_to_change","not_relevant",14176,0.14176,38
"4098","recreational","strategy_to_change","cope",50859,0.50859,38
"4099","recreational","strategy_to_change","react",5262,0.05262,38
"4100","recreational","strategy_to_change","adapt",29703,0.29703,38
"4101","recreational","substitution_capacity","no",100000,1,38
"4102","small_scale","economic_buffers","low",50762,0.50762,38
"4103","small_scale","economic_buffers","medium",49238,0.49238,38
"4104","small_scale","economic_risk","low",58515,0.58515,38
"4105","small_scale","economic_risk","medium",14953,0.14953,38
"4106","small_scale","economic_risk","high",12156,0.12156,38
"4107","small_scale","economic_risk","not_relevant",14376,0.14376,38
"4108","small_scale","go_fishing","no",38907,0.38907,38
"4109","small_scale","go_fishing","yes",61093,0.61093,38
"4110","small_scale","individual_importance","medium",5363,0.05363,38
"4111","small_scale","individual_importance","high",94637,0.94637,38
"4112","small_scale","individual_risk","low",34968,0.34968,38
"4113","small_scale","individual_risk","medium",32247,0.32247,38
"4114","small_scale","individual_risk","high",18409,0.18409,38
"4115","small_scale","individual_risk","not_relevant",14376,0.14376,38
"4116","small_scale","societal_importance","high",100000,1,38
"4117","small_scale","societal_risk","low",34968,0.34968,38
"4118","small_scale","societal_risk","medium",31202,0.31202,38
"4119","small_scale","societal_risk","high",19454,0.19454,38
"4120","small_scale","societal_risk","not_relevant",14376,0.14376,38
"4121","small_scale","strategy_to_change","not_relevant",14376,0.14376,38
"4122","small_scale","strategy_to_change","cope",61886,0.61886,38
"4123","small_scale","strategy_to_change","react",22552,0.22552,38
"4124","small_scale","strategy_to_change","adapt",1186,0.01186,38
"4125","small_scale","substitution_capacity","no",52862,0.52862,38
"4126","small_scale","substitution_capacity","yes",47138,0.47138,38
"4127","household","economic_buffers","low",100000,1,38
"4128","household","economic_risk","low",70025,0.70025,38
"4129","household","economic_risk","medium",5755,0.05755,38
"4130","household","economic_risk","high",9964,0.09964,38
"4131","household","economic_risk","not_relevant",14256,0.14256,38
"4132","household","go_fishing","no",62629,0.62629,38
"4133","household","go_fishing","yes",37371,0.37371,38
"4134","household","individual_importance","medium",50732,0.50732,38
"4135","household","individual_importance","high",49268,0.49268,38
"4136","household","individual_risk","low",24017,0.24017,38
"4137","household","individual_risk","medium",61531,0.61531,38
"4138","household","individual_risk","high",196,0.00196,38
"4139","household","individual_risk","not_relevant",14256,0.14256,38
"4140","household","societal_importance","medium",82887,0.82887,38
"4141","household","societal_importance","high",17113,0.17113,38
"4142","household","societal_risk","low",24017,0.24017,38
"4143","household","societal_risk","medium",61659,0.61659,38
"4144","household","societal_risk","high",68,0.00068,38
"4145","household","societal_risk","not_relevant",14256,0.14256,38
"4146","household","strategy_to_change","not_relevant",14256,0.14256,38
"4147","household","strategy_to_change","cope",66746,0.66746,38
"4148","household","strategy_to_change","react",18998,0.18998,38
"4149","household","substitution_capacity","yes",100000,1,38
"4150","trawler","economic_buffers","medium",62211,0.62211,38
"4151","trawler","economic_buffers","high",37789,0.37789,38
"4152","trawler","economic_risk","low",88933,0.88933,38
"4153","trawler","economic_risk","medium",4274,0.04274,38
"4154","trawler","economic_risk","high",6793,0.06793,38
"4155","trawler","go_fishing","no",9555,0.09555,38
"4156","trawler","go_fishing","yes",90445,0.90445,38
"4157","trawler","individual_importance","high",100000,1,38
"4158","trawler","individual_risk","low",45450,0.4545,38
"4159","trawler","individual_risk","medium",36094,0.36094,38
"4160","trawler","individual_risk","high",18456,0.18456,38
"4161","trawler","societal_importance","high",100000,1,38
"4162","trawler","societal_risk","low",45450,0.4545,38
"4163","trawler","societal_risk","medium",36094,0.36094,38
"4164","trawler","societal_risk","high",18456,0.18456,38
"4165","trawler","strategy_to_change","cope",56813,0.56813,38
"4166","trawler","strategy_to_change","react",43187,0.43187,38
"4167","trawler","substitution_capacity","yes",100000,1,38
"4168","guide","economic_buffers","low",92105,0.92105,38
"4169","guide","economic_buffers","medium",7895,0.07895,38
"4170","guide","economic_risk","low",21075,0.21075,38
"4171","guide","economic_risk","medium",7469,0.07469,38
"4172","guide","economic_risk","high",71456,0.71456,38
"4173","guide","go_fishing","no",69274,0.69274,38
"4174","guide","go_fishing","yes",30726,0.30726,38
"4175","guide","individual_importance","high",100000,1,38
"4176","guide","individual_risk","low",13562,0.13562,38
"4177","guide","individual_risk","medium",11348,0.11348,38
"4178","guide","individual_risk","high",75090,0.7509,38
"4179","guide","societal_importance","medium",77855,0.77855,38
"4180","guide","societal_importance","high",22145,0.22145,38
"4181","guide","societal_risk","low",13562,0.13562,38
"4182","guide","societal_risk","medium",69807,0.69807,38
"4183","guide","societal_risk","high",16631,0.16631,38
"4184","guide","strategy_to_change","cope",82076,0.82076,38
"4185","guide","strategy_to_change","react",4054,0.04054,38
"4186","guide","strategy_to_change","adapt",13870,0.1387,38
"4187","guide","substitution_capacity","no",100000,1,38
"4188","recreational","economic_buffers","low",100000,1,39
"4189","recreational","economic_risk","low",78318,0.78318,39
"4190","recreational","economic_risk","medium",4573,0.04573,39
"4191","recreational","economic_risk","high",2935,0.02935,39
"4192","recreational","economic_risk","not_relevant",14174,0.14174,39
"4193","recreational","go_fishing","no",58873,0.58873,39
"4194","recreational","go_fishing","yes",41127,0.41127,39
"4195","recreational","individual_importance","medium",50569,0.50569,39
"4196","recreational","individual_importance","high",49431,0.49431,39
"4197","recreational","individual_risk","low",22635,0.22635,39
"4198","recreational","individual_risk","medium",37275,0.37275,39
"4199","recreational","individual_risk","high",25916,0.25916,39
"4200","recreational","individual_risk","not_relevant",14174,0.14174,39
"4201","recreational","societal_importance","medium",69227,0.69227,39
"4202","recreational","societal_importance","high",30773,0.30773,39
"4203","recreational","societal_risk","low",22635,0.22635,39
"4204","recreational","societal_risk","medium",47050,0.4705,39
"4205","recreational","societal_risk","high",16141,0.16141,39
"4206","recreational","societal_risk","not_relevant",14174,0.14174,39
"4207","recreational","strategy_to_change","not_relevant",14174,0.14174,39
"4208","recreational","strategy_to_change","cope",51816,0.51816,39
"4209","recreational","strategy_to_change","react",7681,0.07681,39
"4210","recreational","strategy_to_change","adapt",26329,0.26329,39
"4211","recreational","substitution_capacity","no",100000,1,39
"4212","small_scale","economic_buffers","low",71258,0.71258,39
"4213","small_scale","economic_buffers","medium",28742,0.28742,39
"4214","small_scale","economic_risk","low",57679,0.57679,39
"4215","small_scale","economic_risk","medium",15846,0.15846,39
"4216","small_scale","economic_risk","high",12127,0.12127,39
"4217","small_scale","economic_risk","not_relevant",14348,0.14348,39
"4218","small_scale","go_fishing","no",43783,0.43783,39
"4219","small_scale","go_fishing","yes",56217,0.56217,39
"4220","small_scale","individual_importance","medium",12351,0.12351,39
"4221","small_scale","individual_importance","high",87649,0.87649,39
"4222","small_scale","individual_risk","low",32070,0.3207,39
"4223","small_scale","individual_risk","medium",40073,0.40073,39
"4224","small_scale","individual_risk","high",13509,0.13509,39
"4225","small_scale","individual_risk","not_relevant",14348,0.14348,39
"4226","small_scale","societal_importance","high",100000,1,39
"4227","small_scale","societal_risk","low",32070,0.3207,39
"4228","small_scale","societal_risk","medium",38206,0.38206,39
"4229","small_scale","societal_risk","high",15376,0.15376,39
"4230","small_scale","societal_risk","not_relevant",14348,0.14348,39
"4231","small_scale","strategy_to_change","not_relevant",14348,0.14348,39
"4232","small_scale","strategy_to_change","cope",63203,0.63203,39
"4233","small_scale","strategy_to_change","react",21669,0.21669,39
"4234","small_scale","strategy_to_change","adapt",780,0.0078,39
"4235","small_scale","substitution_capacity","no",35255,0.35255,39
"4236","small_scale","substitution_capacity","yes",64745,0.64745,39
"4237","household","economic_buffers","low",100000,1,39
"4238","household","economic_risk","low",70672,0.70672,39
"4239","household","economic_risk","medium",5389,0.05389,39
"4240","household","economic_risk","high",9436,0.09436,39
"4241","household","economic_risk","not_relevant",14503,0.14503,39
"4242","household","go_fishing","no",62873,0.62873,39
"4243","household","go_fishing","yes",37127,0.37127,39
"4244","household","individual_importance","medium",45044,0.45044,39
"4245","household","individual_importance","high",54956,0.54956,39
"4246","household","individual_risk","low",22678,0.22678,39
"4247","household","individual_risk","medium",62598,0.62598,39
"4248","household","individual_risk","high",221,0.00221,39
"4249","household","individual_risk","not_relevant",14503,0.14503,39
"4250","household","societal_importance","medium",73881,0.73881,39
"4251","household","societal_importance","high",26119,0.26119,39
"4252","household","societal_risk","low",22678,0.22678,39
"4253","household","societal_risk","medium",62717,0.62717,39
"4254","household","societal_risk","high",102,0.00102,39
"4255","household","societal_risk","not_relevant",14503,0.14503,39
"4256","household","strategy_to_change","not_relevant",14503,0.14503,39
"4257","household","strategy_to_change","cope",67177,0.67177,39
"4258","household","strategy_to_change","react",18320,0.1832,39
"4259","household","substitution_capacity","yes",100000,1,39
"4260","trawler","economic_buffers","medium",53154,0.53154,39
"4261","trawler","economic_buffers","high",46846,0.46846,39
"4262","trawler","economic_risk","low",87278,0.87278,39
"4263","trawler","economic_risk","medium",5989,0.05989,39
"4264","trawler","economic_risk","high",6733,0.06733,39
"4265","trawler","go_fishing","no",10064,0.10064,39
"4266","trawler","go_fishing","yes",89936,0.89936,39
"4267","trawler","individual_importance","medium",647,0.00647,39
"4268","trawler","individual_importance","high",99353,0.99353,39
"4269","trawler","individual_risk","low",45373,0.45373,39
"4270","trawler","individual_risk","medium",37635,0.37635,39
"4271","trawler","individual_risk","high",16992,0.16992,39
"4272","trawler","societal_importance","high",100000,1,39
"4273","trawler","societal_risk","low",45373,0.45373,39
"4274","trawler","societal_risk","medium",37518,0.37518,39
"4275","trawler","societal_risk","high",17109,0.17109,39
"4276","trawler","strategy_to_change","cope",54029,0.54029,39
"4277","trawler","strategy_to_change","react",45971,0.45971,39
"4278","trawler","substitution_capacity","yes",100000,1,39
"4279","guide","economic_buffers","low",91998,0.91998,39
"4280","guide","economic_buffers","medium",8002,0.08002,39
"4281","guide","economic_risk","low",22332,0.22332,39
"4282","guide","economic_risk","medium",7276,0.07276,39
"4283","guide","economic_risk","high",70392,0.70392,39
"4284","guide","go_fishing","no",65937,0.65937,39
"4285","guide","go_fishing","yes",34063,0.34063,39
"4286","guide","individual_importance","high",100000,1,39
"4287","guide","individual_risk","low",15535,0.15535,39
"4288","guide","individual_risk","medium",12771,0.12771,39
"4289","guide","individual_risk","high",71694,0.71694,39
"4290","guide","societal_importance","medium",77053,0.77053,39
"4291","guide","societal_importance","high",22947,0.22947,39
"4292","guide","societal_risk","low",15535,0.15535,39
"4293","guide","societal_risk","medium",68059,0.68059,39
"4294","guide","societal_risk","high",16406,0.16406,39
"4295","guide","strategy_to_change","cope",77879,0.77879,39
"4296","guide","strategy_to_change","react",4113,0.04113,39
"4297","guide","strategy_to_change","adapt",18008,0.18008,39
"4298","guide","substitution_capacity","no",100000,1,39
"4299","recreational","economic_buffers","low",100000,1,40
"4300","recreational","economic_risk","low",76060,0.7606,40
"4301","recreational","economic_risk","medium",6000,0.06,40
"4302","recreational","economic_risk","high",3772,0.03772,40
"4303","recreational","economic_risk","not_relevant",14168,0.14168,40
"4304","recreational","go_fishing","no",60043,0.60043,40
"4305","recreational","go_fishing","yes",39957,0.39957,40
"4306","recreational","individual_importance","medium",60620,0.6062,40
"4307","recreational","individual_importance","high",39380,0.3938,40
"4308","recreational","individual_risk","low",18572,0.18572,40
"4309","recreational","individual_risk","medium",67104,0.67104,40
"4310","recreational","individual_risk","high",156,0.00156,40
"4311","recreational","individual_risk","not_relevant",14168,0.14168,40
"4312","recreational","societal_importance","medium",85587,0.85587,40
"4313","recreational","societal_importance","high",14413,0.14413,40
"4314","recreational","societal_risk","low",18572,0.18572,40
"4315","recreational","societal_risk","medium",67211,0.67211,40
"4316","recreational","societal_risk","high",49,0.00049,40
"4317","recreational","societal_risk","not_relevant",14168,0.14168,40
"4318","recreational","strategy_to_change","not_relevant",14168,0.14168,40
"4319","recreational","strategy_to_change","cope",52939,0.52939,40
"4320","recreational","strategy_to_change","react",10028,0.10028,40
"4321","recreational","strategy_to_change","adapt",22865,0.22865,40
"4322","recreational","substitution_capacity","no",7,7e-05,40
"4323","recreational","substitution_capacity","yes",99993,0.99993,40
"4324","small_scale","economic_buffers","low",91239,0.91239,40
"4325","small_scale","economic_buffers","medium",8761,0.08761,40
"4326","small_scale","economic_risk","low",55593,0.55593,40
"4327","small_scale","economic_risk","medium",17852,0.17852,40
"4328","small_scale","economic_risk","high",12200,0.122,40
"4329","small_scale","economic_risk","not_relevant",14355,0.14355,40
"4330","small_scale","go_fishing","no",37796,0.37796,40
"4331","small_scale","go_fishing","yes",62204,0.62204,40
"4332","small_scale","individual_importance","medium",14178,0.14178,40
"4333","small_scale","individual_importance","high",85822,0.85822,40
"4334","small_scale","individual_risk","low",35130,0.3513,40
"4335","small_scale","individual_risk","medium",45365,0.45365,40
"4336","small_scale","individual_risk","high",5150,0.0515,40
"4337","small_scale","individual_risk","not_relevant",14355,0.14355,40
"4338","small_scale","societal_importance","high",100000,1,40
"4339","small_scale","societal_risk","low",35130,0.3513,40
"4340","small_scale","societal_risk","medium",44533,0.44533,40
"4341","small_scale","societal_risk","high",5982,0.05982,40
"4342","small_scale","societal_risk","not_relevant",14355,0.14355,40
"4343","small_scale","strategy_to_change","not_relevant",14355,0.14355,40
"4344","small_scale","strategy_to_change","cope",57426,0.57426,40
"4345","small_scale","strategy_to_change","react",28216,0.28216,40
"4346","small_scale","strategy_to_change","adapt",3,3e-05,40
"4347","small_scale","substitution_capacity","no",11345,0.11345,40
"4348","small_scale","substitution_capacity","yes",88655,0.88655,40
"4349","household","economic_buffers","low",100000,1,40
"4350","household","economic_risk","low",70961,0.70961,40
"4351","household","economic_risk","medium",5400,0.054,40
"4352","household","economic_risk","high",9357,0.09357,40
"4353","household","economic_risk","not_relevant",14282,0.14282,40
"4354","household","go_fishing","no",60481,0.60481,40
"4355","household","go_fishing","yes",39519,0.39519,40
"4356","household","individual_importance","medium",53035,0.53035,40
"4357","household","individual_importance","high",46965,0.46965,40
"4358","household","individual_risk","low",24293,0.24293,40
"4359","household","individual_risk","medium",61297,0.61297,40
"4360","household","individual_risk","high",128,0.00128,40
"4361","household","individual_risk","not_relevant",14282,0.14282,40
"4362","household","societal_importance","medium",84967,0.84967,40
"4363","household","societal_importance","high",15033,0.15033,40
"4364","household","societal_risk","low",24293,0.24293,40
"4365","household","societal_risk","medium",61386,0.61386,40
"4366","household","societal_risk","high",39,0.00039,40
"4367","household","societal_risk","not_relevant",14282,0.14282,40
"4368","household","strategy_to_change","not_relevant",14282,0.14282,40
"4369","household","strategy_to_change","cope",68295,0.68295,40
"4370","household","strategy_to_change","react",17423,0.17423,40
"4371","household","substitution_capacity","yes",100000,1,40
"4372","trawler","economic_buffers","medium",57178,0.57178,40
"4373","trawler","economic_buffers","high",42822,0.42822,40
"4374","trawler","economic_risk","low",88545,0.88545,40
"4375","trawler","economic_risk","medium",4938,0.04938,40
"4376","trawler","economic_risk","high",6517,0.06517,40
"4377","trawler","go_fishing","no",12117,0.12117,40
"4378","trawler","go_fishing","yes",87883,0.87883,40
"4379","trawler","individual_importance","high",100000,1,40
"4380","trawler","individual_risk","low",43865,0.43865,40
"4381","trawler","individual_risk","medium",39666,0.39666,40
"4382","trawler","individual_risk","high",16469,0.16469,40
"4383","trawler","societal_importance","high",100000,1,40
"4384","trawler","societal_risk","low",43865,0.43865,40
"4385","trawler","societal_risk","medium",39666,0.39666,40
"4386","trawler","societal_risk","high",16469,0.16469,40
"4387","trawler","strategy_to_change","cope",56969,0.56969,40
"4388","trawler","strategy_to_change","react",43031,0.43031,40
"4389","trawler","substitution_capacity","yes",100000,1,40
"4390","guide","economic_buffers","low",93985,0.93985,40
"4391","guide","economic_buffers","medium",6015,0.06015,40
"4392","guide","economic_risk","low",27872,0.27872,40
"4393","guide","economic_risk","medium",5343,0.05343,40
"4394","guide","economic_risk","high",66785,0.66785,40
"4395","guide","go_fishing","no",62710,0.6271,40
"4396","guide","go_fishing","yes",37290,0.3729,40
"4397","guide","individual_importance","high",100000,1,40
"4398","guide","individual_risk","low",13852,0.13852,40
"4399","guide","individual_risk","medium",15305,0.15305,40
"4400","guide","individual_risk","high",70843,0.70843,40
"4401","guide","societal_importance","medium",70840,0.7084,40
"4402","guide","societal_importance","high",29160,0.2916,40
"4403","guide","societal_risk","low",13852,0.13852,40
"4404","guide","societal_risk","medium",65384,0.65384,40
"4405","guide","societal_risk","high",20764,0.20764,40
"4406","guide","strategy_to_change","cope",72575,0.72575,40
"4407","guide","strategy_to_change","react",3216,0.03216,40
"4408","guide","strategy_to_change","adapt",24209,0.24209,40
"4409","guide","substitution_capacity","no",100000,1,40
"4410","recreational","economic_buffers","low",100000,1,41
"4411","recreational","economic_risk","low",72374,0.72374,41
"4412","recreational","economic_risk","medium",8223,0.08223,41
"4413","recreational","economic_risk","high",5189,0.05189,41
"4414","recreational","economic_risk","not_relevant",14214,0.14214,41
"4415","recreational","go_fishing","no",46533,0.46533,41
"4416","recreational","go_fishing","yes",53467,0.53467,41
"4417","recreational","individual_importance","medium",66401,0.66401,41
"4418","recreational","individual_importance","high",33599,0.33599,41
"4419","recreational","individual_risk","low",27507,0.27507,41
"4420","recreational","individual_risk","medium",44552,0.44552,41
"4421","recreational","individual_risk","high",13727,0.13727,41
"4422","recreational","individual_risk","not_relevant",14214,0.14214,41
"4423","recreational","societal_importance","medium",51551,0.51551,41
"4424","recreational","societal_importance","high",48449,0.48449,41
"4425","recreational","societal_risk","low",27507,0.27507,41
"4426","recreational","societal_risk","medium",38482,0.38482,41
"4427","recreational","societal_risk","high",19797,0.19797,41
"4428","recreational","societal_risk","not_relevant",14214,0.14214,41
"4429","recreational","strategy_to_change","not_relevant",14214,0.14214,41
"4430","recreational","strategy_to_change","cope",39338,0.39338,41
"4431","recreational","strategy_to_change","react",13725,0.13725,41
"4432","recreational","strategy_to_change","adapt",32723,0.32723,41
"4433","recreational","substitution_capacity","no",100000,1,41
"4434","small_scale","economic_buffers","low",92982,0.92982,41
"4435","small_scale","economic_buffers","medium",7018,0.07018,41
"4436","small_scale","economic_risk","low",44363,0.44363,41
"4437","small_scale","economic_risk","medium",23902,0.23902,41
"4438","small_scale","economic_risk","high",17402,0.17402,41
"4439","small_scale","economic_risk","not_relevant",14333,0.14333,41
"4440","small_scale","go_fishing","no",30903,0.30903,41
"4441","small_scale","go_fishing","yes",69097,0.69097,41
"4442","small_scale","individual_importance","medium",8016,0.08016,41
"4443","small_scale","individual_importance","high",91984,0.91984,41
"4444","small_scale","individual_risk","low",38867,0.38867,41
"4445","small_scale","individual_risk","medium",30350,0.3035,41
"4446","small_scale","individual_risk","high",16450,0.1645,41
"4447","small_scale","individual_risk","not_relevant",14333,0.14333,41
"4448","small_scale","societal_importance","high",100000,1,41
"4449","small_scale","societal_risk","low",38867,0.38867,41
"4450","small_scale","societal_risk","medium",28910,0.2891,41
"4451","small_scale","societal_risk","high",17890,0.1789,41
"4452","small_scale","societal_risk","not_relevant",14333,0.14333,41
"4453","small_scale","strategy_to_change","not_relevant",14333,0.14333,41
"4454","small_scale","strategy_to_change","cope",55091,0.55091,41
"4455","small_scale","strategy_to_change","react",29501,0.29501,41
"4456","small_scale","strategy_to_change","adapt",1075,0.01075,41
"4457","small_scale","substitution_capacity","no",61028,0.61028,41
"4458","small_scale","substitution_capacity","yes",38972,0.38972,41
"4459","household","economic_buffers","low",100000,1,41
"4460","household","economic_risk","low",74143,0.74143,41
"4461","household","economic_risk","medium",4276,0.04276,41
"4462","household","economic_risk","high",7352,0.07352,41
"4463","household","economic_risk","not_relevant",14229,0.14229,41
"4464","household","go_fishing","no",65935,0.65935,41
"4465","household","go_fishing","yes",34065,0.34065,41
"4466","household","individual_importance","medium",45150,0.4515,41
"4467","household","individual_importance","high",54850,0.5485,41
"4468","household","individual_risk","low",20094,0.20094,41
"4469","household","individual_risk","medium",65353,0.65353,41
"4470","household","individual_risk","high",324,0.00324,41
"4471","household","individual_risk","not_relevant",14229,0.14229,41
"4472","household","societal_importance","medium",75048,0.75048,41
"4473","household","societal_importance","high",24952,0.24952,41
"4474","household","societal_risk","low",20094,0.20094,41
"4475","household","societal_risk","medium",65538,0.65538,41
"4476","household","societal_risk","high",139,0.00139,41
"4477","household","societal_risk","not_relevant",14229,0.14229,41
"4478","household","strategy_to_change","not_relevant",14229,0.14229,41
"4479","household","strategy_to_change","cope",70452,0.70452,41
"4480","household","strategy_to_change","react",15319,0.15319,41
"4481","household","substitution_capacity","yes",100000,1,41
"4482","trawler","economic_buffers","medium",44923,0.44923,41
"4483","trawler","economic_buffers","high",55077,0.55077,41
"4484","trawler","economic_risk","low",89196,0.89196,41
"4485","trawler","economic_risk","medium",6056,0.06056,41
"4486","trawler","economic_risk","high",4748,0.04748,41
"4487","trawler","go_fishing","no",9552,0.09552,41
"4488","trawler","go_fishing","yes",90448,0.90448,41
"4489","trawler","individual_importance","high",100000,1,41
"4490","trawler","individual_risk","low",45935,0.45935,41
"4491","trawler","individual_risk","medium",38171,0.38171,41
"4492","trawler","individual_risk","high",15894,0.15894,41
"4493","trawler","societal_importance","high",100000,1,41
"4494","trawler","societal_risk","low",45935,0.45935,41
"4495","trawler","societal_risk","medium",38171,0.38171,41
"4496","trawler","societal_risk","high",15894,0.15894,41
"4497","trawler","strategy_to_change","cope",57219,0.57219,41
"4498","trawler","strategy_to_change","react",42781,0.42781,41
"4499","trawler","substitution_capacity","yes",100000,1,41
"4500","guide","economic_buffers","low",92937,0.92937,41
"4501","guide","economic_buffers","medium",7063,0.07063,41
"4502","guide","economic_risk","low",21124,0.21124,41
"4503","guide","economic_risk","medium",7227,0.07227,41
"4504","guide","economic_risk","high",71649,0.71649,41
"4505","guide","go_fishing","no",70960,0.7096,41
"4506","guide","go_fishing","yes",29040,0.2904,41
"4507","guide","individual_importance","high",100000,1,41
"4508","guide","individual_risk","low",10717,0.10717,41
"4509","guide","individual_risk","medium",11645,0.11645,41
"4510","guide","individual_risk","high",77638,0.77638,41
"4511","guide","societal_importance","medium",88173,0.88173,41
"4512","guide","societal_importance","high",11827,0.11827,41
"4513","guide","societal_risk","low",10717,0.10717,41
"4514","guide","societal_risk","medium",80124,0.80124,41
"4515","guide","societal_risk","high",9159,0.09159,41
"4516","guide","strategy_to_change","cope",83992,0.83992,41
"4517","guide","strategy_to_change","react",4220,0.0422,41
"4518","guide","strategy_to_change","adapt",11788,0.11788,41
"4519","guide","substitution_capacity","no",100000,1,41
"4520","recreational","economic_buffers","low",100000,1,42
"4521","recreational","economic_risk","low",52842,0.52842,42
"4522","recreational","economic_risk","medium",11369,0.11369,42
"4523","recreational","economic_risk","high",21474,0.21474,42
"4524","recreational","economic_risk","not_relevant",14315,0.14315,42
"4525","recreational","go_fishing","no",41961,0.41961,42
"4526","recreational","go_fishing","yes",58039,0.58039,42
"4527","recreational","individual_importance","medium",52604,0.52604,42
"4528","recreational","individual_importance","high",47396,0.47396,42
"4529","recreational","individual_risk","low",31351,0.31351,42
"4530","recreational","individual_risk","medium",53544,0.53544,42
"4531","recreational","individual_risk","high",790,0.0079,42
"4532","recreational","individual_risk","not_relevant",14315,0.14315,42
"4533","recreational","societal_importance","medium",89847,0.89847,42
"4534","recreational","societal_importance","high",10153,0.10153,42
"4535","recreational","societal_risk","low",31351,0.31351,42
"4536","recreational","societal_risk","medium",54164,0.54164,42
"4537","recreational","societal_risk","high",170,0.0017,42
"4538","recreational","societal_risk","not_relevant",14315,0.14315,42
"4539","recreational","strategy_to_change","not_relevant",14315,0.14315,42
"4540","recreational","strategy_to_change","cope",49029,0.49029,42
"4541","recreational","strategy_to_change","react",19113,0.19113,42
"4542","recreational","strategy_to_change","adapt",17543,0.17543,42
"4543","recreational","substitution_capacity","yes",100000,1,42
"4544","small_scale","economic_buffers","low",48312,0.48312,42
"4545","small_scale","economic_buffers","medium",51688,0.51688,42
"4546","small_scale","economic_risk","low",55569,0.55569,42
"4547","small_scale","economic_risk","medium",16337,0.16337,42
"4548","small_scale","economic_risk","high",13605,0.13605,42
"4549","small_scale","economic_risk","not_relevant",14489,0.14489,42
"4550","small_scale","go_fishing","no",43325,0.43325,42
"4551","small_scale","go_fishing","yes",56675,0.56675,42
"4552","small_scale","individual_importance","medium",5737,0.05737,42
"4553","small_scale","individual_importance","high",94263,0.94263,42
"4554","small_scale","individual_risk","low",30506,0.30506,42
"4555","small_scale","individual_risk","medium",29733,0.29733,42
"4556","small_scale","individual_risk","high",25272,0.25272,42
"4557","small_scale","individual_risk","not_relevant",14489,0.14489,42
"4558","small_scale","societal_importance","high",100000,1,42
"4559","small_scale","societal_risk","low",30506,0.30506,42
"4560","small_scale","societal_risk","medium",28203,0.28203,42
"4561","small_scale","societal_risk","high",26802,0.26802,42
"4562","small_scale","societal_risk","not_relevant",14489,0.14489,42
"4563","small_scale","strategy_to_change","not_relevant",14489,0.14489,42
"4564","small_scale","strategy_to_change","cope",63068,0.63068,42
"4565","small_scale","strategy_to_change","react",18896,0.18896,42
"4566","small_scale","strategy_to_change","adapt",3547,0.03547,42
"4567","small_scale","substitution_capacity","no",65814,0.65814,42
"4568","small_scale","substitution_capacity","yes",34186,0.34186,42
"4569","household","economic_buffers","low",100000,1,42
"4570","household","economic_risk","low",70084,0.70084,42
"4571","household","economic_risk","medium",5260,0.0526,42
"4572","household","economic_risk","high",10405,0.10405,42
"4573","household","economic_risk","not_relevant",14251,0.14251,42
"4574","household","go_fishing","no",61070,0.6107,42
"4575","household","go_fishing","yes",38930,0.3893,42
"4576","household","individual_importance","medium",54960,0.5496,42
"4577","household","individual_importance","high",45040,0.4504,42
"4578","household","individual_risk","low",23246,0.23246,42
"4579","household","individual_risk","medium",62224,0.62224,42
"4580","household","individual_risk","high",279,0.00279,42
"4581","household","individual_risk","not_relevant",14251,0.14251,42
"4582","household","societal_importance","medium",84880,0.8488,42
"4583","household","societal_importance","high",15120,0.1512,42
"4584","household","societal_risk","low",23246,0.23246,42
"4585","household","societal_risk","medium",62403,0.62403,42
"4586","household","societal_risk","high",100,0.001,42
"4587","household","societal_risk","not_relevant",14251,0.14251,42
"4588","household","strategy_to_change","not_relevant",14251,0.14251,42
"4589","household","strategy_to_change","cope",67524,0.67524,42
"4590","household","strategy_to_change","react",18225,0.18225,42
"4591","household","substitution_capacity","yes",100000,1,42
"4592","trawler","economic_buffers","medium",49135,0.49135,42
"4593","trawler","economic_buffers","high",50865,0.50865,42
"4594","trawler","economic_risk","low",88716,0.88716,42
"4595","trawler","economic_risk","medium",5846,0.05846,42
"4596","trawler","economic_risk","high",5438,0.05438,42
"4597","trawler","go_fishing","no",7579,0.07579,42
"4598","trawler","go_fishing","yes",92421,0.92421,42
"4599","trawler","individual_importance","high",100000,1,42
"4600","trawler","individual_risk","low",47697,0.47697,42
"4601","trawler","individual_risk","medium",35724,0.35724,42
"4602","trawler","individual_risk","high",16579,0.16579,42
"4603","trawler","societal_importance","high",100000,1,42
"4604","trawler","societal_risk","low",47697,0.47697,42
"4605","trawler","societal_risk","medium",35724,0.35724,42
"4606","trawler","societal_risk","high",16579,0.16579,42
"4607","trawler","strategy_to_change","cope",53455,0.53455,42
"4608","trawler","strategy_to_change","react",46545,0.46545,42
"4609","trawler","substitution_capacity","yes",100000,1,42
"4610","guide","economic_buffers","low",95969,0.95969,42
"4611","guide","economic_buffers","medium",4031,0.04031,42
"4612","guide","economic_risk","low",23589,0.23589,42
"4613","guide","economic_risk","medium",3828,0.03828,42
"4614","guide","economic_risk","high",72583,0.72583,42
"4615","guide","go_fishing","no",66910,0.6691,42
"4616","guide","go_fishing","yes",33090,0.3309,42
"4617","guide","individual_importance","high",100000,1,42
"4618","guide","individual_risk","low",13074,0.13074,42
"4619","guide","individual_risk","medium",13139,0.13139,42
"4620","guide","individual_risk","high",73787,0.73787,42
"4621","guide","societal_importance","medium",78962,0.78962,42
"4622","guide","societal_importance","high",21038,0.21038,42
"4623","guide","societal_risk","low",13074,0.13074,42
"4624","guide","societal_risk","medium",71403,0.71403,42
"4625","guide","societal_risk","high",15523,0.15523,42
"4626","guide","strategy_to_change","cope",79401,0.79401,42
"4627","guide","strategy_to_change","react",2229,0.02229,42
"4628","guide","strategy_to_change","adapt",18370,0.1837,42
"4629","guide","substitution_capacity","no",100000,1,42
"4630","recreational","economic_buffers","low",100000,1,43
"4631","recreational","economic_risk","low",75347,0.75347,43
"4632","recreational","economic_risk","medium",6227,0.06227,43
"4633","recreational","economic_risk","high",4038,0.04038,43
"4634","recreational","economic_risk","not_relevant",14388,0.14388,43
"4635","recreational","go_fishing","no",56509,0.56509,43
"4636","recreational","go_fishing","yes",43491,0.43491,43
"4637","recreational","individual_importance","medium",71060,0.7106,43
"4638","recreational","individual_importance","high",28940,0.2894,43
"4639","recreational","individual_risk","low",24538,0.24538,43
"4640","recreational","individual_risk","medium",60861,0.60861,43
"4641","recreational","individual_risk","high",213,0.00213,43
"4642","recreational","individual_risk","not_relevant",14388,0.14388,43
"4643","recreational","societal_importance","medium",88635,0.88635,43
"4644","recreational","societal_importance","high",11365,0.11365,43
"4645","recreational","societal_risk","low",24538,0.24538,43
"4646","recreational","societal_risk","medium",60997,0.60997,43
"4647","recreational","societal_risk","high",77,0.00077,43
"4648","recreational","societal_risk","not_relevant",14388,0.14388,43
"4649","recreational","strategy_to_change","not_relevant",14388,0.14388,43
"4650","recreational","strategy_to_change","cope",49305,0.49305,43
"4651","recreational","strategy_to_change","react",10518,0.10518,43
"4652","recreational","strategy_to_change","adapt",25789,0.25789,43
"4653","recreational","substitution_capacity","yes",100000,1,43
"4654","small_scale","economic_buffers","low",94105,0.94105,43
"4655","small_scale","economic_buffers","medium",5895,0.05895,43
"4656","small_scale","economic_risk","low",42003,0.42003,43
"4657","small_scale","economic_risk","medium",24777,0.24777,43
"4658","small_scale","economic_risk","high",19119,0.19119,43
"4659","small_scale","economic_risk","not_relevant",14101,0.14101,43
"4660","small_scale","go_fishing","no",37281,0.37281,43
"4661","small_scale","go_fishing","yes",62719,0.62719,43
"4662","small_scale","individual_importance","medium",12070,0.1207,43
"4663","small_scale","individual_importance","high",87930,0.8793,43
"4664","small_scale","individual_risk","low",36066,0.36066,43
"4665","small_scale","individual_risk","medium",31166,0.31166,43
"4666","small_scale","individual_risk","high",18667,0.18667,43
"4667","small_scale","individual_risk","not_relevant",14101,0.14101,43
"4668","small_scale","societal_importance","high",100000,1,43
"4669","small_scale","societal_risk","low",36066,0.36066,43
"4670","small_scale","societal_risk","medium",28514,0.28514,43
"4671","small_scale","societal_risk","high",21319,0.21319,43
"4672","small_scale","societal_risk","not_relevant",14101,0.14101,43
"4673","small_scale","strategy_to_change","not_relevant",14101,0.14101,43
"4674","small_scale","strategy_to_change","cope",56061,0.56061,43
"4675","small_scale","strategy_to_change","react",29763,0.29763,43
"4676","small_scale","strategy_to_change","adapt",75,0.00075,43
"4677","small_scale","substitution_capacity","no",62317,0.62317,43
"4678","small_scale","substitution_capacity","yes",37683,0.37683,43
"4679","household","economic_buffers","low",100000,1,43
"4680","household","economic_risk","low",69639,0.69639,43
"4681","household","economic_risk","medium",5398,0.05398,43
"4682","household","economic_risk","high",10741,0.10741,43
"4683","household","economic_risk","not_relevant",14222,0.14222,43
"4684","household","go_fishing","no",64039,0.64039,43
"4685","household","go_fishing","yes",35961,0.35961,43
"4686","household","individual_importance","medium",51232,0.51232,43
"4687","household","individual_importance","high",48768,0.48768,43
"4688","household","individual_risk","low",22984,0.22984,43
"4689","household","individual_risk","medium",62671,0.62671,43
"4690","household","individual_risk","high",123,0.00123,43
"4691","household","individual_risk","not_relevant",14222,0.14222,43
"4692","household","societal_importance","medium",85917,0.85917,43
"4693","household","societal_importance","high",14083,0.14083,43
"4694","household","societal_risk","low",22984,0.22984,43
"4695","household","societal_risk","medium",62748,0.62748,43
"4696","household","societal_risk","high",46,0.00046,43
"4697","household","societal_risk","not_relevant",14222,0.14222,43
"4698","household","strategy_to_change","not_relevant",14222,0.14222,43
"4699","household","strategy_to_change","cope",65878,0.65878,43
"4700","household","strategy_to_change","react",19900,0.199,43
"4701","household","substitution_capacity","yes",100000,1,43
"4702","trawler","economic_buffers","medium",50243,0.50243,43
"4703","trawler","economic_buffers","high",49757,0.49757,43
"4704","trawler","economic_risk","low",90636,0.90636,43
"4705","trawler","economic_risk","medium",4661,0.04661,43
"4706","trawler","economic_risk","high",4703,0.04703,43
"4707","trawler","go_fishing","no",14069,0.14069,43
"4708","trawler","go_fishing","yes",85931,0.85931,43
"4709","trawler","individual_importance","high",100000,1,43
"4710","trawler","individual_risk","low",46157,0.46157,43
"4711","trawler","individual_risk","medium",41329,0.41329,43
"4712","trawler","individual_risk","high",12514,0.12514,43
"4713","trawler","societal_importance","high",100000,1,43
"4714","trawler","societal_risk","low",46157,0.46157,43
"4715","trawler","societal_risk","medium",41329,0.41329,43
"4716","trawler","societal_risk","high",12514,0.12514,43
"4717","trawler","strategy_to_change","cope",62382,0.62382,43
"4718","trawler","strategy_to_change","react",37618,0.37618,43
"4719","trawler","substitution_capacity","yes",100000,1,43
"4720","guide","economic_buffers","low",96963,0.96963,43
"4721","guide","economic_buffers","medium",3037,0.03037,43
"4722","guide","economic_risk","low",22554,0.22554,43
"4723","guide","economic_risk","medium",3180,0.0318,43
"4724","guide","economic_risk","high",74266,0.74266,43
"4725","guide","go_fishing","no",66184,0.66184,43
"4726","guide","go_fishing","yes",33816,0.33816,43
"4727","guide","individual_importance","high",100000,1,43
"4728","guide","individual_risk","low",15898,0.15898,43
"4729","guide","individual_risk","medium",13012,0.13012,43
"4730","guide","individual_risk","high",71090,0.7109,43
"4731","guide","societal_importance","medium",79896,0.79896,43
"4732","guide","societal_importance","high",20104,0.20104,43
"4733","guide","societal_risk","low",15898,0.15898,43
"4734","guide","societal_risk","medium",69774,0.69774,43
"4735","guide","societal_risk","high",14328,0.14328,43
"4736","guide","strategy_to_change","cope",78175,0.78175,43
"4737","guide","strategy_to_change","react",2275,0.02275,43
"4738","guide","strategy_to_change","adapt",19550,0.1955,43
"4739","guide","substitution_capacity","no",100000,1,43
"4740","recreational","economic_buffers","low",100000,1,44
"4741","recreational","economic_risk","low",70412,0.70412,44
"4742","recreational","economic_risk","medium",9296,0.09296,44
"4743","recreational","economic_risk","high",6006,0.06006,44
"4744","recreational","economic_risk","not_relevant",14286,0.14286,44
"4745","recreational","go_fishing","no",56697,0.56697,44
"4746","recreational","go_fishing","yes",43303,0.43303,44
"4747","recreational","individual_importance","medium",59203,0.59203,44
"4748","recreational","individual_importance","high",40797,0.40797,44
"4749","recreational","individual_risk","low",21328,0.21328,44
"4750","recreational","individual_risk","medium",63926,0.63926,44
"4751","recreational","individual_risk","high",460,0.0046,44
"4752","recreational","individual_risk","not_relevant",14286,0.14286,44
"4753","recreational","societal_importance","medium",68178,0.68178,44
"4754","recreational","societal_importance","high",31822,0.31822,44
"4755","recreational","societal_risk","low",21328,0.21328,44
"4756","recreational","societal_risk","medium",64053,0.64053,44
"4757","recreational","societal_risk","high",333,0.00333,44
"4758","recreational","societal_risk","not_relevant",14286,0.14286,44
"4759","recreational","strategy_to_change","not_relevant",14286,0.14286,44
"4760","recreational","strategy_to_change","cope",49589,0.49589,44
"4761","recreational","strategy_to_change","react",15702,0.15702,44
"4762","recreational","strategy_to_change","adapt",20423,0.20423,44
"4763","recreational","substitution_capacity","yes",100000,1,44
"4764","small_scale","economic_buffers","low",80064,0.80064,44
"4765","small_scale","economic_buffers","medium",19936,0.19936,44
"4766","small_scale","economic_risk","low",47029,0.47029,44
"4767","small_scale","economic_risk","medium",21917,0.21917,44
"4768","small_scale","economic_risk","high",16720,0.1672,44
"4769","small_scale","economic_risk","not_relevant",14334,0.14334,44
"4770","small_scale","go_fishing","no",33663,0.33663,44
"4771","small_scale","go_fishing","yes",66337,0.66337,44
"4772","small_scale","individual_importance","medium",7794,0.07794,44
"4773","small_scale","individual_importance","high",92206,0.92206,44
"4774","small_scale","individual_risk","low",36575,0.36575,44
"4775","small_scale","individual_risk","medium",27920,0.2792,44
"4776","small_scale","individual_risk","high",21171,0.21171,44
"4777","small_scale","individual_risk","not_relevant",14334,0.14334,44
"4778","small_scale","societal_importance","high",100000,1,44
"4779","small_scale","societal_risk","low",36575,0.36575,44
"4780","small_scale","societal_risk","medium",26046,0.26046,44
"4781","small_scale","societal_risk","high",23045,0.23045,44
"4782","small_scale","societal_risk","not_relevant",14334,0.14334,44
"4783","small_scale","strategy_to_change","not_relevant",14334,0.14334,44
"4784","small_scale","strategy_to_change","cope",59226,0.59226,44
"4785","small_scale","strategy_to_change","react",24964,0.24964,44
"4786","small_scale","strategy_to_change","adapt",1476,0.01476,44
"4787","small_scale","substitution_capacity","no",76534,0.76534,44
"4788","small_scale","substitution_capacity","yes",23466,0.23466,44
"4789","household","economic_buffers","low",100000,1,44
"4790","household","economic_risk","low",70677,0.70677,44
"4791","household","economic_risk","medium",5073,0.05073,44
"4792","household","economic_risk","high",9815,0.09815,44
"4793","household","economic_risk","not_relevant",14435,0.14435,44
"4794","household","go_fishing","no",64263,0.64263,44
"4795","household","go_fishing","yes",35737,0.35737,44
"4796","household","individual_importance","medium",52888,0.52888,44
"4797","household","individual_importance","high",47112,0.47112,44
"4798","household","individual_risk","low",21972,0.21972,44
"4799","household","individual_risk","medium",63410,0.6341,44
"4800","household","individual_risk","high",183,0.00183,44
"4801","household","individual_risk","not_relevant",14435,0.14435,44
"4802","household","societal_importance","medium",77988,0.77988,44
"4803","household","societal_importance","high",22012,0.22012,44
"4804","household","societal_risk","low",21972,0.21972,44
"4805","household","societal_risk","medium",63509,0.63509,44
"4806","household","societal_risk","high",84,0.00084,44
"4807","household","societal_risk","not_relevant",14435,0.14435,44
"4808","household","strategy_to_change","not_relevant",14435,0.14435,44
"4809","household","strategy_to_change","cope",66868,0.66868,44
"4810","household","strategy_to_change","react",18697,0.18697,44
"4811","household","substitution_capacity","yes",100000,1,44
"4812","trawler","economic_buffers","medium",48954,0.48954,44
"4813","trawler","economic_buffers","high",51046,0.51046,44
"4814","trawler","economic_risk","low",88026,0.88026,44
"4815","trawler","economic_risk","medium",6234,0.06234,44
"4816","trawler","economic_risk","high",5740,0.0574,44
"4817","trawler","go_fishing","no",10514,0.10514,44
"4818","trawler","go_fishing","yes",89486,0.89486,44
"4819","trawler","individual_importance","high",100000,1,44
"4820","trawler","individual_risk","low",42640,0.4264,44
"4821","trawler","individual_risk","medium",42631,0.42631,44
"4822","trawler","individual_risk","high",14729,0.14729,44
"4823","trawler","societal_importance","high",100000,1,44
"4824","trawler","societal_risk","low",42640,0.4264,44
"4825","trawler","societal_risk","medium",42631,0.42631,44
"4826","trawler","societal_risk","high",14729,0.14729,44
"4827","trawler","strategy_to_change","cope",52479,0.52479,44
"4828","trawler","strategy_to_change","react",47521,0.47521,44
"4829","trawler","substitution_capacity","yes",100000,1,44
"4830","guide","economic_buffers","low",96070,0.9607,44
"4831","guide","economic_buffers","medium",3930,0.0393,44
"4832","guide","economic_risk","low",23003,0.23003,44
"4833","guide","economic_risk","medium",5689,0.05689,44
"4834","guide","economic_risk","high",71308,0.71308,44
"4835","guide","go_fishing","no",68373,0.68373,44
"4836","guide","go_fishing","yes",31627,0.31627,44
"4837","guide","individual_importance","high",100000,1,44
"4838","guide","individual_risk","low",14103,0.14103,44
"4839","guide","individual_risk","medium",12931,0.12931,44
"4840","guide","individual_risk","high",72966,0.72966,44
"4841","guide","societal_importance","medium",77955,0.77955,44
"4842","guide","societal_importance","high",22045,0.22045,44
"4843","guide","societal_risk","low",14103,0.14103,44
"4844","guide","societal_risk","medium",69796,0.69796,44
"4845","guide","societal_risk","high",16101,0.16101,44
"4846","guide","strategy_to_change","cope",80114,0.80114,44
"4847","guide","strategy_to_change","react",5621,0.05621,44
"4848","guide","strategy_to_change","adapt",14265,0.14265,44
"4849","guide","substitution_capacity","no",100000,1,44
"4850","recreational","economic_buffers","low",100000,1,45
"4851","recreational","economic_risk","low",61286,0.61286,45
"4852","recreational","economic_risk","medium",6289,0.06289,45
"4853","recreational","economic_risk","high",18184,0.18184,45
"4854","recreational","economic_risk","not_relevant",14241,0.14241,45
"4855","recreational","go_fishing","no",38631,0.38631,45
"4856","recreational","go_fishing","yes",61369,0.61369,45
"4857","recreational","individual_importance","medium",67302,0.67302,45
"4858","recreational","individual_importance","high",32698,0.32698,45
"4859","recreational","individual_risk","low",32948,0.32948,45
"4860","recreational","individual_risk","medium",41976,0.41976,45
"4861","recreational","individual_risk","high",10835,0.10835,45
"4862","recreational","individual_risk","not_relevant",14241,0.14241,45
"4863","recreational","societal_importance","medium",67515,0.67515,45
"4864","recreational","societal_importance","high",32485,0.32485,45
"4865","recreational","societal_risk","low",32948,0.32948,45
"4866","recreational","societal_risk","medium",42086,0.42086,45
"4867","recreational","societal_risk","high",10725,0.10725,45
"4868","recreational","societal_risk","not_relevant",14241,0.14241,45
"4869","recreational","strategy_to_change","not_relevant",14241,0.14241,45
"4870","recreational","strategy_to_change","cope",45716,0.45716,45
"4871","recreational","strategy_to_change","react",10519,0.10519,45
"4872","recreational","strategy_to_change","adapt",29524,0.29524,45
"4873","recreational","substitution_capacity","no",100000,1,45
"4874","small_scale","economic_buffers","low",88525,0.88525,45
"4875","small_scale","economic_buffers","medium",11475,0.11475,45
"4876","small_scale","economic_risk","low",48780,0.4878,45
"4877","small_scale","economic_risk","medium",21294,0.21294,45
"4878","small_scale","economic_risk","high",15507,0.15507,45
"4879","small_scale","economic_risk","not_relevant",14419,0.14419,45
"4880","small_scale","go_fishing","no",29230,0.2923,45
"4881","small_scale","go_fishing","yes",70770,0.7077,45
"4882","small_scale","individual_importance","medium",3112,0.03112,45
"4883","small_scale","individual_importance","high",96888,0.96888,45
"4884","small_scale","individual_risk","low",39059,0.39059,45
"4885","small_scale","individual_risk","medium",34234,0.34234,45
"4886","small_scale","individual_risk","high",12288,0.12288,45
"4887","small_scale","individual_risk","not_relevant",14419,0.14419,45
"4888","small_scale","societal_importance","high",100000,1,45
"4889","small_scale","societal_risk","low",39059,0.39059,45
"4890","small_scale","societal_risk","medium",33827,0.33827,45
"4891","small_scale","societal_risk","high",12695,0.12695,45
"4892","small_scale","societal_risk","not_relevant",14419,0.14419,45
"4893","small_scale","strategy_to_change","not_relevant",14419,0.14419,45
"4894","small_scale","strategy_to_change","cope",52838,0.52838,45
"4895","small_scale","strategy_to_change","react",31513,0.31513,45
"4896","small_scale","strategy_to_change","adapt",1230,0.0123,45
"4897","small_scale","substitution_capacity","no",43037,0.43037,45
"4898","small_scale","substitution_capacity","yes",56963,0.56963,45
"4899","household","economic_buffers","low",100000,1,45
"4900","household","economic_risk","low",72091,0.72091,45
"4901","household","economic_risk","medium",4603,0.04603,45
"4902","household","economic_risk","high",8922,0.08922,45
"4903","household","economic_risk","not_relevant",14384,0.14384,45
"4904","household","go_fishing","no",64343,0.64343,45
"4905","household","go_fishing","yes",35657,0.35657,45
"4906","household","individual_importance","medium",43792,0.43792,45
"4907","household","individual_importance","high",56208,0.56208,45
"4908","household","individual_risk","low",19647,0.19647,45
"4909","household","individual_risk","medium",65742,0.65742,45
"4910","household","individual_risk","high",227,0.00227,45
"4911","household","individual_risk","not_relevant",14384,0.14384,45
"4912","household","societal_importance","medium",80942,0.80942,45
"4913","household","societal_importance","high",19058,0.19058,45
"4914","household","societal_risk","low",19647,0.19647,45
"4915","household","societal_risk","medium",65886,0.65886,45
"4916","household","societal_risk","high",83,0.00083,45
"4917","household","societal_risk","not_relevant",14384,0.14384,45
"4918","household","strategy_to_change","not_relevant",14384,0.14384,45
"4919","household","strategy_to_change","cope",69690,0.6969,45
"4920","household","strategy_to_change","react",15926,0.15926,45
"4921","household","substitution_capacity","yes",100000,1,45
"4922","trawler","economic_buffers","medium",45802,0.45802,45
"4923","trawler","economic_buffers","high",54198,0.54198,45
"4924","trawler","economic_risk","low",88016,0.88016,45
"4925","trawler","economic_risk","medium",6645,0.06645,45
"4926","trawler","economic_risk","high",5339,0.05339,45
"4927","trawler","go_fishing","no",6148,0.06148,45
"4928","trawler","go_fishing","yes",93852,0.93852,45
"4929","trawler","individual_importance","high",100000,1,45
"4930","trawler","individual_risk","low",47236,0.47236,45
"4931","trawler","individual_risk","medium",36990,0.3699,45
"4932","trawler","individual_risk","high",15774,0.15774,45
"4933","trawler","societal_importance","high",100000,1,45
"4934","trawler","societal_risk","low",47236,0.47236,45
"4935","trawler","societal_risk","medium",36990,0.3699,45
"4936","trawler","societal_risk","high",15774,0.15774,45
"4937","trawler","strategy_to_change","cope",53163,0.53163,45
"4938","trawler","strategy_to_change","react",46837,0.46837,45
"4939","trawler","substitution_capacity","yes",100000,1,45
"4940","guide","economic_buffers","low",93922,0.93922,45
"4941","guide","economic_buffers","medium",6078,0.06078,45
"4942","guide","economic_risk","low",27128,0.27128,45
"4943","guide","economic_risk","medium",4635,0.04635,45
"4944","guide","economic_risk","high",68237,0.68237,45
"4945","guide","go_fishing","no",67357,0.67357,45
"4946","guide","go_fishing","yes",32643,0.32643,45
"4947","guide","individual_importance","high",100000,1,45
"4948","guide","individual_risk","low",13519,0.13519,45
"4949","guide","individual_risk","medium",14346,0.14346,45
"4950","guide","individual_risk","high",72135,0.72135,45
"4951","guide","societal_importance","medium",78674,0.78674,45
"4952","guide","societal_importance","high",21326,0.21326,45
"4953","guide","societal_risk","low",13519,0.13519,45
"4954","guide","societal_risk","medium",71063,0.71063,45
"4955","guide","societal_risk","high",15418,0.15418,45
"4956","guide","strategy_to_change","cope",80345,0.80345,45
"4957","guide","strategy_to_change","react",1224,0.01224,45
"4958","guide","strategy_to_change","adapt",18431,0.18431,45
"4959","guide","substitution_capacity","no",100000,1,45
"4960","recreational","economic_buffers","low",100000,1,46
"4961","recreational","economic_risk","low",49100,0.491,46
"4962","recreational","economic_risk","medium",13048,0.13048,46
"4963","recreational","economic_risk","high",23545,0.23545,46
"4964","recreational","economic_risk","not_relevant",14307,0.14307,46
"4965","recreational","go_fishing","no",33122,0.33122,46
"4966","recreational","go_fishing","yes",66878,0.66878,46
"4967","recreational","individual_importance","medium",57637,0.57637,46
"4968","recreational","individual_importance","high",42363,0.42363,46
"4969","recreational","individual_risk","low",37895,0.37895,46
"4970","recreational","individual_risk","medium",47054,0.47054,46
"4971","recreational","individual_risk","high",744,0.00744,46
"4972","recreational","individual_risk","not_relevant",14307,0.14307,46
"4973","recreational","societal_importance","medium",66971,0.66971,46
"4974","recreational","societal_importance","high",33029,0.33029,46
"4975","recreational","societal_risk","low",37895,0.37895,46
"4976","recreational","societal_risk","medium",47200,0.472,46
"4977","recreational","societal_risk","high",598,0.00598,46
"4978","recreational","societal_risk","not_relevant",14307,0.14307,46
"4979","recreational","strategy_to_change","not_relevant",14307,0.14307,46
"4980","recreational","strategy_to_change","cope",42378,0.42378,46
"4981","recreational","strategy_to_change","react",22166,0.22166,46
"4982","recreational","strategy_to_change","adapt",21149,0.21149,46
"4983","recreational","substitution_capacity","yes",100000,1,46
"4984","small_scale","economic_buffers","low",90496,0.90496,46
"4985","small_scale","economic_buffers","medium",9504,0.09504,46
"4986","small_scale","economic_risk","low",45536,0.45536,46
"4987","small_scale","economic_risk","medium",22647,0.22647,46
"4988","small_scale","economic_risk","high",17549,0.17549,46
"4989","small_scale","economic_risk","not_relevant",14268,0.14268,46
"4990","small_scale","go_fishing","no",41402,0.41402,46
"4991","small_scale","go_fishing","yes",58598,0.58598,46
"4992","small_scale","individual_importance","medium",7636,0.07636,46
"4993","small_scale","individual_importance","high",92364,0.92364,46
"4994","small_scale","individual_risk","low",32947,0.32947,46
"4995","small_scale","individual_risk","medium",32892,0.32892,46
"4996","small_scale","individual_risk","high",19893,0.19893,46
"4997","small_scale","individual_risk","not_relevant",14268,0.14268,46
"4998","small_scale","societal_importance","high",100000,1,46
"4999","small_scale","societal_risk","low",32947,0.32947,46
"5000","small_scale","societal_risk","medium",31270,0.3127,46
"5001","small_scale","societal_risk","high",21515,0.21515,46
"5002","small_scale","societal_risk","not_relevant",14268,0.14268,46
"5003","small_scale","strategy_to_change","not_relevant",14268,0.14268,46
"5004","small_scale","strategy_to_change","cope",61674,0.61674,46
"5005","small_scale","strategy_to_change","react",23116,0.23116,46
"5006","small_scale","strategy_to_change","adapt",942,0.00942,46
"5007","small_scale","substitution_capacity","no",54132,0.54132,46
"5008","small_scale","substitution_capacity","yes",45868,0.45868,46
"5009","household","economic_buffers","low",100000,1,46
"5010","household","economic_risk","low",69044,0.69044,46
"5011","household","economic_risk","medium",5164,0.05164,46
"5012","household","economic_risk","high",11290,0.1129,46
"5013","household","economic_risk","not_relevant",14502,0.14502,46
"5014","household","go_fishing","no",62946,0.62946,46
"5015","household","go_fishing","yes",37054,0.37054,46
"5016","household","individual_importance","medium",53286,0.53286,46
"5017","household","individual_importance","high",46714,0.46714,46
"5018","household","individual_risk","low",23019,0.23019,46
"5019","household","individual_risk","medium",62276,0.62276,46
"5020","household","individual_risk","high",203,0.00203,46
"5021","household","individual_risk","not_relevant",14502,0.14502,46
"5022","household","societal_importance","medium",85098,0.85098,46
"5023","household","societal_importance","high",14902,0.14902,46
"5024","household","societal_risk","low",23019,0.23019,46
"5025","household","societal_risk","medium",62409,0.62409,46
"5026","household","societal_risk","high",70,7e-04,46
"5027","household","societal_risk","not_relevant",14502,0.14502,46
"5028","household","strategy_to_change","not_relevant",14502,0.14502,46
"5029","household","strategy_to_change","cope",65818,0.65818,46
"5030","household","strategy_to_change","react",19680,0.1968,46
"5031","household","substitution_capacity","yes",100000,1,46
"5032","trawler","economic_buffers","medium",39037,0.39037,46
"5033","trawler","economic_buffers","high",60963,0.60963,46
"5034","trawler","economic_risk","low",92918,0.92918,46
"5035","trawler","economic_risk","medium",4405,0.04405,46
"5036","trawler","economic_risk","high",2677,0.02677,46
"5037","trawler","go_fishing","no",14060,0.1406,46
"5038","trawler","go_fishing","yes",85940,0.8594,46
"5039","trawler","individual_importance","high",100000,1,46
"5040","trawler","individual_risk","low",46282,0.46282,46
"5041","trawler","individual_risk","medium",40547,0.40547,46
"5042","trawler","individual_risk","high",13171,0.13171,46
"5043","trawler","societal_importance","high",100000,1,46
"5044","trawler","societal_risk","low",46282,0.46282,46
"5045","trawler","societal_risk","medium",40547,0.40547,46
"5046","trawler","societal_risk","high",13171,0.13171,46
"5047","trawler","strategy_to_change","cope",60630,0.6063,46
"5048","trawler","strategy_to_change","react",39370,0.3937,46
"5049","trawler","substitution_capacity","yes",100000,1,46
"5050","guide","economic_buffers","low",94115,0.94115,46
"5051","guide","economic_buffers","medium",5885,0.05885,46
"5052","guide","economic_risk","low",27213,0.27213,46
"5053","guide","economic_risk","medium",5534,0.05534,46
"5054","guide","economic_risk","high",67253,0.67253,46
"5055","guide","go_fishing","no",65125,0.65125,46
"5056","guide","go_fishing","yes",34875,0.34875,46
"5057","guide","individual_importance","high",100000,1,46
"5058","guide","individual_risk","low",15288,0.15288,46
"5059","guide","individual_risk","medium",14303,0.14303,46
"5060","guide","individual_risk","high",70409,0.70409,46
"5061","guide","societal_importance","medium",78121,0.78121,46
"5062","guide","societal_importance","high",21879,0.21879,46
"5063","guide","societal_risk","low",15288,0.15288,46
"5064","guide","societal_risk","medium",69314,0.69314,46
"5065","guide","societal_risk","high",15398,0.15398,46
"5066","guide","strategy_to_change","cope",76073,0.76073,46
"5067","guide","strategy_to_change","react",3304,0.03304,46
"5068","guide","strategy_to_change","adapt",20623,0.20623,46
"5069","guide","substitution_capacity","no",100000,1,46
"5070","recreational","economic_buffers","low",100000,1,47
"5071","recreational","economic_risk","low",77864,0.77864,47
"5072","recreational","economic_risk","medium",4799,0.04799,47
"5073","recreational","economic_risk","high",3083,0.03083,47
"5074","recreational","economic_risk","not_relevant",14254,0.14254,47
"5075","recreational","go_fishing","no",56092,0.56092,47
"5076","recreational","go_fishing","yes",43908,0.43908,47
"5077","recreational","individual_importance","medium",58712,0.58712,47
"5078","recreational","individual_importance","high",41288,0.41288,47
"5079","recreational","individual_risk","low",18511,0.18511,47
"5080","recreational","individual_risk","medium",46245,0.46245,47
"5081","recreational","individual_risk","high",20990,0.2099,47
"5082","recreational","individual_risk","not_relevant",14254,0.14254,47
"5083","recreational","societal_importance","medium",46226,0.46226,47
"5084","recreational","societal_importance","high",53774,0.53774,47
"5085","recreational","societal_risk","low",18511,0.18511,47
"5086","recreational","societal_risk","medium",39857,0.39857,47
"5087","recreational","societal_risk","high",27378,0.27378,47
"5088","recreational","societal_risk","not_relevant",14254,0.14254,47
"5089","recreational","strategy_to_change","not_relevant",14254,0.14254,47
"5090","recreational","strategy_to_change","cope",49092,0.49092,47
"5091","recreational","strategy_to_change","react",8098,0.08098,47
"5092","recreational","strategy_to_change","adapt",28556,0.28556,47
"5093","recreational","substitution_capacity","no",100000,1,47
"5094","small_scale","economic_buffers","low",52294,0.52294,47
"5095","small_scale","economic_buffers","medium",47706,0.47706,47
"5096","small_scale","economic_risk","low",55949,0.55949,47
"5097","small_scale","economic_risk","medium",16482,0.16482,47
"5098","small_scale","economic_risk","high",13225,0.13225,47
"5099","small_scale","economic_risk","not_relevant",14344,0.14344,47
"5100","small_scale","go_fishing","no",32054,0.32054,47
"5101","small_scale","go_fishing","yes",67946,0.67946,47
"5102","small_scale","individual_importance","medium",3271,0.03271,47
"5103","small_scale","individual_importance","high",96729,0.96729,47
"5104","small_scale","individual_risk","low",35726,0.35726,47
"5105","small_scale","individual_risk","medium",31507,0.31507,47
"5106","small_scale","individual_risk","high",18423,0.18423,47
"5107","small_scale","individual_risk","not_relevant",14344,0.14344,47
"5108","small_scale","societal_importance","high",100000,1,47
"5109","small_scale","societal_risk","low",35726,0.35726,47
"5110","small_scale","societal_risk","medium",30926,0.30926,47
"5111","small_scale","societal_risk","high",19004,0.19004,47
"5112","small_scale","societal_risk","not_relevant",14344,0.14344,47
"5113","small_scale","strategy_to_change","not_relevant",14344,0.14344,47
"5114","small_scale","strategy_to_change","cope",55172,0.55172,47
"5115","small_scale","strategy_to_change","react",29826,0.29826,47
"5116","small_scale","strategy_to_change","adapt",658,0.00658,47
"5117","small_scale","substitution_capacity","no",61448,0.61448,47
"5118","small_scale","substitution_capacity","yes",38552,0.38552,47
"5119","household","economic_buffers","low",100000,1,47
"5120","household","economic_risk","low",71666,0.71666,47
"5121","household","economic_risk","medium",4606,0.04606,47
"5122","household","economic_risk","high",9366,0.09366,47
"5123","household","economic_risk","not_relevant",14362,0.14362,47
"5124","household","go_fishing","no",59833,0.59833,47
"5125","household","go_fishing","yes",40167,0.40167,47
"5126","household","individual_importance","medium",55779,0.55779,47
"5127","household","individual_importance","high",44221,0.44221,47
"5128","household","individual_risk","low",22554,0.22554,47
"5129","household","individual_risk","medium",62784,0.62784,47
"5130","household","individual_risk","high",300,0.003,47
"5131","household","individual_risk","not_relevant",14362,0.14362,47
"5132","household","societal_importance","medium",74126,0.74126,47
"5133","household","societal_importance","high",25874,0.25874,47
"5134","household","societal_risk","low",22554,0.22554,47
"5135","household","societal_risk","medium",62905,0.62905,47
"5136","household","societal_risk","high",179,0.00179,47
"5137","household","societal_risk","not_relevant",14362,0.14362,47
"5138","household","strategy_to_change","not_relevant",14362,0.14362,47
"5139","household","strategy_to_change","cope",69863,0.69863,47
"5140","household","strategy_to_change","react",15775,0.15775,47
"5141","household","substitution_capacity","yes",100000,1,47
"5142","trawler","economic_buffers","medium",55946,0.55946,47
"5143","trawler","economic_buffers","high",44054,0.44054,47
"5144","trawler","economic_risk","low",91130,0.9113,47
"5145","trawler","economic_risk","medium",3957,0.03957,47
"5146","trawler","economic_risk","high",4913,0.04913,47
"5147","trawler","go_fishing","no",14431,0.14431,47
"5148","trawler","go_fishing","yes",85569,0.85569,47
"5149","trawler","individual_importance","high",100000,1,47
"5150","trawler","individual_risk","low",41159,0.41159,47
"5151","trawler","individual_risk","medium",46283,0.46283,47
"5152","trawler","individual_risk","high",12558,0.12558,47
"5153","trawler","societal_importance","high",100000,1,47
"5154","trawler","societal_risk","low",41159,0.41159,47
"5155","trawler","societal_risk","medium",46283,0.46283,47
"5156","trawler","societal_risk","high",12558,0.12558,47
"5157","trawler","strategy_to_change","cope",58274,0.58274,47
"5158","trawler","strategy_to_change","react",41726,0.41726,47
"5159","trawler","substitution_capacity","yes",100000,1,47
"5160","guide","economic_buffers","low",94071,0.94071,47
"5161","guide","economic_buffers","medium",5929,0.05929,47
"5162","guide","economic_risk","low",22761,0.22761,47
"5163","guide","economic_risk","medium",6225,0.06225,47
"5164","guide","economic_risk","high",71014,0.71014,47
"5165","guide","go_fishing","no",70122,0.70122,47
"5166","guide","go_fishing","yes",29878,0.29878,47
"5167","guide","individual_importance","high",100000,1,47
"5168","guide","individual_risk","low",10730,0.1073,47
"5169","guide","individual_risk","medium",12700,0.127,47
"5170","guide","individual_risk","high",76570,0.7657,47
"5171","guide","societal_importance","medium",84920,0.8492,47
"5172","guide","societal_importance","high",15080,0.1508,47
"5173","guide","societal_risk","low",10730,0.1073,47
"5174","guide","societal_risk","medium",77694,0.77694,47
"5175","guide","societal_risk","high",11576,0.11576,47
"5176","guide","strategy_to_change","cope",84068,0.84068,47
"5177","guide","strategy_to_change","react",4094,0.04094,47
"5178","guide","strategy_to_change","adapt",11838,0.11838,47
"5179","guide","substitution_capacity","no",100000,1,47
"5180","recreational","economic_buffers","low",100000,1,48
"5181","recreational","economic_risk","low",81945,0.81945,48
"5182","recreational","economic_risk","medium",2348,0.02348,48
"5183","recreational","economic_risk","high",1521,0.01521,48
"5184","recreational","economic_risk","not_relevant",14186,0.14186,48
"5185","recreational","go_fishing","no",59030,0.5903,48
"5186","recreational","go_fishing","yes",40970,0.4097,48
"5187","recreational","individual_importance","medium",40106,0.40106,48
"5188","recreational","individual_importance","high",59894,0.59894,48
"5189","recreational","individual_risk","low",20247,0.20247,48
"5190","recreational","individual_risk","medium",65196,0.65196,48
"5191","recreational","individual_risk","high",371,0.00371,48
"5192","recreational","individual_risk","not_relevant",14186,0.14186,48
"5193","recreational","societal_importance","medium",67047,0.67047,48
"5194","recreational","societal_importance","high",32953,0.32953,48
"5195","recreational","societal_risk","low",20247,0.20247,48
"5196","recreational","societal_risk","medium",65376,0.65376,48
"5197","recreational","societal_risk","high",191,0.00191,48
"5198","recreational","societal_risk","not_relevant",14186,0.14186,48
"5199","recreational","strategy_to_change","not_relevant",14186,0.14186,48
"5200","recreational","strategy_to_change","cope",51964,0.51964,48
"5201","recreational","strategy_to_change","react",3960,0.0396,48
"5202","recreational","strategy_to_change","adapt",29890,0.2989,48
"5203","recreational","substitution_capacity","yes",100000,1,48
"5204","small_scale","economic_buffers","low",93701,0.93701,48
"5205","small_scale","economic_buffers","medium",6299,0.06299,48
"5206","small_scale","economic_risk","low",48562,0.48562,48
"5207","small_scale","economic_risk","medium",21755,0.21755,48
"5208","small_scale","economic_risk","high",15517,0.15517,48
"5209","small_scale","economic_risk","not_relevant",14166,0.14166,48
"5210","small_scale","go_fishing","no",38641,0.38641,48
"5211","small_scale","go_fishing","yes",61359,0.61359,48
"5212","small_scale","individual_importance","medium",10672,0.10672,48
"5213","small_scale","individual_importance","high",89328,0.89328,48
"5214","small_scale","individual_risk","low",33702,0.33702,48
"5215","small_scale","individual_risk","medium",37786,0.37786,48
"5216","small_scale","individual_risk","high",14346,0.14346,48
"5217","small_scale","individual_risk","not_relevant",14166,0.14166,48
"5218","small_scale","societal_importance","high",100000,1,48
"5219","small_scale","societal_risk","low",33702,0.33702,48
"5220","small_scale","societal_risk","medium",36103,0.36103,48
"5221","small_scale","societal_risk","high",16029,0.16029,48
"5222","small_scale","societal_risk","not_relevant",14166,0.14166,48
"5223","small_scale","strategy_to_change","not_relevant",14166,0.14166,48
"5224","small_scale","strategy_to_change","cope",59344,0.59344,48
"5225","small_scale","strategy_to_change","react",26277,0.26277,48
"5226","small_scale","strategy_to_change","adapt",213,0.00213,48
"5227","small_scale","substitution_capacity","no",42418,0.42418,48
"5228","small_scale","substitution_capacity","yes",57582,0.57582,48
"5229","household","economic_buffers","low",100000,1,48
"5230","household","economic_risk","low",68853,0.68853,48
"5231","household","economic_risk","medium",5463,0.05463,48
"5232","household","economic_risk","high",11537,0.11537,48
"5233","household","economic_risk","not_relevant",14147,0.14147,48
"5234","household","go_fishing","no",62564,0.62564,48
"5235","household","go_fishing","yes",37436,0.37436,48
"5236","household","individual_importance","medium",46846,0.46846,48
"5237","household","individual_importance","high",53154,0.53154,48
"5238","household","individual_risk","low",22005,0.22005,48
"5239","household","individual_risk","medium",63617,0.63617,48
"5240","household","individual_risk","high",231,0.00231,48
"5241","household","individual_risk","not_relevant",14147,0.14147,48
"5242","household","societal_importance","medium",66254,0.66254,48
"5243","household","societal_importance","high",33746,0.33746,48
"5244","household","societal_risk","low",22005,0.22005,48
"5245","household","societal_risk","medium",63699,0.63699,48
"5246","household","societal_risk","high",149,0.00149,48
"5247","household","societal_risk","not_relevant",14147,0.14147,48
"5248","household","strategy_to_change","not_relevant",14147,0.14147,48
"5249","household","strategy_to_change","cope",66599,0.66599,48
"5250","household","strategy_to_change","react",19254,0.19254,48
"5251","household","substitution_capacity","yes",100000,1,48
"5252","trawler","economic_buffers","medium",48037,0.48037,48
"5253","trawler","economic_buffers","high",51963,0.51963,48
"5254","trawler","economic_risk","low",89789,0.89789,48
"5255","trawler","economic_risk","medium",5396,0.05396,48
"5256","trawler","economic_risk","high",4815,0.04815,48
"5257","trawler","go_fishing","no",11386,0.11386,48
"5258","trawler","go_fishing","yes",88614,0.88614,48
"5259","trawler","individual_importance","high",100000,1,48
"5260","trawler","individual_risk","low",44466,0.44466,48
"5261","trawler","individual_risk","medium",40534,0.40534,48
"5262","trawler","individual_risk","high",15000,0.15,48
"5263","trawler","societal_importance","high",100000,1,48
"5264","trawler","societal_risk","low",44466,0.44466,48
"5265","trawler","societal_risk","medium",40534,0.40534,48
"5266","trawler","societal_risk","high",15000,0.15,48
"5267","trawler","strategy_to_change","cope",56509,0.56509,48
"5268","trawler","strategy_to_change","react",43491,0.43491,48
"5269","trawler","substitution_capacity","yes",100000,1,48
"5270","guide","economic_buffers","low",94110,0.9411,48
"5271","guide","economic_buffers","medium",5890,0.0589,48
"5272","guide","economic_risk","low",20653,0.20653,48
"5273","guide","economic_risk","medium",5420,0.0542,48
"5274","guide","economic_risk","high",73927,0.73927,48
"5275","guide","go_fishing","no",68488,0.68488,48
"5276","guide","go_fishing","yes",31512,0.31512,48
"5277","guide","individual_importance","high",100000,1,48
"5278","guide","individual_risk","low",11725,0.11725,48
"5279","guide","individual_risk","medium",13515,0.13515,48
"5280","guide","individual_risk","high",74760,0.7476,48
"5281","guide","societal_importance","medium",86065,0.86065,48
"5282","guide","societal_importance","high",13935,0.13935,48
"5283","guide","societal_risk","low",11725,0.11725,48
"5284","guide","societal_risk","medium",77787,0.77787,48
"5285","guide","societal_risk","high",10488,0.10488,48
"5286","guide","strategy_to_change","cope",83203,0.83203,48
"5287","guide","strategy_to_change","react",2771,0.02771,48
"5288","guide","strategy_to_change","adapt",14026,0.14026,48
"5289","guide","substitution_capacity","no",100000,1,48
"5290","recreational","economic_buffers","low",100000,1,49
"5291","recreational","economic_risk","low",75024,0.75024,49
"5292","recreational","economic_risk","medium",6629,0.06629,49
"5293","recreational","economic_risk","high",4179,0.04179,49
"5294","recreational","economic_risk","not_relevant",14168,0.14168,49
"5295","recreational","go_fishing","no",57154,0.57154,49
"5296","recreational","go_fishing","yes",42846,0.42846,49
"5297","recreational","individual_importance","medium",50287,0.50287,49
"5298","recreational","individual_importance","high",49713,0.49713,49
"5299","recreational","individual_risk","low",21971,0.21971,49
"5300","recreational","individual_risk","medium",38571,0.38571,49
"5301","recreational","individual_risk","high",25290,0.2529,49
"5302","recreational","individual_risk","not_relevant",14168,0.14168,49
"5303","recreational","societal_importance","medium",73307,0.73307,49
"5304","recreational","societal_importance","high",26693,0.26693,49
"5305","recreational","societal_risk","low",21971,0.21971,49
"5306","recreational","societal_risk","medium",50341,0.50341,49
"5307","recreational","societal_risk","high",13520,0.1352,49
"5308","recreational","societal_risk","not_relevant",14168,0.14168,49
"5309","recreational","strategy_to_change","not_relevant",14168,0.14168,49
"5310","recreational","strategy_to_change","cope",50020,0.5002,49
"5311","recreational","strategy_to_change","react",11090,0.1109,49
"5312","recreational","strategy_to_change","adapt",24722,0.24722,49
"5313","recreational","substitution_capacity","no",100000,1,49
"5314","small_scale","economic_buffers","low",96934,0.96934,49
"5315","small_scale","economic_buffers","medium",3066,0.03066,49
"5316","small_scale","economic_risk","low",51758,0.51758,49
"5317","small_scale","economic_risk","medium",19314,0.19314,49
"5318","small_scale","economic_risk","high",14723,0.14723,49
"5319","small_scale","economic_risk","not_relevant",14205,0.14205,49
"5320","small_scale","go_fishing","no",40806,0.40806,49
"5321","small_scale","go_fishing","yes",59194,0.59194,49
"5322","small_scale","individual_importance","medium",16150,0.1615,49
"5323","small_scale","individual_importance","high",83850,0.8385,49
"5324","small_scale","individual_risk","low",33840,0.3384,49
"5325","small_scale","individual_risk","medium",41065,0.41065,49
"5326","small_scale","individual_risk","high",10890,0.1089,49
"5327","small_scale","individual_risk","not_relevant",14205,0.14205,49
"5328","small_scale","societal_importance","high",100000,1,49
"5329","small_scale","societal_risk","low",33840,0.3384,49
"5330","small_scale","societal_risk","medium",38927,0.38927,49
"5331","small_scale","societal_risk","high",13028,0.13028,49
"5332","small_scale","societal_risk","not_relevant",14205,0.14205,49
"5333","small_scale","strategy_to_change","not_relevant",14205,0.14205,49
"5334","small_scale","strategy_to_change","cope",60516,0.60516,49
"5335","small_scale","strategy_to_change","react",24852,0.24852,49
"5336","small_scale","strategy_to_change","adapt",427,0.00427,49
"5337","small_scale","substitution_capacity","no",30832,0.30832,49
"5338","small_scale","substitution_capacity","yes",69168,0.69168,49
"5339","household","economic_buffers","low",100000,1,49
"5340","household","economic_risk","low",71187,0.71187,49
"5341","household","economic_risk","medium",4993,0.04993,49
"5342","household","economic_risk","high",9672,0.09672,49
"5343","household","economic_risk","not_relevant",14148,0.14148,49
"5344","household","go_fishing","no",64919,0.64919,49
"5345","household","go_fishing","yes",35081,0.35081,49
"5346","household","individual_importance","medium",53992,0.53992,49
"5347","household","individual_importance","high",46008,0.46008,49
"5348","household","individual_risk","low",21788,0.21788,49
"5349","household","individual_risk","medium",63957,0.63957,49
"5350","household","individual_risk","high",107,0.00107,49
"5351","household","individual_risk","not_relevant",14148,0.14148,49
"5352","household","societal_importance","medium",79057,0.79057,49
"5353","household","societal_importance","high",20943,0.20943,49
"5354","household","societal_risk","low",21788,0.21788,49
"5355","household","societal_risk","medium",64012,0.64012,49
"5356","household","societal_risk","high",52,0.00052,49
"5357","household","societal_risk","not_relevant",14148,0.14148,49
"5358","household","strategy_to_change","not_relevant",14148,0.14148,49
"5359","household","strategy_to_change","cope",69004,0.69004,49
"5360","household","strategy_to_change","react",16848,0.16848,49
"5361","household","substitution_capacity","yes",100000,1,49
"5362","trawler","economic_buffers","medium",57071,0.57071,49
"5363","trawler","economic_buffers","high",42929,0.42929,49
"5364","trawler","economic_risk","low",89363,0.89363,49
"5365","trawler","economic_risk","medium",4734,0.04734,49
"5366","trawler","economic_risk","high",5903,0.05903,49
"5367","trawler","go_fishing","no",8538,0.08538,49
"5368","trawler","go_fishing","yes",91462,0.91462,49
"5369","trawler","individual_importance","high",100000,1,49
"5370","trawler","individual_risk","low",47664,0.47664,49
"5371","trawler","individual_risk","medium",38348,0.38348,49
"5372","trawler","individual_risk","high",13988,0.13988,49
"5373","trawler","societal_importance","high",100000,1,49
"5374","trawler","societal_risk","low",47664,0.47664,49
"5375","trawler","societal_risk","medium",38348,0.38348,49
"5376","trawler","societal_risk","high",13988,0.13988,49
"5377","trawler","strategy_to_change","cope",53629,0.53629,49
"5378","trawler","strategy_to_change","react",46371,0.46371,49
"5379","trawler","substitution_capacity","yes",100000,1,49
"5380","guide","economic_buffers","low",96975,0.96975,49
"5381","guide","economic_buffers","medium",3025,0.03025,49
"5382","guide","economic_risk","low",20107,0.20107,49
"5383","guide","economic_risk","medium",4437,0.04437,49
"5384","guide","economic_risk","high",75456,0.75456,49
"5385","guide","go_fishing","no",67418,0.67418,49
"5386","guide","go_fishing","yes",32582,0.32582,49
"5387","guide","individual_importance","high",100000,1,49
"5388","guide","individual_risk","low",12762,0.12762,49
"5389","guide","individual_risk","medium",13634,0.13634,49
"5390","guide","individual_risk","high",73604,0.73604,49
"5391","guide","societal_importance","medium",84117,0.84117,49
"5392","guide","societal_importance","high",15883,0.15883,49
"5393","guide","societal_risk","low",12762,0.12762,49
"5394","guide","societal_risk","medium",75544,0.75544,49
"5395","guide","societal_risk","high",11694,0.11694,49
"5396","guide","strategy_to_change","cope",78453,0.78453,49
"5397","guide","strategy_to_change","react",4263,0.04263,49
"5398","guide","strategy_to_change","adapt",17284,0.17284,49
"5399","guide","substitution_capacity","no",100000,1,49
"5400","recreational","economic_buffers","low",100000,1,50
"5401","recreational","economic_risk","low",56182,0.56182,50
"5402","recreational","economic_risk","medium",9194,0.09194,50
"5403","recreational","economic_risk","high",20152,0.20152,50
"5404","recreational","economic_risk","not_relevant",14472,0.14472,50
"5405","recreational","go_fishing","no",37500,0.375,50
"5406","recreational","go_fishing","yes",62500,0.625,50
"5407","recreational","individual_importance","medium",37826,0.37826,50
"5408","recreational","individual_importance","high",62174,0.62174,50
"5409","recreational","individual_risk","low",34496,0.34496,50
"5410","recreational","individual_risk","medium",30926,0.30926,50
"5411","recreational","individual_risk","high",20106,0.20106,50
"5412","recreational","individual_risk","not_relevant",14472,0.14472,50
"5413","recreational","societal_importance","medium",62946,0.62946,50
"5414","recreational","societal_importance","high",37054,0.37054,50
"5415","recreational","societal_risk","low",34496,0.34496,50
"5416","recreational","societal_risk","medium",39027,0.39027,50
"5417","recreational","societal_risk","high",12005,0.12005,50
"5418","recreational","societal_risk","not_relevant",14472,0.14472,50
"5419","recreational","strategy_to_change","not_relevant",14472,0.14472,50
"5420","recreational","strategy_to_change","cope",44490,0.4449,50
"5421","recreational","strategy_to_change","react",15471,0.15471,50
"5422","recreational","strategy_to_change","adapt",25567,0.25567,50
"5423","recreational","substitution_capacity","no",100000,1,50
"5424","small_scale","economic_buffers","low",91204,0.91204,50
"5425","small_scale","economic_buffers","medium",8796,0.08796,50
"5426","small_scale","economic_risk","low",41698,0.41698,50
"5427","small_scale","economic_risk","medium",24700,0.247,50
"5428","small_scale","economic_risk","high",19375,0.19375,50
"5429","small_scale","economic_risk","not_relevant",14227,0.14227,50
"5430","small_scale","go_fishing","no",38002,0.38002,50
"5431","small_scale","go_fishing","yes",61998,0.61998,50
"5432","small_scale","individual_importance","medium",4189,0.04189,50
"5433","small_scale","individual_importance","high",95811,0.95811,50
"5434","small_scale","individual_risk","low",35316,0.35316,50
"5435","small_scale","individual_risk","medium",27572,0.27572,50
"5436","small_scale","individual_risk","high",22885,0.22885,50
"5437","small_scale","individual_risk","not_relevant",14227,0.14227,50
"5438","small_scale","societal_importance","high",100000,1,50
"5439","small_scale","societal_risk","low",35316,0.35316,50
"5440","small_scale","societal_risk","medium",26556,0.26556,50
"5441","small_scale","societal_risk","high",23901,0.23901,50
"5442","small_scale","societal_risk","not_relevant",14227,0.14227,50
"5443","small_scale","strategy_to_change","not_relevant",14227,0.14227,50
"5444","small_scale","strategy_to_change","cope",54546,0.54546,50
"5445","small_scale","strategy_to_change","react",28113,0.28113,50
"5446","small_scale","strategy_to_change","adapt",3114,0.03114,50
"5447","small_scale","substitution_capacity","no",66841,0.66841,50
"5448","small_scale","substitution_capacity","yes",33159,0.33159,50
"5449","household","economic_buffers","low",100000,1,50
"5450","household","economic_risk","low",69382,0.69382,50
"5451","household","economic_risk","medium",5720,0.0572,50
"5452","household","economic_risk","high",10611,0.10611,50
"5453","household","economic_risk","not_relevant",14287,0.14287,50
"5454","household","go_fishing","no",59665,0.59665,50
"5455","household","go_fishing","yes",40335,0.40335,50
"5456","household","individual_importance","medium",46913,0.46913,50
"5457","household","individual_importance","high",53087,0.53087,50
"5458","household","individual_risk","low",26073,0.26073,50
"5459","household","individual_risk","medium",59325,0.59325,50
"5460","household","individual_risk","high",315,0.00315,50
"5461","household","individual_risk","not_relevant",14287,0.14287,50
"5462","household","societal_importance","medium",68948,0.68948,50
"5463","household","societal_importance","high",31052,0.31052,50
"5464","household","societal_risk","low",26073,0.26073,50
"5465","household","societal_risk","medium",59460,0.5946,50
"5466","household","societal_risk","high",180,0.0018,50
"5467","household","societal_risk","not_relevant",14287,0.14287,50
"5468","household","strategy_to_change","not_relevant",14287,0.14287,50
"5469","household","strategy_to_change","cope",65741,0.65741,50
"5470","household","strategy_to_change","react",19972,0.19972,50
"5471","household","substitution_capacity","yes",100000,1,50
"5472","trawler","economic_buffers","medium",48825,0.48825,50
"5473","trawler","economic_buffers","high",51175,0.51175,50
"5474","trawler","economic_risk","low",90372,0.90372,50
"5475","trawler","economic_risk","medium",4895,0.04895,50
"5476","trawler","economic_risk","high",4733,0.04733,50
"5477","trawler","go_fishing","no",11466,0.11466,50
"5478","trawler","go_fishing","yes",88534,0.88534,50
"5479","trawler","individual_importance","high",100000,1,50
"5480","trawler","individual_risk","low",46995,0.46995,50
"5481","trawler","individual_risk","medium",36285,0.36285,50
"5482","trawler","individual_risk","high",16720,0.1672,50
"5483","trawler","societal_importance","high",100000,1,50
"5484","trawler","societal_risk","low",46995,0.46995,50
"5485","trawler","societal_risk","medium",36285,0.36285,50
"5486","trawler","societal_risk","high",16720,0.1672,50
"5487","trawler","strategy_to_change","cope",58784,0.58784,50
"5488","trawler","strategy_to_change","react",41216,0.41216,50
"5489","trawler","substitution_capacity","yes",100000,1,50
"5490","guide","economic_buffers","low",96148,0.96148,50
"5491","guide","economic_buffers","medium",3852,0.03852,50
"5492","guide","economic_risk","low",25297,0.25297,50
"5493","guide","economic_risk","medium",3525,0.03525,50
"5494","guide","economic_risk","high",71178,0.71178,50
"5495","guide","go_fishing","no",67644,0.67644,50
"5496","guide","go_fishing","yes",32356,0.32356,50
"5497","guide","individual_importance","high",100000,1,50
"5498","guide","individual_risk","low",11692,0.11692,50
"5499","guide","individual_risk","medium",12588,0.12588,50
"5500","guide","individual_risk","high",75720,0.7572,50
"5501","guide","societal_importance","medium",85025,0.85025,50
"5502","guide","societal_importance","high",14975,0.14975,50
"5503","guide","societal_risk","low",11692,0.11692,50
"5504","guide","societal_risk","medium",76907,0.76907,50
"5505","guide","societal_risk","high",11401,0.11401,50
"5506","guide","strategy_to_change","cope",81270,0.8127,50
"5507","guide","strategy_to_change","react",1826,0.01826,50
"5508","guide","strategy_to_change","adapt",16904,0.16904,50
"5509","guide","substitution_capacity","no",100000,1,50
"5510","recreational","economic_buffers","low",100000,1,51
"5511","recreational","economic_risk","low",79301,0.79301,51
"5512","recreational","economic_risk","medium",3830,0.0383,51
"5513","recreational","economic_risk","high",2516,0.02516,51
"5514","recreational","economic_risk","not_relevant",14353,0.14353,51
"5515","recreational","go_fishing","no",56438,0.56438,51
"5516","recreational","go_fishing","yes",43562,0.43562,51
"5517","recreational","individual_importance","medium",36139,0.36139,51
"5518","recreational","individual_importance","high",63861,0.63861,51
"5519","recreational","individual_risk","low",24872,0.24872,51
"5520","recreational","individual_risk","medium",60374,0.60374,51
"5521","recreational","individual_risk","high",401,0.00401,51
"5522","recreational","individual_risk","not_relevant",14353,0.14353,51
"5523","recreational","societal_importance","medium",50833,0.50833,51
"5524","recreational","societal_importance","high",49167,0.49167,51
"5525","recreational","societal_risk","low",24872,0.24872,51
"5526","recreational","societal_risk","medium",60499,0.60499,51
"5527","recreational","societal_risk","high",276,0.00276,51
"5528","recreational","societal_risk","not_relevant",14353,0.14353,51
"5529","recreational","strategy_to_change","not_relevant",14353,0.14353,51
"5530","recreational","strategy_to_change","cope",49224,0.49224,51
"5531","recreational","strategy_to_change","react",6496,0.06496,51
"5532","recreational","strategy_to_change","adapt",29927,0.29927,51
"5533","recreational","substitution_capacity","yes",100000,1,51
"5534","small_scale","economic_buffers","low",72269,0.72269,51
"5535","small_scale","economic_buffers","medium",27731,0.27731,51
"5536","small_scale","economic_risk","low",58263,0.58263,51
"5537","small_scale","economic_risk","medium",15469,0.15469,51
"5538","small_scale","economic_risk","high",11991,0.11991,51
"5539","small_scale","economic_risk","not_relevant",14277,0.14277,51
"5540","small_scale","go_fishing","no",43194,0.43194,51
"5541","small_scale","go_fishing","yes",56806,0.56806,51
"5542","small_scale","individual_importance","medium",1713,0.01713,51
"5543","small_scale","individual_importance","high",98287,0.98287,51
"5544","small_scale","individual_risk","low",30189,0.30189,51
"5545","small_scale","individual_risk","medium",39407,0.39407,51
"5546","small_scale","individual_risk","high",16127,0.16127,51
"5547","small_scale","individual_risk","not_relevant",14277,0.14277,51
"5548","small_scale","societal_importance","high",100000,1,51
"5549","small_scale","societal_risk","low",30189,0.30189,51
"5550","small_scale","societal_risk","medium",39156,0.39156,51
"5551","small_scale","societal_risk","high",16378,0.16378,51
"5552","small_scale","societal_risk","not_relevant",14277,0.14277,51
"5553","small_scale","strategy_to_change","not_relevant",14277,0.14277,51
"5554","small_scale","strategy_to_change","cope",66736,0.66736,51
"5555","small_scale","strategy_to_change","react",18898,0.18898,51
"5556","small_scale","strategy_to_change","adapt",89,0.00089,51
"5557","small_scale","substitution_capacity","no",37077,0.37077,51
"5558","small_scale","substitution_capacity","yes",62923,0.62923,51
"5559","household","economic_buffers","low",100000,1,51
"5560","household","economic_risk","low",71061,0.71061,51
"5561","household","economic_risk","medium",5150,0.0515,51
"5562","household","economic_risk","high",9437,0.09437,51
"5563","household","economic_risk","not_relevant",14352,0.14352,51
"5564","household","go_fishing","no",63658,0.63658,51
"5565","household","go_fishing","yes",36342,0.36342,51
"5566","household","individual_importance","medium",49994,0.49994,51
"5567","household","individual_importance","high",50006,0.50006,51
"5568","household","individual_risk","low",21817,0.21817,51
"5569","household","individual_risk","medium",63704,0.63704,51
"5570","household","individual_risk","high",127,0.00127,51
"5571","household","individual_risk","not_relevant",14352,0.14352,51
"5572","household","societal_importance","medium",75752,0.75752,51
"5573","household","societal_importance","high",24248,0.24248,51
"5574","household","societal_risk","low",21817,0.21817,51
"5575","household","societal_risk","medium",63744,0.63744,51
"5576","household","societal_risk","high",87,0.00087,51
"5577","household","societal_risk","not_relevant",14352,0.14352,51
"5578","household","strategy_to_change","not_relevant",14352,0.14352,51
"5579","household","strategy_to_change","cope",67832,0.67832,51
"5580","household","strategy_to_change","react",17816,0.17816,51
"5581","household","substitution_capacity","yes",100000,1,51
"5582","trawler","economic_buffers","medium",46069,0.46069,51
"5583","trawler","economic_buffers","high",53931,0.53931,51
"5584","trawler","economic_risk","low",86716,0.86716,51
"5585","trawler","economic_risk","medium",7203,0.07203,51
"5586","trawler","economic_risk","high",6081,0.06081,51
"5587","trawler","go_fishing","no",6754,0.06754,51
"5588","trawler","go_fishing","yes",93246,0.93246,51
"5589","trawler","individual_importance","high",100000,1,51
"5590","trawler","individual_risk","low",42896,0.42896,51
"5591","trawler","individual_risk","medium",37076,0.37076,51
"5592","trawler","individual_risk","high",20028,0.20028,51
"5593","trawler","societal_importance","high",100000,1,51
"5594","trawler","societal_risk","low",42896,0.42896,51
"5595","trawler","societal_risk","medium",37076,0.37076,51
"5596","trawler","societal_risk","high",20028,0.20028,51
"5597","trawler","strategy_to_change","cope",53310,0.5331,51
"5598","trawler","strategy_to_change","react",46690,0.4669,51
"5599","trawler","substitution_capacity","yes",100000,1,51
"5600","guide","economic_buffers","low",96939,0.96939,51
"5601","guide","economic_buffers","medium",3061,0.03061,51
"5602","guide","economic_risk","low",24070,0.2407,51
"5603","guide","economic_risk","medium",3389,0.03389,51
"5604","guide","economic_risk","high",72541,0.72541,51
"5605","guide","go_fishing","no",66271,0.66271,51
"5606","guide","go_fishing","yes",33729,0.33729,51
"5607","guide","individual_importance","high",100000,1,51
"5608","guide","individual_risk","low",14096,0.14096,51
"5609","guide","individual_risk","medium",13289,0.13289,51
"5610","guide","individual_risk","high",72615,0.72615,51
"5611","guide","societal_importance","medium",75163,0.75163,51
"5612","guide","societal_importance","high",24837,0.24837,51
"5613","guide","societal_risk","low",14096,0.14096,51
"5614","guide","societal_risk","medium",67854,0.67854,51
"5615","guide","societal_risk","high",18050,0.1805,51
"5616","guide","strategy_to_change","cope",80542,0.80542,51
"5617","guide","strategy_to_change","react",2582,0.02582,51
"5618","guide","strategy_to_change","adapt",16876,0.16876,51
"5619","guide","substitution_capacity","no",100000,1,51
"5620","recreational","economic_buffers","low",100000,1,52
"5621","recreational","economic_risk","low",72077,0.72077,52
"5622","recreational","economic_risk","medium",8331,0.08331,52
"5623","recreational","economic_risk","high",5430,0.0543,52
"5624","recreational","economic_risk","not_relevant",14162,0.14162,52
"5625","recreational","go_fishing","no",51199,0.51199,52
"5626","recreational","go_fishing","yes",48801,0.48801,52
"5627","recreational","individual_importance","medium",59541,0.59541,52
"5628","recreational","individual_importance","high",40459,0.40459,52
"5629","recreational","individual_risk","low",22879,0.22879,52
"5630","recreational","individual_risk","medium",44489,0.44489,52
"5631","recreational","individual_risk","high",18470,0.1847,52
"5632","recreational","individual_risk","not_relevant",14162,0.14162,52
"5633","recreational","societal_importance","medium",57298,0.57298,52
"5634","recreational","societal_importance","high",42702,0.42702,52
"5635","recreational","societal_risk","low",22879,0.22879,52
"5636","recreational","societal_risk","medium",43298,0.43298,52
"5637","recreational","societal_risk","high",19661,0.19661,52
"5638","recreational","societal_risk","not_relevant",14162,0.14162,52
"5639","recreational","strategy_to_change","not_relevant",14162,0.14162,52
"5640","recreational","strategy_to_change","cope",44098,0.44098,52
"5641","recreational","strategy_to_change","react",14076,0.14076,52
"5642","recreational","strategy_to_change","adapt",27664,0.27664,52
"5643","recreational","substitution_capacity","no",100000,1,52
"5644","small_scale","economic_buffers","low",92898,0.92898,52
"5645","small_scale","economic_buffers","medium",7102,0.07102,52
"5646","small_scale","economic_risk","low",39764,0.39764,52
"5647","small_scale","economic_risk","medium",25932,0.25932,52
"5648","small_scale","economic_risk","high",20049,0.20049,52
"5649","small_scale","economic_risk","not_relevant",14255,0.14255,52
"5650","small_scale","go_fishing","no",38800,0.388,52
"5651","small_scale","go_fishing","yes",61200,0.612,52
"5652","small_scale","individual_importance","medium",6986,0.06986,52
"5653","small_scale","individual_importance","high",93014,0.93014,52
"5654","small_scale","individual_risk","low",34777,0.34777,52
"5655","small_scale","individual_risk","medium",27880,0.2788,52
"5656","small_scale","individual_risk","high",23088,0.23088,52
"5657","small_scale","individual_risk","not_relevant",14255,0.14255,52
"5658","small_scale","societal_importance","high",100000,1,52
"5659","small_scale","societal_risk","low",34777,0.34777,52
"5660","small_scale","societal_risk","medium",26114,0.26114,52
"5661","small_scale","societal_risk","high",24854,0.24854,52
"5662","small_scale","societal_risk","not_relevant",14255,0.14255,52
"5663","small_scale","strategy_to_change","not_relevant",14255,0.14255,52
"5664","small_scale","strategy_to_change","cope",60485,0.60485,52
"5665","small_scale","strategy_to_change","react",24795,0.24795,52
"5666","small_scale","strategy_to_change","adapt",465,0.00465,52
"5667","small_scale","substitution_capacity","no",69216,0.69216,52
"5668","small_scale","substitution_capacity","yes",30784,0.30784,52
"5669","household","economic_buffers","low",100000,1,52
"5670","household","economic_risk","low",70587,0.70587,52
"5671","household","economic_risk","medium",5134,0.05134,52
"5672","household","economic_risk","high",10166,0.10166,52
"5673","household","economic_risk","not_relevant",14113,0.14113,52
"5674","household","go_fishing","no",59363,0.59363,52
"5675","household","go_fishing","yes",40637,0.40637,52
"5676","household","individual_importance","medium",38242,0.38242,52
"5677","household","individual_importance","high",61758,0.61758,52
"5678","household","individual_risk","low",26333,0.26333,52
"5679","household","individual_risk","medium",59285,0.59285,52
"5680","household","individual_risk","high",269,0.00269,52
"5681","household","individual_risk","not_relevant",14113,0.14113,52
"5682","household","societal_importance","medium",76063,0.76063,52
"5683","household","societal_importance","high",23937,0.23937,52
"5684","household","societal_risk","low",26333,0.26333,52
"5685","household","societal_risk","medium",59452,0.59452,52
"5686","household","societal_risk","high",102,0.00102,52
"5687","household","societal_risk","not_relevant",14113,0.14113,52
"5688","household","strategy_to_change","not_relevant",14113,0.14113,52
"5689","household","strategy_to_change","cope",68355,0.68355,52
"5690","household","strategy_to_change","react",17532,0.17532,52
"5691","household","substitution_capacity","yes",100000,1,52
"5692","trawler","economic_buffers","medium",49847,0.49847,52
"5693","trawler","economic_buffers","high",50153,0.50153,52
"5694","trawler","economic_risk","low",88077,0.88077,52
"5695","trawler","economic_risk","medium",6056,0.06056,52
"5696","trawler","economic_risk","high",5867,0.05867,52
"5697","trawler","go_fishing","no",10702,0.10702,52
"5698","trawler","go_fishing","yes",89298,0.89298,52
"5699","trawler","individual_importance","high",100000,1,52
"5700","trawler","individual_risk","low",43056,0.43056,52
"5701","trawler","individual_risk","medium",38294,0.38294,52
"5702","trawler","individual_risk","high",18650,0.1865,52
"5703","trawler","societal_importance","high",100000,1,52
"5704","trawler","societal_risk","low",43056,0.43056,52
"5705","trawler","societal_risk","medium",38294,0.38294,52
"5706","trawler","societal_risk","high",18650,0.1865,52
"5707","trawler","strategy_to_change","cope",57523,0.57523,52
"5708","trawler","strategy_to_change","react",42477,0.42477,52
"5709","trawler","substitution_capacity","yes",100000,1,52
"5710","guide","economic_buffers","low",93019,0.93019,52
"5711","guide","economic_buffers","medium",6981,0.06981,52
"5712","guide","economic_risk","low",24171,0.24171,52
"5713","guide","economic_risk","medium",6114,0.06114,52
"5714","guide","economic_risk","high",69715,0.69715,52
"5715","guide","go_fishing","no",65509,0.65509,52
"5716","guide","go_fishing","yes",34491,0.34491,52
"5717","guide","individual_importance","high",100000,1,52
"5718","guide","individual_risk","low",13438,0.13438,52
"5719","guide","individual_risk","medium",14396,0.14396,52
"5720","guide","individual_risk","high",72166,0.72166,52
"5721","guide","societal_importance","medium",77027,0.77027,52
"5722","guide","societal_importance","high",22973,0.22973,52
"5723","guide","societal_risk","low",13438,0.13438,52
"5724","guide","societal_risk","medium",69835,0.69835,52
"5725","guide","societal_risk","high",16727,0.16727,52
"5726","guide","strategy_to_change","cope",78254,0.78254,52
"5727","guide","strategy_to_change","react",3181,0.03181,52
"5728","guide","strategy_to_change","adapt",18565,0.18565,52
"5729","guide","substitution_capacity","no",100000,1,52
"5730","recreational","economic_buffers","low",100000,1,53
"5731","recreational","economic_risk","low",70588,0.70588,53
"5732","recreational","economic_risk","medium",7570,0.0757,53
"5733","recreational","economic_risk","high",7395,0.07395,53
"5734","recreational","economic_risk","not_relevant",14447,0.14447,53
"5735","recreational","go_fishing","no",47349,0.47349,53
"5736","recreational","go_fishing","yes",52651,0.52651,53
"5737","recreational","individual_importance","medium",35917,0.35917,53
"5738","recreational","individual_importance","high",64083,0.64083,53
"5739","recreational","individual_risk","low",26476,0.26476,53
"5740","recreational","individual_risk","medium",32062,0.32062,53
"5741","recreational","individual_risk","high",27015,0.27015,53
"5742","recreational","individual_risk","not_relevant",14447,0.14447,53
"5743","recreational","societal_importance","medium",78946,0.78946,53
"5744","recreational","societal_importance","high",21054,0.21054,53
"5745","recreational","societal_risk","low",26476,0.26476,53
"5746","recreational","societal_risk","medium",50132,0.50132,53
"5747","recreational","societal_risk","high",8945,0.08945,53
"5748","recreational","societal_risk","not_relevant",14447,0.14447,53
"5749","recreational","strategy_to_change","not_relevant",14447,0.14447,53
"5750","recreational","strategy_to_change","cope",48756,0.48756,53
"5751","recreational","strategy_to_change","react",12790,0.1279,53
"5752","recreational","strategy_to_change","adapt",24007,0.24007,53
"5753","recreational","substitution_capacity","no",100000,1,53
"5754","small_scale","economic_buffers","low",40295,0.40295,53
"5755","small_scale","economic_buffers","medium",59705,0.59705,53
"5756","small_scale","economic_risk","low",61514,0.61514,53
"5757","small_scale","economic_risk","medium",13687,0.13687,53
"5758","small_scale","economic_risk","high",10604,0.10604,53
"5759","small_scale","economic_risk","not_relevant",14195,0.14195,53
"5760","small_scale","go_fishing","no",34252,0.34252,53
"5761","small_scale","go_fishing","yes",65748,0.65748,53
"5762","small_scale","individual_importance","medium",4886,0.04886,53
"5763","small_scale","individual_importance","high",95114,0.95114,53
"5764","small_scale","individual_risk","low",39891,0.39891,53
"5765","small_scale","individual_risk","medium",34577,0.34577,53
"5766","small_scale","individual_risk","high",11337,0.11337,53
"5767","small_scale","individual_risk","not_relevant",14195,0.14195,53
"5768","small_scale","societal_importance","high",100000,1,53
"5769","small_scale","societal_risk","low",39891,0.39891,53
"5770","small_scale","societal_risk","medium",33989,0.33989,53
"5771","small_scale","societal_risk","high",11925,0.11925,53
"5772","small_scale","societal_risk","not_relevant",14195,0.14195,53
"5773","small_scale","strategy_to_change","not_relevant",14195,0.14195,53
"5774","small_scale","strategy_to_change","cope",58785,0.58785,53
"5775","small_scale","strategy_to_change","react",26528,0.26528,53
"5776","small_scale","strategy_to_change","adapt",492,0.00492,53
"5777","small_scale","substitution_capacity","no",33341,0.33341,53
"5778","small_scale","substitution_capacity","yes",66659,0.66659,53
"5779","household","economic_buffers","low",100000,1,53
"5780","household","economic_risk","low",67291,0.67291,53
"5781","household","economic_risk","medium",5170,0.0517,53
"5782","household","economic_risk","high",13188,0.13188,53
"5783","household","economic_risk","not_relevant",14351,0.14351,53
"5784","household","go_fishing","no",58254,0.58254,53
"5785","household","go_fishing","yes",41746,0.41746,53
"5786","household","individual_importance","medium",42054,0.42054,53
"5787","household","individual_importance","high",57946,0.57946,53
"5788","household","individual_risk","low",26642,0.26642,53
"5789","household","individual_risk","medium",58654,0.58654,53
"5790","household","individual_risk","high",353,0.00353,53
"5791","household","individual_risk","not_relevant",14351,0.14351,53
"5792","household","societal_importance","medium",84013,0.84013,53
"5793","household","societal_importance","high",15987,0.15987,53
"5794","household","societal_risk","low",26642,0.26642,53
"5795","household","societal_risk","medium",58911,0.58911,53
"5796","household","societal_risk","high",96,0.00096,53
"5797","household","societal_risk","not_relevant",14351,0.14351,53
"5798","household","strategy_to_change","not_relevant",14351,0.14351,53
"5799","household","strategy_to_change","cope",64788,0.64788,53
"5800","household","strategy_to_change","react",20861,0.20861,53
"5801","household","substitution_capacity","yes",100000,1,53
"5802","trawler","economic_buffers","medium",41205,0.41205,53
"5803","trawler","economic_buffers","high",58795,0.58795,53
"5804","trawler","economic_risk","low",90595,0.90595,53
"5805","trawler","economic_risk","medium",5494,0.05494,53
"5806","trawler","economic_risk","high",3911,0.03911,53
"5807","trawler","go_fishing","no",12321,0.12321,53
"5808","trawler","go_fishing","yes",87679,0.87679,53
"5809","trawler","individual_importance","high",100000,1,53
"5810","trawler","individual_risk","low",44393,0.44393,53
"5811","trawler","individual_risk","medium",41576,0.41576,53
"5812","trawler","individual_risk","high",14031,0.14031,53
"5813","trawler","societal_importance","high",100000,1,53
"5814","trawler","societal_risk","low",44393,0.44393,53
"5815","trawler","societal_risk","medium",41576,0.41576,53
"5816","trawler","societal_risk","high",14031,0.14031,53
"5817","trawler","strategy_to_change","cope",56954,0.56954,53
"5818","trawler","strategy_to_change","react",43046,0.43046,53
"5819","trawler","substitution_capacity","yes",100000,1,53
"5820","guide","economic_buffers","low",93851,0.93851,53
"5821","guide","economic_buffers","medium",6149,0.06149,53
"5822","guide","economic_risk","low",26672,0.26672,53
"5823","guide","economic_risk","medium",5908,0.05908,53
"5824","guide","economic_risk","high",67420,0.6742,53
"5825","guide","go_fishing","no",67269,0.67269,53
"5826","guide","go_fishing","yes",32731,0.32731,53
"5827","guide","individual_importance","high",100000,1,53
"5828","guide","individual_risk","low",14973,0.14973,53
"5829","guide","individual_risk","medium",12388,0.12388,53
"5830","guide","individual_risk","high",72639,0.72639,53
"5831","guide","societal_importance","medium",76908,0.76908,53
"5832","guide","societal_importance","high",23092,0.23092,53
"5833","guide","societal_risk","low",14973,0.14973,53
"5834","guide","societal_risk","medium",68195,0.68195,53
"5835","guide","societal_risk","high",16832,0.16832,53
"5836","guide","strategy_to_change","cope",81593,0.81593,53
"5837","guide","strategy_to_change","react",3411,0.03411,53
"5838","guide","strategy_to_change","adapt",14996,0.14996,53
"5839","guide","substitution_capacity","no",100000,1,53
"5840","recreational","economic_buffers","low",100000,1,54
"5841","recreational","economic_risk","low",53995,0.53995,54
"5842","recreational","economic_risk","medium",11097,0.11097,54
"5843","recreational","economic_risk","high",20735,0.20735,54
"5844","recreational","economic_risk","not_relevant",14173,0.14173,54
"5845","recreational","go_fishing","no",40566,0.40566,54
"5846","recreational","go_fishing","yes",59434,0.59434,54
"5847","recreational","individual_importance","medium",66243,0.66243,54
"5848","recreational","individual_importance","high",33757,0.33757,54
"5849","recreational","individual_risk","low",31570,0.3157,54
"5850","recreational","individual_risk","medium",42364,0.42364,54
"5851","recreational","individual_risk","high",11893,0.11893,54
"5852","recreational","individual_risk","not_relevant",14173,0.14173,54
"5853","recreational","societal_importance","medium",82024,0.82024,54
"5854","recreational","societal_importance","high",17976,0.17976,54
"5855","recreational","societal_risk","low",31570,0.3157,54
"5856","recreational","societal_risk","medium",47914,0.47914,54
"5857","recreational","societal_risk","high",6343,0.06343,54
"5858","recreational","societal_risk","not_relevant",14173,0.14173,54
"5859","recreational","strategy_to_change","not_relevant",14173,0.14173,54
"5860","recreational","strategy_to_change","cope",47105,0.47105,54
"5861","recreational","strategy_to_change","react",18679,0.18679,54
"5862","recreational","strategy_to_change","adapt",20043,0.20043,54
"5863","recreational","substitution_capacity","no",100000,1,54
"5864","small_scale","economic_buffers","low",93873,0.93873,54
"5865","small_scale","economic_buffers","medium",6127,0.06127,54
"5866","small_scale","economic_risk","low",43670,0.4367,54
"5867","small_scale","economic_risk","medium",23468,0.23468,54
"5868","small_scale","economic_risk","high",18599,0.18599,54
"5869","small_scale","economic_risk","not_relevant",14263,0.14263,54
"5870","small_scale","go_fishing","no",36313,0.36313,54
"5871","small_scale","go_fishing","yes",63687,0.63687,54
"5872","small_scale","individual_importance","medium",6153,0.06153,54
"5873","small_scale","individual_importance","high",93847,0.93847,54
"5874","small_scale","individual_risk","low",36704,0.36704,54
"5875","small_scale","individual_risk","medium",29566,0.29566,54
"5876","small_scale","individual_risk","high",19467,0.19467,54
"5877","small_scale","individual_risk","not_relevant",14263,0.14263,54
"5878","small_scale","societal_importance","high",100000,1,54
"5879","small_scale","societal_risk","low",36704,0.36704,54
"5880","small_scale","societal_risk","medium",28300,0.283,54
"5881","small_scale","societal_risk","high",20733,0.20733,54
"5882","small_scale","societal_risk","not_relevant",14263,0.14263,54
"5883","small_scale","strategy_to_change","not_relevant",14263,0.14263,54
"5884","small_scale","strategy_to_change","cope",55140,0.5514,54
"5885","small_scale","strategy_to_change","react",30008,0.30008,54
"5886","small_scale","strategy_to_change","adapt",589,0.00589,54
"5887","small_scale","substitution_capacity","no",60827,0.60827,54
"5888","small_scale","substitution_capacity","yes",39173,0.39173,54
"5889","household","economic_buffers","low",100000,1,54
"5890","household","economic_risk","low",71739,0.71739,54
"5891","household","economic_risk","medium",5020,0.0502,54
"5892","household","economic_risk","high",9101,0.09101,54
"5893","household","economic_risk","not_relevant",14140,0.1414,54
"5894","household","go_fishing","no",63188,0.63188,54
"5895","household","go_fishing","yes",36812,0.36812,54
"5896","household","individual_importance","medium",53064,0.53064,54
"5897","household","individual_importance","high",46936,0.46936,54
"5898","household","individual_risk","low",22976,0.22976,54
"5899","household","individual_risk","medium",62668,0.62668,54
"5900","household","individual_risk","high",216,0.00216,54
"5901","household","individual_risk","not_relevant",14140,0.1414,54
"5902","household","societal_importance","medium",82255,0.82255,54
"5903","household","societal_importance","high",17745,0.17745,54
"5904","household","societal_risk","low",22976,0.22976,54
"5905","household","societal_risk","medium",62805,0.62805,54
"5906","household","societal_risk","high",79,0.00079,54
"5907","household","societal_risk","not_relevant",14140,0.1414,54
"5908","household","strategy_to_change","not_relevant",14140,0.1414,54
"5909","household","strategy_to_change","cope",69459,0.69459,54
"5910","household","strategy_to_change","react",16401,0.16401,54
"5911","household","substitution_capacity","yes",100000,1,54
"5912","trawler","economic_buffers","medium",43888,0.43888,54
"5913","trawler","economic_buffers","high",56112,0.56112,54
"5914","trawler","economic_risk","low",87868,0.87868,54
"5915","trawler","economic_risk","medium",6916,0.06916,54
"5916","trawler","economic_risk","high",5216,0.05216,54
"5917","trawler","go_fishing","no",9755,0.09755,54
"5918","trawler","go_fishing","yes",90245,0.90245,54
"5919","trawler","individual_importance","high",100000,1,54
"5920","trawler","individual_risk","low",45427,0.45427,54
"5921","trawler","individual_risk","medium",37527,0.37527,54
"5922","trawler","individual_risk","high",17046,0.17046,54
"5923","trawler","societal_importance","high",100000,1,54
"5924","trawler","societal_risk","low",45427,0.45427,54
"5925","trawler","societal_risk","medium",37527,0.37527,54
"5926","trawler","societal_risk","high",17046,0.17046,54
"5927","trawler","strategy_to_change","cope",54563,0.54563,54
"5928","trawler","strategy_to_change","react",45437,0.45437,54
"5929","trawler","substitution_capacity","yes",100000,1,54
"5930","guide","economic_buffers","low",97043,0.97043,54
"5931","guide","economic_buffers","medium",2957,0.02957,54
"5932","guide","economic_risk","low",25743,0.25743,54
"5933","guide","economic_risk","medium",2705,0.02705,54
"5934","guide","economic_risk","high",71552,0.71552,54
"5935","guide","go_fishing","no",68605,0.68605,54
"5936","guide","go_fishing","yes",31395,0.31395,54
"5937","guide","individual_importance","high",100000,1,54
"5938","guide","individual_risk","low",11610,0.1161,54
"5939","guide","individual_risk","medium",12971,0.12971,54
"5940","guide","individual_risk","high",75419,0.75419,54
"5941","guide","societal_importance","medium",74091,0.74091,54
"5942","guide","societal_importance","high",25909,0.25909,54
"5943","guide","societal_risk","low",11610,0.1161,54
"5944","guide","societal_risk","medium",68898,0.68898,54
"5945","guide","societal_risk","high",19492,0.19492,54
"5946","guide","strategy_to_change","cope",81663,0.81663,54
"5947","guide","strategy_to_change","react",1272,0.01272,54
"5948","guide","strategy_to_change","adapt",17065,0.17065,54
"5949","guide","substitution_capacity","no",100000,1,54
"5950","recreational","economic_buffers","low",100000,1,55
"5951","recreational","economic_risk","low",66841,0.66841,55
"5952","recreational","economic_risk","medium",9924,0.09924,55
"5953","recreational","economic_risk","high",8999,0.08999,55
"5954","recreational","economic_risk","not_relevant",14236,0.14236,55
"5955","recreational","go_fishing","no",48642,0.48642,55
"5956","recreational","go_fishing","yes",51358,0.51358,55
"5957","recreational","individual_importance","medium",48278,0.48278,55
"5958","recreational","individual_importance","high",51722,0.51722,55
"5959","recreational","individual_risk","low",24656,0.24656,55
"5960","recreational","individual_risk","medium",60260,0.6026,55
"5961","recreational","individual_risk","high",848,0.00848,55
"5962","recreational","individual_risk","not_relevant",14236,0.14236,55
"5963","recreational","societal_importance","low",160,0.0016,55
"5964","recreational","societal_importance","medium",56360,0.5636,55
"5965","recreational","societal_importance","high",43480,0.4348,55
"5966","recreational","societal_risk","low",24758,0.24758,55
"5967","recreational","societal_risk","medium",60262,0.60262,55
"5968","recreational","societal_risk","high",744,0.00744,55
"5969","recreational","societal_risk","not_relevant",14236,0.14236,55
"5970","recreational","strategy_to_change","not_relevant",14236,0.14236,55
"5971","recreational","strategy_to_change","cope",46382,0.46382,55
"5972","recreational","strategy_to_change","react",16552,0.16552,55
"5973","recreational","strategy_to_change","adapt",22830,0.2283,55
"5974","recreational","substitution_capacity","yes",100000,1,55
"5975","small_scale","economic_buffers","low",57480,0.5748,55
"5976","small_scale","economic_buffers","medium",42520,0.4252,55
"5977","small_scale","economic_risk","low",53133,0.53133,55
"5978","small_scale","economic_risk","medium",17997,0.17997,55
"5979","small_scale","economic_risk","high",14566,0.14566,55
"5980","small_scale","economic_risk","not_relevant",14304,0.14304,55
"5981","small_scale","go_fishing","no",38684,0.38684,55
"5982","small_scale","go_fishing","yes",61316,0.61316,55
"5983","small_scale","individual_importance","medium",11336,0.11336,55
"5984","small_scale","individual_importance","high",88664,0.88664,55
"5985","small_scale","individual_risk","low",34304,0.34304,55
"5986","small_scale","individual_risk","medium",30298,0.30298,55
"5987","small_scale","individual_risk","high",21094,0.21094,55
"5988","small_scale","individual_risk","not_relevant",14304,0.14304,55
"5989","small_scale","societal_importance","high",100000,1,55
"5990","small_scale","societal_risk","low",34304,0.34304,55
"5991","small_scale","societal_risk","medium",27644,0.27644,55
"5992","small_scale","societal_risk","high",23748,0.23748,55
"5993","small_scale","societal_risk","not_relevant",14304,0.14304,55
"5994","small_scale","strategy_to_change","not_relevant",14304,0.14304,55
"5995","small_scale","strategy_to_change","cope",60839,0.60839,55
"5996","small_scale","strategy_to_change","react",24035,0.24035,55
"5997","small_scale","strategy_to_change","adapt",822,0.00822,55
"5998","small_scale","substitution_capacity","no",65703,0.65703,55
"5999","small_scale","substitution_capacity","yes",34297,0.34297,55
"6000","household","economic_buffers","low",100000,1,55
"6001","household","economic_risk","low",72800,0.728,55
"6002","household","economic_risk","medium",4574,0.04574,55
"6003","household","economic_risk","high",8397,0.08397,55
"6004","household","economic_risk","not_relevant",14229,0.14229,55
"6005","household","go_fishing","no",60449,0.60449,55
"6006","household","go_fishing","yes",39551,0.39551,55
"6007","household","individual_importance","medium",47670,0.4767,55
"6008","household","individual_importance","high",52330,0.5233,55
"6009","household","individual_risk","low",24289,0.24289,55
"6010","household","individual_risk","medium",61200,0.612,55
"6011","household","individual_risk","high",282,0.00282,55
"6012","household","individual_risk","not_relevant",14229,0.14229,55
"6013","household","societal_importance","medium",81051,0.81051,55
"6014","household","societal_importance","high",18949,0.18949,55
"6015","household","societal_risk","low",24289,0.24289,55
"6016","household","societal_risk","medium",61378,0.61378,55
"6017","household","societal_risk","high",104,0.00104,55
"6018","household","societal_risk","not_relevant",14229,0.14229,55
"6019","household","strategy_to_change","not_relevant",14229,0.14229,55
"6020","household","strategy_to_change","cope",69552,0.69552,55
"6021","household","strategy_to_change","react",16219,0.16219,55
"6022","household","substitution_capacity","yes",100000,1,55
"6023","trawler","economic_buffers","medium",49008,0.49008,55
"6024","trawler","economic_buffers","high",50992,0.50992,55
"6025","trawler","economic_risk","low",88632,0.88632,55
"6026","trawler","economic_risk","medium",5939,0.05939,55
"6027","trawler","economic_risk","high",5429,0.05429,55
"6028","trawler","go_fishing","no",12748,0.12748,55
"6029","trawler","go_fishing","yes",87252,0.87252,55
"6030","trawler","individual_importance","high",100000,1,55
"6031","trawler","individual_risk","low",44197,0.44197,55
"6032","trawler","individual_risk","medium",40117,0.40117,55
"6033","trawler","individual_risk","high",15686,0.15686,55
"6034","trawler","societal_importance","high",100000,1,55
"6035","trawler","societal_risk","low",44197,0.44197,55
"6036","trawler","societal_risk","medium",40117,0.40117,55
"6037","trawler","societal_risk","high",15686,0.15686,55
"6038","trawler","strategy_to_change","cope",55748,0.55748,55
"6039","trawler","strategy_to_change","react",44252,0.44252,55
"6040","trawler","substitution_capacity","yes",100000,1,55
"6041","guide","economic_buffers","low",96002,0.96002,55
"6042","guide","economic_buffers","medium",3998,0.03998,55
"6043","guide","economic_risk","low",24920,0.2492,55
"6044","guide","economic_risk","medium",4310,0.0431,55
"6045","guide","economic_risk","high",70770,0.7077,55
"6046","guide","go_fishing","no",64849,0.64849,55
"6047","guide","go_fishing","yes",35151,0.35151,55
"6048","guide","individual_importance","high",100000,1,55
"6049","guide","individual_risk","low",13905,0.13905,55
"6050","guide","individual_risk","medium",14462,0.14462,55
"6051","guide","individual_risk","high",71633,0.71633,55
"6052","guide","societal_importance","medium",73865,0.73865,55
"6053","guide","societal_importance","high",26135,0.26135,55
"6054","guide","societal_risk","low",13905,0.13905,55
"6055","guide","societal_risk","medium",67363,0.67363,55
"6056","guide","societal_risk","high",18732,0.18732,55
"6057","guide","strategy_to_change","cope",77038,0.77038,55
"6058","guide","strategy_to_change","react",3339,0.03339,55
"6059","guide","strategy_to_change","adapt",19623,0.19623,55
"6060","guide","substitution_capacity","no",100000,1,55
"6061","recreational","economic_buffers","low",100000,1,56
"6062","recreational","economic_risk","low",74830,0.7483,56
"6063","recreational","economic_risk","medium",6779,0.06779,56
"6064","recreational","economic_risk","high",4252,0.04252,56
"6065","recreational","economic_risk","not_relevant",14139,0.14139,56
"6066","recreational","go_fishing","no",56149,0.56149,56
"6067","recreational","go_fishing","yes",43851,0.43851,56
"6068","recreational","individual_importance","medium",28205,0.28205,56
"6069","recreational","individual_importance","high",71795,0.71795,56
"6070","recreational","individual_risk","low",19563,0.19563,56
"6071","recreational","individual_risk","medium",65271,0.65271,56
"6072","recreational","individual_risk","high",1027,0.01027,56
"6073","recreational","individual_risk","not_relevant",14139,0.14139,56
"6074","recreational","societal_importance","medium",75096,0.75096,56
"6075","recreational","societal_importance","high",24904,0.24904,56
"6076","recreational","societal_risk","low",19563,0.19563,56
"6077","recreational","societal_risk","medium",65938,0.65938,56
"6078","recreational","societal_risk","high",360,0.0036,56
"6079","recreational","societal_risk","not_relevant",14139,0.14139,56
"6080","recreational","strategy_to_change","not_relevant",14139,0.14139,56
"6081","recreational","strategy_to_change","cope",49040,0.4904,56
"6082","recreational","strategy_to_change","react",11316,0.11316,56
"6083","recreational","strategy_to_change","adapt",25505,0.25505,56
"6084","recreational","substitution_capacity","yes",100000,1,56
"6085","small_scale","economic_buffers","low",78206,0.78206,56
"6086","small_scale","economic_buffers","medium",21794,0.21794,56
"6087","small_scale","economic_risk","low",50124,0.50124,56
"6088","small_scale","economic_risk","medium",19716,0.19716,56
"6089","small_scale","economic_risk","high",15762,0.15762,56
"6090","small_scale","economic_risk","not_relevant",14398,0.14398,56
"6091","small_scale","go_fishing","no",38491,0.38491,56
"6092","small_scale","go_fishing","yes",61509,0.61509,56
"6093","small_scale","individual_importance","medium",17455,0.17455,56
"6094","small_scale","individual_importance","high",82545,0.82545,56
"6095","small_scale","individual_risk","low",32729,0.32729,56
"6096","small_scale","individual_risk","medium",36822,0.36822,56
"6097","small_scale","individual_risk","high",16051,0.16051,56
"6098","small_scale","individual_risk","not_relevant",14398,0.14398,56
"6099","small_scale","societal_importance","high",100000,1,56
"6100","small_scale","societal_risk","low",32729,0.32729,56
"6101","small_scale","societal_risk","medium",33455,0.33455,56
"6102","small_scale","societal_risk","high",19418,0.19418,56
"6103","small_scale","societal_risk","not_relevant",14398,0.14398,56
"6104","small_scale","strategy_to_change","not_relevant",14398,0.14398,56
"6105","small_scale","strategy_to_change","cope",56026,0.56026,56
"6106","small_scale","strategy_to_change","react",27475,0.27475,56
"6107","small_scale","strategy_to_change","adapt",2101,0.02101,56
"6108","small_scale","substitution_capacity","no",50716,0.50716,56
"6109","small_scale","substitution_capacity","yes",49284,0.49284,56
"6110","household","economic_buffers","low",100000,1,56
"6111","household","economic_risk","low",73152,0.73152,56
"6112","household","economic_risk","medium",4722,0.04722,56
"6113","household","economic_risk","high",7842,0.07842,56
"6114","household","economic_risk","not_relevant",14284,0.14284,56
"6115","household","go_fishing","no",69202,0.69202,56
"6116","household","go_fishing","yes",30798,0.30798,56
"6117","household","individual_importance","medium",52948,0.52948,56
"6118","household","individual_importance","high",47052,0.47052,56
"6119","household","individual_risk","low",17968,0.17968,56
"6120","household","individual_risk","medium",67575,0.67575,56
"6121","household","individual_risk","high",173,0.00173,56
"6122","household","individual_risk","not_relevant",14284,0.14284,56
"6123","household","societal_importance","medium",78979,0.78979,56
"6124","household","societal_importance","high",21021,0.21021,56
"6125","household","societal_risk","low",17968,0.17968,56
"6126","household","societal_risk","medium",67659,0.67659,56
"6127","household","societal_risk","high",89,0.00089,56
"6128","household","societal_risk","not_relevant",14284,0.14284,56
"6129","household","strategy_to_change","not_relevant",14284,0.14284,56
"6130","household","strategy_to_change","cope",70943,0.70943,56
"6131","household","strategy_to_change","react",14773,0.14773,56
"6132","household","substitution_capacity","yes",100000,1,56
"6133","trawler","economic_buffers","medium",50058,0.50058,56
"6134","trawler","economic_buffers","high",49942,0.49942,56
"6135","trawler","economic_risk","low",87362,0.87362,56
"6136","trawler","economic_risk","medium",6426,0.06426,56
"6137","trawler","economic_risk","high",6212,0.06212,56
"6138","trawler","go_fishing","no",6946,0.06946,56
"6139","trawler","go_fishing","yes",93054,0.93054,56
"6140","trawler","individual_importance","high",100000,1,56
"6141","trawler","individual_risk","low",41707,0.41707,56
"6142","trawler","individual_risk","medium",37208,0.37208,56
"6143","trawler","individual_risk","high",21085,0.21085,56
"6144","trawler","societal_importance","high",100000,1,56
"6145","trawler","societal_risk","low",41707,0.41707,56
"6146","trawler","societal_risk","medium",37208,0.37208,56
"6147","trawler","societal_risk","high",21085,0.21085,56
"6148","trawler","strategy_to_change","cope",52867,0.52867,56
"6149","trawler","strategy_to_change","react",47133,0.47133,56
"6150","trawler","substitution_capacity","yes",100000,1,56
"6151","guide","economic_buffers","low",96965,0.96965,56
"6152","guide","economic_buffers","medium",3035,0.03035,56
"6153","guide","economic_risk","low",25704,0.25704,56
"6154","guide","economic_risk","medium",3487,0.03487,56
"6155","guide","economic_risk","high",70809,0.70809,56
"6156","guide","go_fishing","no",66536,0.66536,56
"6157","guide","go_fishing","yes",33464,0.33464,56
"6158","guide","individual_importance","high",100000,1,56
"6159","guide","individual_risk","low",12846,0.12846,56
"6160","guide","individual_risk","medium",13909,0.13909,56
"6161","guide","individual_risk","high",73245,0.73245,56
"6162","guide","societal_importance","medium",78037,0.78037,56
"6163","guide","societal_importance","high",21963,0.21963,56
"6164","guide","societal_risk","low",12846,0.12846,56
"6165","guide","societal_risk","medium",71067,0.71067,56
"6166","guide","societal_risk","high",16087,0.16087,56
"6167","guide","strategy_to_change","cope",79529,0.79529,56
"6168","guide","strategy_to_change","react",2851,0.02851,56
"6169","guide","strategy_to_change","adapt",17620,0.1762,56
"6170","guide","substitution_capacity","no",100000,1,56
"6171","recreational","economic_buffers","low",100000,1,57
"6172","recreational","economic_risk","low",63080,0.6308,57
"6173","recreational","economic_risk","medium",13078,0.13078,57
"6174","recreational","economic_risk","high",9560,0.0956,57
"6175","recreational","economic_risk","not_relevant",14282,0.14282,57
"6176","recreational","go_fishing","no",48429,0.48429,57
"6177","recreational","go_fishing","yes",51571,0.51571,57
"6178","recreational","individual_importance","medium",47519,0.47519,57
"6179","recreational","individual_importance","high",52481,0.52481,57
"6180","recreational","individual_risk","low",26332,0.26332,57
"6181","recreational","individual_risk","medium",36871,0.36871,57
"6182","recreational","individual_risk","high",22515,0.22515,57
"6183","recreational","individual_risk","not_relevant",14282,0.14282,57
"6184","recreational","societal_importance","medium",71026,0.71026,57
"6185","recreational","societal_importance","high",28974,0.28974,57
"6186","recreational","societal_risk","low",26332,0.26332,57
"6187","recreational","societal_risk","medium",46920,0.4692,57
"6188","recreational","societal_risk","high",12466,0.12466,57
"6189","recreational","societal_risk","not_relevant",14282,0.14282,57
"6190","recreational","strategy_to_change","not_relevant",14282,0.14282,57
"6191","recreational","strategy_to_change","cope",43346,0.43346,57
"6192","recreational","strategy_to_change","react",22270,0.2227,57
"6193","recreational","strategy_to_change","adapt",20102,0.20102,57
"6194","recreational","substitution_capacity","no",100000,1,57
"6195","small_scale","economic_buffers","low",93096,0.93096,57
"6196","small_scale","economic_buffers","medium",6904,0.06904,57
"6197","small_scale","economic_risk","low",44687,0.44687,57
"6198","small_scale","economic_risk","medium",23004,0.23004,57
"6199","small_scale","economic_risk","high",18066,0.18066,57
"6200","small_scale","economic_risk","not_relevant",14243,0.14243,57
"6201","small_scale","go_fishing","no",37539,0.37539,57
"6202","small_scale","go_fishing","yes",62461,0.62461,57
"6203","small_scale","individual_importance","medium",9073,0.09073,57
"6204","small_scale","individual_importance","high",90927,0.90927,57
"6205","small_scale","individual_risk","low",34343,0.34343,57
"6206","small_scale","individual_risk","medium",32695,0.32695,57
"6207","small_scale","individual_risk","high",18719,0.18719,57
"6208","small_scale","individual_risk","not_relevant",14243,0.14243,57
"6209","small_scale","societal_importance","high",100000,1,57
"6210","small_scale","societal_risk","low",34343,0.34343,57
"6211","small_scale","societal_risk","medium",30842,0.30842,57
"6212","small_scale","societal_risk","high",20572,0.20572,57
"6213","small_scale","societal_risk","not_relevant",14243,0.14243,57
"6214","small_scale","strategy_to_change","not_relevant",14243,0.14243,57
"6215","small_scale","strategy_to_change","cope",55714,0.55714,57
"6216","small_scale","strategy_to_change","react",25124,0.25124,57
"6217","small_scale","strategy_to_change","adapt",4919,0.04919,57
"6218","small_scale","substitution_capacity","no",54902,0.54902,57
"6219","small_scale","substitution_capacity","yes",45098,0.45098,57
"6220","household","economic_buffers","low",100000,1,57
"6221","household","economic_risk","low",69453,0.69453,57
"6222","household","economic_risk","medium",5040,0.0504,57
"6223","household","economic_risk","high",11267,0.11267,57
"6224","household","economic_risk","not_relevant",14240,0.1424,57
"6225","household","go_fishing","no",60587,0.60587,57
"6226","household","go_fishing","yes",39413,0.39413,57
"6227","household","individual_importance","medium",48173,0.48173,57
"6228","household","individual_importance","high",51827,0.51827,57
"6229","household","individual_risk","low",24296,0.24296,57
"6230","household","individual_risk","medium",61110,0.6111,57
"6231","household","individual_risk","high",354,0.00354,57
"6232","household","individual_risk","not_relevant",14240,0.1424,57
"6233","household","societal_importance","medium",77692,0.77692,57
"6234","household","societal_importance","high",22308,0.22308,57
"6235","household","societal_risk","low",24296,0.24296,57
"6236","household","societal_risk","medium",61305,0.61305,57
"6237","household","societal_risk","high",159,0.00159,57
"6238","household","societal_risk","not_relevant",14240,0.1424,57
"6239","household","strategy_to_change","not_relevant",14240,0.1424,57
"6240","household","strategy_to_change","cope",66857,0.66857,57
"6241","household","strategy_to_change","react",18903,0.18903,57
"6242","household","substitution_capacity","yes",100000,1,57
"6243","trawler","economic_buffers","medium",43788,0.43788,57
"6244","trawler","economic_buffers","high",56212,0.56212,57
"6245","trawler","economic_risk","low",88813,0.88813,57
"6246","trawler","economic_risk","medium",6296,0.06296,57
"6247","trawler","economic_risk","high",4891,0.04891,57
"6248","trawler","go_fishing","no",9302,0.09302,57
"6249","trawler","go_fishing","yes",90698,0.90698,57
"6250","trawler","individual_importance","high",100000,1,57
"6251","trawler","individual_risk","low",45103,0.45103,57
"6252","trawler","individual_risk","medium",39673,0.39673,57
"6253","trawler","individual_risk","high",15224,0.15224,57
"6254","trawler","societal_importance","high",100000,1,57
"6255","trawler","societal_risk","low",45103,0.45103,57
"6256","trawler","societal_risk","medium",39673,0.39673,57
"6257","trawler","societal_risk","high",15224,0.15224,57
"6258","trawler","strategy_to_change","cope",51187,0.51187,57
"6259","trawler","strategy_to_change","react",48813,0.48813,57
"6260","trawler","substitution_capacity","yes",100000,1,57
"6261","guide","economic_buffers","low",92993,0.92993,57
"6262","guide","economic_buffers","medium",7007,0.07007,57
"6263","guide","economic_risk","low",22183,0.22183,57
"6264","guide","economic_risk","medium",5755,0.05755,57
"6265","guide","economic_risk","high",72062,0.72062,57
"6266","guide","go_fishing","no",70231,0.70231,57
"6267","guide","go_fishing","yes",29769,0.29769,57
"6268","guide","individual_importance","high",100000,1,57
"6269","guide","individual_risk","low",11028,0.11028,57
"6270","guide","individual_risk","medium",12443,0.12443,57
"6271","guide","individual_risk","high",76529,0.76529,57
"6272","guide","societal_importance","medium",77001,0.77001,57
"6273","guide","societal_importance","high",22999,0.22999,57
"6274","guide","societal_risk","low",11028,0.11028,57
"6275","guide","societal_risk","medium",71371,0.71371,57
"6276","guide","societal_risk","high",17601,0.17601,57
"6277","guide","strategy_to_change","cope",87364,0.87364,57
"6278","guide","strategy_to_change","react",1903,0.01903,57
"6279","guide","strategy_to_change","adapt",10733,0.10733,57
"6280","guide","substitution_capacity","no",100000,1,57
"6281","recreational","economic_buffers","low",100000,1,58
"6282","recreational","economic_risk","low",76309,0.76309,58
"6283","recreational","economic_risk","medium",5705,0.05705,58
"6284","recreational","economic_risk","high",3757,0.03757,58
"6285","recreational","economic_risk","not_relevant",14229,0.14229,58
"6286","recreational","go_fishing","no",58975,0.58975,58
"6287","recreational","go_fishing","yes",41025,0.41025,58
"6288","recreational","individual_importance","medium",54889,0.54889,58
"6289","recreational","individual_importance","high",45111,0.45111,58
"6290","recreational","individual_risk","low",19635,0.19635,58
"6291","recreational","individual_risk","medium",65761,0.65761,58
"6292","recreational","individual_risk","high",375,0.00375,58
"6293","recreational","individual_risk","not_relevant",14229,0.14229,58
"6294","recreational","societal_importance","medium",81360,0.8136,58
"6295","recreational","societal_importance","high",18640,0.1864,58
"6296","recreational","societal_risk","low",19635,0.19635,58
"6297","recreational","societal_risk","medium",65968,0.65968,58
"6298","recreational","societal_risk","high",168,0.00168,58
"6299","recreational","societal_risk","not_relevant",14229,0.14229,58
"6300","recreational","strategy_to_change","not_relevant",14229,0.14229,58
"6301","recreational","strategy_to_change","cope",51885,0.51885,58
"6302","recreational","strategy_to_change","react",9690,0.0969,58
"6303","recreational","strategy_to_change","adapt",24196,0.24196,58
"6304","recreational","substitution_capacity","no",1,1e-05,58
"6305","recreational","substitution_capacity","yes",99999,0.99999,58
"6306","small_scale","economic_buffers","low",39282,0.39282,58
"6307","small_scale","economic_buffers","medium",60718,0.60718,58
"6308","small_scale","economic_risk","low",61867,0.61867,58
"6309","small_scale","economic_risk","medium",13004,0.13004,58
"6310","small_scale","economic_risk","high",10742,0.10742,58
"6311","small_scale","economic_risk","not_relevant",14387,0.14387,58
"6312","small_scale","go_fishing","no",40239,0.40239,58
"6313","small_scale","go_fishing","yes",59761,0.59761,58
"6314","small_scale","individual_importance","medium",12299,0.12299,58
"6315","small_scale","individual_importance","high",87701,0.87701,58
"6316","small_scale","individual_risk","low",29958,0.29958,58
"6317","small_scale","individual_risk","medium",41421,0.41421,58
"6318","small_scale","individual_risk","high",14234,0.14234,58
"6319","small_scale","individual_risk","not_relevant",14387,0.14387,58
"6320","small_scale","societal_importance","high",100000,1,58
"6321","small_scale","societal_risk","low",29958,0.29958,58
"6322","small_scale","societal_risk","medium",39431,0.39431,58
"6323","small_scale","societal_risk","high",16224,0.16224,58
"6324","small_scale","societal_risk","not_relevant",14387,0.14387,58
"6325","small_scale","strategy_to_change","not_relevant",14387,0.14387,58
"6326","small_scale","strategy_to_change","cope",61556,0.61556,58
"6327","small_scale","strategy_to_change","react",23387,0.23387,58
"6328","small_scale","strategy_to_change","adapt",670,0.0067,58
"6329","small_scale","substitution_capacity","no",39105,0.39105,58
"6330","small_scale","substitution_capacity","yes",60895,0.60895,58
"6331","household","economic_buffers","low",100000,1,58
"6332","household","economic_risk","low",71672,0.71672,58
"6333","household","economic_risk","medium",5128,0.05128,58
"6334","household","economic_risk","high",8883,0.08883,58
"6335","household","economic_risk","not_relevant",14317,0.14317,58
"6336","household","go_fishing","no",60408,0.60408,58
"6337","household","go_fishing","yes",39592,0.39592,58
"6338","household","individual_importance","medium",44991,0.44991,58
"6339","household","individual_importance","high",55009,0.55009,58
"6340","household","individual_risk","low",22742,0.22742,58
"6341","household","individual_risk","medium",62658,0.62658,58
"6342","household","individual_risk","high",283,0.00283,58
"6343","household","individual_risk","not_relevant",14317,0.14317,58
"6344","household","societal_importance","medium",74928,0.74928,58
"6345","household","societal_importance","high",25072,0.25072,58
"6346","household","societal_risk","low",22742,0.22742,58
"6347","household","societal_risk","medium",62819,0.62819,58
"6348","household","societal_risk","high",122,0.00122,58
"6349","household","societal_risk","not_relevant",14317,0.14317,58
"6350","household","strategy_to_change","not_relevant",14317,0.14317,58
"6351","household","strategy_to_change","cope",69173,0.69173,58
"6352","household","strategy_to_change","react",16510,0.1651,58
"6353","household","substitution_capacity","yes",100000,1,58
"6354","trawler","economic_buffers","medium",56991,0.56991,58
"6355","trawler","economic_buffers","high",43009,0.43009,58
"6356","trawler","economic_risk","low",89020,0.8902,58
"6357","trawler","economic_risk","medium",4939,0.04939,58
"6358","trawler","economic_risk","high",6041,0.06041,58
"6359","trawler","go_fishing","no",6091,0.06091,58
"6360","trawler","go_fishing","yes",93909,0.93909,58
"6361","trawler","individual_importance","high",100000,1,58
"6362","trawler","individual_risk","low",39907,0.39907,58
"6363","trawler","individual_risk","medium",42900,0.429,58
"6364","trawler","individual_risk","high",17193,0.17193,58
"6365","trawler","societal_importance","high",100000,1,58
"6366","trawler","societal_risk","low",39907,0.39907,58
"6367","trawler","societal_risk","medium",42900,0.429,58
"6368","trawler","societal_risk","high",17193,0.17193,58
"6369","trawler","strategy_to_change","cope",53552,0.53552,58
"6370","trawler","strategy_to_change","react",46448,0.46448,58
"6371","trawler","substitution_capacity","yes",100000,1,58
"6372","guide","economic_buffers","low",91035,0.91035,58
"6373","guide","economic_buffers","medium",8965,0.08965,58
"6374","guide","economic_risk","low",21127,0.21127,58
"6375","guide","economic_risk","medium",7967,0.07967,58
"6376","guide","economic_risk","high",70906,0.70906,58
"6377","guide","go_fishing","no",70150,0.7015,58
"6378","guide","go_fishing","yes",29850,0.2985,58
"6379","guide","individual_importance","high",100000,1,58
"6380","guide","individual_risk","low",10121,0.10121,58
"6381","guide","individual_risk","medium",13591,0.13591,58
"6382","guide","individual_risk","high",76288,0.76288,58
"6383","guide","societal_importance","medium",73041,0.73041,58
"6384","guide","societal_importance","high",26959,0.26959,58
"6385","guide","societal_risk","low",10121,0.10121,58
"6386","guide","societal_risk","medium",69256,0.69256,58
"6387","guide","societal_risk","high",20623,0.20623,58
"6388","guide","strategy_to_change","cope",83430,0.8343,58
"6389","guide","strategy_to_change","react",3523,0.03523,58
"6390","guide","strategy_to_change","adapt",13047,0.13047,58
"6391","guide","substitution_capacity","no",100000,1,58
"6392","recreational","economic_buffers","low",100000,1,59
"6393","recreational","economic_risk","low",77886,0.77886,59
"6394","recreational","economic_risk","medium",4760,0.0476,59
"6395","recreational","economic_risk","high",3107,0.03107,59
"6396","recreational","economic_risk","not_relevant",14247,0.14247,59
"6397","recreational","go_fishing","no",57342,0.57342,59
"6398","recreational","go_fishing","yes",42658,0.42658,59
"6399","recreational","individual_importance","medium",55445,0.55445,59
"6400","recreational","individual_importance","high",44555,0.44555,59
"6401","recreational","individual_risk","low",23691,0.23691,59
"6402","recreational","individual_risk","medium",61711,0.61711,59
"6403","recreational","individual_risk","high",351,0.00351,59
"6404","recreational","individual_risk","not_relevant",14247,0.14247,59
"6405","recreational","societal_importance","medium",71653,0.71653,59
"6406","recreational","societal_importance","high",28347,0.28347,59
"6407","recreational","societal_risk","low",23691,0.23691,59
"6408","recreational","societal_risk","medium",61848,0.61848,59
"6409","recreational","societal_risk","high",214,0.00214,59
"6410","recreational","societal_risk","not_relevant",14247,0.14247,59
"6411","recreational","strategy_to_change","not_relevant",14247,0.14247,59
"6412","recreational","strategy_to_change","cope",50226,0.50226,59
"6413","recreational","strategy_to_change","react",8065,0.08065,59
"6414","recreational","strategy_to_change","adapt",27462,0.27462,59
"6415","recreational","substitution_capacity","yes",100000,1,59
"6416","small_scale","economic_buffers","low",92274,0.92274,59
"6417","small_scale","economic_buffers","medium",7726,0.07726,59
"6418","small_scale","economic_risk","low",52203,0.52203,59
"6419","small_scale","economic_risk","medium",19940,0.1994,59
"6420","small_scale","economic_risk","high",13370,0.1337,59
"6421","small_scale","economic_risk","not_relevant",14487,0.14487,59
"6422","small_scale","go_fishing","no",31935,0.31935,59
"6423","small_scale","go_fishing","yes",68065,0.68065,59
"6424","small_scale","individual_importance","medium",4691,0.04691,59
"6425","small_scale","individual_importance","high",95309,0.95309,59
"6426","small_scale","individual_risk","low",38744,0.38744,59
"6427","small_scale","individual_risk","medium",36754,0.36754,59
"6428","small_scale","individual_risk","high",10015,0.10015,59
"6429","small_scale","individual_risk","not_relevant",14487,0.14487,59
"6430","small_scale","societal_importance","high",100000,1,59
"6431","small_scale","societal_risk","low",38744,0.38744,59
"6432","small_scale","societal_risk","medium",36253,0.36253,59
"6433","small_scale","societal_risk","high",10516,0.10516,59
"6434","small_scale","societal_risk","not_relevant",14487,0.14487,59
"6435","small_scale","strategy_to_change","not_relevant",14487,0.14487,59
"6436","small_scale","strategy_to_change","cope",55131,0.55131,59
"6437","small_scale","strategy_to_change","react",30305,0.30305,59
"6438","small_scale","strategy_to_change","adapt",77,0.00077,59
"6439","small_scale","substitution_capacity","no",29338,0.29338,59
"6440","small_scale","substitution_capacity","yes",70662,0.70662,59
"6441","household","economic_buffers","low",100000,1,59
"6442","household","economic_risk","low",71481,0.71481,59
"6443","household","economic_risk","medium",4625,0.04625,59
"6444","household","economic_risk","high",9685,0.09685,59
"6445","household","economic_risk","not_relevant",14209,0.14209,59
"6446","household","go_fishing","no",63352,0.63352,59
"6447","household","go_fishing","yes",36648,0.36648,59
"6448","household","individual_importance","medium",45223,0.45223,59
"6449","household","individual_importance","high",54777,0.54777,59
"6450","household","individual_risk","low",22629,0.22629,59
"6451","household","individual_risk","medium",62886,0.62886,59
"6452","household","individual_risk","high",276,0.00276,59
"6453","household","individual_risk","not_relevant",14209,0.14209,59
"6454","household","societal_importance","medium",80093,0.80093,59
"6455","household","societal_importance","high",19907,0.19907,59
"6456","household","societal_risk","low",22629,0.22629,59
"6457","household","societal_risk","medium",63045,0.63045,59
"6458","household","societal_risk","high",117,0.00117,59
"6459","household","societal_risk","not_relevant",14209,0.14209,59
"6460","household","strategy_to_change","not_relevant",14209,0.14209,59
"6461","household","strategy_to_change","cope",67894,0.67894,59
"6462","household","strategy_to_change","react",17897,0.17897,59
"6463","household","substitution_capacity","yes",100000,1,59
"6464","trawler","economic_buffers","medium",51013,0.51013,59
"6465","trawler","economic_buffers","high",48987,0.48987,59
"6466","trawler","economic_risk","low",91567,0.91567,59
"6467","trawler","economic_risk","medium",4218,0.04218,59
"6468","trawler","economic_risk","high",4215,0.04215,59
"6469","trawler","go_fishing","no",17016,0.17016,59
"6470","trawler","go_fishing","yes",82984,0.82984,59
"6471","trawler","individual_importance","high",100000,1,59
"6472","trawler","individual_risk","low",43900,0.439,59
"6473","trawler","individual_risk","medium",43902,0.43902,59
"6474","trawler","individual_risk","high",12198,0.12198,59
"6475","trawler","societal_importance","high",100000,1,59
"6476","trawler","societal_risk","low",43900,0.439,59
"6477","trawler","societal_risk","medium",43902,0.43902,59
"6478","trawler","societal_risk","high",12198,0.12198,59
"6479","trawler","strategy_to_change","cope",62273,0.62273,59
"6480","trawler","strategy_to_change","react",37727,0.37727,59
"6481","trawler","substitution_capacity","yes",100000,1,59
"6482","guide","economic_buffers","low",94965,0.94965,59
"6483","guide","economic_buffers","medium",5035,0.05035,59
"6484","guide","economic_risk","low",28142,0.28142,59
"6485","guide","economic_risk","medium",5764,0.05764,59
"6486","guide","economic_risk","high",66094,0.66094,59
"6487","guide","go_fishing","no",65150,0.6515,59
"6488","guide","go_fishing","yes",34850,0.3485,59
"6489","guide","individual_importance","high",100000,1,59
"6490","guide","individual_risk","low",16111,0.16111,59
"6491","guide","individual_risk","medium",12675,0.12675,59
"6492","guide","individual_risk","high",71214,0.71214,59
"6493","guide","societal_importance","medium",83931,0.83931,59
"6494","guide","societal_importance","high",16069,0.16069,59
"6495","guide","societal_risk","low",16111,0.16111,59
"6496","guide","societal_risk","medium",72478,0.72478,59
"6497","guide","societal_risk","high",11411,0.11411,59
"6498","guide","strategy_to_change","cope",80505,0.80505,59
"6499","guide","strategy_to_change","react",4840,0.0484,59
"6500","guide","strategy_to_change","adapt",14655,0.14655,59
"6501","guide","substitution_capacity","no",100000,1,59
"6502","recreational","economic_buffers","low",100000,1,60
"6503","recreational","economic_risk","low",68034,0.68034,60
"6504","recreational","economic_risk","medium",10717,0.10717,60
"6505","recreational","economic_risk","high",6923,0.06923,60
"6506","recreational","economic_risk","not_relevant",14326,0.14326,60
"6507","recreational","go_fishing","no",52658,0.52658,60
"6508","recreational","go_fishing","yes",47342,0.47342,60
"6509","recreational","individual_importance","medium",60362,0.60362,60
"6510","recreational","individual_importance","high",39638,0.39638,60
"6511","recreational","individual_risk","low",22673,0.22673,60
"6512","recreational","individual_risk","medium",62476,0.62476,60
"6513","recreational","individual_risk","high",525,0.00525,60
"6514","recreational","individual_risk","not_relevant",14326,0.14326,60
"6515","recreational","societal_importance","medium",79563,0.79563,60
"6516","recreational","societal_importance","high",20437,0.20437,60
"6517","recreational","societal_risk","low",22673,0.22673,60
"6518","recreational","societal_risk","medium",62727,0.62727,60
"6519","recreational","societal_risk","high",274,0.00274,60
"6520","recreational","societal_risk","not_relevant",14326,0.14326,60
"6521","recreational","strategy_to_change","not_relevant",14326,0.14326,60
"6522","recreational","strategy_to_change","cope",45562,0.45562,60
"6523","recreational","strategy_to_change","react",18028,0.18028,60
"6524","recreational","strategy_to_change","adapt",22084,0.22084,60
"6525","recreational","substitution_capacity","yes",100000,1,60
"6526","small_scale","economic_buffers","low",84030,0.8403,60
"6527","small_scale","economic_buffers","medium",15970,0.1597,60
"6528","small_scale","economic_risk","low",55057,0.55057,60
"6529","small_scale","economic_risk","medium",17554,0.17554,60
"6530","small_scale","economic_risk","high",13192,0.13192,60
"6531","small_scale","economic_risk","not_relevant",14197,0.14197,60
"6532","small_scale","go_fishing","no",43838,0.43838,60
"6533","small_scale","go_fishing","yes",56162,0.56162,60
"6534","small_scale","individual_importance","medium",8904,0.08904,60
"6535","small_scale","individual_importance","high",91096,0.91096,60
"6536","small_scale","individual_risk","low",30536,0.30536,60
"6537","small_scale","individual_risk","medium",40181,0.40181,60
"6538","small_scale","individual_risk","high",15086,0.15086,60
"6539","small_scale","individual_risk","not_relevant",14197,0.14197,60
"6540","small_scale","societal_importance","high",100000,1,60
"6541","small_scale","societal_risk","low",30536,0.30536,60
"6542","small_scale","societal_risk","medium",38710,0.3871,60
"6543","small_scale","societal_risk","high",16557,0.16557,60
"6544","small_scale","societal_risk","not_relevant",14197,0.14197,60
"6545","small_scale","strategy_to_change","not_relevant",14197,0.14197,60
"6546","small_scale","strategy_to_change","cope",62353,0.62353,60
"6547","small_scale","strategy_to_change","react",23107,0.23107,60
"6548","small_scale","strategy_to_change","adapt",343,0.00343,60
"6549","small_scale","substitution_capacity","no",37199,0.37199,60
"6550","small_scale","substitution_capacity","yes",62801,0.62801,60
"6551","household","economic_buffers","low",100000,1,60
"6552","household","economic_risk","low",68944,0.68944,60
"6553","household","economic_risk","medium",6003,0.06003,60
"6554","household","economic_risk","high",10704,0.10704,60
"6555","household","economic_risk","not_relevant",14349,0.14349,60
"6556","household","go_fishing","no",58555,0.58555,60
"6557","household","go_fishing","yes",41445,0.41445,60
"6558","household","individual_importance","medium",48924,0.48924,60
"6559","household","individual_importance","high",51076,0.51076,60
"6560","household","individual_risk","low",26917,0.26917,60
"6561","household","individual_risk","medium",58526,0.58526,60
"6562","household","individual_risk","high",208,0.00208,60
"6563","household","individual_risk","not_relevant",14349,0.14349,60
"6564","household","societal_importance","medium",79965,0.79965,60
"6565","household","societal_importance","high",20035,0.20035,60
"6566","household","societal_risk","low",26917,0.26917,60
"6567","household","societal_risk","medium",58658,0.58658,60
"6568","household","societal_risk","high",76,0.00076,60
"6569","household","societal_risk","not_relevant",14349,0.14349,60
"6570","household","strategy_to_change","not_relevant",14349,0.14349,60
"6571","household","strategy_to_change","cope",63905,0.63905,60
"6572","household","strategy_to_change","react",21746,0.21746,60
"6573","household","substitution_capacity","yes",100000,1,60
"6574","trawler","economic_buffers","medium",51037,0.51037,60
"6575","trawler","economic_buffers","high",48963,0.48963,60
"6576","trawler","economic_risk","low",92326,0.92326,60
"6577","trawler","economic_risk","medium",3835,0.03835,60
"6578","trawler","economic_risk","high",3839,0.03839,60
"6579","trawler","go_fishing","no",10182,0.10182,60
"6580","trawler","go_fishing","yes",89818,0.89818,60
"6581","trawler","individual_importance","high",100000,1,60
"6582","trawler","individual_risk","low",48656,0.48656,60
"6583","trawler","individual_risk","medium",39590,0.3959,60
"6584","trawler","individual_risk","high",11754,0.11754,60
"6585","trawler","societal_importance","high",100000,1,60
"6586","trawler","societal_risk","low",48656,0.48656,60
"6587","trawler","societal_risk","medium",39590,0.3959,60
"6588","trawler","societal_risk","high",11754,0.11754,60
"6589","trawler","strategy_to_change","cope",57391,0.57391,60
"6590","trawler","strategy_to_change","react",42609,0.42609,60
"6591","trawler","substitution_capacity","yes",100000,1,60
"6592","guide","economic_buffers","low",94118,0.94118,60
"6593","guide","economic_buffers","medium",5882,0.05882,60
"6594","guide","economic_risk","low",28028,0.28028,60
"6595","guide","economic_risk","medium",4966,0.04966,60
"6596","guide","economic_risk","high",67006,0.67006,60
"6597","guide","go_fishing","no",67293,0.67293,60
"6598","guide","go_fishing","yes",32707,0.32707,60
"6599","guide","individual_importance","high",100000,1,60
"6600","guide","individual_risk","low",12301,0.12301,60
"6601","guide","individual_risk","medium",13821,0.13821,60
"6602","guide","individual_risk","high",73878,0.73878,60
"6603","guide","societal_importance","medium",67833,0.67833,60
"6604","guide","societal_importance","high",32167,0.32167,60
"6605","guide","societal_risk","low",12301,0.12301,60
"6606","guide","societal_risk","medium",63894,0.63894,60
"6607","guide","societal_risk","high",23805,0.23805,60
"6608","guide","strategy_to_change","cope",82931,0.82931,60
"6609","guide","strategy_to_change","react",2040,0.0204,60
"6610","guide","strategy_to_change","adapt",15029,0.15029,60
"6611","guide","substitution_capacity","no",100000,1,60
"6612","recreational","economic_buffers","low",100000,1,61
"6613","recreational","economic_risk","low",72661,0.72661,61
"6614","recreational","economic_risk","medium",7990,0.0799,61
"6615","recreational","economic_risk","high",5147,0.05147,61
"6616","recreational","economic_risk","not_relevant",14202,0.14202,61
"6617","recreational","go_fishing","no",47671,0.47671,61
"6618","recreational","go_fishing","yes",52329,0.52329,61
"6619","recreational","individual_importance","medium",49609,0.49609,61
"6620","recreational","individual_importance","high",50391,0.50391,61
"6621","recreational","individual_risk","low",25340,0.2534,61
"6622","recreational","individual_risk","medium",39038,0.39038,61
"6623","recreational","individual_risk","high",21420,0.2142,61
"6624","recreational","individual_risk","not_relevant",14202,0.14202,61
"6625","recreational","societal_importance","medium",86477,0.86477,61
"6626","recreational","societal_importance","high",13523,0.13523,61
"6627","recreational","societal_risk","low",25340,0.2534,61
"6628","recreational","societal_risk","medium",54675,0.54675,61
"6629","recreational","societal_risk","high",5783,0.05783,61
"6630","recreational","societal_risk","not_relevant",14202,0.14202,61
"6631","recreational","strategy_to_change","not_relevant",14202,0.14202,61
"6632","recreational","strategy_to_change","cope",40628,0.40628,61
"6633","recreational","strategy_to_change","react",13464,0.13464,61
"6634","recreational","strategy_to_change","adapt",31706,0.31706,61
"6635","recreational","substitution_capacity","no",99925,0.99925,61
"6636","recreational","substitution_capacity","yes",75,0.00075,61
"6637","small_scale","economic_buffers","low",88535,0.88535,61
"6638","small_scale","economic_buffers","medium",11465,0.11465,61
"6639","small_scale","economic_risk","low",49339,0.49339,61
"6640","small_scale","economic_risk","medium",20764,0.20764,61
"6641","small_scale","economic_risk","high",15602,0.15602,61
"6642","small_scale","economic_risk","not_relevant",14295,0.14295,61
"6643","small_scale","go_fishing","no",44974,0.44974,61
"6644","small_scale","go_fishing","yes",55026,0.55026,61
"6645","small_scale","individual_importance","medium",4801,0.04801,61
"6646","small_scale","individual_importance","high",95199,0.95199,61
"6647","small_scale","individual_risk","low",29751,0.29751,61
"6648","small_scale","individual_risk","medium",40617,0.40617,61
"6649","small_scale","individual_risk","high",15337,0.15337,61
"6650","small_scale","individual_risk","not_relevant",14295,0.14295,61
"6651","small_scale","societal_importance","high",100000,1,61
"6652","small_scale","societal_risk","low",29751,0.29751,61
"6653","small_scale","societal_risk","medium",39827,0.39827,61
"6654","small_scale","societal_risk","high",16127,0.16127,61
"6655","small_scale","societal_risk","not_relevant",14295,0.14295,61
"6656","small_scale","strategy_to_change","not_relevant",14295,0.14295,61
"6657","small_scale","strategy_to_change","cope",60933,0.60933,61
"6658","small_scale","strategy_to_change","react",24273,0.24273,61
"6659","small_scale","strategy_to_change","adapt",499,0.00499,61
"6660","small_scale","substitution_capacity","no",36367,0.36367,61
"6661","small_scale","substitution_capacity","yes",63633,0.63633,61
"6662","household","economic_buffers","low",100000,1,61
"6663","household","economic_risk","low",70234,0.70234,61
"6664","household","economic_risk","medium",4962,0.04962,61
"6665","household","economic_risk","high",10612,0.10612,61
"6666","household","economic_risk","not_relevant",14192,0.14192,61
"6667","household","go_fishing","no",62895,0.62895,61
"6668","household","go_fishing","yes",37105,0.37105,61
"6669","household","individual_importance","medium",45326,0.45326,61
"6670","household","individual_importance","high",54674,0.54674,61
"6671","household","individual_risk","low",21567,0.21567,61
"6672","household","individual_risk","medium",63903,0.63903,61
"6673","household","individual_risk","high",338,0.00338,61
"6674","household","individual_risk","not_relevant",14192,0.14192,61
"6675","household","societal_importance","medium",84986,0.84986,61
"6676","household","societal_importance","high",15014,0.15014,61
"6677","household","societal_risk","low",21567,0.21567,61
"6678","household","societal_risk","medium",64145,0.64145,61
"6679","household","societal_risk","high",96,0.00096,61
"6680","household","societal_risk","not_relevant",14192,0.14192,61
"6681","household","strategy_to_change","not_relevant",14192,0.14192,61
"6682","household","strategy_to_change","cope",66709,0.66709,61
"6683","household","strategy_to_change","react",19099,0.19099,61
"6684","household","substitution_capacity","yes",100000,1,61
"6685","trawler","economic_buffers","medium",51911,0.51911,61
"6686","trawler","economic_buffers","high",48089,0.48089,61
"6687","trawler","economic_risk","low",89013,0.89013,61
"6688","trawler","economic_risk","medium",5300,0.053,61
"6689","trawler","economic_risk","high",5687,0.05687,61
"6690","trawler","go_fishing","no",11956,0.11956,61
"6691","trawler","go_fishing","yes",88044,0.88044,61
"6692","trawler","individual_importance","high",100000,1,61
"6693","trawler","individual_risk","low",43052,0.43052,61
"6694","trawler","individual_risk","medium",40616,0.40616,61
"6695","trawler","individual_risk","high",16332,0.16332,61
"6696","trawler","societal_importance","high",100000,1,61
"6697","trawler","societal_risk","low",43052,0.43052,61
"6698","trawler","societal_risk","medium",40616,0.40616,61
"6699","trawler","societal_risk","high",16332,0.16332,61
"6700","trawler","strategy_to_change","cope",57209,0.57209,61
"6701","trawler","strategy_to_change","react",42791,0.42791,61
"6702","trawler","substitution_capacity","yes",100000,1,61
"6703","guide","economic_buffers","low",91841,0.91841,61
"6704","guide","economic_buffers","medium",8159,0.08159,61
"6705","guide","economic_risk","low",22869,0.22869,61
"6706","guide","economic_risk","medium",8734,0.08734,61
"6707","guide","economic_risk","high",68397,0.68397,61
"6708","guide","go_fishing","no",67977,0.67977,61
"6709","guide","go_fishing","yes",32023,0.32023,61
"6710","guide","individual_importance","high",100000,1,61
"6711","guide","individual_risk","low",11517,0.11517,61
"6712","guide","individual_risk","medium",13366,0.13366,61
"6713","guide","individual_risk","high",75117,0.75117,61
"6714","guide","societal_importance","medium",80881,0.80881,61
"6715","guide","societal_importance","high",19119,0.19119,61
"6716","guide","societal_risk","low",11517,0.11517,61
"6717","guide","societal_risk","medium",74133,0.74133,61
"6718","guide","societal_risk","high",14350,0.1435,61
"6719","guide","strategy_to_change","cope",81063,0.81063,61
"6720","guide","strategy_to_change","react",6410,0.0641,61
"6721","guide","strategy_to_change","adapt",12527,0.12527,61
"6722","guide","substitution_capacity","no",100000,1,61
"6723","recreational","economic_buffers","low",100000,1,62
"6724","recreational","economic_risk","low",58533,0.58533,62
"6725","recreational","economic_risk","medium",6665,0.06665,62
"6726","recreational","economic_risk","high",20503,0.20503,62
"6727","recreational","economic_risk","not_relevant",14299,0.14299,62
"6728","recreational","go_fishing","no",35443,0.35443,62
"6729","recreational","go_fishing","yes",64557,0.64557,62
"6730","recreational","individual_importance","medium",46365,0.46365,62
"6731","recreational","individual_importance","high",53635,0.53635,62
"6732","recreational","individual_risk","low",36233,0.36233,62
"6733","recreational","individual_risk","medium",33094,0.33094,62
"6734","recreational","individual_risk","high",16374,0.16374,62
"6735","recreational","individual_risk","not_relevant",14299,0.14299,62
"6736","recreational","societal_importance","medium",61954,0.61954,62
"6737","recreational","societal_importance","high",38046,0.38046,62
"6738","recreational","societal_risk","low",36233,0.36233,62
"6739","recreational","societal_risk","medium",37850,0.3785,62
"6740","recreational","societal_risk","high",11618,0.11618,62
"6741","recreational","societal_risk","not_relevant",14299,0.14299,62
"6742","recreational","strategy_to_change","not_relevant",14299,0.14299,62
"6743","recreational","strategy_to_change","cope",49407,0.49407,62
"6744","recreational","strategy_to_change","react",11323,0.11323,62
"6745","recreational","strategy_to_change","adapt",24971,0.24971,62
"6746","recreational","substitution_capacity","no",100000,1,62
"6747","small_scale","economic_buffers","low",97914,0.97914,62
"6748","small_scale","economic_buffers","medium",2086,0.02086,62
"6749","small_scale","economic_risk","low",41915,0.41915,62
"6750","small_scale","economic_risk","medium",24969,0.24969,62
"6751","small_scale","economic_risk","high",18833,0.18833,62
"6752","small_scale","economic_risk","not_relevant",14283,0.14283,62
"6753","small_scale","go_fishing","no",38549,0.38549,62
"6754","small_scale","go_fishing","yes",61451,0.61451,62
"6755","small_scale","individual_importance","medium",3433,0.03433,62
"6756","small_scale","individual_importance","high",96567,0.96567,62
"6757","small_scale","individual_risk","low",32735,0.32735,62
"6758","small_scale","individual_risk","medium",29301,0.29301,62
"6759","small_scale","individual_risk","high",23681,0.23681,62
"6760","small_scale","individual_risk","not_relevant",14283,0.14283,62
"6761","small_scale","societal_importance","high",100000,1,62
"6762","small_scale","societal_risk","low",32735,0.32735,62
"6763","small_scale","societal_risk","medium",28405,0.28405,62
"6764","small_scale","societal_risk","high",24577,0.24577,62
"6765","small_scale","societal_risk","not_relevant",14283,0.14283,62
"6766","small_scale","strategy_to_change","not_relevant",14283,0.14283,62
"6767","small_scale","strategy_to_change","cope",61127,0.61127,62
"6768","small_scale","strategy_to_change","react",21439,0.21439,62
"6769","small_scale","strategy_to_change","adapt",3151,0.03151,62
"6770","small_scale","substitution_capacity","no",68027,0.68027,62
"6771","small_scale","substitution_capacity","yes",31973,0.31973,62
"6772","household","economic_buffers","low",100000,1,62
"6773","household","economic_risk","low",72048,0.72048,62
"6774","household","economic_risk","medium",4769,0.04769,62
"6775","household","economic_risk","high",8746,0.08746,62
"6776","household","economic_risk","not_relevant",14437,0.14437,62
"6777","household","go_fishing","no",64395,0.64395,62
"6778","household","go_fishing","yes",35605,0.35605,62
"6779","household","individual_importance","medium",52170,0.5217,62
"6780","household","individual_importance","high",47830,0.4783,62
"6781","household","individual_risk","low",21781,0.21781,62
"6782","household","individual_risk","medium",63562,0.63562,62
"6783","household","individual_risk","high",220,0.0022,62
"6784","household","individual_risk","not_relevant",14437,0.14437,62
"6785","household","societal_importance","medium",77036,0.77036,62
"6786","household","societal_importance","high",22964,0.22964,62
"6787","household","societal_risk","low",21781,0.21781,62
"6788","household","societal_risk","medium",63687,0.63687,62
"6789","household","societal_risk","high",95,0.00095,62
"6790","household","societal_risk","not_relevant",14437,0.14437,62
"6791","household","strategy_to_change","not_relevant",14437,0.14437,62
"6792","household","strategy_to_change","cope",69620,0.6962,62
"6793","household","strategy_to_change","react",15943,0.15943,62
"6794","household","substitution_capacity","yes",100000,1,62
"6795","trawler","economic_buffers","medium",49974,0.49974,62
"6796","trawler","economic_buffers","high",50026,0.50026,62
"6797","trawler","economic_risk","low",89272,0.89272,62
"6798","trawler","economic_risk","medium",5434,0.05434,62
"6799","trawler","economic_risk","high",5294,0.05294,62
"6800","trawler","go_fishing","no",9992,0.09992,62
"6801","trawler","go_fishing","yes",90008,0.90008,62
"6802","trawler","individual_importance","high",100000,1,62
"6803","trawler","individual_risk","low",44289,0.44289,62
"6804","trawler","individual_risk","medium",38834,0.38834,62
"6805","trawler","individual_risk","high",16877,0.16877,62
"6806","trawler","societal_importance","high",100000,1,62
"6807","trawler","societal_risk","low",44289,0.44289,62
"6808","trawler","societal_risk","medium",38834,0.38834,62
"6809","trawler","societal_risk","high",16877,0.16877,62
"6810","trawler","strategy_to_change","cope",57447,0.57447,62
"6811","trawler","strategy_to_change","react",42553,0.42553,62
"6812","trawler","substitution_capacity","yes",100000,1,62
"6813","guide","economic_buffers","low",97947,0.97947,62
"6814","guide","economic_buffers","medium",2053,0.02053,62
"6815","guide","economic_risk","low",28654,0.28654,62
"6816","guide","economic_risk","medium",3476,0.03476,62
"6817","guide","economic_risk","high",67870,0.6787,62
"6818","guide","go_fishing","no",65514,0.65514,62
"6819","guide","go_fishing","yes",34486,0.34486,62
"6820","guide","individual_importance","high",100000,1,62
"6821","guide","individual_risk","low",14216,0.14216,62
"6822","guide","individual_risk","medium",14064,0.14064,62
"6823","guide","individual_risk","high",71720,0.7172,62
"6824","guide","societal_importance","medium",76955,0.76955,62
"6825","guide","societal_importance","high",23045,0.23045,62
"6826","guide","societal_risk","low",14216,0.14216,62
"6827","guide","societal_risk","medium",69242,0.69242,62
"6828","guide","societal_risk","high",16542,0.16542,62
"6829","guide","strategy_to_change","cope",75980,0.7598,62
"6830","guide","strategy_to_change","react",3867,0.03867,62
"6831","guide","strategy_to_change","adapt",20153,0.20153,62
"6832","guide","substitution_capacity","no",100000,1,62
"6833","recreational","economic_buffers","low",100000,1,63
"6834","recreational","economic_risk","low",61085,0.61085,63
"6835","recreational","economic_risk","medium",3918,0.03918,63
"6836","recreational","economic_risk","high",20771,0.20771,63
"6837","recreational","economic_risk","not_relevant",14226,0.14226,63
"6838","recreational","go_fishing","no",32561,0.32561,63
"6839","recreational","go_fishing","yes",67439,0.67439,63
"6840","recreational","individual_importance","medium",51475,0.51475,63
"6841","recreational","individual_importance","high",48525,0.48525,63
"6842","recreational","individual_risk","low",33367,0.33367,63
"6843","recreational","individual_risk","medium",50812,0.50812,63
"6844","recreational","individual_risk","high",1595,0.01595,63
"6845","recreational","individual_risk","not_relevant",14226,0.14226,63
"6846","recreational","societal_importance","low",270,0.0027,63
"6847","recreational","societal_importance","medium",72262,0.72262,63
"6848","recreational","societal_importance","high",27468,0.27468,63
"6849","recreational","societal_risk","low",33503,0.33503,63
"6850","recreational","societal_risk","medium",51292,0.51292,63
"6851","recreational","societal_risk","high",979,0.00979,63
"6852","recreational","societal_risk","not_relevant",14226,0.14226,63
"6853","recreational","strategy_to_change","not_relevant",14226,0.14226,63
"6854","recreational","strategy_to_change","cope",48213,0.48213,63
"6855","recreational","strategy_to_change","react",6661,0.06661,63
"6856","recreational","strategy_to_change","adapt",30900,0.309,63
"6857","recreational","substitution_capacity","yes",100000,1,63
"6858","small_scale","economic_buffers","low",94727,0.94727,63
"6859","small_scale","economic_buffers","medium",5273,0.05273,63
"6860","small_scale","economic_risk","low",44815,0.44815,63
"6861","small_scale","economic_risk","medium",23280,0.2328,63
"6862","small_scale","economic_risk","high",17592,0.17592,63
"6863","small_scale","economic_risk","not_relevant",14313,0.14313,63
"6864","small_scale","go_fishing","no",35393,0.35393,63
"6865","small_scale","go_fishing","yes",64607,0.64607,63
"6866","small_scale","individual_importance","medium",12981,0.12981,63
"6867","small_scale","individual_importance","high",87019,0.87019,63
"6868","small_scale","individual_risk","low",33573,0.33573,63
"6869","small_scale","individual_risk","medium",33601,0.33601,63
"6870","small_scale","individual_risk","high",18513,0.18513,63
"6871","small_scale","individual_risk","not_relevant",14313,0.14313,63
"6872","small_scale","societal_importance","high",100000,1,63
"6873","small_scale","societal_risk","low",33573,0.33573,63
"6874","small_scale","societal_risk","medium",30710,0.3071,63
"6875","small_scale","societal_risk","high",21404,0.21404,63
"6876","small_scale","societal_risk","not_relevant",14313,0.14313,63
"6877","small_scale","strategy_to_change","not_relevant",14313,0.14313,63
"6878","small_scale","strategy_to_change","cope",57075,0.57075,63
"6879","small_scale","strategy_to_change","react",26620,0.2662,63
"6880","small_scale","strategy_to_change","adapt",1992,0.01992,63
"6881","small_scale","substitution_capacity","no",63275,0.63275,63
"6882","small_scale","substitution_capacity","yes",36725,0.36725,63
"6883","household","economic_buffers","low",100000,1,63
"6884","household","economic_risk","low",69910,0.6991,63
"6885","household","economic_risk","medium",5100,0.051,63
"6886","household","economic_risk","high",10782,0.10782,63
"6887","household","economic_risk","not_relevant",14208,0.14208,63
"6888","household","go_fishing","no",62241,0.62241,63
"6889","household","go_fishing","yes",37759,0.37759,63
"6890","household","individual_importance","medium",50030,0.5003,63
"6891","household","individual_importance","high",49970,0.4997,63
"6892","household","individual_risk","low",22590,0.2259,63
"6893","household","individual_risk","medium",62936,0.62936,63
"6894","household","individual_risk","high",266,0.00266,63
"6895","household","individual_risk","not_relevant",14208,0.14208,63
"6896","household","societal_importance","medium",72862,0.72862,63
"6897","household","societal_importance","high",27138,0.27138,63
"6898","household","societal_risk","low",22590,0.2259,63
"6899","household","societal_risk","medium",63080,0.6308,63
"6900","household","societal_risk","high",122,0.00122,63
"6901","household","societal_risk","not_relevant",14208,0.14208,63
"6902","household","strategy_to_change","not_relevant",14208,0.14208,63
"6903","household","strategy_to_change","cope",67347,0.67347,63
"6904","household","strategy_to_change","react",18445,0.18445,63
"6905","household","substitution_capacity","yes",100000,1,63
"6906","trawler","economic_buffers","medium",48075,0.48075,63
"6907","trawler","economic_buffers","high",51925,0.51925,63
"6908","trawler","economic_risk","low",91011,0.91011,63
"6909","trawler","economic_risk","medium",4693,0.04693,63
"6910","trawler","economic_risk","high",4296,0.04296,63
"6911","trawler","go_fishing","no",8913,0.08913,63
"6912","trawler","go_fishing","yes",91087,0.91087,63
"6913","trawler","individual_importance","high",100000,1,63
"6914","trawler","individual_risk","low",44710,0.4471,63
"6915","trawler","individual_risk","medium",40341,0.40341,63
"6916","trawler","individual_risk","high",14949,0.14949,63
"6917","trawler","societal_importance","high",100000,1,63
"6918","trawler","societal_risk","low",44710,0.4471,63
"6919","trawler","societal_risk","medium",40341,0.40341,63
"6920","trawler","societal_risk","high",14949,0.14949,63
"6921","trawler","strategy_to_change","cope",56420,0.5642,63
"6922","trawler","strategy_to_change","react",43580,0.4358,63
"6923","trawler","substitution_capacity","yes",100000,1,63
"6924","guide","economic_buffers","low",97002,0.97002,63
"6925","guide","economic_buffers","medium",2998,0.02998,63
"6926","guide","economic_risk","low",27007,0.27007,63
"6927","guide","economic_risk","medium",3284,0.03284,63
"6928","guide","economic_risk","high",69709,0.69709,63
"6929","guide","go_fishing","no",65100,0.651,63
"6930","guide","go_fishing","yes",34900,0.349,63
"6931","guide","individual_importance","high",100000,1,63
"6932","guide","individual_risk","low",11725,0.11725,63
"6933","guide","individual_risk","medium",15197,0.15197,63
"6934","guide","individual_risk","high",73078,0.73078,63
"6935","guide","societal_importance","medium",79056,0.79056,63
"6936","guide","societal_importance","high",20944,0.20944,63
"6937","guide","societal_risk","low",11725,0.11725,63
"6938","guide","societal_risk","medium",72926,0.72926,63
"6939","guide","societal_risk","high",15349,0.15349,63
"6940","guide","strategy_to_change","cope",78102,0.78102,63
"6941","guide","strategy_to_change","react",2535,0.02535,63
"6942","guide","strategy_to_change","adapt",19363,0.19363,63
"6943","guide","substitution_capacity","no",100000,1,63
"6944","recreational","economic_buffers","low",100000,1,64
"6945","recreational","economic_risk","low",64274,0.64274,64
"6946","recreational","economic_risk","medium",4550,0.0455,64
"6947","recreational","economic_risk","high",17034,0.17034,64
"6948","recreational","economic_risk","not_relevant",14142,0.14142,64
"6949","recreational","go_fishing","no",44034,0.44034,64
"6950","recreational","go_fishing","yes",55966,0.55966,64
"6951","recreational","individual_importance","medium",22544,0.22544,64
"6952","recreational","individual_importance","high",77456,0.77456,64
"6953","recreational","individual_risk","low",28222,0.28222,64
"6954","recreational","individual_risk","medium",56462,0.56462,64
"6955","recreational","individual_risk","high",1174,0.01174,64
"6956","recreational","individual_risk","not_relevant",14142,0.14142,64
"6957","recreational","societal_importance","medium",63678,0.63678,64
"6958","recreational","societal_importance","high",36322,0.36322,64
"6959","recreational","societal_risk","low",28222,0.28222,64
"6960","recreational","societal_risk","medium",57062,0.57062,64
"6961","recreational","societal_risk","high",574,0.00574,64
"6962","recreational","societal_risk","not_relevant",14142,0.14142,64
"6963","recreational","strategy_to_change","not_relevant",14142,0.14142,64
"6964","recreational","strategy_to_change","cope",51208,0.51208,64
"6965","recreational","strategy_to_change","react",7566,0.07566,64
"6966","recreational","strategy_to_change","adapt",27084,0.27084,64
"6967","recreational","substitution_capacity","yes",100000,1,64
"6968","small_scale","economic_buffers","low",78745,0.78745,64
"6969","small_scale","economic_buffers","medium",21255,0.21255,64
"6970","small_scale","economic_risk","low",45249,0.45249,64
"6971","small_scale","economic_risk","medium",22781,0.22781,64
"6972","small_scale","economic_risk","high",17580,0.1758,64
"6973","small_scale","economic_risk","not_relevant",14390,0.1439,64
"6974","small_scale","go_fishing","no",35192,0.35192,64
"6975","small_scale","go_fishing","yes",64808,0.64808,64
"6976","small_scale","individual_importance","medium",5341,0.05341,64
"6977","small_scale","individual_importance","high",94659,0.94659,64
"6978","small_scale","individual_risk","low",34945,0.34945,64
"6979","small_scale","individual_risk","medium",29079,0.29079,64
"6980","small_scale","individual_risk","high",21586,0.21586,64
"6981","small_scale","individual_risk","not_relevant",14390,0.1439,64
"6982","small_scale","societal_importance","high",100000,1,64
"6983","small_scale","societal_risk","low",34945,0.34945,64
"6984","small_scale","societal_risk","medium",27859,0.27859,64
"6985","small_scale","societal_risk","high",22806,0.22806,64
"6986","small_scale","societal_risk","not_relevant",14390,0.1439,64
"6987","small_scale","strategy_to_change","not_relevant",14390,0.1439,64
"6988","small_scale","strategy_to_change","cope",57502,0.57502,64
"6989","small_scale","strategy_to_change","react",26740,0.2674,64
"6990","small_scale","strategy_to_change","adapt",1368,0.01368,64
"6991","small_scale","substitution_capacity","no",70922,0.70922,64
"6992","small_scale","substitution_capacity","yes",29078,0.29078,64
"6993","household","economic_buffers","low",100000,1,64
"6994","household","economic_risk","low",73060,0.7306,64
"6995","household","economic_risk","medium",4241,0.04241,64
"6996","household","economic_risk","high",8376,0.08376,64
"6997","household","economic_risk","not_relevant",14323,0.14323,64
"6998","household","go_fishing","no",67050,0.6705,64
"6999","household","go_fishing","yes",32950,0.3295,64
"7000","household","individual_importance","medium",43195,0.43195,64
"7001","household","individual_importance","high",56805,0.56805,64
"7002","household","individual_risk","low",19322,0.19322,64
"7003","household","individual_risk","medium",66195,0.66195,64
"7004","household","individual_risk","high",160,0.0016,64
"7005","household","individual_risk","not_relevant",14323,0.14323,64
"7006","household","societal_importance","medium",82006,0.82006,64
"7007","household","societal_importance","high",17994,0.17994,64
"7008","household","societal_risk","low",19322,0.19322,64
"7009","household","societal_risk","medium",66312,0.66312,64
"7010","household","societal_risk","high",43,0.00043,64
"7011","household","societal_risk","not_relevant",14323,0.14323,64
"7012","household","strategy_to_change","not_relevant",14323,0.14323,64
"7013","household","strategy_to_change","cope",71380,0.7138,64
"7014","household","strategy_to_change","react",14297,0.14297,64
"7015","household","substitution_capacity","yes",100000,1,64
"7016","trawler","economic_buffers","medium",45958,0.45958,64
"7017","trawler","economic_buffers","high",54042,0.54042,64
"7018","trawler","economic_risk","low",88557,0.88557,64
"7019","trawler","economic_risk","medium",6189,0.06189,64
"7020","trawler","economic_risk","high",5254,0.05254,64
"7021","trawler","go_fishing","no",13294,0.13294,64
"7022","trawler","go_fishing","yes",86706,0.86706,64
"7023","trawler","individual_importance","high",100000,1,64
"7024","trawler","individual_risk","low",43301,0.43301,64
"7025","trawler","individual_risk","medium",41486,0.41486,64
"7026","trawler","individual_risk","high",15213,0.15213,64
"7027","trawler","societal_importance","high",100000,1,64
"7028","trawler","societal_risk","low",43301,0.43301,64
"7029","trawler","societal_risk","medium",41486,0.41486,64
"7030","trawler","societal_risk","high",15213,0.15213,64
"7031","trawler","strategy_to_change","cope",54655,0.54655,64
"7032","trawler","strategy_to_change","react",45345,0.45345,64
"7033","trawler","substitution_capacity","yes",100000,1,64
"7034","guide","economic_buffers","low",98006,0.98006,64
"7035","guide","economic_buffers","medium",1994,0.01994,64
"7036","guide","economic_risk","low",28978,0.28978,64
"7037","guide","economic_risk","medium",4690,0.0469,64
"7038","guide","economic_risk","high",66332,0.66332,64
"7039","guide","go_fishing","no",65631,0.65631,64
"7040","guide","go_fishing","yes",34369,0.34369,64
"7041","guide","individual_importance","high",100000,1,64
"7042","guide","individual_risk","low",14148,0.14148,64
"7043","guide","individual_risk","medium",14051,0.14051,64
"7044","guide","individual_risk","high",71801,0.71801,64
"7045","guide","societal_importance","medium",80737,0.80737,64
"7046","guide","societal_importance","high",19263,0.19263,64
"7047","guide","societal_risk","low",14148,0.14148,64
"7048","guide","societal_risk","medium",72025,0.72025,64
"7049","guide","societal_risk","high",13827,0.13827,64
"7050","guide","strategy_to_change","cope",77167,0.77167,64
"7051","guide","strategy_to_change","react",6088,0.06088,64
"7052","guide","strategy_to_change","adapt",16745,0.16745,64
"7053","guide","substitution_capacity","no",100000,1,64
"7054","recreational","economic_buffers","low",100000,1,65
"7055","recreational","economic_risk","low",72557,0.72557,65
"7056","recreational","economic_risk","medium",8041,0.08041,65
"7057","recreational","economic_risk","high",5119,0.05119,65
"7058","recreational","economic_risk","not_relevant",14283,0.14283,65
"7059","recreational","go_fishing","no",55095,0.55095,65
"7060","recreational","go_fishing","yes",44905,0.44905,65
"7061","recreational","individual_importance","medium",51164,0.51164,65
"7062","recreational","individual_importance","high",48836,0.48836,65
"7063","recreational","individual_risk","low",24502,0.24502,65
"7064","recreational","individual_risk","medium",37198,0.37198,65
"7065","recreational","individual_risk","high",24017,0.24017,65
"7066","recreational","individual_risk","not_relevant",14283,0.14283,65
"7067","recreational","societal_importance","medium",49649,0.49649,65
"7068","recreational","societal_importance","high",50351,0.50351,65
"7069","recreational","societal_risk","low",24502,0.24502,65
"7070","recreational","societal_risk","medium",36506,0.36506,65
"7071","recreational","societal_risk","high",24709,0.24709,65
"7072","recreational","societal_risk","not_relevant",14283,0.14283,65
"7073","recreational","strategy_to_change","not_relevant",14283,0.14283,65
"7074","recreational","strategy_to_change","cope",47941,0.47941,65
"7075","recreational","strategy_to_change","react",13501,0.13501,65
"7076","recreational","strategy_to_change","adapt",24275,0.24275,65
"7077","recreational","substitution_capacity","no",100000,1,65
"7078","small_scale","economic_buffers","low",10077,0.10077,65
"7079","small_scale","economic_buffers","medium",89923,0.89923,65
"7080","small_scale","economic_risk","low",67147,0.67147,65
"7081","small_scale","economic_risk","medium",9704,0.09704,65
"7082","small_scale","economic_risk","high",8792,0.08792,65
"7083","small_scale","economic_risk","not_relevant",14357,0.14357,65
"7084","small_scale","go_fishing","no",35172,0.35172,65
"7085","small_scale","go_fishing","yes",64828,0.64828,65
"7086","small_scale","individual_importance","medium",5641,0.05641,65
"7087","small_scale","individual_importance","high",94359,0.94359,65
"7088","small_scale","individual_risk","low",36657,0.36657,65
"7089","small_scale","individual_risk","medium",33392,0.33392,65
"7090","small_scale","individual_risk","high",15594,0.15594,65
"7091","small_scale","individual_risk","not_relevant",14357,0.14357,65
"7092","small_scale","societal_importance","high",100000,1,65
"7093","small_scale","societal_risk","low",36657,0.36657,65
"7094","small_scale","societal_risk","medium",32501,0.32501,65
"7095","small_scale","societal_risk","high",16485,0.16485,65
"7096","small_scale","societal_risk","not_relevant",14357,0.14357,65
"7097","small_scale","strategy_to_change","not_relevant",14357,0.14357,65
"7098","small_scale","strategy_to_change","cope",59515,0.59515,65
"7099","small_scale","strategy_to_change","react",24600,0.246,65
"7100","small_scale","strategy_to_change","adapt",1528,0.01528,65
"7101","small_scale","substitution_capacity","no",47085,0.47085,65
"7102","small_scale","substitution_capacity","yes",52915,0.52915,65
"7103","household","economic_buffers","low",100000,1,65
"7104","household","economic_risk","low",72664,0.72664,65
"7105","household","economic_risk","medium",4519,0.04519,65
"7106","household","economic_risk","high",8453,0.08453,65
"7107","household","economic_risk","not_relevant",14364,0.14364,65
"7108","household","go_fishing","no",63397,0.63397,65
"7109","household","go_fishing","yes",36603,0.36603,65
"7110","household","individual_importance","medium",44148,0.44148,65
"7111","household","individual_importance","high",55852,0.55852,65
"7112","household","individual_risk","low",20715,0.20715,65
"7113","household","individual_risk","medium",64525,0.64525,65
"7114","household","individual_risk","high",396,0.00396,65
"7115","household","individual_risk","not_relevant",14364,0.14364,65
"7116","household","societal_importance","medium",80870,0.8087,65
"7117","household","societal_importance","high",19130,0.1913,65
"7118","household","societal_risk","low",20715,0.20715,65
"7119","household","societal_risk","medium",64812,0.64812,65
"7120","household","societal_risk","high",109,0.00109,65
"7121","household","societal_risk","not_relevant",14364,0.14364,65
"7122","household","strategy_to_change","not_relevant",14364,0.14364,65
"7123","household","strategy_to_change","cope",70648,0.70648,65
"7124","household","strategy_to_change","react",14988,0.14988,65
"7125","household","substitution_capacity","yes",100000,1,65
"7126","trawler","economic_buffers","medium",53920,0.5392,65
"7127","trawler","economic_buffers","high",46080,0.4608,65
"7128","trawler","economic_risk","low",90966,0.90966,65
"7129","trawler","economic_risk","medium",4211,0.04211,65
"7130","trawler","economic_risk","high",4823,0.04823,65
"7131","trawler","go_fishing","no",14372,0.14372,65
"7132","trawler","go_fishing","yes",85628,0.85628,65
"7133","trawler","individual_importance","high",100000,1,65
"7134","trawler","individual_risk","low",43816,0.43816,65
"7135","trawler","individual_risk","medium",42076,0.42076,65
"7136","trawler","individual_risk","high",14108,0.14108,65
"7137","trawler","societal_importance","high",100000,1,65
"7138","trawler","societal_risk","low",43816,0.43816,65
"7139","trawler","societal_risk","medium",42076,0.42076,65
"7140","trawler","societal_risk","high",14108,0.14108,65
"7141","trawler","strategy_to_change","cope",55709,0.55709,65
"7142","trawler","strategy_to_change","react",44291,0.44291,65
"7143","trawler","substitution_capacity","yes",100000,1,65
"7144","guide","economic_buffers","low",100000,1,65
"7145","guide","economic_risk","low",27085,0.27085,65
"7146","guide","economic_risk","medium",2800,0.028,65
"7147","guide","economic_risk","high",70115,0.70115,65
"7148","guide","go_fishing","no",66703,0.66703,65
"7149","guide","go_fishing","yes",33297,0.33297,65
"7150","guide","individual_importance","high",100000,1,65
"7151","guide","individual_risk","low",15737,0.15737,65
"7152","guide","individual_risk","medium",12463,0.12463,65
"7153","guide","individual_risk","high",71800,0.718,65
"7154","guide","societal_importance","medium",73007,0.73007,65
"7155","guide","societal_importance","high",26993,0.26993,65
"7156","guide","societal_risk","low",15737,0.15737,65
"7157","guide","societal_risk","medium",64900,0.649,65
"7158","guide","societal_risk","high",19363,0.19363,65
"7159","guide","strategy_to_change","cope",76859,0.76859,65
"7160","guide","strategy_to_change","react",4930,0.0493,65
"7161","guide","strategy_to_change","adapt",18211,0.18211,65
"7162","guide","substitution_capacity","no",100000,1,65
"7163","recreational","economic_buffers","low",100000,1,66
"7164","recreational","economic_risk","low",76192,0.76192,66
"7165","recreational","economic_risk","medium",2727,0.02727,66
"7166","recreational","economic_risk","high",6948,0.06948,66
"7167","recreational","economic_risk","not_relevant",14133,0.14133,66
"7168","recreational","go_fishing","no",44230,0.4423,66
"7169","recreational","go_fishing","yes",55770,0.5577,66
"7170","recreational","individual_importance","medium",44084,0.44084,66
"7171","recreational","individual_importance","high",55916,0.55916,66
"7172","recreational","individual_risk","low",22615,0.22615,66
"7173","recreational","individual_risk","medium",40572,0.40572,66
"7174","recreational","individual_risk","high",22680,0.2268,66
"7175","recreational","individual_risk","not_relevant",14133,0.14133,66
"7176","recreational","societal_importance","medium",70163,0.70163,66
"7177","recreational","societal_importance","high",29837,0.29837,66
"7178","recreational","societal_risk","low",22615,0.22615,66
"7179","recreational","societal_risk","medium",51130,0.5113,66
"7180","recreational","societal_risk","high",12122,0.12122,66
"7181","recreational","societal_risk","not_relevant",14133,0.14133,66
"7182","recreational","strategy_to_change","not_relevant",14133,0.14133,66
"7183","recreational","strategy_to_change","cope",47208,0.47208,66
"7184","recreational","strategy_to_change","react",4569,0.04569,66
"7185","recreational","strategy_to_change","adapt",34090,0.3409,66
"7186","recreational","substitution_capacity","no",100000,1,66
"7187","small_scale","economic_buffers","low",45283,0.45283,66
"7188","small_scale","economic_buffers","medium",54717,0.54717,66
"7189","small_scale","economic_risk","low",60688,0.60688,66
"7190","small_scale","economic_risk","medium",13439,0.13439,66
"7191","small_scale","economic_risk","high",11598,0.11598,66
"7192","small_scale","economic_risk","not_relevant",14275,0.14275,66
"7193","small_scale","go_fishing","no",33472,0.33472,66
"7194","small_scale","go_fishing","yes",66528,0.66528,66
"7195","small_scale","individual_importance","medium",20580,0.2058,66
"7196","small_scale","individual_importance","high",79420,0.7942,66
"7197","small_scale","individual_risk","low",37258,0.37258,66
"7198","small_scale","individual_risk","medium",38269,0.38269,66
"7199","small_scale","individual_risk","high",10198,0.10198,66
"7200","small_scale","individual_risk","not_relevant",14275,0.14275,66
"7201","small_scale","societal_importance","high",100000,1,66
"7202","small_scale","societal_risk","low",37258,0.37258,66
"7203","small_scale","societal_risk","medium",35697,0.35697,66
"7204","small_scale","societal_risk","high",12770,0.1277,66
"7205","small_scale","societal_risk","not_relevant",14275,0.14275,66
"7206","small_scale","strategy_to_change","not_relevant",14275,0.14275,66
"7207","small_scale","strategy_to_change","cope",58647,0.58647,66
"7208","small_scale","strategy_to_change","react",26793,0.26793,66
"7209","small_scale","strategy_to_change","adapt",285,0.00285,66
"7210","small_scale","substitution_capacity","no",35846,0.35846,66
"7211","small_scale","substitution_capacity","yes",64154,0.64154,66
"7212","household","economic_buffers","low",100000,1,66
"7213","household","economic_risk","low",69183,0.69183,66
"7214","household","economic_risk","medium",5366,0.05366,66
"7215","household","economic_risk","high",11217,0.11217,66
"7216","household","economic_risk","not_relevant",14234,0.14234,66
"7217","household","go_fishing","no",61243,0.61243,66
"7218","household","go_fishing","yes",38757,0.38757,66
"7219","household","individual_importance","medium",48994,0.48994,66
"7220","household","individual_importance","high",51006,0.51006,66
"7221","household","individual_risk","low",23629,0.23629,66
"7222","household","individual_risk","medium",61835,0.61835,66
"7223","household","individual_risk","high",302,0.00302,66
"7224","household","individual_risk","not_relevant",14234,0.14234,66
"7225","household","societal_importance","medium",78208,0.78208,66
"7226","household","societal_importance","high",21792,0.21792,66
"7227","household","societal_risk","low",23629,0.23629,66
"7228","household","societal_risk","medium",62008,0.62008,66
"7229","household","societal_risk","high",129,0.00129,66
"7230","household","societal_risk","not_relevant",14234,0.14234,66
"7231","household","strategy_to_change","not_relevant",14234,0.14234,66
"7232","household","strategy_to_change","cope",66210,0.6621,66
"7233","household","strategy_to_change","react",19556,0.19556,66
"7234","household","substitution_capacity","yes",100000,1,66
"7235","trawler","economic_buffers","medium",51069,0.51069,66
"7236","trawler","economic_buffers","high",48931,0.48931,66
"7237","trawler","economic_risk","low",88357,0.88357,66
"7238","trawler","economic_risk","medium",5851,0.05851,66
"7239","trawler","economic_risk","high",5792,0.05792,66
"7240","trawler","go_fishing","no",14491,0.14491,66
"7241","trawler","go_fishing","yes",85509,0.85509,66
"7242","trawler","individual_importance","medium",422,0.00422,66
"7243","trawler","individual_importance","high",99578,0.99578,66
"7244","trawler","individual_risk","low",43207,0.43207,66
"7245","trawler","individual_risk","medium",41718,0.41718,66
"7246","trawler","individual_risk","high",15075,0.15075,66
"7247","trawler","societal_importance","high",100000,1,66
"7248","trawler","societal_risk","low",43207,0.43207,66
"7249","trawler","societal_risk","medium",41652,0.41652,66
"7250","trawler","societal_risk","high",15141,0.15141,66
"7251","trawler","strategy_to_change","cope",53111,0.53111,66
"7252","trawler","strategy_to_change","react",46889,0.46889,66
"7253","trawler","substitution_capacity","yes",100000,1,66
"7254","guide","economic_buffers","low",95891,0.95891,66
"7255","guide","economic_buffers","medium",4109,0.04109,66
"7256","guide","economic_risk","low",21853,0.21853,66
"7257","guide","economic_risk","medium",3691,0.03691,66
"7258","guide","economic_risk","high",74456,0.74456,66
"7259","guide","go_fishing","no",69801,0.69801,66
"7260","guide","go_fishing","yes",30199,0.30199,66
"7261","guide","individual_importance","high",100000,1,66
"7262","guide","individual_risk","low",10339,0.10339,66
"7263","guide","individual_risk","medium",13551,0.13551,66
"7264","guide","individual_risk","high",76110,0.7611,66
"7265","guide","societal_importance","medium",83993,0.83993,66
"7266","guide","societal_importance","high",16007,0.16007,66
"7267","guide","societal_risk","low",10339,0.10339,66
"7268","guide","societal_risk","medium",77540,0.7754,66
"7269","guide","societal_risk","high",12121,0.12121,66
"7270","guide","strategy_to_change","cope",82218,0.82218,66
"7271","guide","strategy_to_change","react",1611,0.01611,66
"7272","guide","strategy_to_change","adapt",16171,0.16171,66
"7273","guide","substitution_capacity","no",100000,1,66
"7274","recreational","economic_buffers","low",100000,1,67
"7275","recreational","economic_risk","low",53584,0.53584,67
"7276","recreational","economic_risk","medium",10907,0.10907,67
"7277","recreational","economic_risk","high",21329,0.21329,67
"7278","recreational","economic_risk","not_relevant",14180,0.1418,67
"7279","recreational","go_fishing","no",38806,0.38806,67
"7280","recreational","go_fishing","yes",61194,0.61194,67
"7281","recreational","individual_importance","medium",43085,0.43085,67
"7282","recreational","individual_importance","high",56915,0.56915,67
"7283","recreational","individual_risk","low",32287,0.32287,67
"7284","recreational","individual_risk","medium",52556,0.52556,67
"7285","recreational","individual_risk","high",977,0.00977,67
"7286","recreational","individual_risk","not_relevant",14180,0.1418,67
"7287","recreational","societal_importance","medium",72980,0.7298,67
"7288","recreational","societal_importance","high",27020,0.2702,67
"7289","recreational","societal_risk","low",32287,0.32287,67
"7290","recreational","societal_risk","medium",53055,0.53055,67
"7291","recreational","societal_risk","high",478,0.00478,67
"7292","recreational","societal_risk","not_relevant",14180,0.1418,67
"7293","recreational","strategy_to_change","not_relevant",14180,0.1418,67
"7294","recreational","strategy_to_change","cope",46040,0.4604,67
"7295","recreational","strategy_to_change","react",18401,0.18401,67
"7296","recreational","strategy_to_change","adapt",21379,0.21379,67
"7297","recreational","substitution_capacity","yes",100000,1,67
"7298","small_scale","economic_buffers","low",73612,0.73612,67
"7299","small_scale","economic_buffers","medium",26388,0.26388,67
"7300","small_scale","economic_risk","low",57507,0.57507,67
"7301","small_scale","economic_risk","medium",16079,0.16079,67
"7302","small_scale","economic_risk","high",12084,0.12084,67
"7303","small_scale","economic_risk","not_relevant",14330,0.1433,67
"7304","small_scale","go_fishing","no",48261,0.48261,67
"7305","small_scale","go_fishing","yes",51739,0.51739,67
"7306","small_scale","individual_importance","medium",2774,0.02774,67
"7307","small_scale","individual_importance","high",97226,0.97226,67
"7308","small_scale","individual_risk","low",25109,0.25109,67
"7309","small_scale","individual_risk","medium",43474,0.43474,67
"7310","small_scale","individual_risk","high",17087,0.17087,67
"7311","small_scale","individual_risk","not_relevant",14330,0.1433,67
"7312","small_scale","societal_importance","high",100000,1,67
"7313","small_scale","societal_risk","low",25109,0.25109,67
"7314","small_scale","societal_risk","medium",43025,0.43025,67
"7315","small_scale","societal_risk","high",17536,0.17536,67
"7316","small_scale","societal_risk","not_relevant",14330,0.1433,67
"7317","small_scale","strategy_to_change","not_relevant",14330,0.1433,67
"7318","small_scale","strategy_to_change","cope",66366,0.66366,67
"7319","small_scale","strategy_to_change","react",18177,0.18177,67
"7320","small_scale","strategy_to_change","adapt",1127,0.01127,67
"7321","small_scale","substitution_capacity","no",35175,0.35175,67
"7322","small_scale","substitution_capacity","yes",64825,0.64825,67
"7323","household","economic_buffers","low",100000,1,67
"7324","household","economic_risk","low",70850,0.7085,67
"7325","household","economic_risk","medium",4750,0.0475,67
"7326","household","economic_risk","high",10182,0.10182,67
"7327","household","economic_risk","not_relevant",14218,0.14218,67
"7328","household","go_fishing","no",65454,0.65454,67
"7329","household","go_fishing","yes",34546,0.34546,67
"7330","household","individual_importance","medium",40821,0.40821,67
"7331","household","individual_importance","high",59179,0.59179,67
"7332","household","individual_risk","low",18485,0.18485,67
"7333","household","individual_risk","medium",66884,0.66884,67
"7334","household","individual_risk","high",413,0.00413,67
"7335","household","individual_risk","not_relevant",14218,0.14218,67
"7336","household","societal_importance","medium",79058,0.79058,67
"7337","household","societal_importance","high",20942,0.20942,67
"7338","household","societal_risk","low",18485,0.18485,67
"7339","household","societal_risk","medium",67151,0.67151,67
"7340","household","societal_risk","high",146,0.00146,67
"7341","household","societal_risk","not_relevant",14218,0.14218,67
"7342","household","strategy_to_change","not_relevant",14218,0.14218,67
"7343","household","strategy_to_change","cope",68559,0.68559,67
"7344","household","strategy_to_change","react",17223,0.17223,67
"7345","household","substitution_capacity","yes",100000,1,67
"7346","trawler","economic_buffers","medium",43847,0.43847,67
"7347","trawler","economic_buffers","high",56153,0.56153,67
"7348","trawler","economic_risk","low",88565,0.88565,67
"7349","trawler","economic_risk","medium",6503,0.06503,67
"7350","trawler","economic_risk","high",4932,0.04932,67
"7351","trawler","go_fishing","no",9416,0.09416,67
"7352","trawler","go_fishing","yes",90584,0.90584,67
"7353","trawler","individual_importance","high",100000,1,67
"7354","trawler","individual_risk","low",39771,0.39771,67
"7355","trawler","individual_risk","medium",40941,0.40941,67
"7356","trawler","individual_risk","high",19288,0.19288,67
"7357","trawler","societal_importance","high",100000,1,67
"7358","trawler","societal_risk","low",39771,0.39771,67
"7359","trawler","societal_risk","medium",40941,0.40941,67
"7360","trawler","societal_risk","high",19288,0.19288,67
"7361","trawler","strategy_to_change","cope",55714,0.55714,67
"7362","trawler","strategy_to_change","react",44286,0.44286,67
"7363","trawler","substitution_capacity","yes",100000,1,67
"7364","guide","economic_buffers","low",94028,0.94028,67
"7365","guide","economic_buffers","medium",5972,0.05972,67
"7366","guide","economic_risk","low",24365,0.24365,67
"7367","guide","economic_risk","medium",6331,0.06331,67
"7368","guide","economic_risk","high",69304,0.69304,67
"7369","guide","go_fishing","no",66862,0.66862,67
"7370","guide","go_fishing","yes",33138,0.33138,67
"7371","guide","individual_importance","high",100000,1,67
"7372","guide","individual_risk","low",12032,0.12032,67
"7373","guide","individual_risk","medium",13861,0.13861,67
"7374","guide","individual_risk","high",74107,0.74107,67
"7375","guide","societal_importance","medium",84063,0.84063,67
"7376","guide","societal_importance","high",15937,0.15937,67
"7377","guide","societal_risk","low",12032,0.12032,67
"7378","guide","societal_risk","medium",76144,0.76144,67
"7379","guide","societal_risk","high",11824,0.11824,67
"7380","guide","strategy_to_change","cope",81314,0.81314,67
"7381","guide","strategy_to_change","react",4489,0.04489,67
"7382","guide","strategy_to_change","adapt",14197,0.14197,67
"7383","guide","substitution_capacity","no",100000,1,67
"7384","recreational","economic_buffers","low",100000,1,68
"7385","recreational","economic_risk","low",71144,0.71144,68
"7386","recreational","economic_risk","medium",8938,0.08938,68
"7387","recreational","economic_risk","high",5692,0.05692,68
"7388","recreational","economic_risk","not_relevant",14226,0.14226,68
"7389","recreational","go_fishing","no",55264,0.55264,68
"7390","recreational","go_fishing","yes",44736,0.44736,68
"7391","recreational","individual_importance","medium",52212,0.52212,68
"7392","recreational","individual_importance","high",47788,0.47788,68
"7393","recreational","individual_risk","low",21454,0.21454,68
"7394","recreational","individual_risk","medium",40926,0.40926,68
"7395","recreational","individual_risk","high",23394,0.23394,68
"7396","recreational","individual_risk","not_relevant",14226,0.14226,68
"7397","recreational","societal_importance","medium",74613,0.74613,68
"7398","recreational","societal_importance","high",25387,0.25387,68
"7399","recreational","societal_risk","low",21454,0.21454,68
"7400","recreational","societal_risk","medium",51894,0.51894,68
"7401","recreational","societal_risk","high",12426,0.12426,68
"7402","recreational","societal_risk","not_relevant",14226,0.14226,68
"7403","recreational","strategy_to_change","not_relevant",14226,0.14226,68
"7404","recreational","strategy_to_change","cope",48107,0.48107,68
"7405","recreational","strategy_to_change","react",14990,0.1499,68
"7406","recreational","strategy_to_change","adapt",22677,0.22677,68
"7407","recreational","substitution_capacity","no",100000,1,68
"7408","small_scale","economic_buffers","low",94900,0.949,68
"7409","small_scale","economic_buffers","medium",5100,0.051,68
"7410","small_scale","economic_risk","low",53726,0.53726,68
"7411","small_scale","economic_risk","medium",18644,0.18644,68
"7412","small_scale","economic_risk","high",13298,0.13298,68
"7413","small_scale","economic_risk","not_relevant",14332,0.14332,68
"7414","small_scale","go_fishing","no",36790,0.3679,68
"7415","small_scale","go_fishing","yes",63210,0.6321,68
"7416","small_scale","individual_importance","medium",7782,0.07782,68
"7417","small_scale","individual_importance","high",92218,0.92218,68
"7418","small_scale","individual_risk","low",34561,0.34561,68
"7419","small_scale","individual_risk","medium",37520,0.3752,68
"7420","small_scale","individual_risk","high",13587,0.13587,68
"7421","small_scale","individual_risk","not_relevant",14332,0.14332,68
"7422","small_scale","societal_importance","high",100000,1,68
"7423","small_scale","societal_risk","low",34561,0.34561,68
"7424","small_scale","societal_risk","medium",36425,0.36425,68
"7425","small_scale","societal_risk","high",14682,0.14682,68
"7426","small_scale","societal_risk","not_relevant",14332,0.14332,68
"7427","small_scale","strategy_to_change","not_relevant",14332,0.14332,68
"7428","small_scale","strategy_to_change","cope",61930,0.6193,68
"7429","small_scale","strategy_to_change","react",21724,0.21724,68
"7430","small_scale","strategy_to_change","adapt",2014,0.02014,68
"7431","small_scale","substitution_capacity","no",38765,0.38765,68
"7432","small_scale","substitution_capacity","yes",61235,0.61235,68
"7433","household","economic_buffers","low",100000,1,68
"7434","household","economic_risk","low",71038,0.71038,68
"7435","household","economic_risk","medium",5159,0.05159,68
"7436","household","economic_risk","high",9580,0.0958,68
"7437","household","economic_risk","not_relevant",14223,0.14223,68
"7438","household","go_fishing","no",60874,0.60874,68
"7439","household","go_fishing","yes",39126,0.39126,68
"7440","household","individual_importance","medium",43896,0.43896,68
"7441","household","individual_importance","high",56104,0.56104,68
"7442","household","individual_risk","low",24137,0.24137,68
"7443","household","individual_risk","medium",61405,0.61405,68
"7444","household","individual_risk","high",235,0.00235,68
"7445","household","individual_risk","not_relevant",14223,0.14223,68
"7446","household","societal_importance","medium",73102,0.73102,68
"7447","household","societal_importance","high",26898,0.26898,68
"7448","household","societal_risk","low",24137,0.24137,68
"7449","household","societal_risk","medium",61521,0.61521,68
"7450","household","societal_risk","high",119,0.00119,68
"7451","household","societal_risk","not_relevant",14223,0.14223,68
"7452","household","strategy_to_change","not_relevant",14223,0.14223,68
"7453","household","strategy_to_change","cope",68713,0.68713,68
"7454","household","strategy_to_change","react",17064,0.17064,68
"7455","household","substitution_capacity","yes",100000,1,68
"7456","trawler","economic_buffers","medium",38880,0.3888,68
"7457","trawler","economic_buffers","high",61120,0.6112,68
"7458","trawler","economic_risk","low",88809,0.88809,68
"7459","trawler","economic_risk","medium",6945,0.06945,68
"7460","trawler","economic_risk","high",4246,0.04246,68
"7461","trawler","go_fishing","no",7349,0.07349,68
"7462","trawler","go_fishing","yes",92651,0.92651,68
"7463","trawler","individual_importance","high",100000,1,68
"7464","trawler","individual_risk","low",45663,0.45663,68
"7465","trawler","individual_risk","medium",39578,0.39578,68
"7466","trawler","individual_risk","high",14759,0.14759,68
"7467","trawler","societal_importance","high",100000,1,68
"7468","trawler","societal_risk","low",45663,0.45663,68
"7469","trawler","societal_risk","medium",39578,0.39578,68
"7470","trawler","societal_risk","high",14759,0.14759,68
"7471","trawler","strategy_to_change","cope",51471,0.51471,68
"7472","trawler","strategy_to_change","react",48529,0.48529,68
"7473","trawler","substitution_capacity","yes",100000,1,68
"7474","guide","economic_buffers","low",94902,0.94902,68
"7475","guide","economic_buffers","medium",5098,0.05098,68
"7476","guide","economic_risk","low",24467,0.24467,68
"7477","guide","economic_risk","medium",5646,0.05646,68
"7478","guide","economic_risk","high",69887,0.69887,68
"7479","guide","go_fishing","no",66254,0.66254,68
"7480","guide","go_fishing","yes",33746,0.33746,68
"7481","guide","individual_importance","high",100000,1,68
"7482","guide","individual_risk","low",12964,0.12964,68
"7483","guide","individual_risk","medium",14083,0.14083,68
"7484","guide","individual_risk","high",72953,0.72953,68
"7485","guide","societal_importance","medium",82843,0.82843,68
"7486","guide","societal_importance","high",17157,0.17157,68
"7487","guide","societal_risk","low",12964,0.12964,68
"7488","guide","societal_risk","medium",74451,0.74451,68
"7489","guide","societal_risk","high",12585,0.12585,68
"7490","guide","strategy_to_change","cope",81726,0.81726,68
"7491","guide","strategy_to_change","react",4377,0.04377,68
"7492","guide","strategy_to_change","adapt",13897,0.13897,68
"7493","guide","substitution_capacity","no",100000,1,68
"7494","recreational","economic_buffers","low",100000,1,69
"7495","recreational","economic_risk","low",75538,0.75538,69
"7496","recreational","economic_risk","medium",6089,0.06089,69
"7497","recreational","economic_risk","high",4057,0.04057,69
"7498","recreational","economic_risk","not_relevant",14316,0.14316,69
"7499","recreational","go_fishing","no",55217,0.55217,69
"7500","recreational","go_fishing","yes",44783,0.44783,69
"7501","recreational","individual_importance","medium",41613,0.41613,69
"7502","recreational","individual_importance","high",58387,0.58387,69
"7503","recreational","individual_risk","low",19304,0.19304,69
"7504","recreational","individual_risk","medium",37361,0.37361,69
"7505","recreational","individual_risk","high",29019,0.29019,69
"7506","recreational","individual_risk","not_relevant",14316,0.14316,69
"7507","recreational","societal_importance","medium",57401,0.57401,69
"7508","recreational","societal_importance","high",42599,0.42599,69
"7509","recreational","societal_risk","low",19304,0.19304,69
"7510","recreational","societal_risk","medium",45192,0.45192,69
"7511","recreational","societal_risk","high",21188,0.21188,69
"7512","recreational","societal_risk","not_relevant",14316,0.14316,69
"7513","recreational","strategy_to_change","not_relevant",14316,0.14316,69
"7514","recreational","strategy_to_change","cope",48241,0.48241,69
"7515","recreational","strategy_to_change","react",10259,0.10259,69
"7516","recreational","strategy_to_change","adapt",27184,0.27184,69
"7517","recreational","substitution_capacity","no",100000,1,69
"7518","small_scale","economic_buffers","low",89569,0.89569,69
"7519","small_scale","economic_buffers","medium",10397,0.10397,69
"7520","small_scale","economic_buffers","high",34,0.00034,69
"7521","small_scale","economic_risk","low",49451,0.49451,69
"7522","small_scale","economic_risk","medium",20870,0.2087,69
"7523","small_scale","economic_risk","high",15517,0.15517,69
"7524","small_scale","economic_risk","not_relevant",14162,0.14162,69
"7525","small_scale","go_fishing","no",39520,0.3952,69
"7526","small_scale","go_fishing","yes",60480,0.6048,69
"7527","small_scale","individual_importance","medium",8029,0.08029,69
"7528","small_scale","individual_importance","high",91971,0.91971,69
"7529","small_scale","individual_risk","low",31494,0.31494,69
"7530","small_scale","individual_risk","medium",37763,0.37763,69
"7531","small_scale","individual_risk","high",16581,0.16581,69
"7532","small_scale","individual_risk","not_relevant",14162,0.14162,69
"7533","small_scale","societal_importance","high",100000,1,69
"7534","small_scale","societal_risk","low",31494,0.31494,69
"7535","small_scale","societal_risk","medium",36303,0.36303,69
"7536","small_scale","societal_risk","high",18041,0.18041,69
"7537","small_scale","societal_risk","not_relevant",14162,0.14162,69
"7538","small_scale","strategy_to_change","not_relevant",14162,0.14162,69
"7539","small_scale","strategy_to_change","cope",56361,0.56361,69
"7540","small_scale","strategy_to_change","react",27805,0.27805,69
"7541","small_scale","strategy_to_change","adapt",1672,0.01672,69
"7542","small_scale","substitution_capacity","no",45836,0.45836,69
"7543","small_scale","substitution_capacity","yes",54164,0.54164,69
"7544","household","economic_buffers","low",100000,1,69
"7545","household","economic_risk","low",70585,0.70585,69
"7546","household","economic_risk","medium",5385,0.05385,69
"7547","household","economic_risk","high",9665,0.09665,69
"7548","household","economic_risk","not_relevant",14365,0.14365,69
"7549","household","go_fishing","no",62306,0.62306,69
"7550","household","go_fishing","yes",37694,0.37694,69
"7551","household","individual_importance","medium",42925,0.42925,69
"7552","household","individual_importance","high",57075,0.57075,69
"7553","household","individual_risk","low",22116,0.22116,69
"7554","household","individual_risk","medium",63241,0.63241,69
"7555","household","individual_risk","high",278,0.00278,69
"7556","household","individual_risk","not_relevant",14365,0.14365,69
"7557","household","societal_importance","medium",76124,0.76124,69
"7558","household","societal_importance","high",23876,0.23876,69
"7559","household","societal_risk","low",22116,0.22116,69
"7560","household","societal_risk","medium",63386,0.63386,69
"7561","household","societal_risk","high",133,0.00133,69
"7562","household","societal_risk","not_relevant",14365,0.14365,69
"7563","household","strategy_to_change","not_relevant",14365,0.14365,69
"7564","household","strategy_to_change","cope",66329,0.66329,69
"7565","household","strategy_to_change","react",19306,0.19306,69
"7566","household","substitution_capacity","yes",100000,1,69
"7567","trawler","economic_buffers","medium",45805,0.45805,69
"7568","trawler","economic_buffers","high",54195,0.54195,69
"7569","trawler","economic_risk","low",88921,0.88921,69
"7570","trawler","economic_risk","medium",6072,0.06072,69
"7571","trawler","economic_risk","high",5007,0.05007,69
"7572","trawler","go_fishing","no",19463,0.19463,69
"7573","trawler","go_fishing","yes",80537,0.80537,69
"7574","trawler","individual_importance","high",100000,1,69
"7575","trawler","individual_risk","low",36338,0.36338,69
"7576","trawler","individual_risk","medium",47957,0.47957,69
"7577","trawler","individual_risk","high",15705,0.15705,69
"7578","trawler","societal_importance","high",100000,1,69
"7579","trawler","societal_risk","low",36338,0.36338,69
"7580","trawler","societal_risk","medium",47957,0.47957,69
"7581","trawler","societal_risk","high",15705,0.15705,69
"7582","trawler","strategy_to_change","cope",62706,0.62706,69
"7583","trawler","strategy_to_change","react",37294,0.37294,69
"7584","trawler","substitution_capacity","yes",100000,1,69
"7585","guide","economic_buffers","low",92999,0.92999,69
"7586","guide","economic_buffers","medium",7001,0.07001,69
"7587","guide","economic_risk","low",21400,0.214,69
"7588","guide","economic_risk","medium",5805,0.05805,69
"7589","guide","economic_risk","high",72795,0.72795,69
"7590","guide","go_fishing","no",70151,0.70151,69
"7591","guide","go_fishing","yes",29849,0.29849,69
"7592","guide","individual_importance","high",100000,1,69
"7593","guide","individual_risk","low",9596,0.09596,69
"7594","guide","individual_risk","medium",13071,0.13071,69
"7595","guide","individual_risk","high",77333,0.77333,69
"7596","guide","societal_importance","medium",81102,0.81102,69
"7597","guide","societal_importance","high",18898,0.18898,69
"7598","guide","societal_risk","low",9596,0.09596,69
"7599","guide","societal_risk","medium",75756,0.75756,69
"7600","guide","societal_risk","high",14648,0.14648,69
"7601","guide","strategy_to_change","cope",82962,0.82962,69
"7602","guide","strategy_to_change","react",1999,0.01999,69
"7603","guide","strategy_to_change","adapt",15039,0.15039,69
"7604","guide","substitution_capacity","no",100000,1,69
"7605","recreational","economic_buffers","low",100000,1,70
"7606","recreational","economic_risk","low",80805,0.80805,70
"7607","recreational","economic_risk","medium",2957,0.02957,70
"7608","recreational","economic_risk","high",1946,0.01946,70
"7609","recreational","economic_risk","not_relevant",14292,0.14292,70
"7610","recreational","go_fishing","no",54150,0.5415,70
"7611","recreational","go_fishing","yes",45850,0.4585,70
"7612","recreational","individual_importance","medium",40946,0.40946,70
"7613","recreational","individual_importance","high",59054,0.59054,70
"7614","recreational","individual_risk","low",21091,0.21091,70
"7615","recreational","individual_risk","medium",64120,0.6412,70
"7616","recreational","individual_risk","high",497,0.00497,70
"7617","recreational","individual_risk","not_relevant",14292,0.14292,70
"7618","recreational","societal_importance","medium",63163,0.63163,70
"7619","recreational","societal_importance","high",36837,0.36837,70
"7620","recreational","societal_risk","low",21091,0.21091,70
"7621","recreational","societal_risk","medium",64294,0.64294,70
"7622","recreational","societal_risk","high",323,0.00323,70
"7623","recreational","societal_risk","not_relevant",14292,0.14292,70
"7624","recreational","strategy_to_change","not_relevant",14292,0.14292,70
"7625","recreational","strategy_to_change","cope",46885,0.46885,70
"7626","recreational","strategy_to_change","react",5023,0.05023,70
"7627","recreational","strategy_to_change","adapt",33800,0.338,70
"7628","recreational","substitution_capacity","yes",100000,1,70
"7629","small_scale","economic_buffers","low",98004,0.98004,70
"7630","small_scale","economic_buffers","medium",1996,0.01996,70
"7631","small_scale","economic_risk","low",53478,0.53478,70
"7632","small_scale","economic_risk","medium",19265,0.19265,70
"7633","small_scale","economic_risk","high",12953,0.12953,70
"7634","small_scale","economic_risk","not_relevant",14304,0.14304,70
"7635","small_scale","go_fishing","no",32842,0.32842,70
"7636","small_scale","go_fishing","yes",67158,0.67158,70
"7637","small_scale","individual_importance","medium",9282,0.09282,70
"7638","small_scale","individual_importance","high",90718,0.90718,70
"7639","small_scale","individual_risk","low",37344,0.37344,70
"7640","small_scale","individual_risk","medium",40192,0.40192,70
"7641","small_scale","individual_risk","high",8160,0.0816,70
"7642","small_scale","individual_risk","not_relevant",14304,0.14304,70
"7643","small_scale","societal_importance","high",100000,1,70
"7644","small_scale","societal_risk","low",37344,0.37344,70
"7645","small_scale","societal_risk","medium",39354,0.39354,70
"7646","small_scale","societal_risk","high",8998,0.08998,70
"7647","small_scale","societal_risk","not_relevant",14304,0.14304,70
"7648","small_scale","strategy_to_change","not_relevant",14304,0.14304,70
"7649","small_scale","strategy_to_change","cope",57994,0.57994,70
"7650","small_scale","strategy_to_change","react",25850,0.2585,70
"7651","small_scale","strategy_to_change","adapt",1852,0.01852,70
"7652","small_scale","substitution_capacity","no",25190,0.2519,70
"7653","small_scale","substitution_capacity","yes",74810,0.7481,70
"7654","household","economic_buffers","low",100000,1,70
"7655","household","economic_risk","low",73951,0.73951,70
"7656","household","economic_risk","medium",4408,0.04408,70
"7657","household","economic_risk","high",7504,0.07504,70
"7658","household","economic_risk","not_relevant",14137,0.14137,70
"7659","household","go_fishing","no",63669,0.63669,70
"7660","household","go_fishing","yes",36331,0.36331,70
"7661","household","individual_importance","medium",39951,0.39951,70
"7662","household","individual_importance","high",60049,0.60049,70
"7663","household","individual_risk","low",20341,0.20341,70
"7664","household","individual_risk","medium",65248,0.65248,70
"7665","household","individual_risk","high",274,0.00274,70
"7666","household","individual_risk","not_relevant",14137,0.14137,70
"7667","household","societal_importance","medium",80125,0.80125,70
"7668","household","societal_importance","high",19875,0.19875,70
"7669","household","societal_risk","low",20341,0.20341,70
"7670","household","societal_risk","medium",65433,0.65433,70
"7671","household","societal_risk","high",89,0.00089,70
"7672","household","societal_risk","not_relevant",14137,0.14137,70
"7673","household","strategy_to_change","not_relevant",14137,0.14137,70
"7674","household","strategy_to_change","cope",70155,0.70155,70
"7675","household","strategy_to_change","react",15708,0.15708,70
"7676","household","substitution_capacity","yes",100000,1,70
"7677","trawler","economic_buffers","medium",45938,0.45938,70
"7678","trawler","economic_buffers","high",54062,0.54062,70
"7679","trawler","economic_risk","low",87739,0.87739,70
"7680","trawler","economic_risk","medium",6662,0.06662,70
"7681","trawler","economic_risk","high",5599,0.05599,70
"7682","trawler","go_fishing","no",8547,0.08547,70
"7683","trawler","go_fishing","yes",91453,0.91453,70
"7684","trawler","individual_importance","high",100000,1,70
"7685","trawler","individual_risk","low",42970,0.4297,70
"7686","trawler","individual_risk","medium",39238,0.39238,70
"7687","trawler","individual_risk","high",17792,0.17792,70
"7688","trawler","societal_importance","high",100000,1,70
"7689","trawler","societal_risk","low",42970,0.4297,70
"7690","trawler","societal_risk","medium",39238,0.39238,70
"7691","trawler","societal_risk","high",17792,0.17792,70
"7692","trawler","strategy_to_change","cope",52669,0.52669,70
"7693","trawler","strategy_to_change","react",47331,0.47331,70
"7694","trawler","substitution_capacity","yes",100000,1,70
"7695","guide","economic_buffers","low",97969,0.97969,70
"7696","guide","economic_buffers","medium",2031,0.02031,70
"7697","guide","economic_risk","low",19834,0.19834,70
"7698","guide","economic_risk","medium",4215,0.04215,70
"7699","guide","economic_risk","high",75951,0.75951,70
"7700","guide","go_fishing","no",66552,0.66552,70
"7701","guide","go_fishing","yes",33448,0.33448,70
"7702","guide","individual_importance","high",100000,1,70
"7703","guide","individual_risk","low",12103,0.12103,70
"7704","guide","individual_risk","medium",14360,0.1436,70
"7705","guide","individual_risk","high",73537,0.73537,70
"7706","guide","societal_importance","medium",80883,0.80883,70
"7707","guide","societal_importance","high",19117,0.19117,70
"7708","guide","societal_risk","low",12103,0.12103,70
"7709","guide","societal_risk","medium",73810,0.7381,70
"7710","guide","societal_risk","high",14087,0.14087,70
"7711","guide","strategy_to_change","cope",76958,0.76958,70
"7712","guide","strategy_to_change","react",5073,0.05073,70
"7713","guide","strategy_to_change","adapt",17969,0.17969,70
"7714","guide","substitution_capacity","no",100000,1,70
"7715","recreational","economic_buffers","low",100000,1,71
"7716","recreational","economic_risk","low",67731,0.67731,71
"7717","recreational","economic_risk","medium",6742,0.06742,71
"7718","recreational","economic_risk","high",11258,0.11258,71
"7719","recreational","economic_risk","not_relevant",14269,0.14269,71
"7720","recreational","go_fishing","no",48017,0.48017,71
"7721","recreational","go_fishing","yes",51983,0.51983,71
"7722","recreational","individual_importance","medium",53893,0.53893,71
"7723","recreational","individual_importance","high",46107,0.46107,71
"7724","recreational","individual_risk","low",25118,0.25118,71
"7725","recreational","individual_risk","medium",40717,0.40717,71
"7726","recreational","individual_risk","high",19896,0.19896,71
"7727","recreational","individual_risk","not_relevant",14269,0.14269,71
"7728","recreational","societal_importance","medium",73074,0.73074,71
"7729","recreational","societal_importance","high",26926,0.26926,71
"7730","recreational","societal_risk","low",25118,0.25118,71
"7731","recreational","societal_risk","medium",48992,0.48992,71
"7732","recreational","societal_risk","high",11621,0.11621,71
"7733","recreational","societal_risk","not_relevant",14269,0.14269,71
"7734","recreational","strategy_to_change","not_relevant",14269,0.14269,71
"7735","recreational","strategy_to_change","cope",50138,0.50138,71
"7736","recreational","strategy_to_change","react",11349,0.11349,71
"7737","recreational","strategy_to_change","adapt",24244,0.24244,71
"7738","recreational","substitution_capacity","no",100000,1,71
"7739","small_scale","economic_buffers","low",33240,0.3324,71
"7740","small_scale","economic_buffers","medium",66760,0.6676,71
"7741","small_scale","economic_risk","low",61793,0.61793,71
"7742","small_scale","economic_risk","medium",12659,0.12659,71
"7743","small_scale","economic_risk","high",11238,0.11238,71
"7744","small_scale","economic_risk","not_relevant",14310,0.1431,71
"7745","small_scale","go_fishing","no",41338,0.41338,71
"7746","small_scale","go_fishing","yes",58662,0.58662,71
"7747","small_scale","individual_importance","medium",4300,0.043,71
"7748","small_scale","individual_importance","high",95700,0.957,71
"7749","small_scale","individual_risk","low",31506,0.31506,71
"7750","small_scale","individual_risk","medium",35832,0.35832,71
"7751","small_scale","individual_risk","high",18352,0.18352,71
"7752","small_scale","individual_risk","not_relevant",14310,0.1431,71
"7753","small_scale","societal_importance","high",100000,1,71
"7754","small_scale","societal_risk","low",31506,0.31506,71
"7755","small_scale","societal_risk","medium",35013,0.35013,71
"7756","small_scale","societal_risk","high",19171,0.19171,71
"7757","small_scale","societal_risk","not_relevant",14310,0.1431,71
"7758","small_scale","strategy_to_change","not_relevant",14310,0.1431,71
"7759","small_scale","strategy_to_change","cope",61058,0.61058,71
"7760","small_scale","strategy_to_change","react",23635,0.23635,71
"7761","small_scale","strategy_to_change","adapt",997,0.00997,71
"7762","small_scale","substitution_capacity","no",48433,0.48433,71
"7763","small_scale","substitution_capacity","yes",51567,0.51567,71
"7764","household","economic_buffers","low",100000,1,71
"7765","household","economic_risk","low",70794,0.70794,71
"7766","household","economic_risk","medium",5506,0.05506,71
"7767","household","economic_risk","high",9288,0.09288,71
"7768","household","economic_risk","not_relevant",14412,0.14412,71
"7769","household","go_fishing","no",62950,0.6295,71
"7770","household","go_fishing","yes",37050,0.3705,71
"7771","household","individual_importance","medium",46056,0.46056,71
"7772","household","individual_importance","high",53944,0.53944,71
"7773","household","individual_risk","low",22443,0.22443,71
"7774","household","individual_risk","medium",62955,0.62955,71
"7775","household","individual_risk","high",190,0.0019,71
"7776","household","individual_risk","not_relevant",14412,0.14412,71
"7777","household","societal_importance","medium",84106,0.84106,71
"7778","household","societal_importance","high",15894,0.15894,71
"7779","household","societal_risk","low",22443,0.22443,71
"7780","household","societal_risk","medium",63087,0.63087,71
"7781","household","societal_risk","high",58,0.00058,71
"7782","household","societal_risk","not_relevant",14412,0.14412,71
"7783","household","strategy_to_change","not_relevant",14412,0.14412,71
"7784","household","strategy_to_change","cope",67855,0.67855,71
"7785","household","strategy_to_change","react",17733,0.17733,71
"7786","household","substitution_capacity","yes",100000,1,71
"7787","trawler","economic_buffers","medium",48112,0.48112,71
"7788","trawler","economic_buffers","high",51888,0.51888,71
"7789","trawler","economic_risk","low",89044,0.89044,71
"7790","trawler","economic_risk","medium",5809,0.05809,71
"7791","trawler","economic_risk","high",5147,0.05147,71
"7792","trawler","go_fishing","no",8544,0.08544,71
"7793","trawler","go_fishing","yes",91456,0.91456,71
"7794","trawler","individual_importance","medium",444,0.00444,71
"7795","trawler","individual_importance","high",99556,0.99556,71
"7796","trawler","individual_risk","low",43150,0.4315,71
"7797","trawler","individual_risk","medium",40493,0.40493,71
"7798","trawler","individual_risk","high",16357,0.16357,71
"7799","trawler","societal_importance","high",100000,1,71
"7800","trawler","societal_risk","low",43150,0.4315,71
"7801","trawler","societal_risk","medium",40417,0.40417,71
"7802","trawler","societal_risk","high",16433,0.16433,71
"7803","trawler","strategy_to_change","cope",55690,0.5569,71
"7804","trawler","strategy_to_change","react",44310,0.4431,71
"7805","trawler","substitution_capacity","yes",100000,1,71
"7806","guide","economic_buffers","low",93938,0.93938,71
"7807","guide","economic_buffers","medium",6062,0.06062,71
"7808","guide","economic_risk","low",21036,0.21036,71
"7809","guide","economic_risk","medium",5229,0.05229,71
"7810","guide","economic_risk","high",73735,0.73735,71
"7811","guide","go_fishing","no",67365,0.67365,71
"7812","guide","go_fishing","yes",32635,0.32635,71
"7813","guide","individual_importance","high",100000,1,71
"7814","guide","individual_risk","low",12780,0.1278,71
"7815","guide","individual_risk","medium",13860,0.1386,71
"7816","guide","individual_risk","high",73360,0.7336,71
"7817","guide","societal_importance","medium",77173,0.77173,71
"7818","guide","societal_importance","high",22827,0.22827,71
"7819","guide","societal_risk","low",12780,0.1278,71
"7820","guide","societal_risk","medium",70478,0.70478,71
"7821","guide","societal_risk","high",16742,0.16742,71
"7822","guide","strategy_to_change","cope",77962,0.77962,71
"7823","guide","strategy_to_change","react",2442,0.02442,71
"7824","guide","strategy_to_change","adapt",19596,0.19596,71
"7825","guide","substitution_capacity","no",100000,1,71
"7826","recreational","economic_buffers","low",100000,1,72
"7827","recreational","economic_risk","low",62652,0.62652,72
"7828","recreational","economic_risk","medium",5288,0.05288,72
"7829","recreational","economic_risk","high",17785,0.17785,72
"7830","recreational","economic_risk","not_relevant",14275,0.14275,72
"7831","recreational","go_fishing","no",36423,0.36423,72
"7832","recreational","go_fishing","yes",63577,0.63577,72
"7833","recreational","individual_importance","medium",59732,0.59732,72
"7834","recreational","individual_importance","high",40268,0.40268,72
"7835","recreational","individual_risk","low",34267,0.34267,72
"7836","recreational","individual_risk","medium",50534,0.50534,72
"7837","recreational","individual_risk","high",924,0.00924,72
"7838","recreational","individual_risk","not_relevant",14275,0.14275,72
"7839","recreational","societal_importance","medium",75679,0.75679,72
"7840","recreational","societal_importance","high",24321,0.24321,72
"7841","recreational","societal_risk","low",34267,0.34267,72
"7842","recreational","societal_risk","medium",50868,0.50868,72
"7843","recreational","societal_risk","high",590,0.0059,72
"7844","recreational","societal_risk","not_relevant",14275,0.14275,72
"7845","recreational","strategy_to_change","not_relevant",14275,0.14275,72
"7846","recreational","strategy_to_change","cope",43737,0.43737,72
"7847","recreational","strategy_to_change","react",8871,0.08871,72
"7848","recreational","strategy_to_change","adapt",33117,0.33117,72
"7849","recreational","substitution_capacity","yes",100000,1,72
"7850","small_scale","economic_buffers","low",94240,0.9424,72
"7851","small_scale","economic_buffers","medium",5760,0.0576,72
"7852","small_scale","economic_risk","low",41155,0.41155,72
"7853","small_scale","economic_risk","medium",24790,0.2479,72
"7854","small_scale","economic_risk","high",19695,0.19695,72
"7855","small_scale","economic_risk","not_relevant",14360,0.1436,72
"7856","small_scale","go_fishing","no",38523,0.38523,72
"7857","small_scale","go_fishing","yes",61477,0.61477,72
"7858","small_scale","individual_importance","medium",2701,0.02701,72
"7859","small_scale","individual_importance","high",97299,0.97299,72
"7860","small_scale","individual_risk","low",32859,0.32859,72
"7861","small_scale","individual_risk","medium",29422,0.29422,72
"7862","small_scale","individual_risk","high",23359,0.23359,72
"7863","small_scale","individual_risk","not_relevant",14360,0.1436,72
"7864","small_scale","societal_importance","high",100000,1,72
"7865","small_scale","societal_risk","low",32859,0.32859,72
"7866","small_scale","societal_risk","medium",28775,0.28775,72
"7867","small_scale","societal_risk","high",24006,0.24006,72
"7868","small_scale","societal_risk","not_relevant",14360,0.1436,72
"7869","small_scale","strategy_to_change","not_relevant",14360,0.1436,72
"7870","small_scale","strategy_to_change","cope",54308,0.54308,72
"7871","small_scale","strategy_to_change","react",30806,0.30806,72
"7872","small_scale","strategy_to_change","adapt",526,0.00526,72
"7873","small_scale","substitution_capacity","no",65801,0.65801,72
"7874","small_scale","substitution_capacity","yes",34199,0.34199,72
"7875","household","economic_buffers","low",100000,1,72
"7876","household","economic_risk","low",73938,0.73938,72
"7877","household","economic_risk","medium",3821,0.03821,72
"7878","household","economic_risk","high",7914,0.07914,72
"7879","household","economic_risk","not_relevant",14327,0.14327,72
"7880","household","go_fishing","no",66606,0.66606,72
"7881","household","go_fishing","yes",33394,0.33394,72
"7882","household","individual_importance","medium",45000,0.45,72
"7883","household","individual_importance","high",55000,0.55,72
"7884","household","individual_risk","low",19555,0.19555,72
"7885","household","individual_risk","medium",65848,0.65848,72
"7886","household","individual_risk","high",270,0.0027,72
"7887","household","individual_risk","not_relevant",14327,0.14327,72
"7888","household","societal_importance","medium",85000,0.85,72
"7889","household","societal_importance","high",15000,0.15,72
"7890","household","societal_risk","low",19555,0.19555,72
"7891","household","societal_risk","medium",66036,0.66036,72
"7892","household","societal_risk","high",82,0.00082,72
"7893","household","societal_risk","not_relevant",14327,0.14327,72
"7894","household","strategy_to_change","not_relevant",14327,0.14327,72
"7895","household","strategy_to_change","cope",70733,0.70733,72
"7896","household","strategy_to_change","react",14940,0.1494,72
"7897","household","substitution_capacity","yes",100000,1,72
"7898","trawler","economic_buffers","medium",44965,0.44965,72
"7899","trawler","economic_buffers","high",55035,0.55035,72
"7900","trawler","economic_risk","low",89186,0.89186,72
"7901","trawler","economic_risk","medium",6018,0.06018,72
"7902","trawler","economic_risk","high",4796,0.04796,72
"7903","trawler","go_fishing","no",7774,0.07774,72
"7904","trawler","go_fishing","yes",92226,0.92226,72
"7905","trawler","individual_importance","high",100000,1,72
"7906","trawler","individual_risk","low",41269,0.41269,72
"7907","trawler","individual_risk","medium",40493,0.40493,72
"7908","trawler","individual_risk","high",18238,0.18238,72
"7909","trawler","societal_importance","high",100000,1,72
"7910","trawler","societal_risk","low",41269,0.41269,72
"7911","trawler","societal_risk","medium",40493,0.40493,72
"7912","trawler","societal_risk","high",18238,0.18238,72
"7913","trawler","strategy_to_change","cope",56472,0.56472,72
"7914","trawler","strategy_to_change","react",43528,0.43528,72
"7915","trawler","substitution_capacity","yes",100000,1,72
"7916","guide","economic_buffers","low",98937,0.98937,72
"7917","guide","economic_buffers","medium",1063,0.01063,72
"7918","guide","economic_risk","low",21927,0.21927,72
"7919","guide","economic_risk","medium",3212,0.03212,72
"7920","guide","economic_risk","high",74861,0.74861,72
"7921","guide","go_fishing","no",68604,0.68604,72
"7922","guide","go_fishing","yes",31396,0.31396,72
"7923","guide","individual_importance","high",100000,1,72
"7924","guide","individual_risk","low",12519,0.12519,72
"7925","guide","individual_risk","medium",13120,0.1312,72
"7926","guide","individual_risk","high",74361,0.74361,72
"7927","guide","societal_importance","medium",74032,0.74032,72
"7928","guide","societal_importance","high",25968,0.25968,72
"7929","guide","societal_risk","low",12519,0.12519,72
"7930","guide","societal_risk","medium",68104,0.68104,72
"7931","guide","societal_risk","high",19377,0.19377,72
"7932","guide","strategy_to_change","cope",83575,0.83575,72
"7933","guide","strategy_to_change","react",4385,0.04385,72
"7934","guide","strategy_to_change","adapt",12040,0.1204,72
"7935","guide","substitution_capacity","no",100000,1,72
"7936","recreational","economic_buffers","low",100000,1,73
"7937","recreational","economic_risk","low",62435,0.62435,73
"7938","recreational","economic_risk","medium",13962,0.13962,73
"7939","recreational","economic_risk","high",9217,0.09217,73
"7940","recreational","economic_risk","not_relevant",14386,0.14386,73
"7941","recreational","go_fishing","no",52716,0.52716,73
"7942","recreational","go_fishing","yes",47284,0.47284,73
"7943","recreational","individual_importance","medium",65059,0.65059,73
"7944","recreational","individual_importance","high",34941,0.34941,73
"7945","recreational","individual_risk","low",24799,0.24799,73
"7946","recreational","individual_risk","medium",44398,0.44398,73
"7947","recreational","individual_risk","high",16417,0.16417,73
"7948","recreational","individual_risk","not_relevant",14386,0.14386,73
"7949","recreational","societal_importance","medium",76065,0.76065,73
"7950","recreational","societal_importance","high",23935,0.23935,73
"7951","recreational","societal_risk","low",24799,0.24799,73
"7952","recreational","societal_risk","medium",49734,0.49734,73
"7953","recreational","societal_risk","high",11081,0.11081,73
"7954","recreational","societal_risk","not_relevant",14386,0.14386,73
"7955","recreational","strategy_to_change","not_relevant",14386,0.14386,73
"7956","recreational","strategy_to_change","cope",45645,0.45645,73
"7957","recreational","strategy_to_change","react",23738,0.23738,73
"7958","recreational","strategy_to_change","adapt",16231,0.16231,73
"7959","recreational","substitution_capacity","no",100000,1,73
"7960","small_scale","economic_buffers","low",89469,0.89469,73
"7961","small_scale","economic_buffers","medium",10531,0.10531,73
"7962","small_scale","economic_risk","low",45737,0.45737,73
"7963","small_scale","economic_risk","medium",22211,0.22211,73
"7964","small_scale","economic_risk","high",17787,0.17787,73
"7965","small_scale","economic_risk","not_relevant",14265,0.14265,73
"7966","small_scale","go_fishing","no",41422,0.41422,73
"7967","small_scale","go_fishing","yes",58578,0.58578,73
"7968","small_scale","individual_importance","medium",6123,0.06123,73
"7969","small_scale","individual_importance","high",93877,0.93877,73
"7970","small_scale","individual_risk","low",32523,0.32523,73
"7971","small_scale","individual_risk","medium",31644,0.31644,73
"7972","small_scale","individual_risk","high",21568,0.21568,73
"7973","small_scale","individual_risk","not_relevant",14265,0.14265,73
"7974","small_scale","societal_importance","high",100000,1,73
"7975","small_scale","societal_risk","low",32523,0.32523,73
"7976","small_scale","societal_risk","medium",30264,0.30264,73
"7977","small_scale","societal_risk","high",22948,0.22948,73
"7978","small_scale","societal_risk","not_relevant",14265,0.14265,73
"7979","small_scale","strategy_to_change","not_relevant",14265,0.14265,73
"7980","small_scale","strategy_to_change","cope",60271,0.60271,73
"7981","small_scale","strategy_to_change","react",22936,0.22936,73
"7982","small_scale","strategy_to_change","adapt",2528,0.02528,73
"7983","small_scale","substitution_capacity","no",58078,0.58078,73
"7984","small_scale","substitution_capacity","yes",41922,0.41922,73
"7985","household","economic_buffers","low",100000,1,73
"7986","household","economic_risk","low",72127,0.72127,73
"7987","household","economic_risk","medium",4944,0.04944,73
"7988","household","economic_risk","high",8717,0.08717,73
"7989","household","economic_risk","not_relevant",14212,0.14212,73
"7990","household","go_fishing","no",65729,0.65729,73
"7991","household","go_fishing","yes",34271,0.34271,73
"7992","household","individual_importance","medium",50852,0.50852,73
"7993","household","individual_importance","high",49148,0.49148,73
"7994","household","individual_risk","low",20844,0.20844,73
"7995","household","individual_risk","medium",64774,0.64774,73
"7996","household","individual_risk","high",170,0.0017,73
"7997","household","individual_risk","not_relevant",14212,0.14212,73
"7998","household","societal_importance","medium",67007,0.67007,73
"7999","household","societal_importance","high",32993,0.32993,73
"8000","household","societal_risk","low",20844,0.20844,73
"8001","household","societal_risk","medium",64854,0.64854,73
"8002","household","societal_risk","high",90,9e-04,73
"8003","household","societal_risk","not_relevant",14212,0.14212,73
"8004","household","strategy_to_change","not_relevant",14212,0.14212,73
"8005","household","strategy_to_change","cope",70562,0.70562,73
"8006","household","strategy_to_change","react",15226,0.15226,73
"8007","household","substitution_capacity","yes",100000,1,73
"8008","trawler","economic_buffers","medium",46848,0.46848,73
"8009","trawler","economic_buffers","high",53152,0.53152,73
"8010","trawler","economic_risk","low",89112,0.89112,73
"8011","trawler","economic_risk","medium",5831,0.05831,73
"8012","trawler","economic_risk","high",5057,0.05057,73
"8013","trawler","go_fishing","no",9765,0.09765,73
"8014","trawler","go_fishing","yes",90235,0.90235,73
"8015","trawler","individual_importance","high",100000,1,73
"8016","trawler","individual_risk","low",47905,0.47905,73
"8017","trawler","individual_risk","medium",36308,0.36308,73
"8018","trawler","individual_risk","high",15787,0.15787,73
"8019","trawler","societal_importance","high",100000,1,73
"8020","trawler","societal_risk","low",47905,0.47905,73
"8021","trawler","societal_risk","medium",36308,0.36308,73
"8022","trawler","societal_risk","high",15787,0.15787,73
"8023","trawler","strategy_to_change","cope",58181,0.58181,73
"8024","trawler","strategy_to_change","react",41819,0.41819,73
"8025","trawler","substitution_capacity","yes",100000,1,73
"8026","guide","economic_buffers","low",94856,0.94856,73
"8027","guide","economic_buffers","medium",5144,0.05144,73
"8028","guide","economic_risk","low",25934,0.25934,73
"8029","guide","economic_risk","medium",5954,0.05954,73
"8030","guide","economic_risk","high",68112,0.68112,73
"8031","guide","go_fishing","no",66188,0.66188,73
"8032","guide","go_fishing","yes",33812,0.33812,73
"8033","guide","individual_importance","high",100000,1,73
"8034","guide","individual_risk","low",15215,0.15215,73
"8035","guide","individual_risk","medium",13286,0.13286,73
"8036","guide","individual_risk","high",71499,0.71499,73
"8037","guide","societal_importance","medium",82007,0.82007,73
"8038","guide","societal_importance","high",17993,0.17993,73
"8039","guide","societal_risk","low",15215,0.15215,73
"8040","guide","societal_risk","medium",71953,0.71953,73
"8041","guide","societal_risk","high",12832,0.12832,73
"8042","guide","strategy_to_change","cope",81107,0.81107,73
"8043","guide","strategy_to_change","react",4901,0.04901,73
"8044","guide","strategy_to_change","adapt",13992,0.13992,73
"8045","guide","substitution_capacity","no",100000,1,73
"8046","recreational","economic_buffers","low",100000,1,74
"8047","recreational","economic_risk","low",66932,0.66932,74
"8048","recreational","economic_risk","medium",2951,0.02951,74
"8049","recreational","economic_risk","high",15900,0.159,74
"8050","recreational","economic_risk","not_relevant",14217,0.14217,74
"8051","recreational","go_fishing","no",45198,0.45198,74
"8052","recreational","go_fishing","yes",54802,0.54802,74
"8053","recreational","individual_importance","medium",64554,0.64554,74
"8054","recreational","individual_importance","high",35446,0.35446,74
"8055","recreational","individual_risk","low",28820,0.2882,74
"8056","recreational","individual_risk","medium",56520,0.5652,74
"8057","recreational","individual_risk","high",443,0.00443,74
"8058","recreational","individual_risk","not_relevant",14217,0.14217,74
"8059","recreational","societal_importance","medium",80503,0.80503,74
"8060","recreational","societal_importance","high",19497,0.19497,74
"8061","recreational","societal_risk","low",28820,0.2882,74
"8062","recreational","societal_risk","medium",56728,0.56728,74
"8063","recreational","societal_risk","high",235,0.00235,74
"8064","recreational","societal_risk","not_relevant",14217,0.14217,74
"8065","recreational","strategy_to_change","not_relevant",14217,0.14217,74
"8066","recreational","strategy_to_change","cope",52021,0.52021,74
"8067","recreational","strategy_to_change","react",5028,0.05028,74
"8068","recreational","strategy_to_change","adapt",28734,0.28734,74
"8069","recreational","substitution_capacity","yes",100000,1,74
"8070","small_scale","economic_buffers","low",97861,0.97861,74
"8071","small_scale","economic_buffers","medium",2139,0.02139,74
"8072","small_scale","economic_risk","low",44292,0.44292,74
"8073","small_scale","economic_risk","medium",23877,0.23877,74
"8074","small_scale","economic_risk","high",17539,0.17539,74
"8075","small_scale","economic_risk","not_relevant",14292,0.14292,74
"8076","small_scale","go_fishing","no",33703,0.33703,74
"8077","small_scale","go_fishing","yes",66297,0.66297,74
"8078","small_scale","individual_importance","medium",6405,0.06405,74
"8079","small_scale","individual_importance","high",93595,0.93595,74
"8080","small_scale","individual_risk","low",37948,0.37948,74
"8081","small_scale","individual_risk","medium",31200,0.312,74
"8082","small_scale","individual_risk","high",16560,0.1656,74
"8083","small_scale","individual_risk","not_relevant",14292,0.14292,74
"8084","small_scale","societal_importance","high",100000,1,74
"8085","small_scale","societal_risk","low",37948,0.37948,74
"8086","small_scale","societal_risk","medium",30049,0.30049,74
"8087","small_scale","societal_risk","high",17711,0.17711,74
"8088","small_scale","societal_risk","not_relevant",14292,0.14292,74
"8089","small_scale","strategy_to_change","not_relevant",14292,0.14292,74
"8090","small_scale","strategy_to_change","cope",58765,0.58765,74
"8091","small_scale","strategy_to_change","react",26282,0.26282,74
"8092","small_scale","strategy_to_change","adapt",661,0.00661,74
"8093","small_scale","substitution_capacity","no",56019,0.56019,74
"8094","small_scale","substitution_capacity","yes",43981,0.43981,74
"8095","household","economic_buffers","low",100000,1,74
"8096","household","economic_risk","low",71549,0.71549,74
"8097","household","economic_risk","medium",4560,0.0456,74
"8098","household","economic_risk","high",9639,0.09639,74
"8099","household","economic_risk","not_relevant",14252,0.14252,74
"8100","household","go_fishing","no",60626,0.60626,74
"8101","household","go_fishing","yes",39374,0.39374,74
"8102","household","individual_importance","medium",55179,0.55179,74
"8103","household","individual_importance","high",44821,0.44821,74
"8104","household","individual_risk","low",24239,0.24239,74
"8105","household","individual_risk","medium",61310,0.6131,74
"8106","household","individual_risk","high",199,0.00199,74
"8107","household","individual_risk","not_relevant",14252,0.14252,74
"8108","household","societal_importance","medium",82939,0.82939,74
"8109","household","societal_importance","high",17061,0.17061,74
"8110","household","societal_risk","low",24239,0.24239,74
"8111","household","societal_risk","medium",61447,0.61447,74
"8112","household","societal_risk","high",62,0.00062,74
"8113","household","societal_risk","not_relevant",14252,0.14252,74
"8114","household","strategy_to_change","not_relevant",14252,0.14252,74
"8115","household","strategy_to_change","cope",69291,0.69291,74
"8116","household","strategy_to_change","react",16457,0.16457,74
"8117","household","substitution_capacity","yes",100000,1,74
"8118","trawler","economic_buffers","medium",50063,0.50063,74
"8119","trawler","economic_buffers","high",49937,0.49937,74
"8120","trawler","economic_risk","low",89658,0.89658,74
"8121","trawler","economic_risk","medium",5204,0.05204,74
"8122","trawler","economic_risk","high",5138,0.05138,74
"8123","trawler","go_fishing","no",13692,0.13692,74
"8124","trawler","go_fishing","yes",86308,0.86308,74
"8125","trawler","individual_importance","high",100000,1,74
"8126","trawler","individual_risk","low",45796,0.45796,74
"8127","trawler","individual_risk","medium",39656,0.39656,74
"8128","trawler","individual_risk","high",14548,0.14548,74
"8129","trawler","societal_importance","high",100000,1,74
"8130","trawler","societal_risk","low",45796,0.45796,74
"8131","trawler","societal_risk","medium",39656,0.39656,74
"8132","trawler","societal_risk","high",14548,0.14548,74
"8133","trawler","strategy_to_change","cope",56267,0.56267,74
"8134","trawler","strategy_to_change","react",43733,0.43733,74
"8135","trawler","substitution_capacity","yes",100000,1,74
"8136","guide","economic_buffers","low",97996,0.97996,74
"8137","guide","economic_buffers","medium",2004,0.02004,74
"8138","guide","economic_risk","low",28129,0.28129,74
"8139","guide","economic_risk","medium",2834,0.02834,74
"8140","guide","economic_risk","high",69037,0.69037,74
"8141","guide","go_fishing","no",62029,0.62029,74
"8142","guide","go_fishing","yes",37971,0.37971,74
"8143","guide","individual_importance","high",100000,1,74
"8144","guide","individual_risk","low",15508,0.15508,74
"8145","guide","individual_risk","medium",16086,0.16086,74
"8146","guide","individual_risk","high",68406,0.68406,74
"8147","guide","societal_importance","medium",74912,0.74912,74
"8148","guide","societal_importance","high",25088,0.25088,74
"8149","guide","societal_risk","low",15508,0.15508,74
"8150","guide","societal_risk","medium",67320,0.6732,74
"8151","guide","societal_risk","high",17172,0.17172,74
"8152","guide","strategy_to_change","cope",73417,0.73417,74
"8153","guide","strategy_to_change","react",2793,0.02793,74
"8154","guide","strategy_to_change","adapt",23790,0.2379,74
"8155","guide","substitution_capacity","no",100000,1,74
"8156","recreational","economic_buffers","low",100000,1,75
"8157","recreational","economic_risk","low",66425,0.66425,75
"8158","recreational","economic_risk","medium",11427,0.11427,75
"8159","recreational","economic_risk","high",7878,0.07878,75
"8160","recreational","economic_risk","not_relevant",14270,0.1427,75
"8161","recreational","go_fishing","no",51724,0.51724,75
"8162","recreational","go_fishing","yes",48276,0.48276,75
"8163","recreational","individual_importance","medium",54059,0.54059,75
"8164","recreational","individual_importance","high",45941,0.45941,75
"8165","recreational","individual_risk","low",26892,0.26892,75
"8166","recreational","individual_risk","medium",58418,0.58418,75
"8167","recreational","individual_risk","high",420,0.0042,75
"8168","recreational","individual_risk","not_relevant",14270,0.1427,75
"8169","recreational","societal_importance","medium",29922,0.29922,75
"8170","recreational","societal_importance","high",70078,0.70078,75
"8171","recreational","societal_risk","low",26892,0.26892,75
"8172","recreational","societal_risk","medium",58244,0.58244,75
"8173","recreational","societal_risk","high",594,0.00594,75
"8174","recreational","societal_risk","not_relevant",14270,0.1427,75
"8175","recreational","strategy_to_change","not_relevant",14270,0.1427,75
"8176","recreational","strategy_to_change","cope",45047,0.45047,75
"8177","recreational","strategy_to_change","react",19304,0.19304,75
"8178","recreational","strategy_to_change","adapt",21379,0.21379,75
"8179","recreational","substitution_capacity","yes",100000,1,75
"8180","small_scale","economic_buffers","low",9406,0.09406,75
"8181","small_scale","economic_buffers","medium",90594,0.90594,75
"8182","small_scale","economic_risk","low",69922,0.69922,75
"8183","small_scale","economic_risk","medium",8165,0.08165,75
"8184","small_scale","economic_risk","high",7695,0.07695,75
"8185","small_scale","economic_risk","not_relevant",14218,0.14218,75
"8186","small_scale","go_fishing","no",40433,0.40433,75
"8187","small_scale","go_fishing","yes",59567,0.59567,75
"8188","small_scale","individual_importance","medium",12476,0.12476,75
"8189","small_scale","individual_importance","high",87524,0.87524,75
"8190","small_scale","individual_risk","low",34223,0.34223,75
"8191","small_scale","individual_risk","medium",36867,0.36867,75
"8192","small_scale","individual_risk","high",14692,0.14692,75
"8193","small_scale","individual_risk","not_relevant",14218,0.14218,75
"8194","small_scale","societal_importance","high",100000,1,75
"8195","small_scale","societal_risk","low",34223,0.34223,75
"8196","small_scale","societal_risk","medium",34786,0.34786,75
"8197","small_scale","societal_risk","high",16773,0.16773,75
"8198","small_scale","societal_risk","not_relevant",14218,0.14218,75
"8199","small_scale","strategy_to_change","not_relevant",14218,0.14218,75
"8200","small_scale","strategy_to_change","cope",61345,0.61345,75
"8201","small_scale","strategy_to_change","react",22992,0.22992,75
"8202","small_scale","strategy_to_change","adapt",1445,0.01445,75
"8203","small_scale","substitution_capacity","no",42002,0.42002,75
"8204","small_scale","substitution_capacity","yes",57998,0.57998,75
"8205","household","economic_buffers","low",100000,1,75
"8206","household","economic_risk","low",72033,0.72033,75
"8207","household","economic_risk","medium",5338,0.05338,75
"8208","household","economic_risk","high",8612,0.08612,75
"8209","household","economic_risk","not_relevant",14017,0.14017,75
"8210","household","go_fishing","no",66093,0.66093,75
"8211","household","go_fishing","yes",33907,0.33907,75
"8212","household","individual_importance","medium",48823,0.48823,75
"8213","household","individual_importance","high",51177,0.51177,75
"8214","household","individual_risk","low",21890,0.2189,75
"8215","household","individual_risk","medium",63969,0.63969,75
"8216","household","individual_risk","high",124,0.00124,75
"8217","household","individual_risk","not_relevant",14017,0.14017,75
"8218","household","societal_importance","medium",87918,0.87918,75
"8219","household","societal_importance","high",12082,0.12082,75
"8220","household","societal_risk","low",21890,0.2189,75
"8221","household","societal_risk","medium",64064,0.64064,75
"8222","household","societal_risk","high",29,0.00029,75
"8223","household","societal_risk","not_relevant",14017,0.14017,75
"8224","household","strategy_to_change","not_relevant",14017,0.14017,75
"8225","household","strategy_to_change","cope",68315,0.68315,75
"8226","household","strategy_to_change","react",17668,0.17668,75
"8227","household","substitution_capacity","yes",100000,1,75
"8228","trawler","economic_buffers","medium",49760,0.4976,75
"8229","trawler","economic_buffers","high",50240,0.5024,75
"8230","trawler","economic_risk","low",88032,0.88032,75
"8231","trawler","economic_risk","medium",5885,0.05885,75
"8232","trawler","economic_risk","high",6083,0.06083,75
"8233","trawler","go_fishing","no",11385,0.11385,75
"8234","trawler","go_fishing","yes",88615,0.88615,75
"8235","trawler","individual_importance","high",100000,1,75
"8236","trawler","individual_risk","low",49212,0.49212,75
"8237","trawler","individual_risk","medium",35512,0.35512,75
"8238","trawler","individual_risk","high",15276,0.15276,75
"8239","trawler","societal_importance","high",100000,1,75
"8240","trawler","societal_risk","low",49212,0.49212,75
"8241","trawler","societal_risk","medium",35512,0.35512,75
"8242","trawler","societal_risk","high",15276,0.15276,75
"8243","trawler","strategy_to_change","cope",54317,0.54317,75
"8244","trawler","strategy_to_change","react",45683,0.45683,75
"8245","trawler","substitution_capacity","yes",100000,1,75
"8246","guide","economic_buffers","low",91151,0.91151,75
"8247","guide","economic_buffers","medium",8849,0.08849,75
"8248","guide","economic_risk","low",22049,0.22049,75
"8249","guide","economic_risk","medium",8277,0.08277,75
"8250","guide","economic_risk","high",69674,0.69674,75
"8251","guide","go_fishing","no",66436,0.66436,75
"8252","guide","go_fishing","yes",33564,0.33564,75
"8253","guide","individual_importance","high",100000,1,75
"8254","guide","individual_risk","low",17121,0.17121,75
"8255","guide","individual_risk","medium",11818,0.11818,75
"8256","guide","individual_risk","high",71061,0.71061,75
"8257","guide","societal_importance","medium",85105,0.85105,75
"8258","guide","societal_importance","high",14895,0.14895,75
"8259","guide","societal_risk","low",17121,0.17121,75
"8260","guide","societal_risk","medium",72325,0.72325,75
"8261","guide","societal_risk","high",10554,0.10554,75
"8262","guide","strategy_to_change","cope",80315,0.80315,75
"8263","guide","strategy_to_change","react",4980,0.0498,75
"8264","guide","strategy_to_change","adapt",14705,0.14705,75
"8265","guide","substitution_capacity","no",100000,1,75
"8266","recreational","economic_buffers","low",100000,1,76
"8267","recreational","economic_risk","low",51816,0.51816,76
"8268","recreational","economic_risk","medium",12126,0.12126,76
"8269","recreational","economic_risk","high",21848,0.21848,76
"8270","recreational","economic_risk","not_relevant",14210,0.1421,76
"8271","recreational","go_fishing","no",32390,0.3239,76
"8272","recreational","go_fishing","yes",67610,0.6761,76
"8273","recreational","individual_importance","medium",59710,0.5971,76
"8274","recreational","individual_importance","high",40290,0.4029,76
"8275","recreational","individual_risk","low",36284,0.36284,76
"8276","recreational","individual_risk","medium",38396,0.38396,76
"8277","recreational","individual_risk","high",11110,0.1111,76
"8278","recreational","individual_risk","not_relevant",14210,0.1421,76
"8279","recreational","societal_importance","medium",78198,0.78198,76
"8280","recreational","societal_importance","high",21802,0.21802,76
"8281","recreational","societal_risk","low",36284,0.36284,76
"8282","recreational","societal_risk","medium",43555,0.43555,76
"8283","recreational","societal_risk","high",5951,0.05951,76
"8284","recreational","societal_risk","not_relevant",14210,0.1421,76
"8285","recreational","strategy_to_change","not_relevant",14210,0.1421,76
"8286","recreational","strategy_to_change","cope",39470,0.3947,76
"8287","recreational","strategy_to_change","react",20318,0.20318,76
"8288","recreational","strategy_to_change","adapt",26002,0.26002,76
"8289","recreational","substitution_capacity","no",100000,1,76
"8290","small_scale","economic_buffers","low",90882,0.90882,76
"8291","small_scale","economic_buffers","medium",9118,0.09118,76
"8292","small_scale","economic_risk","low",55501,0.55501,76
"8293","small_scale","economic_risk","medium",17334,0.17334,76
"8294","small_scale","economic_risk","high",12677,0.12677,76
"8295","small_scale","economic_risk","not_relevant",14488,0.14488,76
"8296","small_scale","go_fishing","no",46082,0.46082,76
"8297","small_scale","go_fishing","yes",53918,0.53918,76
"8298","small_scale","individual_importance","medium",8204,0.08204,76
"8299","small_scale","individual_importance","high",91796,0.91796,76
"8300","small_scale","individual_risk","low",28062,0.28062,76
"8301","small_scale","individual_risk","medium",46294,0.46294,76
"8302","small_scale","individual_risk","high",11156,0.11156,76
"8303","small_scale","individual_risk","not_relevant",14488,0.14488,76
"8304","small_scale","societal_importance","high",100000,1,76
"8305","small_scale","societal_risk","low",28062,0.28062,76
"8306","small_scale","societal_risk","medium",45251,0.45251,76
"8307","small_scale","societal_risk","high",12199,0.12199,76
"8308","small_scale","societal_risk","not_relevant",14488,0.14488,76
"8309","small_scale","strategy_to_change","not_relevant",14488,0.14488,76
"8310","small_scale","strategy_to_change","cope",63291,0.63291,76
"8311","small_scale","strategy_to_change","react",20520,0.2052,76
"8312","small_scale","strategy_to_change","adapt",1701,0.01701,76
"8313","small_scale","substitution_capacity","no",24310,0.2431,76
"8314","small_scale","substitution_capacity","yes",75690,0.7569,76
"8315","household","economic_buffers","low",100000,1,76
"8316","household","economic_risk","low",71371,0.71371,76
"8317","household","economic_risk","medium",5376,0.05376,76
"8318","household","economic_risk","high",9116,0.09116,76
"8319","household","economic_risk","not_relevant",14137,0.14137,76
"8320","household","go_fishing","no",63341,0.63341,76
"8321","household","go_fishing","yes",36659,0.36659,76
"8322","household","individual_importance","medium",47083,0.47083,76
"8323","household","individual_importance","high",52917,0.52917,76
"8324","household","individual_risk","low",21216,0.21216,76
"8325","household","individual_risk","medium",64337,0.64337,76
"8326","household","individual_risk","high",310,0.0031,76
"8327","household","individual_risk","not_relevant",14137,0.14137,76
"8328","household","societal_importance","medium",81839,0.81839,76
"8329","household","societal_importance","high",18161,0.18161,76
"8330","household","societal_risk","low",21216,0.21216,76
"8331","household","societal_risk","medium",64522,0.64522,76
"8332","household","societal_risk","high",125,0.00125,76
"8333","household","societal_risk","not_relevant",14137,0.14137,76
"8334","household","strategy_to_change","not_relevant",14137,0.14137,76
"8335","household","strategy_to_change","cope",69615,0.69615,76
"8336","household","strategy_to_change","react",16248,0.16248,76
"8337","household","substitution_capacity","yes",100000,1,76
"8338","trawler","economic_buffers","medium",54454,0.54454,76
"8339","trawler","economic_buffers","high",45546,0.45546,76
"8340","trawler","economic_risk","low",88808,0.88808,76
"8341","trawler","economic_risk","medium",5164,0.05164,76
"8342","trawler","economic_risk","high",6028,0.06028,76
"8343","trawler","go_fishing","no",10079,0.10079,76
"8344","trawler","go_fishing","yes",89921,0.89921,76
"8345","trawler","individual_importance","high",100000,1,76
"8346","trawler","individual_risk","low",41945,0.41945,76
"8347","trawler","individual_risk","medium",40150,0.4015,76
"8348","trawler","individual_risk","high",17905,0.17905,76
"8349","trawler","societal_importance","high",100000,1,76
"8350","trawler","societal_risk","low",41945,0.41945,76
"8351","trawler","societal_risk","medium",40150,0.4015,76
"8352","trawler","societal_risk","high",17905,0.17905,76
"8353","trawler","strategy_to_change","cope",55948,0.55948,76
"8354","trawler","strategy_to_change","react",44052,0.44052,76
"8355","trawler","substitution_capacity","yes",100000,1,76
"8356","guide","economic_buffers","low",91013,0.91013,76
"8357","guide","economic_buffers","medium",8987,0.08987,76
"8358","guide","economic_risk","low",25363,0.25363,76
"8359","guide","economic_risk","medium",7732,0.07732,76
"8360","guide","economic_risk","high",66905,0.66905,76
"8361","guide","go_fishing","no",66156,0.66156,76
"8362","guide","go_fishing","yes",33844,0.33844,76
"8363","guide","individual_importance","high",100000,1,76
"8364","guide","individual_risk","low",13474,0.13474,76
"8365","guide","individual_risk","medium",14696,0.14696,76
"8366","guide","individual_risk","high",71830,0.7183,76
"8367","guide","societal_importance","medium",80134,0.80134,76
"8368","guide","societal_importance","high",19866,0.19866,76
"8369","guide","societal_risk","low",13474,0.13474,76
"8370","guide","societal_risk","medium",72227,0.72227,76
"8371","guide","societal_risk","high",14299,0.14299,76
"8372","guide","strategy_to_change","cope",81933,0.81933,76
"8373","guide","strategy_to_change","react",3836,0.03836,76
"8374","guide","strategy_to_change","adapt",14231,0.14231,76
"8375","guide","substitution_capacity","no",100000,1,76
"8376","recreational","economic_buffers","low",100000,1,77
"8377","recreational","economic_risk","low",59379,0.59379,77
"8378","recreational","economic_risk","medium",7351,0.07351,77
"8379","recreational","economic_risk","high",19011,0.19011,77
"8380","recreational","economic_risk","not_relevant",14259,0.14259,77
"8381","recreational","go_fishing","no",42335,0.42335,77
"8382","recreational","go_fishing","yes",57665,0.57665,77
"8383","recreational","individual_importance","medium",40031,0.40031,77
"8384","recreational","individual_importance","high",59969,0.59969,77
"8385","recreational","individual_risk","low",32083,0.32083,77
"8386","recreational","individual_risk","medium",35783,0.35783,77
"8387","recreational","individual_risk","high",17875,0.17875,77
"8388","recreational","individual_risk","not_relevant",14259,0.14259,77
"8389","recreational","societal_importance","medium",68439,0.68439,77
"8390","recreational","societal_importance","high",31561,0.31561,77
"8391","recreational","societal_risk","low",32083,0.32083,77
"8392","recreational","societal_risk","medium",44229,0.44229,77
"8393","recreational","societal_risk","high",9429,0.09429,77
"8394","recreational","societal_risk","not_relevant",14259,0.14259,77
"8395","recreational","strategy_to_change","not_relevant",14259,0.14259,77
"8396","recreational","strategy_to_change","cope",49534,0.49534,77
"8397","recreational","strategy_to_change","react",12371,0.12371,77
"8398","recreational","strategy_to_change","adapt",23836,0.23836,77
"8399","recreational","substitution_capacity","no",80506,0.80506,77
"8400","recreational","substitution_capacity","yes",19494,0.19494,77
"8401","small_scale","economic_buffers","low",95747,0.95747,77
"8402","small_scale","economic_buffers","medium",4253,0.04253,77
"8403","small_scale","economic_risk","low",47986,0.47986,77
"8404","small_scale","economic_risk","medium",21652,0.21652,77
"8405","small_scale","economic_risk","high",16165,0.16165,77
"8406","small_scale","economic_risk","not_relevant",14197,0.14197,77
"8407","small_scale","go_fishing","no",33494,0.33494,77
"8408","small_scale","go_fishing","yes",66506,0.66506,77
"8409","small_scale","individual_importance","medium",7912,0.07912,77
"8410","small_scale","individual_importance","high",92088,0.92088,77
"8411","small_scale","individual_risk","low",40882,0.40882,77
"8412","small_scale","individual_risk","medium",34778,0.34778,77
"8413","small_scale","individual_risk","high",10143,0.10143,77
"8414","small_scale","individual_risk","not_relevant",14197,0.14197,77
"8415","small_scale","societal_importance","high",100000,1,77
"8416","small_scale","societal_risk","low",40882,0.40882,77
"8417","small_scale","societal_risk","medium",33900,0.339,77
"8418","small_scale","societal_risk","high",11021,0.11021,77
"8419","small_scale","societal_risk","not_relevant",14197,0.14197,77
"8420","small_scale","strategy_to_change","not_relevant",14197,0.14197,77
"8421","small_scale","strategy_to_change","cope",50657,0.50657,77
"8422","small_scale","strategy_to_change","react",33367,0.33367,77
"8423","small_scale","strategy_to_change","adapt",1779,0.01779,77
"8424","small_scale","substitution_capacity","no",33186,0.33186,77
"8425","small_scale","substitution_capacity","yes",66814,0.66814,77
"8426","household","economic_buffers","low",100000,1,77
"8427","household","economic_risk","low",72785,0.72785,77
"8428","household","economic_risk","medium",4872,0.04872,77
"8429","household","economic_risk","high",8140,0.0814,77
"8430","household","economic_risk","not_relevant",14203,0.14203,77
"8431","household","go_fishing","no",62556,0.62556,77
"8432","household","go_fishing","yes",37444,0.37444,77
"8433","household","individual_importance","medium",50132,0.50132,77
"8434","household","individual_importance","high",49868,0.49868,77
"8435","household","individual_risk","low",23161,0.23161,77
"8436","household","individual_risk","medium",62441,0.62441,77
"8437","household","individual_risk","high",195,0.00195,77
"8438","household","individual_risk","not_relevant",14203,0.14203,77
"8439","household","societal_importance","medium",81048,0.81048,77
"8440","household","societal_importance","high",18952,0.18952,77
"8441","household","societal_risk","low",23161,0.23161,77
"8442","household","societal_risk","medium",62560,0.6256,77
"8443","household","societal_risk","high",76,0.00076,77
"8444","household","societal_risk","not_relevant",14203,0.14203,77
"8445","household","strategy_to_change","not_relevant",14203,0.14203,77
"8446","household","strategy_to_change","cope",68547,0.68547,77
"8447","household","strategy_to_change","react",17250,0.1725,77
"8448","household","substitution_capacity","yes",100000,1,77
"8449","trawler","economic_buffers","medium",61827,0.61827,77
"8450","trawler","economic_buffers","high",38173,0.38173,77
"8451","trawler","economic_risk","low",91059,0.91059,77
"8452","trawler","economic_risk","medium",3531,0.03531,77
"8453","trawler","economic_risk","high",5410,0.0541,77
"8454","trawler","go_fishing","no",10003,0.10003,77
"8455","trawler","go_fishing","yes",89997,0.89997,77
"8456","trawler","individual_importance","high",100000,1,77
"8457","trawler","individual_risk","low",51409,0.51409,77
"8458","trawler","individual_risk","medium",36559,0.36559,77
"8459","trawler","individual_risk","high",12032,0.12032,77
"8460","trawler","societal_importance","high",100000,1,77
"8461","trawler","societal_risk","low",51409,0.51409,77
"8462","trawler","societal_risk","medium",36559,0.36559,77
"8463","trawler","societal_risk","high",12032,0.12032,77
"8464","trawler","strategy_to_change","cope",57437,0.57437,77
"8465","trawler","strategy_to_change","react",42563,0.42563,77
"8466","trawler","substitution_capacity","yes",100000,1,77
"8467","guide","economic_buffers","low",96010,0.9601,77
"8468","guide","economic_buffers","medium",3990,0.0399,77
"8469","guide","economic_risk","low",26194,0.26194,77
"8470","guide","economic_risk","medium",3770,0.0377,77
"8471","guide","economic_risk","high",70036,0.70036,77
"8472","guide","go_fishing","no",68630,0.6863,77
"8473","guide","go_fishing","yes",31370,0.3137,77
"8474","guide","individual_importance","high",100000,1,77
"8475","guide","individual_risk","low",13682,0.13682,77
"8476","guide","individual_risk","medium",12748,0.12748,77
"8477","guide","individual_risk","high",73570,0.7357,77
"8478","guide","societal_importance","medium",81890,0.8189,77
"8479","guide","societal_importance","high",18110,0.1811,77
"8480","guide","societal_risk","low",13682,0.13682,77
"8481","guide","societal_risk","medium",73023,0.73023,77
"8482","guide","societal_risk","high",13295,0.13295,77
"8483","guide","strategy_to_change","cope",81392,0.81392,77
"8484","guide","strategy_to_change","react",2109,0.02109,77
"8485","guide","strategy_to_change","adapt",16499,0.16499,77
"8486","guide","substitution_capacity","no",100000,1,77
"8487","recreational","economic_buffers","low",100000,1,78
"8488","recreational","economic_risk","low",75757,0.75757,78
"8489","recreational","economic_risk","medium",5689,0.05689,78
"8490","recreational","economic_risk","high",4243,0.04243,78
"8491","recreational","economic_risk","not_relevant",14311,0.14311,78
"8492","recreational","go_fishing","no",54990,0.5499,78
"8493","recreational","go_fishing","yes",45010,0.4501,78
"8494","recreational","individual_importance","low",266,0.00266,78
"8495","recreational","individual_importance","medium",50654,0.50654,78
"8496","recreational","individual_importance","high",49080,0.4908,78
"8497","recreational","individual_risk","low",20831,0.20831,78
"8498","recreational","individual_risk","medium",40479,0.40479,78
"8499","recreational","individual_risk","high",24379,0.24379,78
"8500","recreational","individual_risk","not_relevant",14311,0.14311,78
"8501","recreational","societal_importance","medium",87156,0.87156,78
"8502","recreational","societal_importance","high",12844,0.12844,78
"8503","recreational","societal_risk","low",20651,0.20651,78
"8504","recreational","societal_risk","medium",58593,0.58593,78
"8505","recreational","societal_risk","high",6445,0.06445,78
"8506","recreational","societal_risk","not_relevant",14311,0.14311,78
"8507","recreational","strategy_to_change","not_relevant",14311,0.14311,78
"8508","recreational","strategy_to_change","cope",48805,0.48805,78
"8509","recreational","strategy_to_change","react",9648,0.09648,78
"8510","recreational","strategy_to_change","adapt",27236,0.27236,78
"8511","recreational","substitution_capacity","no",100000,1,78
"8512","small_scale","economic_buffers","low",96081,0.96081,78
"8513","small_scale","economic_buffers","medium",3919,0.03919,78
"8514","small_scale","economic_risk","low",47638,0.47638,78
"8515","small_scale","economic_risk","medium",21855,0.21855,78
"8516","small_scale","economic_risk","high",16224,0.16224,78
"8517","small_scale","economic_risk","not_relevant",14283,0.14283,78
"8518","small_scale","go_fishing","no",37906,0.37906,78
"8519","small_scale","go_fishing","yes",62094,0.62094,78
"8520","small_scale","individual_importance","low",7,7e-05,78
"8521","small_scale","individual_importance","medium",6390,0.0639,78
"8522","small_scale","individual_importance","high",93603,0.93603,78
"8523","small_scale","individual_risk","low",34432,0.34432,78
"8524","small_scale","individual_risk","medium",36094,0.36094,78
"8525","small_scale","individual_risk","high",15191,0.15191,78
"8526","small_scale","individual_risk","not_relevant",14283,0.14283,78
"8527","small_scale","societal_importance","high",100000,1,78
"8528","small_scale","societal_risk","low",34428,0.34428,78
"8529","small_scale","societal_risk","medium",35077,0.35077,78
"8530","small_scale","societal_risk","high",16212,0.16212,78
"8531","small_scale","societal_risk","not_relevant",14283,0.14283,78
"8532","small_scale","strategy_to_change","not_relevant",14283,0.14283,78
"8533","small_scale","strategy_to_change","cope",59537,0.59537,78
"8534","small_scale","strategy_to_change","react",25557,0.25557,78
"8535","small_scale","strategy_to_change","adapt",623,0.00623,78
"8536","small_scale","substitution_capacity","no",42542,0.42542,78
"8537","small_scale","substitution_capacity","yes",57458,0.57458,78
"8538","household","economic_buffers","low",100000,1,78
"8539","household","economic_risk","low",71009,0.71009,78
"8540","household","economic_risk","medium",5273,0.05273,78
"8541","household","economic_risk","high",9310,0.0931,78
"8542","household","economic_risk","not_relevant",14408,0.14408,78
"8543","household","go_fishing","no",62849,0.62849,78
"8544","household","go_fishing","yes",37151,0.37151,78
"8545","household","individual_importance","medium",49169,0.49169,78
"8546","household","individual_importance","high",50831,0.50831,78
"8547","household","individual_risk","low",22599,0.22599,78
"8548","household","individual_risk","medium",62782,0.62782,78
"8549","household","individual_risk","high",211,0.00211,78
"8550","household","individual_risk","not_relevant",14408,0.14408,78
"8551","household","societal_importance","medium",75115,0.75115,78
"8552","household","societal_importance","high",24885,0.24885,78
"8553","household","societal_risk","low",22599,0.22599,78
"8554","household","societal_risk","medium",62892,0.62892,78
"8555","household","societal_risk","high",101,0.00101,78
"8556","household","societal_risk","not_relevant",14408,0.14408,78
"8557","household","strategy_to_change","not_relevant",14408,0.14408,78
"8558","household","strategy_to_change","cope",68186,0.68186,78
"8559","household","strategy_to_change","react",17406,0.17406,78
"8560","household","substitution_capacity","yes",100000,1,78
"8561","trawler","economic_buffers","medium",50019,0.50019,78
"8562","trawler","economic_buffers","high",49981,0.49981,78
"8563","trawler","economic_risk","low",90327,0.90327,78
"8564","trawler","economic_risk","medium",4912,0.04912,78
"8565","trawler","economic_risk","high",4761,0.04761,78
"8566","trawler","go_fishing","no",9139,0.09139,78
"8567","trawler","go_fishing","yes",90861,0.90861,78
"8568","trawler","individual_importance","high",100000,1,78
"8569","trawler","individual_risk","low",47025,0.47025,78
"8570","trawler","individual_risk","medium",36787,0.36787,78
"8571","trawler","individual_risk","high",16188,0.16188,78
"8572","trawler","societal_importance","high",100000,1,78
"8573","trawler","societal_risk","low",47025,0.47025,78
"8574","trawler","societal_risk","medium",36787,0.36787,78
"8575","trawler","societal_risk","high",16188,0.16188,78
"8576","trawler","strategy_to_change","cope",52073,0.52073,78
"8577","trawler","strategy_to_change","react",47927,0.47927,78
"8578","trawler","substitution_capacity","yes",100000,1,78
"8579","guide","economic_buffers","low",96072,0.96072,78
"8580","guide","economic_buffers","medium",3928,0.03928,78
"8581","guide","economic_risk","low",22617,0.22617,78
"8582","guide","economic_risk","medium",5638,0.05638,78
"8583","guide","economic_risk","high",71745,0.71745,78
"8584","guide","go_fishing","no",66694,0.66694,78
"8585","guide","go_fishing","yes",33306,0.33306,78
"8586","guide","individual_importance","high",100000,1,78
"8587","guide","individual_risk","low",13866,0.13866,78
"8588","guide","individual_risk","medium",13403,0.13403,78
"8589","guide","individual_risk","high",72731,0.72731,78
"8590","guide","societal_importance","medium",82995,0.82995,78
"8591","guide","societal_importance","high",17005,0.17005,78
"8592","guide","societal_risk","low",13866,0.13866,78
"8593","guide","societal_risk","medium",73725,0.73725,78
"8594","guide","societal_risk","high",12409,0.12409,78
"8595","guide","strategy_to_change","cope",79297,0.79297,78
"8596","guide","strategy_to_change","react",5759,0.05759,78
"8597","guide","strategy_to_change","adapt",14944,0.14944,78
"8598","guide","substitution_capacity","no",100000,1,78
"8599","recreational","economic_buffers","low",100000,1,79
"8600","recreational","economic_risk","low",72368,0.72368,79
"8601","recreational","economic_risk","medium",8051,0.08051,79
"8602","recreational","economic_risk","high",5186,0.05186,79
"8603","recreational","economic_risk","not_relevant",14395,0.14395,79
"8604","recreational","go_fishing","no",48479,0.48479,79
"8605","recreational","go_fishing","yes",51521,0.51521,79
"8606","recreational","individual_importance","low",291,0.00291,79
"8607","recreational","individual_importance","medium",53608,0.53608,79
"8608","recreational","individual_importance","high",46101,0.46101,79
"8609","recreational","individual_risk","low",24417,0.24417,79
"8610","recreational","individual_risk","medium",41447,0.41447,79
"8611","recreational","individual_risk","high",19741,0.19741,79
"8612","recreational","individual_risk","not_relevant",14395,0.14395,79
"8613","recreational","societal_importance","medium",76592,0.76592,79
"8614","recreational","societal_importance","high",23408,0.23408,79
"8615","recreational","societal_risk","low",24237,0.24237,79
"8616","recreational","societal_risk","medium",51354,0.51354,79
"8617","recreational","societal_risk","high",10014,0.10014,79
"8618","recreational","societal_risk","not_relevant",14395,0.14395,79
"8619","recreational","strategy_to_change","not_relevant",14395,0.14395,79
"8620","recreational","strategy_to_change","cope",41262,0.41262,79
"8621","recreational","strategy_to_change","react",13561,0.13561,79
"8622","recreational","strategy_to_change","adapt",30782,0.30782,79
"8623","recreational","substitution_capacity","no",100000,1,79
"8624","small_scale","economic_buffers","low",93984,0.93984,79
"8625","small_scale","economic_buffers","medium",6016,0.06016,79
"8626","small_scale","economic_risk","low",50036,0.50036,79
"8627","small_scale","economic_risk","medium",20807,0.20807,79
"8628","small_scale","economic_risk","high",15071,0.15071,79
"8629","small_scale","economic_risk","not_relevant",14086,0.14086,79
"8630","small_scale","go_fishing","no",35387,0.35387,79
"8631","small_scale","go_fishing","yes",64613,0.64613,79
"8632","small_scale","individual_importance","low",7,7e-05,79
"8633","small_scale","individual_importance","medium",6828,0.06828,79
"8634","small_scale","individual_importance","high",93165,0.93165,79
"8635","small_scale","individual_risk","low",35589,0.35589,79
"8636","small_scale","individual_risk","medium",37354,0.37354,79
"8637","small_scale","individual_risk","high",12971,0.12971,79
"8638","small_scale","individual_risk","not_relevant",14086,0.14086,79
"8639","small_scale","societal_importance","high",100000,1,79
"8640","small_scale","societal_risk","low",35585,0.35585,79
"8641","small_scale","societal_risk","medium",36365,0.36365,79
"8642","small_scale","societal_risk","high",13964,0.13964,79
"8643","small_scale","societal_risk","not_relevant",14086,0.14086,79
"8644","small_scale","strategy_to_change","not_relevant",14086,0.14086,79
"8645","small_scale","strategy_to_change","cope",59690,0.5969,79
"8646","small_scale","strategy_to_change","react",25722,0.25722,79
"8647","small_scale","strategy_to_change","adapt",502,0.00502,79
"8648","small_scale","substitution_capacity","no",39250,0.3925,79
"8649","small_scale","substitution_capacity","yes",60750,0.6075,79
"8650","household","economic_buffers","low",100000,1,79
"8651","household","economic_risk","low",67934,0.67934,79
"8652","household","economic_risk","medium",6100,0.061,79
"8653","household","economic_risk","high",11523,0.11523,79
"8654","household","economic_risk","not_relevant",14443,0.14443,79
"8655","household","go_fishing","no",59482,0.59482,79
"8656","household","go_fishing","yes",40518,0.40518,79
"8657","household","individual_importance","medium",49952,0.49952,79
"8658","household","individual_importance","high",50048,0.50048,79
"8659","household","individual_risk","low",24635,0.24635,79
"8660","household","individual_risk","medium",60700,0.607,79
"8661","household","individual_risk","high",222,0.00222,79
"8662","household","individual_risk","not_relevant",14443,0.14443,79
"8663","household","societal_importance","medium",82089,0.82089,79
"8664","household","societal_importance","high",17911,0.17911,79
"8665","household","societal_risk","low",24635,0.24635,79
"8666","household","societal_risk","medium",60838,0.60838,79
"8667","household","societal_risk","high",84,0.00084,79
"8668","household","societal_risk","not_relevant",14443,0.14443,79
"8669","household","strategy_to_change","not_relevant",14443,0.14443,79
"8670","household","strategy_to_change","cope",63617,0.63617,79
"8671","household","strategy_to_change","react",21940,0.2194,79
"8672","household","substitution_capacity","yes",100000,1,79
"8673","trawler","economic_buffers","medium",51909,0.51909,79
"8674","trawler","economic_buffers","high",48091,0.48091,79
"8675","trawler","economic_risk","low",89111,0.89111,79
"8676","trawler","economic_risk","medium",5318,0.05318,79
"8677","trawler","economic_risk","high",5571,0.05571,79
"8678","trawler","go_fishing","no",15450,0.1545,79
"8679","trawler","go_fishing","yes",84550,0.8455,79
"8680","trawler","individual_importance","high",100000,1,79
"8681","trawler","individual_risk","low",40892,0.40892,79
"8682","trawler","individual_risk","medium",44421,0.44421,79
"8683","trawler","individual_risk","high",14687,0.14687,79
"8684","trawler","societal_importance","high",100000,1,79
"8685","trawler","societal_risk","low",40892,0.40892,79
"8686","trawler","societal_risk","medium",44421,0.44421,79
"8687","trawler","societal_risk","high",14687,0.14687,79
"8688","trawler","strategy_to_change","cope",55212,0.55212,79
"8689","trawler","strategy_to_change","react",44788,0.44788,79
"8690","trawler","substitution_capacity","yes",100000,1,79
"8691","guide","economic_buffers","low",94047,0.94047,79
"8692","guide","economic_buffers","medium",5953,0.05953,79
"8693","guide","economic_risk","low",28018,0.28018,79
"8694","guide","economic_risk","medium",5809,0.05809,79
"8695","guide","economic_risk","high",66173,0.66173,79
"8696","guide","go_fishing","no",67650,0.6765,79
"8697","guide","go_fishing","yes",32350,0.3235,79
"8698","guide","individual_importance","high",100000,1,79
"8699","guide","individual_risk","low",12470,0.1247,79
"8700","guide","individual_risk","medium",14779,0.14779,79
"8701","guide","individual_risk","high",72751,0.72751,79
"8702","guide","societal_importance","medium",80224,0.80224,79
"8703","guide","societal_importance","high",19776,0.19776,79
"8704","guide","societal_risk","low",12470,0.1247,79
"8705","guide","societal_risk","medium",73227,0.73227,79
"8706","guide","societal_risk","high",14303,0.14303,79
"8707","guide","strategy_to_change","cope",81991,0.81991,79
"8708","guide","strategy_to_change","react",3618,0.03618,79
"8709","guide","strategy_to_change","adapt",14391,0.14391,79
"8710","guide","substitution_capacity","no",100000,1,79
"8711","recreational","economic_buffers","low",100000,1,80
"8712","recreational","economic_risk","low",74857,0.74857,80
"8713","recreational","economic_risk","medium",6701,0.06701,80
"8714","recreational","economic_risk","high",4231,0.04231,80
"8715","recreational","economic_risk","not_relevant",14211,0.14211,80
"8716","recreational","go_fishing","no",56443,0.56443,80
"8717","recreational","go_fishing","yes",43557,0.43557,80
"8718","recreational","individual_importance","medium",48096,0.48096,80
"8719","recreational","individual_importance","high",51904,0.51904,80
"8720","recreational","individual_risk","low",20254,0.20254,80
"8721","recreational","individual_risk","medium",39372,0.39372,80
"8722","recreational","individual_risk","high",26163,0.26163,80
"8723","recreational","individual_risk","not_relevant",14211,0.14211,80
"8724","recreational","societal_importance","medium",78681,0.78681,80
"8725","recreational","societal_importance","high",21319,0.21319,80
"8726","recreational","societal_risk","low",20254,0.20254,80
"8727","recreational","societal_risk","medium",54799,0.54799,80
"8728","recreational","societal_risk","high",10736,0.10736,80
"8729","recreational","societal_risk","not_relevant",14211,0.14211,80
"8730","recreational","strategy_to_change","not_relevant",14211,0.14211,80
"8731","recreational","strategy_to_change","cope",49387,0.49387,80
"8732","recreational","strategy_to_change","react",11194,0.11194,80
"8733","recreational","strategy_to_change","adapt",25208,0.25208,80
"8734","recreational","substitution_capacity","no",100000,1,80
"8735","small_scale","economic_buffers","low",95075,0.95075,80
"8736","small_scale","economic_buffers","medium",4925,0.04925,80
"8737","small_scale","economic_risk","low",51848,0.51848,80
"8738","small_scale","economic_risk","medium",19615,0.19615,80
"8739","small_scale","economic_risk","high",14245,0.14245,80
"8740","small_scale","economic_risk","not_relevant",14292,0.14292,80
"8741","small_scale","go_fishing","no",39792,0.39792,80
"8742","small_scale","go_fishing","yes",60208,0.60208,80
"8743","small_scale","individual_importance","medium",9818,0.09818,80
"8744","small_scale","individual_importance","high",90182,0.90182,80
"8745","small_scale","individual_risk","low",32202,0.32202,80
"8746","small_scale","individual_risk","medium",37960,0.3796,80
"8747","small_scale","individual_risk","high",15546,0.15546,80
"8748","small_scale","individual_risk","not_relevant",14292,0.14292,80
"8749","small_scale","societal_importance","high",100000,1,80
"8750","small_scale","societal_risk","low",32202,0.32202,80
"8751","small_scale","societal_risk","medium",36302,0.36302,80
"8752","small_scale","societal_risk","high",17204,0.17204,80
"8753","small_scale","societal_risk","not_relevant",14292,0.14292,80
"8754","small_scale","strategy_to_change","not_relevant",14292,0.14292,80
"8755","small_scale","strategy_to_change","cope",66446,0.66446,80
"8756","small_scale","strategy_to_change","react",18406,0.18406,80
"8757","small_scale","strategy_to_change","adapt",856,0.00856,80
"8758","small_scale","substitution_capacity","no",43790,0.4379,80
"8759","small_scale","substitution_capacity","yes",56210,0.5621,80
"8760","household","economic_buffers","low",100000,1,80
"8761","household","economic_risk","low",73221,0.73221,80
"8762","household","economic_risk","medium",4426,0.04426,80
"8763","household","economic_risk","high",7901,0.07901,80
"8764","household","economic_risk","not_relevant",14452,0.14452,80
"8765","household","go_fishing","no",65461,0.65461,80
"8766","household","go_fishing","yes",34539,0.34539,80
"8767","household","individual_importance","medium",56979,0.56979,80
"8768","household","individual_importance","high",43021,0.43021,80
"8769","household","individual_risk","low",20186,0.20186,80
"8770","household","individual_risk","medium",65174,0.65174,80
"8771","household","individual_risk","high",188,0.00188,80
"8772","household","individual_risk","not_relevant",14452,0.14452,80
"8773","household","societal_importance","medium",75058,0.75058,80
"8774","household","societal_importance","high",24942,0.24942,80
"8775","household","societal_risk","low",20186,0.20186,80
"8776","household","societal_risk","medium",65257,0.65257,80
"8777","household","societal_risk","high",105,0.00105,80
"8778","household","societal_risk","not_relevant",14452,0.14452,80
"8779","household","strategy_to_change","not_relevant",14452,0.14452,80
"8780","household","strategy_to_change","cope",70091,0.70091,80
"8781","household","strategy_to_change","react",15457,0.15457,80
"8782","household","substitution_capacity","yes",100000,1,80
"8783","trawler","economic_buffers","medium",44876,0.44876,80
"8784","trawler","economic_buffers","high",55124,0.55124,80
"8785","trawler","economic_risk","low",89093,0.89093,80
"8786","trawler","economic_risk","medium",5962,0.05962,80
"8787","trawler","economic_risk","high",4945,0.04945,80
"8788","trawler","go_fishing","no",8500,0.085,80
"8789","trawler","go_fishing","yes",91500,0.915,80
"8790","trawler","individual_importance","high",100000,1,80
"8791","trawler","individual_risk","low",44834,0.44834,80
"8792","trawler","individual_risk","medium",39727,0.39727,80
"8793","trawler","individual_risk","high",15439,0.15439,80
"8794","trawler","societal_importance","high",100000,1,80
"8795","trawler","societal_risk","low",44834,0.44834,80
"8796","trawler","societal_risk","medium",39727,0.39727,80
"8797","trawler","societal_risk","high",15439,0.15439,80
"8798","trawler","strategy_to_change","cope",55386,0.55386,80
"8799","trawler","strategy_to_change","react",44614,0.44614,80
"8800","trawler","substitution_capacity","yes",100000,1,80
"8801","guide","economic_buffers","low",95067,0.95067,80
"8802","guide","economic_buffers","medium",4933,0.04933,80
"8803","guide","economic_risk","low",25771,0.25771,80
"8804","guide","economic_risk","medium",4965,0.04965,80
"8805","guide","economic_risk","high",69264,0.69264,80
"8806","guide","go_fishing","no",67827,0.67827,80
"8807","guide","go_fishing","yes",32173,0.32173,80
"8808","guide","individual_importance","high",100000,1,80
"8809","guide","individual_risk","low",12285,0.12285,80
"8810","guide","individual_risk","medium",13818,0.13818,80
"8811","guide","individual_risk","high",73897,0.73897,80
"8812","guide","societal_importance","medium",80901,0.80901,80
"8813","guide","societal_importance","high",19099,0.19099,80
"8814","guide","societal_risk","low",12285,0.12285,80
"8815","guide","societal_risk","medium",73644,0.73644,80
"8816","guide","societal_risk","high",14071,0.14071,80
"8817","guide","strategy_to_change","cope",83469,0.83469,80
"8818","guide","strategy_to_change","react",3110,0.0311,80
"8819","guide","strategy_to_change","adapt",13421,0.13421,80
"8820","guide","substitution_capacity","no",100000,1,80
"8821","recreational","economic_buffers","low",100000,1,81
"8822","recreational","economic_risk","low",75656,0.75656,81
"8823","recreational","economic_risk","medium",5953,0.05953,81
"8824","recreational","economic_risk","high",3947,0.03947,81
"8825","recreational","economic_risk","not_relevant",14444,0.14444,81
"8826","recreational","go_fishing","no",53250,0.5325,81
"8827","recreational","go_fishing","yes",46750,0.4675,81
"8828","recreational","individual_importance","medium",52084,0.52084,81
"8829","recreational","individual_importance","high",47916,0.47916,81
"8830","recreational","individual_risk","low",23282,0.23282,81
"8831","recreational","individual_risk","medium",61956,0.61956,81
"8832","recreational","individual_risk","high",318,0.00318,81
"8833","recreational","individual_risk","not_relevant",14444,0.14444,81
"8834","recreational","societal_importance","medium",69841,0.69841,81
"8835","recreational","societal_importance","high",30159,0.30159,81
"8836","recreational","societal_risk","low",23282,0.23282,81
"8837","recreational","societal_risk","medium",62084,0.62084,81
"8838","recreational","societal_risk","high",190,0.0019,81
"8839","recreational","societal_risk","not_relevant",14444,0.14444,81
"8840","recreational","strategy_to_change","not_relevant",14444,0.14444,81
"8841","recreational","strategy_to_change","cope",46064,0.46064,81
"8842","recreational","strategy_to_change","react",10124,0.10124,81
"8843","recreational","strategy_to_change","adapt",29368,0.29368,81
"8844","recreational","substitution_capacity","yes",100000,1,81
"8845","small_scale","economic_buffers","low",89186,0.89186,81
"8846","small_scale","economic_buffers","medium",10814,0.10814,81
"8847","small_scale","economic_risk","low",55112,0.55112,81
"8848","small_scale","economic_risk","medium",17478,0.17478,81
"8849","small_scale","economic_risk","high",13201,0.13201,81
"8850","small_scale","economic_risk","not_relevant",14209,0.14209,81
"8851","small_scale","go_fishing","no",43078,0.43078,81
"8852","small_scale","go_fishing","yes",56922,0.56922,81
"8853","small_scale","individual_importance","medium",13414,0.13414,81
"8854","small_scale","individual_importance","high",86586,0.86586,81
"8855","small_scale","individual_risk","low",30522,0.30522,81
"8856","small_scale","individual_risk","medium",40715,0.40715,81
"8857","small_scale","individual_risk","high",14554,0.14554,81
"8858","small_scale","individual_risk","not_relevant",14209,0.14209,81
"8859","small_scale","societal_importance","high",100000,1,81
"8860","small_scale","societal_risk","low",30522,0.30522,81
"8861","small_scale","societal_risk","medium",38425,0.38425,81
"8862","small_scale","societal_risk","high",16844,0.16844,81
"8863","small_scale","societal_risk","not_relevant",14209,0.14209,81
"8864","small_scale","strategy_to_change","not_relevant",14209,0.14209,81
"8865","small_scale","strategy_to_change","cope",62880,0.6288,81
"8866","small_scale","strategy_to_change","react",19749,0.19749,81
"8867","small_scale","strategy_to_change","adapt",3162,0.03162,81
"8868","small_scale","substitution_capacity","no",40192,0.40192,81
"8869","small_scale","substitution_capacity","yes",59808,0.59808,81
"8870","household","economic_buffers","low",100000,1,81
"8871","household","economic_risk","low",68857,0.68857,81
"8872","household","economic_risk","medium",5826,0.05826,81
"8873","household","economic_risk","high",10887,0.10887,81
"8874","household","economic_risk","not_relevant",14430,0.1443,81
"8875","household","go_fishing","no",61136,0.61136,81
"8876","household","go_fishing","yes",38864,0.38864,81
"8877","household","individual_importance","medium",48990,0.4899,81
"8878","household","individual_importance","high",51010,0.5101,81
"8879","household","individual_risk","low",25141,0.25141,81
"8880","household","individual_risk","medium",60340,0.6034,81
"8881","household","individual_risk","high",89,0.00089,81
"8882","household","individual_risk","not_relevant",14430,0.1443,81
"8883","household","societal_importance","medium",76730,0.7673,81
"8884","household","societal_importance","high",23270,0.2327,81
"8885","household","societal_risk","low",25141,0.25141,81
"8886","household","societal_risk","medium",60377,0.60377,81
"8887","household","societal_risk","high",52,0.00052,81
"8888","household","societal_risk","not_relevant",14430,0.1443,81
"8889","household","strategy_to_change","not_relevant",14430,0.1443,81
"8890","household","strategy_to_change","cope",65104,0.65104,81
"8891","household","strategy_to_change","react",20466,0.20466,81
"8892","household","substitution_capacity","yes",100000,1,81
"8893","trawler","economic_buffers","medium",43303,0.43303,81
"8894","trawler","economic_buffers","high",56697,0.56697,81
"8895","trawler","economic_risk","low",88913,0.88913,81
"8896","trawler","economic_risk","medium",6195,0.06195,81
"8897","trawler","economic_risk","high",4892,0.04892,81
"8898","trawler","go_fishing","no",11551,0.11551,81
"8899","trawler","go_fishing","yes",88449,0.88449,81
"8900","trawler","individual_importance","high",100000,1,81
"8901","trawler","individual_risk","low",42124,0.42124,81
"8902","trawler","individual_risk","medium",42420,0.4242,81
"8903","trawler","individual_risk","high",15456,0.15456,81
"8904","trawler","societal_importance","high",100000,1,81
"8905","trawler","societal_risk","low",42124,0.42124,81
"8906","trawler","societal_risk","medium",42420,0.4242,81
"8907","trawler","societal_risk","high",15456,0.15456,81
"8908","trawler","strategy_to_change","cope",59203,0.59203,81
"8909","trawler","strategy_to_change","react",40797,0.40797,81
"8910","trawler","substitution_capacity","yes",100000,1,81
"8911","guide","economic_buffers","low",95984,0.95984,81
"8912","guide","economic_buffers","medium",4016,0.04016,81
"8913","guide","economic_risk","low",24632,0.24632,81
"8914","guide","economic_risk","medium",4174,0.04174,81
"8915","guide","economic_risk","high",71194,0.71194,81
"8916","guide","go_fishing","no",68769,0.68769,81
"8917","guide","go_fishing","yes",31231,0.31231,81
"8918","guide","individual_importance","high",100000,1,81
"8919","guide","individual_risk","low",11231,0.11231,81
"8920","guide","individual_risk","medium",13346,0.13346,81
"8921","guide","individual_risk","high",75423,0.75423,81
"8922","guide","societal_importance","medium",85280,0.8528,81
"8923","guide","societal_importance","high",14720,0.1472,81
"8924","guide","societal_risk","low",11231,0.11231,81
"8925","guide","societal_risk","medium",77576,0.77576,81
"8926","guide","societal_risk","high",11193,0.11193,81
"8927","guide","strategy_to_change","cope",80789,0.80789,81
"8928","guide","strategy_to_change","react",2683,0.02683,81
"8929","guide","strategy_to_change","adapt",16528,0.16528,81
"8930","guide","substitution_capacity","no",100000,1,81
"8931","recreational","economic_buffers","low",100000,1,82
"8932","recreational","economic_risk","low",70691,0.70691,82
"8933","recreational","economic_risk","medium",8170,0.0817,82
"8934","recreational","economic_risk","high",6983,0.06983,82
"8935","recreational","economic_risk","not_relevant",14156,0.14156,82
"8936","recreational","go_fishing","no",44254,0.44254,82
"8937","recreational","go_fishing","yes",55746,0.55746,82
"8938","recreational","individual_importance","medium",58329,0.58329,82
"8939","recreational","individual_importance","high",41671,0.41671,82
"8940","recreational","individual_risk","low",29682,0.29682,82
"8941","recreational","individual_risk","medium",48701,0.48701,82
"8942","recreational","individual_risk","high",7461,0.07461,82
"8943","recreational","individual_risk","not_relevant",14156,0.14156,82
"8944","recreational","societal_importance","low",145,0.00145,82
"8945","recreational","societal_importance","medium",66907,0.66907,82
"8946","recreational","societal_importance","high",32948,0.32948,82
"8947","recreational","societal_risk","low",29763,0.29763,82
"8948","recreational","societal_risk","medium",50133,0.50133,82
"8949","recreational","societal_risk","high",5948,0.05948,82
"8950","recreational","societal_risk","not_relevant",14156,0.14156,82
"8951","recreational","strategy_to_change","not_relevant",14156,0.14156,82
"8952","recreational","strategy_to_change","cope",41686,0.41686,82
"8953","recreational","strategy_to_change","react",13851,0.13851,82
"8954","recreational","strategy_to_change","adapt",30307,0.30307,82
"8955","recreational","substitution_capacity","no",42490,0.4249,82
"8956","recreational","substitution_capacity","yes",57510,0.5751,82
"8957","small_scale","economic_buffers","low",97017,0.97017,82
"8958","small_scale","economic_buffers","medium",2983,0.02983,82
"8959","small_scale","economic_risk","low",42761,0.42761,82
"8960","small_scale","economic_risk","medium",24810,0.2481,82
"8961","small_scale","economic_risk","high",18090,0.1809,82
"8962","small_scale","economic_risk","not_relevant",14339,0.14339,82
"8963","small_scale","go_fishing","no",38019,0.38019,82
"8964","small_scale","go_fishing","yes",61981,0.61981,82
"8965","small_scale","individual_importance","medium",14903,0.14903,82
"8966","small_scale","individual_importance","high",85097,0.85097,82
"8967","small_scale","individual_risk","low",36119,0.36119,82
"8968","small_scale","individual_risk","medium",31511,0.31511,82
"8969","small_scale","individual_risk","high",18031,0.18031,82
"8970","small_scale","individual_risk","not_relevant",14339,0.14339,82
"8971","small_scale","societal_importance","high",100000,1,82
"8972","small_scale","societal_risk","low",36119,0.36119,82
"8973","small_scale","societal_risk","medium",28374,0.28374,82
"8974","small_scale","societal_risk","high",21168,0.21168,82
"8975","small_scale","societal_risk","not_relevant",14339,0.14339,82
"8976","small_scale","strategy_to_change","not_relevant",14339,0.14339,82
"8977","small_scale","strategy_to_change","cope",57837,0.57837,82
"8978","small_scale","strategy_to_change","react",25432,0.25432,82
"8979","small_scale","strategy_to_change","adapt",2392,0.02392,82
"8980","small_scale","substitution_capacity","no",60594,0.60594,82
"8981","small_scale","substitution_capacity","yes",39406,0.39406,82
"8982","household","economic_buffers","low",100000,1,82
"8983","household","economic_risk","low",68577,0.68577,82
"8984","household","economic_risk","medium",5711,0.05711,82
"8985","household","economic_risk","high",11295,0.11295,82
"8986","household","economic_risk","not_relevant",14417,0.14417,82
"8987","household","go_fishing","no",61227,0.61227,82
"8988","household","go_fishing","yes",38773,0.38773,82
"8989","household","individual_importance","medium",53216,0.53216,82
"8990","household","individual_importance","high",46784,0.46784,82
"8991","household","individual_risk","low",23881,0.23881,82
"8992","household","individual_risk","medium",61467,0.61467,82
"8993","household","individual_risk","high",235,0.00235,82
"8994","household","individual_risk","not_relevant",14417,0.14417,82
"8995","household","societal_importance","medium",72044,0.72044,82
"8996","household","societal_importance","high",27956,0.27956,82
"8997","household","societal_risk","low",23881,0.23881,82
"8998","household","societal_risk","medium",61560,0.6156,82
"8999","household","societal_risk","high",142,0.00142,82
"9000","household","societal_risk","not_relevant",14417,0.14417,82
"9001","household","strategy_to_change","not_relevant",14417,0.14417,82
"9002","household","strategy_to_change","cope",65630,0.6563,82
"9003","household","strategy_to_change","react",19953,0.19953,82
"9004","household","substitution_capacity","yes",100000,1,82
"9005","trawler","economic_buffers","medium",34832,0.34832,82
"9006","trawler","economic_buffers","high",65168,0.65168,82
"9007","trawler","economic_risk","low",91198,0.91198,82
"9008","trawler","economic_risk","medium",5735,0.05735,82
"9009","trawler","economic_risk","high",3067,0.03067,82
"9010","trawler","go_fishing","no",11332,0.11332,82
"9011","trawler","go_fishing","yes",88668,0.88668,82
"9012","trawler","individual_importance","high",100000,1,82
"9013","trawler","individual_risk","low",47089,0.47089,82
"9014","trawler","individual_risk","medium",38252,0.38252,82
"9015","trawler","individual_risk","high",14659,0.14659,82
"9016","trawler","societal_importance","high",100000,1,82
"9017","trawler","societal_risk","low",47089,0.47089,82
"9018","trawler","societal_risk","medium",38252,0.38252,82
"9019","trawler","societal_risk","high",14659,0.14659,82
"9020","trawler","strategy_to_change","cope",55629,0.55629,82
"9021","trawler","strategy_to_change","react",44371,0.44371,82
"9022","trawler","substitution_capacity","yes",100000,1,82
"9023","guide","economic_buffers","low",97009,0.97009,82
"9024","guide","economic_buffers","medium",2991,0.02991,82
"9025","guide","economic_risk","low",26213,0.26213,82
"9026","guide","economic_risk","medium",3615,0.03615,82
"9027","guide","economic_risk","high",70172,0.70172,82
"9028","guide","go_fishing","no",66991,0.66991,82
"9029","guide","go_fishing","yes",33009,0.33009,82
"9030","guide","individual_importance","high",100000,1,82
"9031","guide","individual_risk","low",13426,0.13426,82
"9032","guide","individual_risk","medium",13393,0.13393,82
"9033","guide","individual_risk","high",73181,0.73181,82
"9034","guide","societal_importance","medium",78324,0.78324,82
"9035","guide","societal_importance","high",21676,0.21676,82
"9036","guide","societal_risk","low",13426,0.13426,82
"9037","guide","societal_risk","medium",70686,0.70686,82
"9038","guide","societal_risk","high",15888,0.15888,82
"9039","guide","strategy_to_change","cope",79610,0.7961,82
"9040","guide","strategy_to_change","react",2942,0.02942,82
"9041","guide","strategy_to_change","adapt",17448,0.17448,82
"9042","guide","substitution_capacity","no",100000,1,82
"9043","recreational","economic_buffers","low",100000,1,83
"9044","recreational","economic_risk","low",69100,0.691,83
"9045","recreational","economic_risk","medium",1537,0.01537,83
"9046","recreational","economic_risk","high",15246,0.15246,83
"9047","recreational","economic_risk","not_relevant",14117,0.14117,83
"9048","recreational","go_fishing","no",47658,0.47658,83
"9049","recreational","go_fishing","yes",52342,0.52342,83
"9050","recreational","individual_importance","medium",47516,0.47516,83
"9051","recreational","individual_importance","high",52484,0.52484,83
"9052","recreational","individual_risk","low",24659,0.24659,83
"9053","recreational","individual_risk","medium",38940,0.3894,83
"9054","recreational","individual_risk","high",22284,0.22284,83
"9055","recreational","individual_risk","not_relevant",14117,0.14117,83
"9056","recreational","societal_importance","medium",61055,0.61055,83
"9057","recreational","societal_importance","high",38945,0.38945,83
"9058","recreational","societal_risk","low",24659,0.24659,83
"9059","recreational","societal_risk","medium",44587,0.44587,83
"9060","recreational","societal_risk","high",16637,0.16637,83
"9061","recreational","societal_risk","not_relevant",14117,0.14117,83
"9062","recreational","strategy_to_change","not_relevant",14117,0.14117,83
"9063","recreational","strategy_to_change","cope",55044,0.55044,83
"9064","recreational","strategy_to_change","react",2506,0.02506,83
"9065","recreational","strategy_to_change","adapt",28333,0.28333,83
"9066","recreational","substitution_capacity","no",99998,0.99998,83
"9067","recreational","substitution_capacity","yes",2,2e-05,83
"9068","small_scale","economic_buffers","low",68487,0.68487,83
"9069","small_scale","economic_buffers","medium",31513,0.31513,83
"9070","small_scale","economic_risk","low",47847,0.47847,83
"9071","small_scale","economic_risk","medium",21238,0.21238,83
"9072","small_scale","economic_risk","high",16684,0.16684,83
"9073","small_scale","economic_risk","not_relevant",14231,0.14231,83
"9074","small_scale","go_fishing","no",43581,0.43581,83
"9075","small_scale","go_fishing","yes",56419,0.56419,83
"9076","small_scale","individual_importance","medium",9954,0.09954,83
"9077","small_scale","individual_importance","high",90046,0.90046,83
"9078","small_scale","individual_risk","low",29872,0.29872,83
"9079","small_scale","individual_risk","medium",31275,0.31275,83
"9080","small_scale","individual_risk","high",24622,0.24622,83
"9081","small_scale","individual_risk","not_relevant",14231,0.14231,83
"9082","small_scale","societal_importance","high",100000,1,83
"9083","small_scale","societal_risk","low",29872,0.29872,83
"9084","small_scale","societal_risk","medium",28554,0.28554,83
"9085","small_scale","societal_risk","high",27343,0.27343,83
"9086","small_scale","societal_risk","not_relevant",14231,0.14231,83
"9087","small_scale","strategy_to_change","not_relevant",14231,0.14231,83
"9088","small_scale","strategy_to_change","cope",64907,0.64907,83
"9089","small_scale","strategy_to_change","react",19346,0.19346,83
"9090","small_scale","strategy_to_change","adapt",1516,0.01516,83
"9091","small_scale","substitution_capacity","no",66772,0.66772,83
"9092","small_scale","substitution_capacity","yes",33228,0.33228,83
"9093","household","economic_buffers","low",100000,1,83
"9094","household","economic_risk","low",69234,0.69234,83
"9095","household","economic_risk","medium",5896,0.05896,83
"9096","household","economic_risk","high",10660,0.1066,83
"9097","household","economic_risk","not_relevant",14210,0.1421,83
"9098","household","go_fishing","no",62996,0.62996,83
"9099","household","go_fishing","yes",37004,0.37004,83
"9100","household","individual_importance","medium",44002,0.44002,83
"9101","household","individual_importance","high",55998,0.55998,83
"9102","household","individual_risk","low",21943,0.21943,83
"9103","household","individual_risk","medium",63682,0.63682,83
"9104","household","individual_risk","high",165,0.00165,83
"9105","household","individual_risk","not_relevant",14210,0.1421,83
"9106","household","societal_importance","medium",79160,0.7916,83
"9107","household","societal_importance","high",20840,0.2084,83
"9108","household","societal_risk","low",21943,0.21943,83
"9109","household","societal_risk","medium",63786,0.63786,83
"9110","household","societal_risk","high",61,0.00061,83
"9111","household","societal_risk","not_relevant",14210,0.1421,83
"9112","household","strategy_to_change","not_relevant",14210,0.1421,83
"9113","household","strategy_to_change","cope",65679,0.65679,83
"9114","household","strategy_to_change","react",20111,0.20111,83
"9115","household","substitution_capacity","yes",100000,1,83
"9116","trawler","economic_buffers","medium",42993,0.42993,83
"9117","trawler","economic_buffers","high",57007,0.57007,83
"9118","trawler","economic_risk","low",88893,0.88893,83
"9119","trawler","economic_risk","medium",6329,0.06329,83
"9120","trawler","economic_risk","high",4778,0.04778,83
"9121","trawler","go_fishing","no",12415,0.12415,83
"9122","trawler","go_fishing","yes",87585,0.87585,83
"9123","trawler","individual_importance","high",100000,1,83
"9124","trawler","individual_risk","low",43433,0.43433,83
"9125","trawler","individual_risk","medium",39399,0.39399,83
"9126","trawler","individual_risk","high",17168,0.17168,83
"9127","trawler","societal_importance","high",100000,1,83
"9128","trawler","societal_risk","low",43433,0.43433,83
"9129","trawler","societal_risk","medium",39399,0.39399,83
"9130","trawler","societal_risk","high",17168,0.17168,83
"9131","trawler","strategy_to_change","cope",57704,0.57704,83
"9132","trawler","strategy_to_change","react",42296,0.42296,83
"9133","trawler","substitution_capacity","yes",100000,1,83
"9134","guide","economic_buffers","low",94902,0.94902,83
"9135","guide","economic_buffers","medium",5098,0.05098,83
"9136","guide","economic_risk","low",20658,0.20658,83
"9137","guide","economic_risk","medium",7384,0.07384,83
"9138","guide","economic_risk","high",71958,0.71958,83
"9139","guide","go_fishing","no",67217,0.67217,83
"9140","guide","go_fishing","yes",32783,0.32783,83
"9141","guide","individual_importance","high",100000,1,83
"9142","guide","individual_risk","low",13643,0.13643,83
"9143","guide","individual_risk","medium",13185,0.13185,83
"9144","guide","individual_risk","high",73172,0.73172,83
"9145","guide","societal_importance","medium",75932,0.75932,83
"9146","guide","societal_importance","high",24068,0.24068,83
"9147","guide","societal_risk","low",13643,0.13643,83
"9148","guide","societal_risk","medium",68740,0.6874,83
"9149","guide","societal_risk","high",17617,0.17617,83
"9150","guide","strategy_to_change","cope",82997,0.82997,83
"9151","guide","strategy_to_change","react",7498,0.07498,83
"9152","guide","strategy_to_change","adapt",9505,0.09505,83
"9153","guide","substitution_capacity","no",100000,1,83
"9154","recreational","economic_buffers","low",100000,1,84
"9155","recreational","economic_risk","low",76781,0.76781,84
"9156","recreational","economic_risk","medium",5522,0.05522,84
"9157","recreational","economic_risk","high",3573,0.03573,84
"9158","recreational","economic_risk","not_relevant",14124,0.14124,84
"9159","recreational","go_fishing","no",56954,0.56954,84
"9160","recreational","go_fishing","yes",43046,0.43046,84
"9161","recreational","individual_importance","medium",45078,0.45078,84
"9162","recreational","individual_importance","high",54922,0.54922,84
"9163","recreational","individual_risk","low",20384,0.20384,84
"9164","recreational","individual_risk","medium",64721,0.64721,84
"9165","recreational","individual_risk","high",771,0.00771,84
"9166","recreational","individual_risk","not_relevant",14124,0.14124,84
"9167","recreational","societal_importance","medium",40934,0.40934,84
"9168","recreational","societal_importance","high",59066,0.59066,84
"9169","recreational","societal_risk","low",20384,0.20384,84
"9170","recreational","societal_risk","medium",64598,0.64598,84
"9171","recreational","societal_risk","high",894,0.00894,84
"9172","recreational","societal_risk","not_relevant",14124,0.14124,84
"9173","recreational","strategy_to_change","not_relevant",14124,0.14124,84
"9174","recreational","strategy_to_change","cope",50041,0.50041,84
"9175","recreational","strategy_to_change","react",9234,0.09234,84
"9176","recreational","strategy_to_change","adapt",26601,0.26601,84
"9177","recreational","substitution_capacity","yes",100000,1,84
"9178","small_scale","economic_buffers","low",59627,0.59627,84
"9179","small_scale","economic_buffers","medium",40373,0.40373,84
"9180","small_scale","economic_risk","low",57922,0.57922,84
"9181","small_scale","economic_risk","medium",15407,0.15407,84
"9182","small_scale","economic_risk","high",12426,0.12426,84
"9183","small_scale","economic_risk","not_relevant",14245,0.14245,84
"9184","small_scale","go_fishing","no",40988,0.40988,84
"9185","small_scale","go_fishing","yes",59012,0.59012,84
"9186","small_scale","individual_importance","medium",7006,0.07006,84
"9187","small_scale","individual_importance","high",92994,0.92994,84
"9188","small_scale","individual_risk","low",32350,0.3235,84
"9189","small_scale","individual_risk","medium",38050,0.3805,84
"9190","small_scale","individual_risk","high",15355,0.15355,84
"9191","small_scale","individual_risk","not_relevant",14245,0.14245,84
"9192","small_scale","societal_importance","high",100000,1,84
"9193","small_scale","societal_risk","low",32350,0.3235,84
"9194","small_scale","societal_risk","medium",36907,0.36907,84
"9195","small_scale","societal_risk","high",16498,0.16498,84
"9196","small_scale","societal_risk","not_relevant",14245,0.14245,84
"9197","small_scale","strategy_to_change","not_relevant",14245,0.14245,84
"9198","small_scale","strategy_to_change","cope",62108,0.62108,84
"9199","small_scale","strategy_to_change","react",19857,0.19857,84
"9200","small_scale","strategy_to_change","adapt",3790,0.0379,84
"9201","small_scale","substitution_capacity","no",39987,0.39987,84
"9202","small_scale","substitution_capacity","yes",60013,0.60013,84
"9203","household","economic_buffers","low",100000,1,84
"9204","household","economic_risk","low",71612,0.71612,84
"9205","household","economic_risk","medium",4883,0.04883,84
"9206","household","economic_risk","high",9242,0.09242,84
"9207","household","economic_risk","not_relevant",14263,0.14263,84
"9208","household","go_fishing","no",62283,0.62283,84
"9209","household","go_fishing","yes",37717,0.37717,84
"9210","household","individual_importance","medium",45018,0.45018,84
"9211","household","individual_importance","high",54982,0.54982,84
"9212","household","individual_risk","low",23812,0.23812,84
"9213","household","individual_risk","medium",61642,0.61642,84
"9214","household","individual_risk","high",283,0.00283,84
"9215","household","individual_risk","not_relevant",14263,0.14263,84
"9216","household","societal_importance","medium",83846,0.83846,84
"9217","household","societal_importance","high",16154,0.16154,84
"9218","household","societal_risk","low",23812,0.23812,84
"9219","household","societal_risk","medium",61854,0.61854,84
"9220","household","societal_risk","high",71,0.00071,84
"9221","household","societal_risk","not_relevant",14263,0.14263,84
"9222","household","strategy_to_change","not_relevant",14263,0.14263,84
"9223","household","strategy_to_change","cope",69009,0.69009,84
"9224","household","strategy_to_change","react",16728,0.16728,84
"9225","household","substitution_capacity","yes",100000,1,84
"9226","trawler","economic_buffers","medium",54123,0.54123,84
"9227","trawler","economic_buffers","high",45877,0.45877,84
"9228","trawler","economic_risk","low",86812,0.86812,84
"9229","trawler","economic_risk","medium",6067,0.06067,84
"9230","trawler","economic_risk","high",7121,0.07121,84
"9231","trawler","go_fishing","no",11005,0.11005,84
"9232","trawler","go_fishing","yes",88995,0.88995,84
"9233","trawler","individual_importance","high",100000,1,84
"9234","trawler","individual_risk","low",45388,0.45388,84
"9235","trawler","individual_risk","medium",37611,0.37611,84
"9236","trawler","individual_risk","high",17001,0.17001,84
"9237","trawler","societal_importance","high",100000,1,84
"9238","trawler","societal_risk","low",45388,0.45388,84
"9239","trawler","societal_risk","medium",37611,0.37611,84
"9240","trawler","societal_risk","high",17001,0.17001,84
"9241","trawler","strategy_to_change","cope",55867,0.55867,84
"9242","trawler","strategy_to_change","react",44133,0.44133,84
"9243","trawler","substitution_capacity","yes",100000,1,84
"9244","guide","economic_buffers","low",95983,0.95983,84
"9245","guide","economic_buffers","medium",4017,0.04017,84
"9246","guide","economic_risk","low",25533,0.25533,84
"9247","guide","economic_risk","medium",4089,0.04089,84
"9248","guide","economic_risk","high",70378,0.70378,84
"9249","guide","go_fishing","no",69104,0.69104,84
"9250","guide","go_fishing","yes",30896,0.30896,84
"9251","guide","individual_importance","high",100000,1,84
"9252","guide","individual_risk","low",12159,0.12159,84
"9253","guide","individual_risk","medium",12771,0.12771,84
"9254","guide","individual_risk","high",75070,0.7507,84
"9255","guide","societal_importance","medium",84982,0.84982,84
"9256","guide","societal_importance","high",15018,0.15018,84
"9257","guide","societal_risk","low",12159,0.12159,84
"9258","guide","societal_risk","medium",76437,0.76437,84
"9259","guide","societal_risk","high",11404,0.11404,84
"9260","guide","strategy_to_change","cope",82423,0.82423,84
"9261","guide","strategy_to_change","react",2525,0.02525,84
"9262","guide","strategy_to_change","adapt",15052,0.15052,84
"9263","guide","substitution_capacity","no",100000,1,84
"9264","recreational","economic_buffers","low",100000,1,85
"9265","recreational","economic_risk","low",61649,0.61649,85
"9266","recreational","economic_risk","medium",13214,0.13214,85
"9267","recreational","economic_risk","high",10965,0.10965,85
"9268","recreational","economic_risk","not_relevant",14172,0.14172,85
"9269","recreational","go_fishing","no",49421,0.49421,85
"9270","recreational","go_fishing","yes",50579,0.50579,85
"9271","recreational","individual_importance","medium",38053,0.38053,85
"9272","recreational","individual_importance","high",61947,0.61947,85
"9273","recreational","individual_risk","low",23447,0.23447,85
"9274","recreational","individual_risk","medium",35340,0.3534,85
"9275","recreational","individual_risk","high",27041,0.27041,85
"9276","recreational","individual_risk","not_relevant",14172,0.14172,85
"9277","recreational","societal_importance","medium",80701,0.80701,85
"9278","recreational","societal_importance","high",19299,0.19299,85
"9279","recreational","societal_risk","low",23447,0.23447,85
"9280","recreational","societal_risk","medium",53860,0.5386,85
"9281","recreational","societal_risk","high",8521,0.08521,85
"9282","recreational","societal_risk","not_relevant",14172,0.14172,85
"9283","recreational","strategy_to_change","not_relevant",14172,0.14172,85
"9284","recreational","strategy_to_change","cope",47765,0.47765,85
"9285","recreational","strategy_to_change","react",22166,0.22166,85
"9286","recreational","strategy_to_change","adapt",15897,0.15897,85
"9287","recreational","substitution_capacity","no",99490,0.9949,85
"9288","recreational","substitution_capacity","yes",510,0.0051,85
"9289","small_scale","economic_buffers","low",95186,0.95186,85
"9290","small_scale","economic_buffers","medium",4814,0.04814,85
"9291","small_scale","economic_risk","low",50584,0.50584,85
"9292","small_scale","economic_risk","medium",20460,0.2046,85
"9293","small_scale","economic_risk","high",14614,0.14614,85
"9294","small_scale","economic_risk","not_relevant",14342,0.14342,85
"9295","small_scale","go_fishing","no",34582,0.34582,85
"9296","small_scale","go_fishing","yes",65418,0.65418,85
"9297","small_scale","individual_importance","medium",11836,0.11836,85
"9298","small_scale","individual_importance","high",88164,0.88164,85
"9299","small_scale","individual_risk","low",34871,0.34871,85
"9300","small_scale","individual_risk","medium",39042,0.39042,85
"9301","small_scale","individual_risk","high",11745,0.11745,85
"9302","small_scale","individual_risk","not_relevant",14342,0.14342,85
"9303","small_scale","societal_importance","high",100000,1,85
"9304","small_scale","societal_risk","low",34871,0.34871,85
"9305","small_scale","societal_risk","medium",37454,0.37454,85
"9306","small_scale","societal_risk","high",13333,0.13333,85
"9307","small_scale","societal_risk","not_relevant",14342,0.14342,85
"9308","small_scale","strategy_to_change","not_relevant",14342,0.14342,85
"9309","small_scale","strategy_to_change","cope",56113,0.56113,85
"9310","small_scale","strategy_to_change","react",28134,0.28134,85
"9311","small_scale","strategy_to_change","adapt",1411,0.01411,85
"9312","small_scale","substitution_capacity","no",37574,0.37574,85
"9313","small_scale","substitution_capacity","yes",62426,0.62426,85
"9314","household","economic_buffers","low",100000,1,85
"9315","household","economic_risk","low",74301,0.74301,85
"9316","household","economic_risk","medium",4036,0.04036,85
"9317","household","economic_risk","high",7275,0.07275,85
"9318","household","economic_risk","not_relevant",14388,0.14388,85
"9319","household","go_fishing","no",67107,0.67107,85
"9320","household","go_fishing","yes",32893,0.32893,85
"9321","household","individual_importance","medium",55118,0.55118,85
"9322","household","individual_importance","high",44882,0.44882,85
"9323","household","individual_risk","low",18793,0.18793,85
"9324","household","individual_risk","medium",66682,0.66682,85
"9325","household","individual_risk","high",137,0.00137,85
"9326","household","individual_risk","not_relevant",14388,0.14388,85
"9327","household","societal_importance","medium",83013,0.83013,85
"9328","household","societal_importance","high",16987,0.16987,85
"9329","household","societal_risk","low",18793,0.18793,85
"9330","household","societal_risk","medium",66773,0.66773,85
"9331","household","societal_risk","high",46,0.00046,85
"9332","household","societal_risk","not_relevant",14388,0.14388,85
"9333","household","strategy_to_change","not_relevant",14388,0.14388,85
"9334","household","strategy_to_change","cope",72418,0.72418,85
"9335","household","strategy_to_change","react",13194,0.13194,85
"9336","household","substitution_capacity","yes",100000,1,85
"9337","trawler","economic_buffers","medium",51819,0.51819,85
"9338","trawler","economic_buffers","high",48181,0.48181,85
"9339","trawler","economic_risk","low",90153,0.90153,85
"9340","trawler","economic_risk","medium",4785,0.04785,85
"9341","trawler","economic_risk","high",5062,0.05062,85
"9342","trawler","go_fishing","no",12129,0.12129,85
"9343","trawler","go_fishing","yes",87871,0.87871,85
"9344","trawler","individual_importance","high",100000,1,85
"9345","trawler","individual_risk","low",42449,0.42449,85
"9346","trawler","individual_risk","medium",43793,0.43793,85
"9347","trawler","individual_risk","high",13758,0.13758,85
"9348","trawler","societal_importance","high",100000,1,85
"9349","trawler","societal_risk","low",42449,0.42449,85
"9350","trawler","societal_risk","medium",43793,0.43793,85
"9351","trawler","societal_risk","high",13758,0.13758,85
"9352","trawler","strategy_to_change","cope",53961,0.53961,85
"9353","trawler","strategy_to_change","react",46039,0.46039,85
"9354","trawler","substitution_capacity","yes",100000,1,85
"9355","guide","economic_buffers","low",96048,0.96048,85
"9356","guide","economic_buffers","medium",3952,0.03952,85
"9357","guide","economic_risk","low",24183,0.24183,85
"9358","guide","economic_risk","medium",5861,0.05861,85
"9359","guide","economic_risk","high",69956,0.69956,85
"9360","guide","go_fishing","no",65812,0.65812,85
"9361","guide","go_fishing","yes",34188,0.34188,85
"9362","guide","individual_importance","high",100000,1,85
"9363","guide","individual_risk","low",13694,0.13694,85
"9364","guide","individual_risk","medium",14315,0.14315,85
"9365","guide","individual_risk","high",71991,0.71991,85
"9366","guide","societal_importance","medium",80056,0.80056,85
"9367","guide","societal_importance","high",19944,0.19944,85
"9368","guide","societal_risk","low",13694,0.13694,85
"9369","guide","societal_risk","medium",71944,0.71944,85
"9370","guide","societal_risk","high",14362,0.14362,85
"9371","guide","strategy_to_change","cope",77816,0.77816,85
"9372","guide","strategy_to_change","react",6029,0.06029,85
"9373","guide","strategy_to_change","adapt",16155,0.16155,85
"9374","guide","substitution_capacity","no",100000,1,85
"9375","recreational","economic_buffers","low",100000,1,86
"9376","recreational","economic_risk","low",63576,0.63576,86
"9377","recreational","economic_risk","medium",12155,0.12155,86
"9378","recreational","economic_risk","high",9918,0.09918,86
"9379","recreational","economic_risk","not_relevant",14351,0.14351,86
"9380","recreational","go_fishing","no",47420,0.4742,86
"9381","recreational","go_fishing","yes",52580,0.5258,86
"9382","recreational","individual_importance","medium",56537,0.56537,86
"9383","recreational","individual_importance","high",43463,0.43463,86
"9384","recreational","individual_risk","low",26216,0.26216,86
"9385","recreational","individual_risk","medium",41337,0.41337,86
"9386","recreational","individual_risk","high",18096,0.18096,86
"9387","recreational","individual_risk","not_relevant",14351,0.14351,86
"9388","recreational","societal_importance","medium",81618,0.81618,86
"9389","recreational","societal_importance","high",18382,0.18382,86
"9390","recreational","societal_risk","low",26216,0.26216,86
"9391","recreational","societal_risk","medium",51759,0.51759,86
"9392","recreational","societal_risk","high",7674,0.07674,86
"9393","recreational","societal_risk","not_relevant",14351,0.14351,86
"9394","recreational","strategy_to_change","not_relevant",14351,0.14351,86
"9395","recreational","strategy_to_change","cope",45906,0.45906,86
"9396","recreational","strategy_to_change","react",20520,0.2052,86
"9397","recreational","strategy_to_change","adapt",19223,0.19223,86
"9398","recreational","substitution_capacity","no",100000,1,86
"9399","small_scale","economic_buffers","low",86013,0.86013,86
"9400","small_scale","economic_buffers","medium",13987,0.13987,86
"9401","small_scale","economic_risk","low",42006,0.42006,86
"9402","small_scale","economic_risk","medium",23993,0.23993,86
"9403","small_scale","economic_risk","high",19589,0.19589,86
"9404","small_scale","economic_risk","not_relevant",14412,0.14412,86
"9405","small_scale","go_fishing","no",40404,0.40404,86
"9406","small_scale","go_fishing","yes",59596,0.59596,86
"9407","small_scale","individual_importance","medium",20173,0.20173,86
"9408","small_scale","individual_importance","high",79827,0.79827,86
"9409","small_scale","individual_risk","low",31126,0.31126,86
"9410","small_scale","individual_risk","medium",31951,0.31951,86
"9411","small_scale","individual_risk","high",22511,0.22511,86
"9412","small_scale","individual_risk","not_relevant",14412,0.14412,86
"9413","small_scale","societal_importance","high",100000,1,86
"9414","small_scale","societal_risk","low",31126,0.31126,86
"9415","small_scale","societal_risk","medium",26282,0.26282,86
"9416","small_scale","societal_risk","high",28180,0.2818,86
"9417","small_scale","societal_risk","not_relevant",14412,0.14412,86
"9418","small_scale","strategy_to_change","not_relevant",14412,0.14412,86
"9419","small_scale","strategy_to_change","cope",57797,0.57797,86
"9420","small_scale","strategy_to_change","react",26861,0.26861,86
"9421","small_scale","strategy_to_change","adapt",930,0.0093,86
"9422","small_scale","substitution_capacity","no",77943,0.77943,86
"9423","small_scale","substitution_capacity","yes",22057,0.22057,86
"9424","household","economic_buffers","low",100000,1,86
"9425","household","economic_risk","low",72485,0.72485,86
"9426","household","economic_risk","medium",4771,0.04771,86
"9427","household","economic_risk","high",8418,0.08418,86
"9428","household","economic_risk","not_relevant",14326,0.14326,86
"9429","household","go_fishing","no",62425,0.62425,86
"9430","household","go_fishing","yes",37575,0.37575,86
"9431","household","individual_importance","medium",48961,0.48961,86
"9432","household","individual_importance","high",51039,0.51039,86
"9433","household","individual_risk","low",21349,0.21349,86
"9434","household","individual_risk","medium",64103,0.64103,86
"9435","household","individual_risk","high",222,0.00222,86
"9436","household","individual_risk","not_relevant",14326,0.14326,86
"9437","household","societal_importance","medium",81891,0.81891,86
"9438","household","societal_importance","high",18109,0.18109,86
"9439","household","societal_risk","low",21349,0.21349,86
"9440","household","societal_risk","medium",64237,0.64237,86
"9441","household","societal_risk","high",88,0.00088,86
"9442","household","societal_risk","not_relevant",14326,0.14326,86
"9443","household","strategy_to_change","not_relevant",14326,0.14326,86
"9444","household","strategy_to_change","cope",69709,0.69709,86
"9445","household","strategy_to_change","react",15965,0.15965,86
"9446","household","substitution_capacity","yes",100000,1,86
"9447","trawler","economic_buffers","medium",42055,0.42055,86
"9448","trawler","economic_buffers","high",57945,0.57945,86
"9449","trawler","economic_risk","low",89524,0.89524,86
"9450","trawler","economic_risk","medium",6166,0.06166,86
"9451","trawler","economic_risk","high",4310,0.0431,86
"9452","trawler","go_fishing","no",10105,0.10105,86
"9453","trawler","go_fishing","yes",89895,0.89895,86
"9454","trawler","individual_importance","high",100000,1,86
"9455","trawler","individual_risk","low",43453,0.43453,86
"9456","trawler","individual_risk","medium",39817,0.39817,86
"9457","trawler","individual_risk","high",16730,0.1673,86
"9458","trawler","societal_importance","high",100000,1,86
"9459","trawler","societal_risk","low",43453,0.43453,86
"9460","trawler","societal_risk","medium",39817,0.39817,86
"9461","trawler","societal_risk","high",16730,0.1673,86
"9462","trawler","strategy_to_change","cope",55195,0.55195,86
"9463","trawler","strategy_to_change","react",44805,0.44805,86
"9464","trawler","substitution_capacity","yes",100000,1,86
"9465","guide","economic_buffers","low",94090,0.9409,86
"9466","guide","economic_buffers","medium",5910,0.0591,86
"9467","guide","economic_risk","low",25003,0.25003,86
"9468","guide","economic_risk","medium",5793,0.05793,86
"9469","guide","economic_risk","high",69204,0.69204,86
"9470","guide","go_fishing","no",67924,0.67924,86
"9471","guide","go_fishing","yes",32076,0.32076,86
"9472","guide","individual_importance","high",100000,1,86
"9473","guide","individual_risk","low",12210,0.1221,86
"9474","guide","individual_risk","medium",14767,0.14767,86
"9475","guide","individual_risk","high",73023,0.73023,86
"9476","guide","societal_importance","medium",75012,0.75012,86
"9477","guide","societal_importance","high",24988,0.24988,86
"9478","guide","societal_risk","low",12210,0.1221,86
"9479","guide","societal_risk","medium",69582,0.69582,86
"9480","guide","societal_risk","high",18208,0.18208,86
"9481","guide","strategy_to_change","cope",83008,0.83008,86
"9482","guide","strategy_to_change","react",3525,0.03525,86
"9483","guide","strategy_to_change","adapt",13467,0.13467,86
"9484","guide","substitution_capacity","no",100000,1,86
"9485","recreational","economic_buffers","low",100000,1,87
"9486","recreational","economic_risk","low",48855,0.48855,87
"9487","recreational","economic_risk","medium",14032,0.14032,87
"9488","recreational","economic_risk","high",22908,0.22908,87
"9489","recreational","economic_risk","not_relevant",14205,0.14205,87
"9490","recreational","go_fishing","no",39665,0.39665,87
"9491","recreational","go_fishing","yes",60335,0.60335,87
"9492","recreational","individual_importance","medium",60442,0.60442,87
"9493","recreational","individual_importance","high",39558,0.39558,87
"9494","recreational","individual_risk","low",30820,0.3082,87
"9495","recreational","individual_risk","medium",41306,0.41306,87
"9496","recreational","individual_risk","high",13669,0.13669,87
"9497","recreational","individual_risk","not_relevant",14205,0.14205,87
"9498","recreational","societal_importance","medium",42337,0.42337,87
"9499","recreational","societal_importance","high",57663,0.57663,87
"9500","recreational","societal_risk","low",30820,0.3082,87
"9501","recreational","societal_risk","medium",34932,0.34932,87
"9502","recreational","societal_risk","high",20043,0.20043,87
"9503","recreational","societal_risk","not_relevant",14205,0.14205,87
"9504","recreational","strategy_to_change","not_relevant",14205,0.14205,87
"9505","recreational","strategy_to_change","cope",46480,0.4648,87
"9506","recreational","strategy_to_change","react",23496,0.23496,87
"9507","recreational","strategy_to_change","adapt",15819,0.15819,87
"9508","recreational","substitution_capacity","no",99999,0.99999,87
"9509","recreational","substitution_capacity","yes",1,1e-05,87
"9510","small_scale","economic_buffers","low",63266,0.63266,87
"9511","small_scale","economic_buffers","medium",36734,0.36734,87
"9512","small_scale","economic_risk","low",51619,0.51619,87
"9513","small_scale","economic_risk","medium",18778,0.18778,87
"9514","small_scale","economic_risk","high",15081,0.15081,87
"9515","small_scale","economic_risk","not_relevant",14522,0.14522,87
"9516","small_scale","go_fishing","no",42267,0.42267,87
"9517","small_scale","go_fishing","yes",57733,0.57733,87
"9518","small_scale","individual_importance","medium",14239,0.14239,87
"9519","small_scale","individual_importance","high",85761,0.85761,87
"9520","small_scale","individual_risk","low",31396,0.31396,87
"9521","small_scale","individual_risk","medium",32350,0.3235,87
"9522","small_scale","individual_risk","high",21732,0.21732,87
"9523","small_scale","individual_risk","not_relevant",14522,0.14522,87
"9524","small_scale","societal_importance","high",100000,1,87
"9525","small_scale","societal_risk","low",31396,0.31396,87
"9526","small_scale","societal_risk","medium",28727,0.28727,87
"9527","small_scale","societal_risk","high",25355,0.25355,87
"9528","small_scale","societal_risk","not_relevant",14522,0.14522,87
"9529","small_scale","strategy_to_change","not_relevant",14522,0.14522,87
"9530","small_scale","strategy_to_change","cope",63681,0.63681,87
"9531","small_scale","strategy_to_change","react",21122,0.21122,87
"9532","small_scale","strategy_to_change","adapt",675,0.00675,87
"9533","small_scale","substitution_capacity","no",63795,0.63795,87
"9534","small_scale","substitution_capacity","yes",36205,0.36205,87
"9535","household","economic_buffers","low",100000,1,87
"9536","household","economic_risk","low",72446,0.72446,87
"9537","household","economic_risk","medium",4309,0.04309,87
"9538","household","economic_risk","high",8926,0.08926,87
"9539","household","economic_risk","not_relevant",14319,0.14319,87
"9540","household","go_fishing","no",64800,0.648,87
"9541","household","go_fishing","yes",35200,0.352,87
"9542","household","individual_importance","medium",43994,0.43994,87
"9543","household","individual_importance","high",56006,0.56006,87
"9544","household","individual_risk","low",20632,0.20632,87
"9545","household","individual_risk","medium",64743,0.64743,87
"9546","household","individual_risk","high",306,0.00306,87
"9547","household","individual_risk","not_relevant",14319,0.14319,87
"9548","household","societal_importance","medium",86100,0.861,87
"9549","household","societal_importance","high",13900,0.139,87
"9550","household","societal_risk","low",20632,0.20632,87
"9551","household","societal_risk","medium",64983,0.64983,87
"9552","household","societal_risk","high",66,0.00066,87
"9553","household","societal_risk","not_relevant",14319,0.14319,87
"9554","household","strategy_to_change","not_relevant",14319,0.14319,87
"9555","household","strategy_to_change","cope",69816,0.69816,87
"9556","household","strategy_to_change","react",15865,0.15865,87
"9557","household","substitution_capacity","yes",100000,1,87
"9558","trawler","economic_buffers","medium",45210,0.4521,87
"9559","trawler","economic_buffers","high",54790,0.5479,87
"9560","trawler","economic_risk","low",92034,0.92034,87
"9561","trawler","economic_risk","medium",4383,0.04383,87
"9562","trawler","economic_risk","high",3583,0.03583,87
"9563","trawler","go_fishing","no",14611,0.14611,87
"9564","trawler","go_fishing","yes",85389,0.85389,87
"9565","trawler","individual_importance","high",100000,1,87
"9566","trawler","individual_risk","low",41934,0.41934,87
"9567","trawler","individual_risk","medium",43514,0.43514,87
"9568","trawler","individual_risk","high",14552,0.14552,87
"9569","trawler","societal_importance","high",100000,1,87
"9570","trawler","societal_risk","low",41934,0.41934,87
"9571","trawler","societal_risk","medium",43514,0.43514,87
"9572","trawler","societal_risk","high",14552,0.14552,87
"9573","trawler","strategy_to_change","cope",60667,0.60667,87
"9574","trawler","strategy_to_change","react",39333,0.39333,87
"9575","trawler","substitution_capacity","yes",100000,1,87
"9576","guide","economic_buffers","low",95052,0.95052,87
"9577","guide","economic_buffers","medium",4948,0.04948,87
"9578","guide","economic_risk","low",22851,0.22851,87
"9579","guide","economic_risk","medium",6560,0.0656,87
"9580","guide","economic_risk","high",70589,0.70589,87
"9581","guide","go_fishing","no",69189,0.69189,87
"9582","guide","go_fishing","yes",30811,0.30811,87
"9583","guide","individual_importance","high",100000,1,87
"9584","guide","individual_risk","low",11992,0.11992,87
"9585","guide","individual_risk","medium",12678,0.12678,87
"9586","guide","individual_risk","high",75330,0.7533,87
"9587","guide","societal_importance","medium",80857,0.80857,87
"9588","guide","societal_importance","high",19143,0.19143,87
"9589","guide","societal_risk","low",11992,0.11992,87
"9590","guide","societal_risk","medium",73614,0.73614,87
"9591","guide","societal_risk","high",14394,0.14394,87
"9592","guide","strategy_to_change","cope",82269,0.82269,87
"9593","guide","strategy_to_change","react",5993,0.05993,87
"9594","guide","strategy_to_change","adapt",11738,0.11738,87
"9595","guide","substitution_capacity","no",100000,1,87
"9596","recreational","economic_buffers","low",100000,1,88
"9597","recreational","economic_risk","low",67814,0.67814,88
"9598","recreational","economic_risk","medium",10924,0.10924,88
"9599","recreational","economic_risk","high",6921,0.06921,88
"9600","recreational","economic_risk","not_relevant",14341,0.14341,88
"9601","recreational","go_fishing","no",49996,0.49996,88
"9602","recreational","go_fishing","yes",50004,0.50004,88
"9603","recreational","individual_importance","medium",49542,0.49542,88
"9604","recreational","individual_importance","high",50458,0.50458,88
"9605","recreational","individual_risk","low",22797,0.22797,88
"9606","recreational","individual_risk","medium",40539,0.40539,88
"9607","recreational","individual_risk","high",22323,0.22323,88
"9608","recreational","individual_risk","not_relevant",14341,0.14341,88
"9609","recreational","societal_importance","medium",73131,0.73131,88
"9610","recreational","societal_importance","high",26869,0.26869,88
"9611","recreational","societal_risk","low",22797,0.22797,88
"9612","recreational","societal_risk","medium",50991,0.50991,88
"9613","recreational","societal_risk","high",11871,0.11871,88
"9614","recreational","societal_risk","not_relevant",14341,0.14341,88
"9615","recreational","strategy_to_change","not_relevant",14341,0.14341,88
"9616","recreational","strategy_to_change","cope",42875,0.42875,88
"9617","recreational","strategy_to_change","react",18290,0.1829,88
"9618","recreational","strategy_to_change","adapt",24494,0.24494,88
"9619","recreational","substitution_capacity","no",100000,1,88
"9620","small_scale","economic_buffers","low",97052,0.97052,88
"9621","small_scale","economic_buffers","medium",2948,0.02948,88
"9622","small_scale","economic_risk","low",48087,0.48087,88
"9623","small_scale","economic_risk","medium",22127,0.22127,88
"9624","small_scale","economic_risk","high",15475,0.15475,88
"9625","small_scale","economic_risk","not_relevant",14311,0.14311,88
"9626","small_scale","go_fishing","no",34070,0.3407,88
"9627","small_scale","go_fishing","yes",65930,0.6593,88
"9628","small_scale","individual_importance","medium",16327,0.16327,88
"9629","small_scale","individual_importance","high",83673,0.83673,88
"9630","small_scale","individual_risk","low",33880,0.3388,88
"9631","small_scale","individual_risk","medium",39533,0.39533,88
"9632","small_scale","individual_risk","high",12276,0.12276,88
"9633","small_scale","individual_risk","not_relevant",14311,0.14311,88
"9634","small_scale","societal_importance","high",100000,1,88
"9635","small_scale","societal_risk","low",33880,0.3388,88
"9636","small_scale","societal_risk","medium",37232,0.37232,88
"9637","small_scale","societal_risk","high",14577,0.14577,88
"9638","small_scale","societal_risk","not_relevant",14311,0.14311,88
"9639","small_scale","strategy_to_change","not_relevant",14311,0.14311,88
"9640","small_scale","strategy_to_change","cope",58970,0.5897,88
"9641","small_scale","strategy_to_change","react",25603,0.25603,88
"9642","small_scale","strategy_to_change","adapt",1116,0.01116,88
"9643","small_scale","substitution_capacity","no",43130,0.4313,88
"9644","small_scale","substitution_capacity","yes",56870,0.5687,88
"9645","household","economic_buffers","low",100000,1,88
"9646","household","economic_risk","low",66788,0.66788,88
"9647","household","economic_risk","medium",6279,0.06279,88
"9648","household","economic_risk","high",12770,0.1277,88
"9649","household","economic_risk","not_relevant",14163,0.14163,88
"9650","household","go_fishing","no",55766,0.55766,88
"9651","household","go_fishing","yes",44234,0.44234,88
"9652","household","individual_importance","medium",49146,0.49146,88
"9653","household","individual_importance","high",50854,0.50854,88
"9654","household","individual_risk","low",26665,0.26665,88
"9655","household","individual_risk","medium",59016,0.59016,88
"9656","household","individual_risk","high",156,0.00156,88
"9657","household","individual_risk","not_relevant",14163,0.14163,88
"9658","household","societal_importance","medium",75859,0.75859,88
"9659","household","societal_importance","high",24141,0.24141,88
"9660","household","societal_risk","low",26665,0.26665,88
"9661","household","societal_risk","medium",59092,0.59092,88
"9662","household","societal_risk","high",80,8e-04,88
"9663","household","societal_risk","not_relevant",14163,0.14163,88
"9664","household","strategy_to_change","not_relevant",14163,0.14163,88
"9665","household","strategy_to_change","cope",63477,0.63477,88
"9666","household","strategy_to_change","react",22360,0.2236,88
"9667","household","substitution_capacity","yes",100000,1,88
"9668","trawler","economic_buffers","medium",48117,0.48117,88
"9669","trawler","economic_buffers","high",51883,0.51883,88
"9670","trawler","economic_risk","low",88746,0.88746,88
"9671","trawler","economic_risk","medium",5871,0.05871,88
"9672","trawler","economic_risk","high",5383,0.05383,88
"9673","trawler","go_fishing","no",10751,0.10751,88
"9674","trawler","go_fishing","yes",89249,0.89249,88
"9675","trawler","individual_importance","high",100000,1,88
"9676","trawler","individual_risk","low",42755,0.42755,88
"9677","trawler","individual_risk","medium",41440,0.4144,88
"9678","trawler","individual_risk","high",15805,0.15805,88
"9679","trawler","societal_importance","high",100000,1,88
"9680","trawler","societal_risk","low",42755,0.42755,88
"9681","trawler","societal_risk","medium",41440,0.4144,88
"9682","trawler","societal_risk","high",15805,0.15805,88
"9683","trawler","strategy_to_change","cope",54266,0.54266,88
"9684","trawler","strategy_to_change","react",45734,0.45734,88
"9685","trawler","substitution_capacity","yes",100000,1,88
"9686","guide","economic_buffers","low",96836,0.96836,88
"9687","guide","economic_buffers","medium",3164,0.03164,88
"9688","guide","economic_risk","low",19096,0.19096,88
"9689","guide","economic_risk","medium",4490,0.0449,88
"9690","guide","economic_risk","high",76414,0.76414,88
"9691","guide","go_fishing","no",69979,0.69979,88
"9692","guide","go_fishing","yes",30021,0.30021,88
"9693","guide","individual_importance","high",100000,1,88
"9694","guide","individual_risk","low",10890,0.1089,88
"9695","guide","individual_risk","medium",13049,0.13049,88
"9696","guide","individual_risk","high",76061,0.76061,88
"9697","guide","societal_importance","medium",74914,0.74914,88
"9698","guide","societal_importance","high",25086,0.25086,88
"9699","guide","societal_risk","low",10890,0.1089,88
"9700","guide","societal_risk","medium",69988,0.69988,88
"9701","guide","societal_risk","high",19122,0.19122,88
"9702","guide","strategy_to_change","cope",83646,0.83646,88
"9703","guide","strategy_to_change","react",4274,0.04274,88
"9704","guide","strategy_to_change","adapt",12080,0.1208,88
"9705","guide","substitution_capacity","no",100000,1,88
"9706","recreational","economic_buffers","low",100000,1,89
"9707","recreational","economic_risk","low",61814,0.61814,89
"9708","recreational","economic_risk","medium",5739,0.05739,89
"9709","recreational","economic_risk","high",18179,0.18179,89
"9710","recreational","economic_risk","not_relevant",14268,0.14268,89
"9711","recreational","go_fishing","no",38631,0.38631,89
"9712","recreational","go_fishing","yes",61369,0.61369,89
"9713","recreational","individual_importance","medium",59672,0.59672,89
"9714","recreational","individual_importance","high",40328,0.40328,89
"9715","recreational","individual_risk","low",32330,0.3233,89
"9716","recreational","individual_risk","medium",39844,0.39844,89
"9717","recreational","individual_risk","high",13558,0.13558,89
"9718","recreational","individual_risk","not_relevant",14268,0.14268,89
"9719","recreational","societal_importance","medium",68596,0.68596,89
"9720","recreational","societal_importance","high",31404,0.31404,89
"9721","recreational","societal_risk","low",32330,0.3233,89
"9722","recreational","societal_risk","medium",42876,0.42876,89
"9723","recreational","societal_risk","high",10526,0.10526,89
"9724","recreational","societal_risk","not_relevant",14268,0.14268,89
"9725","recreational","strategy_to_change","not_relevant",14268,0.14268,89
"9726","recreational","strategy_to_change","cope",46023,0.46023,89
"9727","recreational","strategy_to_change","react",9634,0.09634,89
"9728","recreational","strategy_to_change","adapt",30075,0.30075,89
"9729","recreational","substitution_capacity","no",100000,1,89
"9730","small_scale","economic_buffers","low",40610,0.4061,89
"9731","small_scale","economic_buffers","medium",59390,0.5939,89
"9732","small_scale","economic_risk","low",56456,0.56456,89
"9733","small_scale","economic_risk","medium",15901,0.15901,89
"9734","small_scale","economic_risk","high",13412,0.13412,89
"9735","small_scale","economic_risk","not_relevant",14231,0.14231,89
"9736","small_scale","go_fishing","no",36921,0.36921,89
"9737","small_scale","go_fishing","yes",63079,0.63079,89
"9738","small_scale","individual_importance","medium",9304,0.09304,89
"9739","small_scale","individual_importance","high",90696,0.90696,89
"9740","small_scale","individual_risk","low",34274,0.34274,89
"9741","small_scale","individual_risk","medium",34508,0.34508,89
"9742","small_scale","individual_risk","high",16987,0.16987,89
"9743","small_scale","individual_risk","not_relevant",14231,0.14231,89
"9744","small_scale","societal_importance","high",100000,1,89
"9745","small_scale","societal_risk","low",34274,0.34274,89
"9746","small_scale","societal_risk","medium",32761,0.32761,89
"9747","small_scale","societal_risk","high",18734,0.18734,89
"9748","small_scale","societal_risk","not_relevant",14231,0.14231,89
"9749","small_scale","strategy_to_change","not_relevant",14231,0.14231,89
"9750","small_scale","strategy_to_change","cope",52801,0.52801,89
"9751","small_scale","strategy_to_change","react",31412,0.31412,89
"9752","small_scale","strategy_to_change","adapt",1556,0.01556,89
"9753","small_scale","substitution_capacity","no",52687,0.52687,89
"9754","small_scale","substitution_capacity","yes",47313,0.47313,89
"9755","household","economic_buffers","low",100000,1,89
"9756","household","economic_risk","low",68014,0.68014,89
"9757","household","economic_risk","medium",5876,0.05876,89
"9758","household","economic_risk","high",11866,0.11866,89
"9759","household","economic_risk","not_relevant",14244,0.14244,89
"9760","household","go_fishing","no",59750,0.5975,89
"9761","household","go_fishing","yes",40250,0.4025,89
"9762","household","individual_importance","medium",50863,0.50863,89
"9763","household","individual_importance","high",49137,0.49137,89
"9764","household","individual_risk","low",24600,0.246,89
"9765","household","individual_risk","medium",60957,0.60957,89
"9766","household","individual_risk","high",199,0.00199,89
"9767","household","individual_risk","not_relevant",14244,0.14244,89
"9768","household","societal_importance","medium",71103,0.71103,89
"9769","household","societal_importance","high",28897,0.28897,89
"9770","household","societal_risk","low",24600,0.246,89
"9771","household","societal_risk","medium",61033,0.61033,89
"9772","household","societal_risk","high",123,0.00123,89
"9773","household","societal_risk","not_relevant",14244,0.14244,89
"9774","household","strategy_to_change","not_relevant",14244,0.14244,89
"9775","household","strategy_to_change","cope",64495,0.64495,89
"9776","household","strategy_to_change","react",21261,0.21261,89
"9777","household","substitution_capacity","yes",100000,1,89
"9778","trawler","economic_buffers","medium",56720,0.5672,89
"9779","trawler","economic_buffers","high",43280,0.4328,89
"9780","trawler","economic_risk","low",87279,0.87279,89
"9781","trawler","economic_risk","medium",5608,0.05608,89
"9782","trawler","economic_risk","high",7113,0.07113,89
"9783","trawler","go_fishing","no",6688,0.06688,89
"9784","trawler","go_fishing","yes",93312,0.93312,89
"9785","trawler","individual_importance","high",100000,1,89
"9786","trawler","individual_risk","low",43721,0.43721,89
"9787","trawler","individual_risk","medium",39222,0.39222,89
"9788","trawler","individual_risk","high",17057,0.17057,89
"9789","trawler","societal_importance","high",100000,1,89
"9790","trawler","societal_risk","low",43721,0.43721,89
"9791","trawler","societal_risk","medium",39222,0.39222,89
"9792","trawler","societal_risk","high",17057,0.17057,89
"9793","trawler","strategy_to_change","cope",53406,0.53406,89
"9794","trawler","strategy_to_change","react",46594,0.46594,89
"9795","trawler","substitution_capacity","yes",100000,1,89
"9796","guide","economic_buffers","low",97039,0.97039,89
"9797","guide","economic_buffers","medium",2961,0.02961,89
"9798","guide","economic_risk","low",20196,0.20196,89
"9799","guide","economic_risk","medium",4015,0.04015,89
"9800","guide","economic_risk","high",75789,0.75789,89
"9801","guide","go_fishing","no",69273,0.69273,89
"9802","guide","go_fishing","yes",30727,0.30727,89
"9803","guide","individual_importance","high",100000,1,89
"9804","guide","individual_risk","low",12100,0.121,89
"9805","guide","individual_risk","medium",13054,0.13054,89
"9806","guide","individual_risk","high",74846,0.74846,89
"9807","guide","societal_importance","medium",80979,0.80979,89
"9808","guide","societal_importance","high",19021,0.19021,89
"9809","guide","societal_risk","low",12100,0.121,89
"9810","guide","societal_risk","medium",73599,0.73599,89
"9811","guide","societal_risk","high",14301,0.14301,89
"9812","guide","strategy_to_change","cope",80250,0.8025,89
"9813","guide","strategy_to_change","react",3621,0.03621,89
"9814","guide","strategy_to_change","adapt",16129,0.16129,89
"9815","guide","substitution_capacity","no",100000,1,89
"9816","recreational","economic_buffers","low",100000,1,90
"9817","recreational","economic_risk","low",69948,0.69948,90
"9818","recreational","economic_risk","medium",6341,0.06341,90
"9819","recreational","economic_risk","high",9363,0.09363,90
"9820","recreational","economic_risk","not_relevant",14348,0.14348,90
"9821","recreational","go_fishing","no",49351,0.49351,90
"9822","recreational","go_fishing","yes",50649,0.50649,90
"9823","recreational","individual_importance","medium",59691,0.59691,90
"9824","recreational","individual_importance","high",40309,0.40309,90
"9825","recreational","individual_risk","low",25543,0.25543,90
"9826","recreational","individual_risk","medium",41951,0.41951,90
"9827","recreational","individual_risk","high",18158,0.18158,90
"9828","recreational","individual_risk","not_relevant",14348,0.14348,90
"9829","recreational","societal_importance","medium",45283,0.45283,90
"9830","recreational","societal_importance","high",54717,0.54717,90
"9831","recreational","societal_risk","low",25543,0.25543,90
"9832","recreational","societal_risk","medium",35697,0.35697,90
"9833","recreational","societal_risk","high",24412,0.24412,90
"9834","recreational","societal_risk","not_relevant",14348,0.14348,90
"9835","recreational","strategy_to_change","not_relevant",14348,0.14348,90
"9836","recreational","strategy_to_change","cope",50197,0.50197,90
"9837","recreational","strategy_to_change","react",10760,0.1076,90
"9838","recreational","strategy_to_change","adapt",24695,0.24695,90
"9839","recreational","substitution_capacity","no",100000,1,90
"9840","small_scale","economic_buffers","low",95572,0.95572,90
"9841","small_scale","economic_buffers","medium",4428,0.04428,90
"9842","small_scale","economic_risk","low",51157,0.51157,90
"9843","small_scale","economic_risk","medium",19656,0.19656,90
"9844","small_scale","economic_risk","high",15079,0.15079,90
"9845","small_scale","economic_risk","not_relevant",14108,0.14108,90
"9846","small_scale","go_fishing","no",44212,0.44212,90
"9847","small_scale","go_fishing","yes",55788,0.55788,90
"9848","small_scale","individual_importance","medium",6945,0.06945,90
"9849","small_scale","individual_importance","high",93055,0.93055,90
"9850","small_scale","individual_risk","low",29904,0.29904,90
"9851","small_scale","individual_risk","medium",40069,0.40069,90
"9852","small_scale","individual_risk","high",15919,0.15919,90
"9853","small_scale","individual_risk","not_relevant",14108,0.14108,90
"9854","small_scale","societal_importance","medium",126,0.00126,90
"9855","small_scale","societal_importance","high",99874,0.99874,90
"9856","small_scale","societal_risk","low",29904,0.29904,90
"9857","small_scale","societal_risk","medium",38912,0.38912,90
"9858","small_scale","societal_risk","high",17076,0.17076,90
"9859","small_scale","societal_risk","not_relevant",14108,0.14108,90
"9860","small_scale","strategy_to_change","not_relevant",14108,0.14108,90
"9861","small_scale","strategy_to_change","cope",62628,0.62628,90
"9862","small_scale","strategy_to_change","react",20916,0.20916,90
"9863","small_scale","strategy_to_change","adapt",2348,0.02348,90
"9864","small_scale","substitution_capacity","no",37282,0.37282,90
"9865","small_scale","substitution_capacity","yes",62718,0.62718,90
"9866","household","economic_buffers","low",100000,1,90
"9867","household","economic_risk","low",68332,0.68332,90
"9868","household","economic_risk","medium",6009,0.06009,90
"9869","household","economic_risk","high",11481,0.11481,90
"9870","household","economic_risk","not_relevant",14178,0.14178,90
"9871","household","go_fishing","no",60961,0.60961,90
"9872","household","go_fishing","yes",39039,0.39039,90
"9873","household","individual_importance","medium",43932,0.43932,90
"9874","household","individual_importance","high",56068,0.56068,90
"9875","household","individual_risk","low",24084,0.24084,90
"9876","household","individual_risk","medium",61365,0.61365,90
"9877","household","individual_risk","high",373,0.00373,90
"9878","household","individual_risk","not_relevant",14178,0.14178,90
"9879","household","societal_importance","medium",79840,0.7984,90
"9880","household","societal_importance","high",20160,0.2016,90
"9881","household","societal_risk","low",24084,0.24084,90
"9882","household","societal_risk","medium",61613,0.61613,90
"9883","household","societal_risk","high",125,0.00125,90
"9884","household","societal_risk","not_relevant",14178,0.14178,90
"9885","household","strategy_to_change","not_relevant",14178,0.14178,90
"9886","household","strategy_to_change","cope",65017,0.65017,90
"9887","household","strategy_to_change","react",20805,0.20805,90
"9888","household","substitution_capacity","yes",100000,1,90
"9889","trawler","economic_buffers","medium",48997,0.48997,90
"9890","trawler","economic_buffers","high",51003,0.51003,90
"9891","trawler","economic_risk","low",86957,0.86957,90
"9892","trawler","economic_risk","medium",6660,0.0666,90
"9893","trawler","economic_risk","high",6383,0.06383,90
"9894","trawler","go_fishing","no",7021,0.07021,90
"9895","trawler","go_fishing","yes",92979,0.92979,90
"9896","trawler","individual_importance","high",100000,1,90
"9897","trawler","individual_risk","low",46680,0.4668,90
"9898","trawler","individual_risk","medium",33825,0.33825,90
"9899","trawler","individual_risk","high",19495,0.19495,90
"9900","trawler","societal_importance","high",100000,1,90
"9901","trawler","societal_risk","low",46680,0.4668,90
"9902","trawler","societal_risk","medium",33825,0.33825,90
"9903","trawler","societal_risk","high",19495,0.19495,90
"9904","trawler","strategy_to_change","cope",49569,0.49569,90
"9905","trawler","strategy_to_change","react",50431,0.50431,90
"9906","trawler","substitution_capacity","yes",100000,1,90
"9907","guide","economic_buffers","low",96931,0.96931,90
"9908","guide","economic_buffers","medium",3069,0.03069,90
"9909","guide","economic_risk","low",21642,0.21642,90
"9910","guide","economic_risk","medium",2888,0.02888,90
"9911","guide","economic_risk","high",75470,0.7547,90
"9912","guide","go_fishing","no",68375,0.68375,90
"9913","guide","go_fishing","yes",31625,0.31625,90
"9914","guide","individual_importance","high",100000,1,90
"9915","guide","individual_risk","low",11823,0.11823,90
"9916","guide","individual_risk","medium",12584,0.12584,90
"9917","guide","individual_risk","high",75593,0.75593,90
"9918","guide","societal_importance","medium",81030,0.8103,90
"9919","guide","societal_importance","high",18970,0.1897,90
"9920","guide","societal_risk","low",11823,0.11823,90
"9921","guide","societal_risk","medium",73802,0.73802,90
"9922","guide","societal_risk","high",14375,0.14375,90
"9923","guide","strategy_to_change","cope",81092,0.81092,90
"9924","guide","strategy_to_change","react",1507,0.01507,90
"9925","guide","strategy_to_change","adapt",17401,0.17401,90
"9926","guide","substitution_capacity","no",100000,1,90
"9927","recreational","economic_buffers","low",100000,1,91
"9928","recreational","economic_risk","low",80269,0.80269,91
"9929","recreational","economic_risk","medium",2638,0.02638,91
"9930","recreational","economic_risk","high",2812,0.02812,91
"9931","recreational","economic_risk","not_relevant",14281,0.14281,91
"9932","recreational","go_fishing","no",56765,0.56765,91
"9933","recreational","go_fishing","yes",43235,0.43235,91
"9934","recreational","individual_importance","low",240,0.0024,91
"9935","recreational","individual_importance","medium",48248,0.48248,91
"9936","recreational","individual_importance","high",51512,0.51512,91
"9937","recreational","individual_risk","low",20828,0.20828,91
"9938","recreational","individual_risk","medium",64390,0.6439,91
"9939","recreational","individual_risk","high",501,0.00501,91
"9940","recreational","individual_risk","not_relevant",14281,0.14281,91
"9941","recreational","societal_importance","medium",49930,0.4993,91
"9942","recreational","societal_importance","high",50070,0.5007,91
"9943","recreational","societal_risk","low",20672,0.20672,91
"9944","recreational","societal_risk","medium",64551,0.64551,91
"9945","recreational","societal_risk","high",496,0.00496,91
"9946","recreational","societal_risk","not_relevant",14281,0.14281,91
"9947","recreational","strategy_to_change","not_relevant",14281,0.14281,91
"9948","recreational","strategy_to_change","cope",50647,0.50647,91
"9949","recreational","strategy_to_change","react",4504,0.04504,91
"9950","recreational","strategy_to_change","adapt",30568,0.30568,91
"9951","recreational","substitution_capacity","yes",100000,1,91
"9952","small_scale","economic_buffers","low",92649,0.92649,91
"9953","small_scale","economic_buffers","medium",7351,0.07351,91
"9954","small_scale","economic_risk","low",44544,0.44544,91
"9955","small_scale","economic_risk","medium",23143,0.23143,91
"9956","small_scale","economic_risk","high",18006,0.18006,91
"9957","small_scale","economic_risk","not_relevant",14307,0.14307,91
"9958","small_scale","go_fishing","no",41019,0.41019,91
"9959","small_scale","go_fishing","yes",58981,0.58981,91
"9960","small_scale","individual_importance","low",5,5e-05,91
"9961","small_scale","individual_importance","medium",8282,0.08282,91
"9962","small_scale","individual_importance","high",91713,0.91713,91
"9963","small_scale","individual_risk","low",32456,0.32456,91
"9964","small_scale","individual_risk","medium",29765,0.29765,91
"9965","small_scale","individual_risk","high",23472,0.23472,91
"9966","small_scale","individual_risk","not_relevant",14307,0.14307,91
"9967","small_scale","societal_importance","high",100000,1,91
"9968","small_scale","societal_risk","low",32454,0.32454,91
"9969","small_scale","societal_risk","medium",27608,0.27608,91
"9970","small_scale","societal_risk","high",25631,0.25631,91
"9971","small_scale","societal_risk","not_relevant",14307,0.14307,91
"9972","small_scale","strategy_to_change","not_relevant",14307,0.14307,91
"9973","small_scale","strategy_to_change","cope",66398,0.66398,91
"9974","small_scale","strategy_to_change","react",19074,0.19074,91
"9975","small_scale","strategy_to_change","adapt",221,0.00221,91
"9976","small_scale","substitution_capacity","no",67855,0.67855,91
"9977","small_scale","substitution_capacity","yes",32145,0.32145,91
"9978","household","economic_buffers","low",100000,1,91
"9979","household","economic_risk","low",74110,0.7411,91
"9980","household","economic_risk","medium",4296,0.04296,91
"9981","household","economic_risk","high",7322,0.07322,91
"9982","household","economic_risk","not_relevant",14272,0.14272,91
"9983","household","go_fishing","no",63829,0.63829,91
"9984","household","go_fishing","yes",36171,0.36171,91
"9985","household","individual_importance","medium",52127,0.52127,91
"9986","household","individual_importance","high",47873,0.47873,91
"9987","household","individual_risk","low",21516,0.21516,91
"9988","household","individual_risk","medium",64004,0.64004,91
"9989","household","individual_risk","high",208,0.00208,91
"9990","household","individual_risk","not_relevant",14272,0.14272,91
"9991","household","societal_importance","medium",75822,0.75822,91
"9992","household","societal_importance","high",24178,0.24178,91
"9993","household","societal_risk","low",21516,0.21516,91
"9994","household","societal_risk","medium",64108,0.64108,91
"9995","household","societal_risk","high",104,0.00104,91
"9996","household","societal_risk","not_relevant",14272,0.14272,91
"9997","household","strategy_to_change","not_relevant",14272,0.14272,91
"9998","household","strategy_to_change","cope",71269,0.71269,91
"9999","household","strategy_to_change","react",14459,0.14459,91
"10000","household","substitution_capacity","yes",100000,1,91
"10001","trawler","economic_buffers","medium",49008,0.49008,91
"10002","trawler","economic_buffers","high",50992,0.50992,91
"10003","trawler","economic_risk","low",90517,0.90517,91
"10004","trawler","economic_risk","medium",4883,0.04883,91
"10005","trawler","economic_risk","high",4600,0.046,91
"10006","trawler","go_fishing","no",9219,0.09219,91
"10007","trawler","go_fishing","yes",90781,0.90781,91
"10008","trawler","individual_importance","high",100000,1,91
"10009","trawler","individual_risk","low",46364,0.46364,91
"10010","trawler","individual_risk","medium",39579,0.39579,91
"10011","trawler","individual_risk","high",14057,0.14057,91
"10012","trawler","societal_importance","high",100000,1,91
"10013","trawler","societal_risk","low",46364,0.46364,91
"10014","trawler","societal_risk","medium",39579,0.39579,91
"10015","trawler","societal_risk","high",14057,0.14057,91
"10016","trawler","strategy_to_change","cope",54165,0.54165,91
"10017","trawler","strategy_to_change","react",45835,0.45835,91
"10018","trawler","substitution_capacity","yes",100000,1,91
"10019","guide","economic_buffers","low",92876,0.92876,91
"10020","guide","economic_buffers","medium",7124,0.07124,91
"10021","guide","economic_risk","low",15891,0.15891,91
"10022","guide","economic_risk","medium",5914,0.05914,91
"10023","guide","economic_risk","high",78195,0.78195,91
"10024","guide","go_fishing","no",70941,0.70941,91
"10025","guide","go_fishing","yes",29059,0.29059,91
"10026","guide","individual_importance","high",100000,1,91
"10027","guide","individual_risk","low",11298,0.11298,91
"10028","guide","individual_risk","medium",12170,0.1217,91
"10029","guide","individual_risk","high",76532,0.76532,91
"10030","guide","societal_importance","medium",76824,0.76824,91
"10031","guide","societal_importance","high",23176,0.23176,91
"10032","guide","societal_risk","low",11298,0.11298,91
"10033","guide","societal_risk","medium",70942,0.70942,91
"10034","guide","societal_risk","high",17760,0.1776,91
"10035","guide","strategy_to_change","cope",84903,0.84903,91
"10036","guide","strategy_to_change","react",1878,0.01878,91
"10037","guide","strategy_to_change","adapt",13219,0.13219,91
"10038","guide","substitution_capacity","no",100000,1,91
"10039","recreational","economic_buffers","low",100000,1,92
"10040","recreational","economic_risk","low",66537,0.66537,92
"10041","recreational","economic_risk","medium",9662,0.09662,92
"10042","recreational","economic_risk","high",9492,0.09492,92
"10043","recreational","economic_risk","not_relevant",14309,0.14309,92
"10044","recreational","go_fishing","no",43404,0.43404,92
"10045","recreational","go_fishing","yes",56596,0.56596,92
"10046","recreational","individual_importance","medium",52787,0.52787,92
"10047","recreational","individual_importance","high",47213,0.47213,92
"10048","recreational","individual_risk","low",27080,0.2708,92
"10049","recreational","individual_risk","medium",40254,0.40254,92
"10050","recreational","individual_risk","high",18357,0.18357,92
"10051","recreational","individual_risk","not_relevant",14309,0.14309,92
"10052","recreational","societal_importance","medium",72737,0.72737,92
"10053","recreational","societal_importance","high",27263,0.27263,92
"10054","recreational","societal_risk","low",27080,0.2708,92
"10055","recreational","societal_risk","medium",48045,0.48045,92
"10056","recreational","societal_risk","high",10566,0.10566,92
"10057","recreational","societal_risk","not_relevant",14309,0.14309,92
"10058","recreational","strategy_to_change","not_relevant",14309,0.14309,92
"10059","recreational","strategy_to_change","cope",47033,0.47033,92
"10060","recreational","strategy_to_change","react",16301,0.16301,92
"10061","recreational","strategy_to_change","adapt",22357,0.22357,92
"10062","recreational","substitution_capacity","no",100000,1,92
"10063","small_scale","economic_buffers","low",95837,0.95837,92
"10064","small_scale","economic_buffers","medium",4163,0.04163,92
"10065","small_scale","economic_risk","low",46281,0.46281,92
"10066","small_scale","economic_risk","medium",22317,0.22317,92
"10067","small_scale","economic_risk","high",17055,0.17055,92
"10068","small_scale","economic_risk","not_relevant",14347,0.14347,92
"10069","small_scale","go_fishing","no",35590,0.3559,92
"10070","small_scale","go_fishing","yes",64410,0.6441,92
"10071","small_scale","individual_importance","medium",11685,0.11685,92
"10072","small_scale","individual_importance","high",88315,0.88315,92
"10073","small_scale","individual_risk","low",35606,0.35606,92
"10074","small_scale","individual_risk","medium",35199,0.35199,92
"10075","small_scale","individual_risk","high",14848,0.14848,92
"10076","small_scale","individual_risk","not_relevant",14347,0.14347,92
"10077","small_scale","societal_importance","high",100000,1,92
"10078","small_scale","societal_risk","low",35606,0.35606,92
"10079","small_scale","societal_risk","medium",33231,0.33231,92
"10080","small_scale","societal_risk","high",16816,0.16816,92
"10081","small_scale","societal_risk","not_relevant",14347,0.14347,92
"10082","small_scale","strategy_to_change","not_relevant",14347,0.14347,92
"10083","small_scale","strategy_to_change","cope",60977,0.60977,92
"10084","small_scale","strategy_to_change","react",24038,0.24038,92
"10085","small_scale","strategy_to_change","adapt",638,0.00638,92
"10086","small_scale","substitution_capacity","no",47485,0.47485,92
"10087","small_scale","substitution_capacity","yes",52515,0.52515,92
"10088","household","economic_buffers","low",100000,1,92
"10089","household","economic_risk","low",68379,0.68379,92
"10090","household","economic_risk","medium",5873,0.05873,92
"10091","household","economic_risk","high",11605,0.11605,92
"10092","household","economic_risk","not_relevant",14143,0.14143,92
"10093","household","go_fishing","no",62736,0.62736,92
"10094","household","go_fishing","yes",37264,0.37264,92
"10095","household","individual_importance","medium",45249,0.45249,92
"10096","household","individual_importance","high",54751,0.54751,92
"10097","household","individual_risk","low",24411,0.24411,92
"10098","household","individual_risk","medium",61239,0.61239,92
"10099","household","individual_risk","high",207,0.00207,92
"10100","household","individual_risk","not_relevant",14143,0.14143,92
"10101","household","societal_importance","medium",81062,0.81062,92
"10102","household","societal_importance","high",18938,0.18938,92
"10103","household","societal_risk","low",24411,0.24411,92
"10104","household","societal_risk","medium",61376,0.61376,92
"10105","household","societal_risk","high",70,7e-04,92
"10106","household","societal_risk","not_relevant",14143,0.14143,92
"10107","household","strategy_to_change","not_relevant",14143,0.14143,92
"10108","household","strategy_to_change","cope",65772,0.65772,92
"10109","household","strategy_to_change","react",20085,0.20085,92
"10110","household","substitution_capacity","yes",100000,1,92
"10111","trawler","economic_buffers","medium",46996,0.46996,92
"10112","trawler","economic_buffers","high",53004,0.53004,92
"10113","trawler","economic_risk","low",91063,0.91063,92
"10114","trawler","economic_risk","medium",4825,0.04825,92
"10115","trawler","economic_risk","high",4112,0.04112,92
"10116","trawler","go_fishing","no",13612,0.13612,92
"10117","trawler","go_fishing","yes",86388,0.86388,92
"10118","trawler","individual_importance","high",100000,1,92
"10119","trawler","individual_risk","low",45509,0.45509,92
"10120","trawler","individual_risk","medium",39566,0.39566,92
"10121","trawler","individual_risk","high",14925,0.14925,92
"10122","trawler","societal_importance","high",100000,1,92
"10123","trawler","societal_risk","low",45509,0.45509,92
"10124","trawler","societal_risk","medium",39566,0.39566,92
"10125","trawler","societal_risk","high",14925,0.14925,92
"10126","trawler","strategy_to_change","cope",62322,0.62322,92
"10127","trawler","strategy_to_change","react",37678,0.37678,92
"10128","trawler","substitution_capacity","yes",100000,1,92
"10129","guide","economic_buffers","low",98057,0.98057,92
"10130","guide","economic_buffers","medium",1943,0.01943,92
"10131","guide","economic_risk","low",31886,0.31886,92
"10132","guide","economic_risk","medium",1691,0.01691,92
"10133","guide","economic_risk","high",66423,0.66423,92
"10134","guide","go_fishing","no",63482,0.63482,92
"10135","guide","go_fishing","yes",36518,0.36518,92
"10136","guide","individual_importance","high",100000,1,92
"10137","guide","individual_risk","low",14155,0.14155,92
"10138","guide","individual_risk","medium",15293,0.15293,92
"10139","guide","individual_risk","high",70552,0.70552,92
"10140","guide","societal_importance","medium",79936,0.79936,92
"10141","guide","societal_importance","high",20064,0.20064,92
"10142","guide","societal_risk","low",14155,0.14155,92
"10143","guide","societal_risk","medium",71753,0.71753,92
"10144","guide","societal_risk","high",14092,0.14092,92
"10145","guide","strategy_to_change","cope",75534,0.75534,92
"10146","guide","strategy_to_change","react",843,0.00843,92
"10147","guide","strategy_to_change","adapt",23623,0.23623,92
"10148","guide","substitution_capacity","no",100000,1,92
"10149","recreational","economic_buffers","low",100000,1,93
"10150","recreational","economic_risk","low",70436,0.70436,93
"10151","recreational","economic_risk","medium",9255,0.09255,93
"10152","recreational","economic_risk","high",5807,0.05807,93
"10153","recreational","economic_risk","not_relevant",14502,0.14502,93
"10154","recreational","go_fishing","no",48923,0.48923,93
"10155","recreational","go_fishing","yes",51077,0.51077,93
"10156","recreational","individual_importance","medium",61829,0.61829,93
"10157","recreational","individual_importance","high",38171,0.38171,93
"10158","recreational","individual_risk","low",26544,0.26544,93
"10159","recreational","individual_risk","medium",58686,0.58686,93
"10160","recreational","individual_risk","high",268,0.00268,93
"10161","recreational","individual_risk","not_relevant",14502,0.14502,93
"10162","recreational","societal_importance","medium",81824,0.81824,93
"10163","recreational","societal_importance","high",18176,0.18176,93
"10164","recreational","societal_risk","low",26544,0.26544,93
"10165","recreational","societal_risk","medium",58845,0.58845,93
"10166","recreational","societal_risk","high",109,0.00109,93
"10167","recreational","societal_risk","not_relevant",14502,0.14502,93
"10168","recreational","strategy_to_change","not_relevant",14502,0.14502,93
"10169","recreational","strategy_to_change","cope",41603,0.41603,93
"10170","recreational","strategy_to_change","react",15431,0.15431,93
"10171","recreational","strategy_to_change","adapt",28464,0.28464,93
"10172","recreational","substitution_capacity","yes",100000,1,93
"10173","small_scale","economic_buffers","low",74302,0.74302,93
"10174","small_scale","economic_buffers","medium",25698,0.25698,93
"10175","small_scale","economic_risk","low",50879,0.50879,93
"10176","small_scale","economic_risk","medium",19511,0.19511,93
"10177","small_scale","economic_risk","high",15167,0.15167,93
"10178","small_scale","economic_risk","not_relevant",14443,0.14443,93
"10179","small_scale","go_fishing","no",42863,0.42863,93
"10180","small_scale","go_fishing","yes",57137,0.57137,93
"10181","small_scale","individual_importance","medium",8214,0.08214,93
"10182","small_scale","individual_importance","high",91786,0.91786,93
"10183","small_scale","individual_risk","low",30291,0.30291,93
"10184","small_scale","individual_risk","medium",34102,0.34102,93
"10185","small_scale","individual_risk","high",21164,0.21164,93
"10186","small_scale","individual_risk","not_relevant",14443,0.14443,93
"10187","small_scale","societal_importance","high",100000,1,93
"10188","small_scale","societal_risk","low",30291,0.30291,93
"10189","small_scale","societal_risk","medium",32309,0.32309,93
"10190","small_scale","societal_risk","high",22957,0.22957,93
"10191","small_scale","societal_risk","not_relevant",14443,0.14443,93
"10192","small_scale","strategy_to_change","not_relevant",14443,0.14443,93
"10193","small_scale","strategy_to_change","cope",64527,0.64527,93
"10194","small_scale","strategy_to_change","react",19966,0.19966,93
"10195","small_scale","strategy_to_change","adapt",1064,0.01064,93
"10196","small_scale","substitution_capacity","no",56316,0.56316,93
"10197","small_scale","substitution_capacity","yes",43684,0.43684,93
"10198","household","economic_buffers","low",100000,1,93
"10199","household","economic_risk","low",73341,0.73341,93
"10200","household","economic_risk","medium",3862,0.03862,93
"10201","household","economic_risk","high",8604,0.08604,93
"10202","household","economic_risk","not_relevant",14193,0.14193,93
"10203","household","go_fishing","no",65311,0.65311,93
"10204","household","go_fishing","yes",34689,0.34689,93
"10205","household","individual_importance","medium",49005,0.49005,93
"10206","household","individual_importance","high",50995,0.50995,93
"10207","household","individual_risk","low",20284,0.20284,93
"10208","household","individual_risk","medium",65382,0.65382,93
"10209","household","individual_risk","high",141,0.00141,93
"10210","household","individual_risk","not_relevant",14193,0.14193,93
"10211","household","societal_importance","medium",84054,0.84054,93
"10212","household","societal_importance","high",15946,0.15946,93
"10213","household","societal_risk","low",20284,0.20284,93
"10214","household","societal_risk","medium",65482,0.65482,93
"10215","household","societal_risk","high",41,0.00041,93
"10216","household","societal_risk","not_relevant",14193,0.14193,93
"10217","household","strategy_to_change","not_relevant",14193,0.14193,93
"10218","household","strategy_to_change","cope",69509,0.69509,93
"10219","household","strategy_to_change","react",16298,0.16298,93
"10220","household","substitution_capacity","yes",100000,1,93
"10221","trawler","economic_buffers","medium",46844,0.46844,93
"10222","trawler","economic_buffers","high",53156,0.53156,93
"10223","trawler","economic_risk","low",90366,0.90366,93
"10224","trawler","economic_risk","medium",5182,0.05182,93
"10225","trawler","economic_risk","high",4452,0.04452,93
"10226","trawler","go_fishing","no",14849,0.14849,93
"10227","trawler","go_fishing","yes",85151,0.85151,93
"10228","trawler","individual_importance","high",100000,1,93
"10229","trawler","individual_risk","low",43143,0.43143,93
"10230","trawler","individual_risk","medium",43252,0.43252,93
"10231","trawler","individual_risk","high",13605,0.13605,93
"10232","trawler","societal_importance","high",100000,1,93
"10233","trawler","societal_risk","low",43143,0.43143,93
"10234","trawler","societal_risk","medium",43252,0.43252,93
"10235","trawler","societal_risk","high",13605,0.13605,93
"10236","trawler","strategy_to_change","cope",59705,0.59705,93
"10237","trawler","strategy_to_change","react",40295,0.40295,93
"10238","trawler","substitution_capacity","yes",100000,1,93
"10239","guide","economic_buffers","low",98993,0.98993,93
"10240","guide","economic_buffers","medium",1007,0.01007,93
"10241","guide","economic_risk","low",23584,0.23584,93
"10242","guide","economic_risk","medium",1995,0.01995,93
"10243","guide","economic_risk","high",74421,0.74421,93
"10244","guide","go_fishing","no",66166,0.66166,93
"10245","guide","go_fishing","yes",33834,0.33834,93
"10246","guide","individual_importance","high",100000,1,93
"10247","guide","individual_risk","low",13432,0.13432,93
"10248","guide","individual_risk","medium",14875,0.14875,93
"10249","guide","individual_risk","high",71693,0.71693,93
"10250","guide","societal_importance","medium",80107,0.80107,93
"10251","guide","societal_importance","high",19893,0.19893,93
"10252","guide","societal_risk","low",13432,0.13432,93
"10253","guide","societal_risk","medium",72324,0.72324,93
"10254","guide","societal_risk","high",14244,0.14244,93
"10255","guide","strategy_to_change","cope",80898,0.80898,93
"10256","guide","strategy_to_change","react",2349,0.02349,93
"10257","guide","strategy_to_change","adapt",16753,0.16753,93
"10258","guide","substitution_capacity","no",100000,1,93
"10259","recreational","economic_buffers","low",100000,1,94
"10260","recreational","economic_risk","low",73736,0.73736,94
"10261","recreational","economic_risk","medium",5685,0.05685,94
"10262","recreational","economic_risk","high",6187,0.06187,94
"10263","recreational","economic_risk","not_relevant",14392,0.14392,94
"10264","recreational","go_fishing","no",44783,0.44783,94
"10265","recreational","go_fishing","yes",55217,0.55217,94
"10266","recreational","individual_importance","medium",41656,0.41656,94
"10267","recreational","individual_importance","high",58344,0.58344,94
"10268","recreational","individual_risk","low",26267,0.26267,94
"10269","recreational","individual_risk","medium",35949,0.35949,94
"10270","recreational","individual_risk","high",23392,0.23392,94
"10271","recreational","individual_risk","not_relevant",14392,0.14392,94
"10272","recreational","societal_importance","medium",59074,0.59074,94
"10273","recreational","societal_importance","high",40926,0.40926,94
"10274","recreational","societal_risk","low",26267,0.26267,94
"10275","recreational","societal_risk","medium",43025,0.43025,94
"10276","recreational","societal_risk","high",16316,0.16316,94
"10277","recreational","societal_risk","not_relevant",14392,0.14392,94
"10278","recreational","strategy_to_change","not_relevant",14392,0.14392,94
"10279","recreational","strategy_to_change","cope",47455,0.47455,94
"10280","recreational","strategy_to_change","react",9599,0.09599,94
"10281","recreational","strategy_to_change","adapt",28554,0.28554,94
"10282","recreational","substitution_capacity","no",100000,1,94
"10283","small_scale","economic_buffers","low",98043,0.98043,94
"10284","small_scale","economic_buffers","medium",1957,0.01957,94
"10285","small_scale","economic_risk","low",40843,0.40843,94
"10286","small_scale","economic_risk","medium",25374,0.25374,94
"10287","small_scale","economic_risk","high",19442,0.19442,94
"10288","small_scale","economic_risk","not_relevant",14341,0.14341,94
"10289","small_scale","go_fishing","no",37802,0.37802,94
"10290","small_scale","go_fishing","yes",62198,0.62198,94
"10291","small_scale","individual_importance","medium",3044,0.03044,94
"10292","small_scale","individual_importance","high",96956,0.96956,94
"10293","small_scale","individual_risk","low",34487,0.34487,94
"10294","small_scale","individual_risk","medium",29889,0.29889,94
"10295","small_scale","individual_risk","high",21283,0.21283,94
"10296","small_scale","individual_risk","not_relevant",14341,0.14341,94
"10297","small_scale","societal_importance","high",100000,1,94
"10298","small_scale","societal_risk","low",34487,0.34487,94
"10299","small_scale","societal_risk","medium",29222,0.29222,94
"10300","small_scale","societal_risk","high",21950,0.2195,94
"10301","small_scale","societal_risk","not_relevant",14341,0.14341,94
"10302","small_scale","strategy_to_change","not_relevant",14341,0.14341,94
"10303","small_scale","strategy_to_change","cope",56609,0.56609,94
"10304","small_scale","strategy_to_change","react",26207,0.26207,94
"10305","small_scale","strategy_to_change","adapt",2843,0.02843,94
"10306","small_scale","substitution_capacity","no",63422,0.63422,94
"10307","small_scale","substitution_capacity","yes",36578,0.36578,94
"10308","household","economic_buffers","low",100000,1,94
"10309","household","economic_risk","low",69235,0.69235,94
"10310","household","economic_risk","medium",5780,0.0578,94
"10311","household","economic_risk","high",10590,0.1059,94
"10312","household","economic_risk","not_relevant",14395,0.14395,94
"10313","household","go_fishing","no",65957,0.65957,94
"10314","household","go_fishing","yes",34043,0.34043,94
"10315","household","individual_importance","medium",40702,0.40702,94
"10316","household","individual_importance","high",59298,0.59298,94
"10317","household","individual_risk","low",20759,0.20759,94
"10318","household","individual_risk","medium",64714,0.64714,94
"10319","household","individual_risk","high",132,0.00132,94
"10320","household","individual_risk","not_relevant",14395,0.14395,94
"10321","household","societal_importance","medium",83025,0.83025,94
"10322","household","societal_importance","high",16975,0.16975,94
"10323","household","societal_risk","low",20759,0.20759,94
"10324","household","societal_risk","medium",64813,0.64813,94
"10325","household","societal_risk","high",33,0.00033,94
"10326","household","societal_risk","not_relevant",14395,0.14395,94
"10327","household","strategy_to_change","not_relevant",14395,0.14395,94
"10328","household","strategy_to_change","cope",66467,0.66467,94
"10329","household","strategy_to_change","react",19138,0.19138,94
"10330","household","substitution_capacity","yes",100000,1,94
"10331","trawler","economic_buffers","medium",46040,0.4604,94
"10332","trawler","economic_buffers","high",53960,0.5396,94
"10333","trawler","economic_risk","low",90954,0.90954,94
"10334","trawler","economic_risk","medium",4936,0.04936,94
"10335","trawler","economic_risk","high",4110,0.0411,94
"10336","trawler","go_fishing","no",14855,0.14855,94
"10337","trawler","go_fishing","yes",85145,0.85145,94
"10338","trawler","individual_importance","high",100000,1,94
"10339","trawler","individual_risk","low",44397,0.44397,94
"10340","trawler","individual_risk","medium",43952,0.43952,94
"10341","trawler","individual_risk","high",11651,0.11651,94
"10342","trawler","societal_importance","high",100000,1,94
"10343","trawler","societal_risk","low",44397,0.44397,94
"10344","trawler","societal_risk","medium",43952,0.43952,94
"10345","trawler","societal_risk","high",11651,0.11651,94
"10346","trawler","strategy_to_change","cope",57787,0.57787,94
"10347","trawler","strategy_to_change","react",42213,0.42213,94
"10348","trawler","substitution_capacity","yes",100000,1,94
"10349","guide","economic_buffers","low",98011,0.98011,94
"10350","guide","economic_buffers","medium",1989,0.01989,94
"10351","guide","economic_risk","low",26650,0.2665,94
"10352","guide","economic_risk","medium",2794,0.02794,94
"10353","guide","economic_risk","high",70556,0.70556,94
"10354","guide","go_fishing","no",68169,0.68169,94
"10355","guide","go_fishing","yes",31831,0.31831,94
"10356","guide","individual_importance","high",100000,1,94
"10357","guide","individual_risk","low",11472,0.11472,94
"10358","guide","individual_risk","medium",13297,0.13297,94
"10359","guide","individual_risk","high",75231,0.75231,94
"10360","guide","societal_importance","medium",84099,0.84099,94
"10361","guide","societal_importance","high",15901,0.15901,94
"10362","guide","societal_risk","low",11472,0.11472,94
"10363","guide","societal_risk","medium",76600,0.766,94
"10364","guide","societal_risk","high",11928,0.11928,94
"10365","guide","strategy_to_change","cope",83901,0.83901,94
"10366","guide","strategy_to_change","react",2592,0.02592,94
"10367","guide","strategy_to_change","adapt",13507,0.13507,94
"10368","guide","substitution_capacity","no",100000,1,94
"10369","recreational","economic_buffers","low",100000,1,95
"10370","recreational","economic_risk","low",61873,0.61873,95
"10371","recreational","economic_risk","medium",5830,0.0583,95
"10372","recreational","economic_risk","high",18197,0.18197,95
"10373","recreational","economic_risk","not_relevant",14100,0.141,95
"10374","recreational","go_fishing","no",39976,0.39976,95
"10375","recreational","go_fishing","yes",60024,0.60024,95
"10376","recreational","individual_importance","medium",49871,0.49871,95
"10377","recreational","individual_importance","high",50129,0.50129,95
"10378","recreational","individual_risk","low",31502,0.31502,95
"10379","recreational","individual_risk","medium",37163,0.37163,95
"10380","recreational","individual_risk","high",17235,0.17235,95
"10381","recreational","individual_risk","not_relevant",14100,0.141,95
"10382","recreational","societal_importance","medium",50581,0.50581,95
"10383","recreational","societal_importance","high",49419,0.49419,95
"10384","recreational","societal_risk","low",31502,0.31502,95
"10385","recreational","societal_risk","medium",37494,0.37494,95
"10386","recreational","societal_risk","high",16904,0.16904,95
"10387","recreational","societal_risk","not_relevant",14100,0.141,95
"10388","recreational","strategy_to_change","not_relevant",14100,0.141,95
"10389","recreational","strategy_to_change","cope",47367,0.47367,95
"10390","recreational","strategy_to_change","react",9848,0.09848,95
"10391","recreational","strategy_to_change","adapt",28685,0.28685,95
"10392","recreational","substitution_capacity","no",100000,1,95
"10393","small_scale","economic_buffers","low",72060,0.7206,95
"10394","small_scale","economic_buffers","medium",27940,0.2794,95
"10395","small_scale","economic_risk","low",47071,0.47071,95
"10396","small_scale","economic_risk","medium",21362,0.21362,95
"10397","small_scale","economic_risk","high",17119,0.17119,95
"10398","small_scale","economic_risk","not_relevant",14448,0.14448,95
"10399","small_scale","go_fishing","no",43064,0.43064,95
"10400","small_scale","go_fishing","yes",56936,0.56936,95
"10401","small_scale","individual_importance","medium",6818,0.06818,95
"10402","small_scale","individual_importance","high",93182,0.93182,95
"10403","small_scale","individual_risk","low",27263,0.27263,95
"10404","small_scale","individual_risk","medium",35144,0.35144,95
"10405","small_scale","individual_risk","high",23145,0.23145,95
"10406","small_scale","individual_risk","not_relevant",14448,0.14448,95
"10407","small_scale","societal_importance","high",100000,1,95
"10408","small_scale","societal_risk","low",27263,0.27263,95
"10409","small_scale","societal_risk","medium",33521,0.33521,95
"10410","small_scale","societal_risk","high",24768,0.24768,95
"10411","small_scale","societal_risk","not_relevant",14448,0.14448,95
"10412","small_scale","strategy_to_change","not_relevant",14448,0.14448,95
"10413","small_scale","strategy_to_change","cope",65318,0.65318,95
"10414","small_scale","strategy_to_change","react",20219,0.20219,95
"10415","small_scale","strategy_to_change","adapt",15,0.00015,95
"10416","small_scale","substitution_capacity","no",60010,0.6001,95
"10417","small_scale","substitution_capacity","yes",39990,0.3999,95
"10418","household","economic_buffers","low",100000,1,95
"10419","household","economic_risk","low",71654,0.71654,95
"10420","household","economic_risk","medium",5058,0.05058,95
"10421","household","economic_risk","high",9086,0.09086,95
"10422","household","economic_risk","not_relevant",14202,0.14202,95
"10423","household","go_fishing","no",63464,0.63464,95
"10424","household","go_fishing","yes",36536,0.36536,95
"10425","household","individual_importance","medium",44122,0.44122,95
"10426","household","individual_importance","high",55878,0.55878,95
"10427","household","individual_risk","low",21412,0.21412,95
"10428","household","individual_risk","medium",64244,0.64244,95
"10429","household","individual_risk","high",142,0.00142,95
"10430","household","individual_risk","not_relevant",14202,0.14202,95
"10431","household","societal_importance","medium",84897,0.84897,95
"10432","household","societal_importance","high",15103,0.15103,95
"10433","household","societal_risk","low",21412,0.21412,95
"10434","household","societal_risk","medium",64346,0.64346,95
"10435","household","societal_risk","high",40,4e-04,95
"10436","household","societal_risk","not_relevant",14202,0.14202,95
"10437","household","strategy_to_change","not_relevant",14202,0.14202,95
"10438","household","strategy_to_change","cope",69673,0.69673,95
"10439","household","strategy_to_change","react",16125,0.16125,95
"10440","household","substitution_capacity","yes",100000,1,95
"10441","trawler","economic_buffers","medium",41827,0.41827,95
"10442","trawler","economic_buffers","high",58173,0.58173,95
"10443","trawler","economic_risk","low",90331,0.90331,95
"10444","trawler","economic_risk","medium",5682,0.05682,95
"10445","trawler","economic_risk","high",3987,0.03987,95
"10446","trawler","go_fishing","no",9702,0.09702,95
"10447","trawler","go_fishing","yes",90298,0.90298,95
"10448","trawler","individual_importance","high",100000,1,95
"10449","trawler","individual_risk","low",39897,0.39897,95
"10450","trawler","individual_risk","medium",43718,0.43718,95
"10451","trawler","individual_risk","high",16385,0.16385,95
"10452","trawler","societal_importance","high",100000,1,95
"10453","trawler","societal_risk","low",39897,0.39897,95
"10454","trawler","societal_risk","medium",43718,0.43718,95
"10455","trawler","societal_risk","high",16385,0.16385,95
"10456","trawler","strategy_to_change","cope",59447,0.59447,95
"10457","trawler","strategy_to_change","react",40553,0.40553,95
"10458","trawler","substitution_capacity","yes",100000,1,95
"10459","guide","economic_buffers","low",96978,0.96978,95
"10460","guide","economic_buffers","medium",3022,0.03022,95
"10461","guide","economic_risk","low",23834,0.23834,95
"10462","guide","economic_risk","medium",3736,0.03736,95
"10463","guide","economic_risk","high",72430,0.7243,95
"10464","guide","go_fishing","no",69313,0.69313,95
"10465","guide","go_fishing","yes",30687,0.30687,95
"10466","guide","individual_importance","high",100000,1,95
"10467","guide","individual_risk","low",10723,0.10723,95
"10468","guide","individual_risk","medium",14334,0.14334,95
"10469","guide","individual_risk","high",74943,0.74943,95
"10470","guide","societal_importance","medium",84897,0.84897,95
"10471","guide","societal_importance","high",15103,0.15103,95
"10472","guide","societal_risk","low",10723,0.10723,95
"10473","guide","societal_risk","medium",77928,0.77928,95
"10474","guide","societal_risk","high",11349,0.11349,95
"10475","guide","strategy_to_change","cope",77800,0.778,95
"10476","guide","strategy_to_change","react",3064,0.03064,95
"10477","guide","strategy_to_change","adapt",19136,0.19136,95
"10478","guide","substitution_capacity","no",100000,1,95
"10479","recreational","economic_buffers","low",100000,1,96
"10480","recreational","economic_risk","low",73717,0.73717,96
"10481","recreational","economic_risk","medium",7295,0.07295,96
"10482","recreational","economic_risk","high",4759,0.04759,96
"10483","recreational","economic_risk","not_relevant",14229,0.14229,96
"10484","recreational","go_fishing","no",54458,0.54458,96
"10485","recreational","go_fishing","yes",45542,0.45542,96
"10486","recreational","individual_importance","medium",52364,0.52364,96
"10487","recreational","individual_importance","high",47636,0.47636,96
"10488","recreational","individual_risk","low",22631,0.22631,96
"10489","recreational","individual_risk","medium",54118,0.54118,96
"10490","recreational","individual_risk","high",9022,0.09022,96
"10491","recreational","individual_risk","not_relevant",14229,0.14229,96
"10492","recreational","societal_importance","medium",54689,0.54689,96
"10493","recreational","societal_importance","high",45311,0.45311,96
"10494","recreational","societal_risk","low",22631,0.22631,96
"10495","recreational","societal_risk","medium",54530,0.5453,96
"10496","recreational","societal_risk","high",8610,0.0861,96
"10497","recreational","societal_risk","not_relevant",14229,0.14229,96
"10498","recreational","strategy_to_change","not_relevant",14229,0.14229,96
"10499","recreational","strategy_to_change","cope",47294,0.47294,96
"10500","recreational","strategy_to_change","react",12344,0.12344,96
"10501","recreational","strategy_to_change","adapt",26133,0.26133,96
"10502","recreational","substitution_capacity","no",37700,0.377,96
"10503","recreational","substitution_capacity","yes",62300,0.623,96
"10504","small_scale","economic_buffers","low",9274,0.09274,96
"10505","small_scale","economic_buffers","medium",90726,0.90726,96
"10506","small_scale","economic_risk","low",63559,0.63559,96
"10507","small_scale","economic_risk","medium",11406,0.11406,96
"10508","small_scale","economic_risk","high",10764,0.10764,96
"10509","small_scale","economic_risk","not_relevant",14271,0.14271,96
"10510","small_scale","go_fishing","no",37207,0.37207,96
"10511","small_scale","go_fishing","yes",62793,0.62793,96
"10512","small_scale","individual_importance","medium",8671,0.08671,96
"10513","small_scale","individual_importance","high",91329,0.91329,96
"10514","small_scale","individual_risk","low",35652,0.35652,96
"10515","small_scale","individual_risk","medium",28206,0.28206,96
"10516","small_scale","individual_risk","high",21871,0.21871,96
"10517","small_scale","individual_risk","not_relevant",14271,0.14271,96
"10518","small_scale","societal_importance","high",100000,1,96
"10519","small_scale","societal_risk","low",35652,0.35652,96
"10520","small_scale","societal_risk","medium",26126,0.26126,96
"10521","small_scale","societal_risk","high",23951,0.23951,96
"10522","small_scale","societal_risk","not_relevant",14271,0.14271,96
"10523","small_scale","strategy_to_change","not_relevant",14271,0.14271,96
"10524","small_scale","strategy_to_change","cope",57160,0.5716,96
"10525","small_scale","strategy_to_change","react",27624,0.27624,96
"10526","small_scale","strategy_to_change","adapt",945,0.00945,96
"10527","small_scale","substitution_capacity","no",69543,0.69543,96
"10528","small_scale","substitution_capacity","yes",30457,0.30457,96
"10529","household","economic_buffers","low",100000,1,96
"10530","household","economic_risk","low",71877,0.71877,96
"10531","household","economic_risk","medium",4882,0.04882,96
"10532","household","economic_risk","high",9042,0.09042,96
"10533","household","economic_risk","not_relevant",14199,0.14199,96
"10534","household","go_fishing","no",63802,0.63802,96
"10535","household","go_fishing","yes",36198,0.36198,96
"10536","household","individual_importance","medium",47880,0.4788,96
"10537","household","individual_importance","high",52120,0.5212,96
"10538","household","individual_risk","low",22027,0.22027,96
"10539","household","individual_risk","medium",63571,0.63571,96
"10540","household","individual_risk","high",203,0.00203,96
"10541","household","individual_risk","not_relevant",14199,0.14199,96
"10542","household","societal_importance","medium",79074,0.79074,96
"10543","household","societal_importance","high",20926,0.20926,96
"10544","household","societal_risk","low",22027,0.22027,96
"10545","household","societal_risk","medium",63687,0.63687,96
"10546","household","societal_risk","high",87,0.00087,96
"10547","household","societal_risk","not_relevant",14199,0.14199,96
"10548","household","strategy_to_change","not_relevant",14199,0.14199,96
"10549","household","strategy_to_change","cope",68251,0.68251,96
"10550","household","strategy_to_change","react",17550,0.1755,96
"10551","household","substitution_capacity","yes",100000,1,96
"10552","trawler","economic_buffers","medium",54074,0.54074,96
"10553","trawler","economic_buffers","high",45926,0.45926,96
"10554","trawler","economic_risk","low",88872,0.88872,96
"10555","trawler","economic_risk","medium",5163,0.05163,96
"10556","trawler","economic_risk","high",5965,0.05965,96
"10557","trawler","go_fishing","no",9158,0.09158,96
"10558","trawler","go_fishing","yes",90842,0.90842,96
"10559","trawler","individual_importance","high",100000,1,96
"10560","trawler","individual_risk","low",45975,0.45975,96
"10561","trawler","individual_risk","medium",38460,0.3846,96
"10562","trawler","individual_risk","high",15565,0.15565,96
"10563","trawler","societal_importance","high",100000,1,96
"10564","trawler","societal_risk","low",45975,0.45975,96
"10565","trawler","societal_risk","medium",38460,0.3846,96
"10566","trawler","societal_risk","high",15565,0.15565,96
"10567","trawler","strategy_to_change","cope",54968,0.54968,96
"10568","trawler","strategy_to_change","react",45032,0.45032,96
"10569","trawler","substitution_capacity","yes",100000,1,96
"10570","guide","economic_buffers","low",90046,0.90046,96
"10571","guide","economic_buffers","medium",9954,0.09954,96
"10572","guide","economic_risk","low",24684,0.24684,96
"10573","guide","economic_risk","medium",8434,0.08434,96
"10574","guide","economic_risk","high",66882,0.66882,96
"10575","guide","go_fishing","no",66261,0.66261,96
"10576","guide","go_fishing","yes",33739,0.33739,96
"10577","guide","individual_importance","high",100000,1,96
"10578","guide","individual_risk","low",14626,0.14626,96
"10579","guide","individual_risk","medium",13032,0.13032,96
"10580","guide","individual_risk","high",72342,0.72342,96
"10581","guide","societal_importance","medium",85051,0.85051,96
"10582","guide","societal_importance","high",14949,0.14949,96
"10583","guide","societal_risk","low",14626,0.14626,96
"10584","guide","societal_risk","medium",74519,0.74519,96
"10585","guide","societal_risk","high",10855,0.10855,96
"10586","guide","strategy_to_change","cope",80135,0.80135,96
"10587","guide","strategy_to_change","react",4063,0.04063,96
"10588","guide","strategy_to_change","adapt",15802,0.15802,96
"10589","guide","substitution_capacity","no",100000,1,96
"10590","recreational","economic_buffers","low",100000,1,97
"10591","recreational","economic_risk","low",75757,0.75757,97
"10592","recreational","economic_risk","medium",4960,0.0496,97
"10593","recreational","economic_risk","high",5075,0.05075,97
"10594","recreational","economic_risk","not_relevant",14208,0.14208,97
"10595","recreational","go_fishing","no",45199,0.45199,97
"10596","recreational","go_fishing","yes",54801,0.54801,97
"10597","recreational","individual_importance","medium",45887,0.45887,97
"10598","recreational","individual_importance","high",54113,0.54113,97
"10599","recreational","individual_risk","low",25020,0.2502,97
"10600","recreational","individual_risk","medium",38861,0.38861,97
"10601","recreational","individual_risk","high",21911,0.21911,97
"10602","recreational","individual_risk","not_relevant",14208,0.14208,97
"10603","recreational","societal_importance","medium",57760,0.5776,97
"10604","recreational","societal_importance","high",42240,0.4224,97
"10605","recreational","societal_risk","low",25020,0.2502,97
"10606","recreational","societal_risk","medium",43503,0.43503,97
"10607","recreational","societal_risk","high",17269,0.17269,97
"10608","recreational","societal_risk","not_relevant",14208,0.14208,97
"10609","recreational","strategy_to_change","not_relevant",14208,0.14208,97
"10610","recreational","strategy_to_change","cope",45449,0.45449,97
"10611","recreational","strategy_to_change","react",8409,0.08409,97
"10612","recreational","strategy_to_change","adapt",31934,0.31934,97
"10613","recreational","substitution_capacity","no",100000,1,97
"10614","small_scale","economic_buffers","low",31485,0.31485,97
"10615","small_scale","economic_buffers","medium",68515,0.68515,97
"10616","small_scale","economic_risk","low",65644,0.65644,97
"10617","small_scale","economic_risk","medium",10662,0.10662,97
"10618","small_scale","economic_risk","high",9268,0.09268,97
"10619","small_scale","economic_risk","not_relevant",14426,0.14426,97
"10620","small_scale","go_fishing","no",44053,0.44053,97
"10621","small_scale","go_fishing","yes",55947,0.55947,97
"10622","small_scale","individual_importance","medium",4791,0.04791,97
"10623","small_scale","individual_importance","high",95209,0.95209,97
"10624","small_scale","individual_risk","low",28955,0.28955,97
"10625","small_scale","individual_risk","medium",44709,0.44709,97
"10626","small_scale","individual_risk","high",11910,0.1191,97
"10627","small_scale","individual_risk","not_relevant",14426,0.14426,97
"10628","small_scale","societal_importance","high",100000,1,97
"10629","small_scale","societal_risk","low",28955,0.28955,97
"10630","small_scale","societal_risk","medium",44084,0.44084,97
"10631","small_scale","societal_risk","high",12535,0.12535,97
"10632","small_scale","societal_risk","not_relevant",14426,0.14426,97
"10633","small_scale","strategy_to_change","not_relevant",14426,0.14426,97
"10634","small_scale","strategy_to_change","cope",58675,0.58675,97
"10635","small_scale","strategy_to_change","react",23694,0.23694,97
"10636","small_scale","strategy_to_change","adapt",3205,0.03205,97
"10637","small_scale","substitution_capacity","no",26599,0.26599,97
"10638","small_scale","substitution_capacity","yes",73401,0.73401,97
"10639","household","economic_buffers","low",100000,1,97
"10640","household","economic_risk","low",71124,0.71124,97
"10641","household","economic_risk","medium",5184,0.05184,97
"10642","household","economic_risk","high",9228,0.09228,97
"10643","household","economic_risk","not_relevant",14464,0.14464,97
"10644","household","go_fishing","no",64114,0.64114,97
"10645","household","go_fishing","yes",35886,0.35886,97
"10646","household","individual_importance","medium",44121,0.44121,97
"10647","household","individual_importance","high",55879,0.55879,97
"10648","household","individual_risk","low",20603,0.20603,97
"10649","household","individual_risk","medium",64699,0.64699,97
"10650","household","individual_risk","high",234,0.00234,97
"10651","household","individual_risk","not_relevant",14464,0.14464,97
"10652","household","societal_importance","medium",78172,0.78172,97
"10653","household","societal_importance","high",21828,0.21828,97
"10654","household","societal_risk","low",20603,0.20603,97
"10655","household","societal_risk","medium",64858,0.64858,97
"10656","household","societal_risk","high",75,0.00075,97
"10657","household","societal_risk","not_relevant",14464,0.14464,97
"10658","household","strategy_to_change","not_relevant",14464,0.14464,97
"10659","household","strategy_to_change","cope",68742,0.68742,97
"10660","household","strategy_to_change","react",16794,0.16794,97
"10661","household","substitution_capacity","yes",100000,1,97
"10662","trawler","economic_buffers","medium",51114,0.51114,97
"10663","trawler","economic_buffers","high",48886,0.48886,97
"10664","trawler","economic_risk","low",87806,0.87806,97
"10665","trawler","economic_risk","medium",5982,0.05982,97
"10666","trawler","economic_risk","high",6212,0.06212,97
"10667","trawler","go_fishing","no",11363,0.11363,97
"10668","trawler","go_fishing","yes",88637,0.88637,97
"10669","trawler","individual_importance","high",100000,1,97
"10670","trawler","individual_risk","low",39960,0.3996,97
"10671","trawler","individual_risk","medium",42887,0.42887,97
"10672","trawler","individual_risk","high",17153,0.17153,97
"10673","trawler","societal_importance","high",100000,1,97
"10674","trawler","societal_risk","low",39960,0.3996,97
"10675","trawler","societal_risk","medium",42887,0.42887,97
"10676","trawler","societal_risk","high",17153,0.17153,97
"10677","trawler","strategy_to_change","cope",59589,0.59589,97
"10678","trawler","strategy_to_change","react",40411,0.40411,97
"10679","trawler","substitution_capacity","yes",100000,1,97
"10680","guide","economic_buffers","low",94951,0.94951,97
"10681","guide","economic_buffers","medium",5049,0.05049,97
"10682","guide","economic_risk","low",25478,0.25478,97
"10683","guide","economic_risk","medium",7496,0.07496,97
"10684","guide","economic_risk","high",67026,0.67026,97
"10685","guide","go_fishing","no",66889,0.66889,97
"10686","guide","go_fishing","yes",33111,0.33111,97
"10687","guide","individual_importance","high",100000,1,97
"10688","guide","individual_risk","low",12383,0.12383,97
"10689","guide","individual_risk","medium",13522,0.13522,97
"10690","guide","individual_risk","high",74095,0.74095,97
"10691","guide","societal_importance","medium",67796,0.67796,97
"10692","guide","societal_importance","high",32204,0.32204,97
"10693","guide","societal_risk","low",12383,0.12383,97
"10694","guide","societal_risk","medium",63661,0.63661,97
"10695","guide","societal_risk","high",23956,0.23956,97
"10696","guide","strategy_to_change","cope",79507,0.79507,97
"10697","guide","strategy_to_change","react",7837,0.07837,97
"10698","guide","strategy_to_change","adapt",12656,0.12656,97
"10699","guide","substitution_capacity","no",100000,1,97
"10700","recreational","economic_buffers","low",100000,1,98
"10701","recreational","economic_risk","low",54152,0.54152,98
"10702","recreational","economic_risk","medium",6522,0.06522,98
"10703","recreational","economic_risk","high",24918,0.24918,98
"10704","recreational","economic_risk","not_relevant",14408,0.14408,98
"10705","recreational","go_fishing","no",34234,0.34234,98
"10706","recreational","go_fishing","yes",65766,0.65766,98
"10707","recreational","individual_importance","medium",52975,0.52975,98
"10708","recreational","individual_importance","high",47025,0.47025,98
"10709","recreational","individual_risk","low",35858,0.35858,98
"10710","recreational","individual_risk","medium",35642,0.35642,98
"10711","recreational","individual_risk","high",14092,0.14092,98
"10712","recreational","individual_risk","not_relevant",14408,0.14408,98
"10713","recreational","societal_importance","medium",66495,0.66495,98
"10714","recreational","societal_importance","high",33505,0.33505,98
"10715","recreational","societal_risk","low",35858,0.35858,98
"10716","recreational","societal_risk","medium",39659,0.39659,98
"10717","recreational","societal_risk","high",10075,0.10075,98
"10718","recreational","societal_risk","not_relevant",14408,0.14408,98
"10719","recreational","strategy_to_change","not_relevant",14408,0.14408,98
"10720","recreational","strategy_to_change","cope",52625,0.52625,98
"10721","recreational","strategy_to_change","react",10886,0.10886,98
"10722","recreational","strategy_to_change","adapt",22081,0.22081,98
"10723","recreational","substitution_capacity","no",100000,1,98
"10724","small_scale","economic_buffers","low",81663,0.81663,98
"10725","small_scale","economic_buffers","medium",18337,0.18337,98
"10726","small_scale","economic_risk","low",50060,0.5006,98
"10727","small_scale","economic_risk","medium",20525,0.20525,98
"10728","small_scale","economic_risk","high",15040,0.1504,98
"10729","small_scale","economic_risk","not_relevant",14375,0.14375,98
"10730","small_scale","go_fishing","no",33981,0.33981,98
"10731","small_scale","go_fishing","yes",66019,0.66019,98
"10732","small_scale","individual_importance","medium",8028,0.08028,98
"10733","small_scale","individual_importance","high",91972,0.91972,98
"10734","small_scale","individual_risk","low",37985,0.37985,98
"10735","small_scale","individual_risk","medium",34173,0.34173,98
"10736","small_scale","individual_risk","high",13467,0.13467,98
"10737","small_scale","individual_risk","not_relevant",14375,0.14375,98
"10738","small_scale","societal_importance","high",100000,1,98
"10739","small_scale","societal_risk","low",37985,0.37985,98
"10740","small_scale","societal_risk","medium",32997,0.32997,98
"10741","small_scale","societal_risk","high",14643,0.14643,98
"10742","small_scale","societal_risk","not_relevant",14375,0.14375,98
"10743","small_scale","strategy_to_change","not_relevant",14375,0.14375,98
"10744","small_scale","strategy_to_change","cope",57778,0.57778,98
"10745","small_scale","strategy_to_change","react",27514,0.27514,98
"10746","small_scale","strategy_to_change","adapt",333,0.00333,98
"10747","small_scale","substitution_capacity","no",43087,0.43087,98
"10748","small_scale","substitution_capacity","yes",56913,0.56913,98
"10749","household","economic_buffers","low",100000,1,98
"10750","household","economic_risk","low",72911,0.72911,98
"10751","household","economic_risk","medium",4802,0.04802,98
"10752","household","economic_risk","high",8132,0.08132,98
"10753","household","economic_risk","not_relevant",14155,0.14155,98
"10754","household","go_fishing","no",66846,0.66846,98
"10755","household","go_fishing","yes",33154,0.33154,98
"10756","household","individual_importance","medium",47816,0.47816,98
"10757","household","individual_importance","high",52184,0.52184,98
"10758","household","individual_risk","low",19455,0.19455,98
"10759","household","individual_risk","medium",66200,0.662,98
"10760","household","individual_risk","high",190,0.0019,98
"10761","household","individual_risk","not_relevant",14155,0.14155,98
"10762","household","societal_importance","medium",78857,0.78857,98
"10763","household","societal_importance","high",21143,0.21143,98
"10764","household","societal_risk","low",19455,0.19455,98
"10765","household","societal_risk","medium",66316,0.66316,98
"10766","household","societal_risk","high",74,0.00074,98
"10767","household","societal_risk","not_relevant",14155,0.14155,98
"10768","household","strategy_to_change","not_relevant",14155,0.14155,98
"10769","household","strategy_to_change","cope",70149,0.70149,98
"10770","household","strategy_to_change","react",15696,0.15696,98
"10771","household","substitution_capacity","yes",100000,1,98
"10772","trawler","economic_buffers","medium",51915,0.51915,98
"10773","trawler","economic_buffers","high",48085,0.48085,98
"10774","trawler","economic_risk","low",88072,0.88072,98
"10775","trawler","economic_risk","medium",5765,0.05765,98
"10776","trawler","economic_risk","high",6163,0.06163,98
"10777","trawler","go_fishing","no",5012,0.05012,98
"10778","trawler","go_fishing","yes",94988,0.94988,98
"10779","trawler","individual_importance","high",100000,1,98
"10780","trawler","individual_risk","low",47451,0.47451,98
"10781","trawler","individual_risk","medium",33694,0.33694,98
"10782","trawler","individual_risk","high",18855,0.18855,98
"10783","trawler","societal_importance","high",100000,1,98
"10784","trawler","societal_risk","low",47451,0.47451,98
"10785","trawler","societal_risk","medium",33694,0.33694,98
"10786","trawler","societal_risk","high",18855,0.18855,98
"10787","trawler","strategy_to_change","cope",52733,0.52733,98
"10788","trawler","strategy_to_change","react",47267,0.47267,98
"10789","trawler","substitution_capacity","yes",100000,1,98
"10790","guide","economic_buffers","low",95114,0.95114,98
"10791","guide","economic_buffers","medium",4886,0.04886,98
"10792","guide","economic_risk","low",23224,0.23224,98
"10793","guide","economic_risk","medium",4563,0.04563,98
"10794","guide","economic_risk","high",72213,0.72213,98
"10795","guide","go_fishing","no",67167,0.67167,98
"10796","guide","go_fishing","yes",32833,0.32833,98
"10797","guide","individual_importance","high",100000,1,98
"10798","guide","individual_risk","low",14563,0.14563,98
"10799","guide","individual_risk","medium",12680,0.1268,98
"10800","guide","individual_risk","high",72757,0.72757,98
"10801","guide","societal_importance","medium",84124,0.84124,98
"10802","guide","societal_importance","high",15876,0.15876,98
"10803","guide","societal_risk","low",14563,0.14563,98
"10804","guide","societal_risk","medium",73866,0.73866,98
"10805","guide","societal_risk","high",11571,0.11571,98
"10806","guide","strategy_to_change","cope",82734,0.82734,98
"10807","guide","strategy_to_change","react",2397,0.02397,98
"10808","guide","strategy_to_change","adapt",14869,0.14869,98
"10809","guide","substitution_capacity","no",100000,1,98
"10810","recreational","economic_buffers","low",100000,1,99
"10811","recreational","economic_risk","low",76709,0.76709,99
"10812","recreational","economic_risk","medium",5366,0.05366,99
"10813","recreational","economic_risk","high",3480,0.0348,99
"10814","recreational","economic_risk","not_relevant",14445,0.14445,99
"10815","recreational","go_fishing","no",52539,0.52539,99
"10816","recreational","go_fishing","yes",47461,0.47461,99
"10817","recreational","individual_importance","medium",40394,0.40394,99
"10818","recreational","individual_importance","high",59606,0.59606,99
"10819","recreational","individual_risk","low",24282,0.24282,99
"10820","recreational","individual_risk","medium",33688,0.33688,99
"10821","recreational","individual_risk","high",27585,0.27585,99
"10822","recreational","individual_risk","not_relevant",14445,0.14445,99
"10823","recreational","societal_importance","low",390,0.0039,99
"10824","recreational","societal_importance","medium",81002,0.81002,99
"10825","recreational","societal_importance","high",18608,0.18608,99
"10826","recreational","societal_risk","low",24518,0.24518,99
"10827","recreational","societal_risk","medium",52342,0.52342,99
"10828","recreational","societal_risk","high",8695,0.08695,99
"10829","recreational","societal_risk","not_relevant",14445,0.14445,99
"10830","recreational","strategy_to_change","not_relevant",14445,0.14445,99
"10831","recreational","strategy_to_change","cope",45345,0.45345,99
"10832","recreational","strategy_to_change","react",9049,0.09049,99
"10833","recreational","strategy_to_change","adapt",31161,0.31161,99
"10834","recreational","substitution_capacity","no",100000,1,99
"10835","small_scale","economic_buffers","low",91015,0.91015,99
"10836","small_scale","economic_buffers","medium",8985,0.08985,99
"10837","small_scale","economic_risk","low",43372,0.43372,99
"10838","small_scale","economic_risk","medium",24112,0.24112,99
"10839","small_scale","economic_risk","high",18225,0.18225,99
"10840","small_scale","economic_risk","not_relevant",14291,0.14291,99
"10841","small_scale","go_fishing","no",38768,0.38768,99
"10842","small_scale","go_fishing","yes",61232,0.61232,99
"10843","small_scale","individual_importance","medium",11725,0.11725,99
"10844","small_scale","individual_importance","high",88275,0.88275,99
"10845","small_scale","individual_risk","low",33047,0.33047,99
"10846","small_scale","individual_risk","medium",30702,0.30702,99
"10847","small_scale","individual_risk","high",21960,0.2196,99
"10848","small_scale","individual_risk","not_relevant",14291,0.14291,99
"10849","small_scale","societal_importance","high",100000,1,99
"10850","small_scale","societal_risk","low",33047,0.33047,99
"10851","small_scale","societal_risk","medium",27764,0.27764,99
"10852","small_scale","societal_risk","high",24898,0.24898,99
"10853","small_scale","societal_risk","not_relevant",14291,0.14291,99
"10854","small_scale","strategy_to_change","not_relevant",14291,0.14291,99
"10855","small_scale","strategy_to_change","cope",61972,0.61972,99
"10856","small_scale","strategy_to_change","react",23513,0.23513,99
"10857","small_scale","strategy_to_change","adapt",224,0.00224,99
"10858","small_scale","substitution_capacity","no",68306,0.68306,99
"10859","small_scale","substitution_capacity","yes",31694,0.31694,99
"10860","household","economic_buffers","low",100000,1,99
"10861","household","economic_risk","low",70041,0.70041,99
"10862","household","economic_risk","medium",5860,0.0586,99
"10863","household","economic_risk","high",9842,0.09842,99
"10864","household","economic_risk","not_relevant",14257,0.14257,99
"10865","household","go_fishing","no",59823,0.59823,99
"10866","household","go_fishing","yes",40177,0.40177,99
"10867","household","individual_importance","medium",51671,0.51671,99
"10868","household","individual_importance","high",48329,0.48329,99
"10869","household","individual_risk","low",25723,0.25723,99
"10870","household","individual_risk","medium",59844,0.59844,99
"10871","household","individual_risk","high",176,0.00176,99
"10872","household","individual_risk","not_relevant",14257,0.14257,99
"10873","household","societal_importance","medium",78292,0.78292,99
"10874","household","societal_importance","high",21708,0.21708,99
"10875","household","societal_risk","low",25723,0.25723,99
"10876","household","societal_risk","medium",59948,0.59948,99
"10877","household","societal_risk","high",72,0.00072,99
"10878","household","societal_risk","not_relevant",14257,0.14257,99
"10879","household","strategy_to_change","not_relevant",14257,0.14257,99
"10880","household","strategy_to_change","cope",66305,0.66305,99
"10881","household","strategy_to_change","react",19438,0.19438,99
"10882","household","substitution_capacity","yes",100000,1,99
"10883","trawler","economic_buffers","medium",43746,0.43746,99
"10884","trawler","economic_buffers","high",56254,0.56254,99
"10885","trawler","economic_risk","low",93726,0.93726,99
"10886","trawler","economic_risk","medium",3558,0.03558,99
"10887","trawler","economic_risk","high",2716,0.02716,99
"10888","trawler","go_fishing","no",14659,0.14659,99
"10889","trawler","go_fishing","yes",85341,0.85341,99
"10890","trawler","individual_importance","high",100000,1,99
"10891","trawler","individual_risk","low",44851,0.44851,99
"10892","trawler","individual_risk","medium",43372,0.43372,99
"10893","trawler","individual_risk","high",11777,0.11777,99
"10894","trawler","societal_importance","high",100000,1,99
"10895","trawler","societal_risk","low",44851,0.44851,99
"10896","trawler","societal_risk","medium",43372,0.43372,99
"10897","trawler","societal_risk","high",11777,0.11777,99
"10898","trawler","strategy_to_change","cope",62560,0.6256,99
"10899","trawler","strategy_to_change","react",37440,0.3744,99
"10900","trawler","substitution_capacity","yes",100000,1,99
"10901","guide","economic_buffers","low",93953,0.93953,99
"10902","guide","economic_buffers","medium",6047,0.06047,99
"10903","guide","economic_risk","low",25369,0.25369,99
"10904","guide","economic_risk","medium",6235,0.06235,99
"10905","guide","economic_risk","high",68396,0.68396,99
"10906","guide","go_fishing","no",64596,0.64596,99
"10907","guide","go_fishing","yes",35404,0.35404,99
"10908","guide","individual_importance","high",100000,1,99
"10909","guide","individual_risk","low",16317,0.16317,99
"10910","guide","individual_risk","medium",13520,0.1352,99
"10911","guide","individual_risk","high",70163,0.70163,99
"10912","guide","societal_importance","medium",80197,0.80197,99
"10913","guide","societal_importance","high",19803,0.19803,99
"10914","guide","societal_risk","low",16317,0.16317,99
"10915","guide","societal_risk","medium",69865,0.69865,99
"10916","guide","societal_risk","high",13818,0.13818,99
"10917","guide","strategy_to_change","cope",75482,0.75482,99
"10918","guide","strategy_to_change","react",4512,0.04512,99
"10919","guide","strategy_to_change","adapt",20006,0.20006,99
"10920","guide","substitution_capacity","no",100000,1,99
"10921","recreational","economic_buffers","low",100000,1,100
"10922","recreational","economic_risk","low",68556,0.68556,100
"10923","recreational","economic_risk","medium",10494,0.10494,100
"10924","recreational","economic_risk","high",6611,0.06611,100
"10925","recreational","economic_risk","not_relevant",14339,0.14339,100
"10926","recreational","go_fishing","no",48607,0.48607,100
"10927","recreational","go_fishing","yes",51393,0.51393,100
"10928","recreational","individual_importance","medium",35466,0.35466,100
"10929","recreational","individual_importance","high",64534,0.64534,100
"10930","recreational","individual_risk","low",27052,0.27052,100
"10931","recreational","individual_risk","medium",57765,0.57765,100
"10932","recreational","individual_risk","high",844,0.00844,100
"10933","recreational","individual_risk","not_relevant",14339,0.14339,100
"10934","recreational","societal_importance","medium",66375,0.66375,100
"10935","recreational","societal_importance","high",33625,0.33625,100
"10936","recreational","societal_risk","low",27052,0.27052,100
"10937","recreational","societal_risk","medium",58158,0.58158,100
"10938","recreational","societal_risk","high",451,0.00451,100
"10939","recreational","societal_risk","not_relevant",14339,0.14339,100
"10940","recreational","strategy_to_change","not_relevant",14339,0.14339,100
"10941","recreational","strategy_to_change","cope",41517,0.41517,100
"10942","recreational","strategy_to_change","react",17534,0.17534,100
"10943","recreational","strategy_to_change","adapt",26610,0.2661,100
"10944","recreational","substitution_capacity","yes",100000,1,100
"10945","small_scale","economic_buffers","low",17202,0.17202,100
"10946","small_scale","economic_buffers","medium",82798,0.82798,100
"10947","small_scale","economic_risk","low",62230,0.6223,100
"10948","small_scale","economic_risk","medium",12322,0.12322,100
"10949","small_scale","economic_risk","high",11015,0.11015,100
"10950","small_scale","economic_risk","not_relevant",14433,0.14433,100
"10951","small_scale","go_fishing","no",39902,0.39902,100
"10952","small_scale","go_fishing","yes",60098,0.60098,100
"10953","small_scale","individual_importance","medium",6641,0.06641,100
"10954","small_scale","individual_importance","high",93359,0.93359,100
"10955","small_scale","individual_risk","low",33086,0.33086,100
"10956","small_scale","individual_risk","medium",26932,0.26932,100
"10957","small_scale","individual_risk","high",25549,0.25549,100
"10958","small_scale","individual_risk","not_relevant",14433,0.14433,100
"10959","small_scale","societal_importance","high",100000,1,100
"10960","small_scale","societal_risk","low",33086,0.33086,100
"10961","small_scale","societal_risk","medium",25129,0.25129,100
"10962","small_scale","societal_risk","high",27352,0.27352,100
"10963","small_scale","societal_risk","not_relevant",14433,0.14433,100
"10964","small_scale","strategy_to_change","not_relevant",14433,0.14433,100
"10965","small_scale","strategy_to_change","cope",63620,0.6362,100
"10966","small_scale","strategy_to_change","react",21301,0.21301,100
"10967","small_scale","strategy_to_change","adapt",646,0.00646,100
"10968","small_scale","substitution_capacity","no",74112,0.74112,100
"10969","small_scale","substitution_capacity","yes",25888,0.25888,100
"10970","household","economic_buffers","low",100000,1,100
"10971","household","economic_risk","low",74112,0.74112,100
"10972","household","economic_risk","medium",4279,0.04279,100
"10973","household","economic_risk","high",7297,0.07297,100
"10974","household","economic_risk","not_relevant",14312,0.14312,100
"10975","household","go_fishing","no",62692,0.62692,100
"10976","household","go_fishing","yes",37308,0.37308,100
"10977","household","individual_importance","medium",43970,0.4397,100
"10978","household","individual_importance","high",56030,0.5603,100
"10979","household","individual_risk","low",22820,0.2282,100
"10980","household","individual_risk","medium",62639,0.62639,100
"10981","household","individual_risk","high",229,0.00229,100
"10982","household","individual_risk","not_relevant",14312,0.14312,100
"10983","household","societal_importance","medium",76965,0.76965,100
"10984","household","societal_importance","high",23035,0.23035,100
"10985","household","societal_risk","low",22820,0.2282,100
"10986","household","societal_risk","medium",62766,0.62766,100
"10987","household","societal_risk","high",102,0.00102,100
"10988","household","societal_risk","not_relevant",14312,0.14312,100
"10989","household","strategy_to_change","not_relevant",14312,0.14312,100
"10990","household","strategy_to_change","cope",70330,0.7033,100
"10991","household","strategy_to_change","react",15358,0.15358,100
"10992","household","substitution_capacity","yes",100000,1,100
"10993","trawler","economic_buffers","medium",49065,0.49065,100
"10994","trawler","economic_buffers","high",50935,0.50935,100
"10995","trawler","economic_risk","low",89057,0.89057,100
"10996","trawler","economic_risk","medium",5624,0.05624,100
"10997","trawler","economic_risk","high",5319,0.05319,100
"10998","trawler","go_fishing","no",10454,0.10454,100
"10999","trawler","go_fishing","yes",89546,0.89546,100
"11000","trawler","individual_importance","high",100000,1,100
"11001","trawler","individual_risk","low",46995,0.46995,100
"11002","trawler","individual_risk","medium",36830,0.3683,100
"11003","trawler","individual_risk","high",16175,0.16175,100
"11004","trawler","societal_importance","high",100000,1,100
"11005","trawler","societal_risk","low",46995,0.46995,100
"11006","trawler","societal_risk","medium",36830,0.3683,100
"11007","trawler","societal_risk","high",16175,0.16175,100
"11008","trawler","strategy_to_change","cope",56461,0.56461,100
"11009","trawler","strategy_to_change","react",43539,0.43539,100
"11010","trawler","substitution_capacity","yes",100000,1,100
"11011","guide","economic_buffers","low",92071,0.92071,100
"11012","guide","economic_buffers","medium",7929,0.07929,100
"11013","guide","economic_risk","low",27641,0.27641,100
"11014","guide","economic_risk","medium",6674,0.06674,100
"11015","guide","economic_risk","high",65685,0.65685,100
"11016","guide","go_fishing","no",65845,0.65845,100
"11017","guide","go_fishing","yes",34155,0.34155,100
"11018","guide","individual_importance","high",100000,1,100
"11019","guide","individual_risk","low",15275,0.15275,100
"11020","guide","individual_risk","medium",13592,0.13592,100
"11021","guide","individual_risk","high",71133,0.71133,100
"11022","guide","societal_importance","medium",81065,0.81065,100
"11023","guide","societal_importance","high",18935,0.18935,100
"11024","guide","societal_risk","low",15275,0.15275,100
"11025","guide","societal_risk","medium",71290,0.7129,100
"11026","guide","societal_risk","high",13435,0.13435,100
"11027","guide","strategy_to_change","cope",81167,0.81167,100
"11028","guide","strategy_to_change","react",3133,0.03133,100
"11029","guide","strategy_to_change","adapt",15700,0.157,100
"11030","guide","substitution_capacity","no",100000,1,100
