"country","year","quarter","vessel_length_category","fishing_technique","gear_type","target_assemblage","mesh_size_range","metier","metier7","supra_region","sub_region","eez_indicator","geo_indicator","specon_tech","deep","total_days_at sea","total_fishing_days","total_kw_days at sea","total_gt_days at sea","total_kw_fishing days","total_gt_fishing days","hours_at_sea","kw_hours_at sea","gt_hours_at sea","confidential"
"Sweden",2013,1,"VL0008","FPO","FPO","FWS",NA,"FPO_FWS_>0_0_0",NA,"NAO","27.3.D.30",NA,"NGI",NA,NA,"90","90","1440","180","1440","180",NA,NA,NA,"N"
"Sweden",2013,1,"VL0008","FPO","GNS","FWS","32D90","GNS_FWS_>0_0_0",NA,"NAO","27.3.D.30",NA,"NGI",NA,NA,"8","8","232","8","232","8",NA,NA,NA,"N"
"Sweden",2013,1,"VL0008","FPO","NK","NK","NK","NK",NA,"NAO","27.3.D.30",NA,"NGI",NA,NA,"15","15","330","0","330","0",NA,NA,NA,"N"
"Sweden",2013,1,"VL0008","NO","NK","NK","NK","NK",NA,"NAO","27.3.D.30",NA,"NGI",NA,NA,"15","15","300","15","300","15",NA,NA,NA,"N"
"Sweden",2013,1,"VL1218","DTS","OTB","SPF","32D90","OTB_SPF_32-89_0_0",NA,"NAO","27.3.D.30",NA,"NGI",NA,NA,"4","4","800","156","800","156",NA,NA,NA,"N"
"Sweden",2013,1,"VL1824","TM","OTB","SPF","32D90","OTB_SPF_32-89_0_0",NA,"NAO","27.3.D.30",NA,"NGI",NA,NA,"1","1","261","62","261","62",NA,NA,NA,"N"
"Sweden",2013,1,"VL1824","TM","OTM","SPF","32D90","OTM_SPF_32-89_0_0",NA,"NAO","27.3.D.30",NA,"NGI",NA,NA,"3","3","783","186","783","186",NA,NA,NA,"N"
"Sweden",2013,1,"VL2440","DTS","OTB","SPF","16D32","OTB_SPF_16-31_0_0",NA,"NAO","27.3.D.30",NA,"NGI",NA,NA,"44","33","32824","15488","24618","11616",NA,NA,NA,"N"
"Sweden",2013,1,"VL40XX","TM","OTM","SPF","16D32","OTM_SPF_16-31_0_0",NA,"NAO","27.3.D.30",NA,"NGI",NA,NA,"31","20","46610","17625","30325","11450",NA,NA,NA,"N"
"Sweden",2013,2,"VL0008","DFN","FPN","ANA","NK","FPN_ANA_>0_0_0",NA,"NAO","27.3.D.30",NA,"NGI",NA,NA,"139","139","4388","139","4388","139",NA,NA,NA,"N"
"Sweden",2013,2,"VL0008","DFN","FPO","FWS",NA,"FPO_FWS_>0_0_0",NA,"NAO","27.3.D.30",NA,"NGI",NA,NA,"18","18","733","18","733","18",NA,NA,NA,"N"
"Sweden",2013,2,"VL0008","DFN","FYK","ANA","NK","FYK_ANA_>0_0_0",NA,"NAO","27.3.D.30",NA,"NGI",NA,NA,"6","6","204","0","204","0",NA,NA,NA,"N"
"Sweden",2013,2,"VL0008","DFN","FYK","CAT","NK","FYK_CAT_>0_0_0",NA,"NAO","27.3.D.30",NA,"NGI",NA,NA,"6","6","242","6","242","6",NA,NA,NA,"N"
"Sweden",2013,2,"VL0008","DFN","GNS","FWS","32D90","GNS_FWS_>0_0_0",NA,"NAO","27.3.D.30",NA,"NGI",NA,NA,"194","194","7408","184","7408","184",NA,NA,NA,"N"
"Sweden",2013,2,"VL0008","DFN","GNS","FWS","90D110","GNS_FWS_>0_0_0",NA,"NAO","27.3.D.30",NA,"NGI",NA,NA,"53","53","2169","45","2169","45",NA,NA,NA,"N"
"Sweden",2013,2,"VL0008","DFN","GNS","SPF","16D32","GNS_SPF_16-31_0_0",NA,"NAO","27.3.D.30",NA,"NGI",NA,NA,"10","10","142","10","142","10",NA,NA,NA,"N"
"Sweden",2013,2,"VL0008","DFN","GNS","SPF","32D90","GNS_SPF_32-89_0_0",NA,"NAO","27.3.D.30",NA,"NGI",NA,NA,"165","165","6134","165","6134","165",NA,NA,NA,"N"
"Sweden",2013,2,"VL0008","FPO","FPN","ANA","NK","FPN_ANA_>0_0_0",NA,"NAO","27.3.D.30",NA,"NGI",NA,NA,"334","334","10456","259","10456","259",NA,NA,NA,"N"
"Sweden",2013,2,"VL0008","FPO","FPN","FWS","NK","FPN_FWS_>0_0_0",NA,"NAO","27.3.D.30",NA,"NGI",NA,NA,"61","61","2196","61","2196","61",NA,NA,NA,"N"
"Sweden",2013,2,"VL0008","FPO","FPO","FWS",NA,"FPO_FWS_>0_0_0",NA,"NAO","27.3.D.30",NA,"NGI",NA,NA,"5","5","112","0","112","0",NA,NA,NA,"N"
"Sweden",2013,2,"VL0008","FPO","FYK","SPF","NK","FYK_SPF_>0_0_0",NA,"NAO","27.3.D.30",NA,"NGI",NA,NA,"14","14","249","0","249","0",NA,NA,NA,"N"
"Sweden",2013,2,"VL0008","FPO","GNS","ANA","90D110","GNS_ANA_90-109_0_0",NA,"NAO","27.3.D.30",NA,"NGI",NA,NA,"8","8","175","0","175","0",NA,NA,NA,"N"
"Sweden",2013,2,"VL0008","FPO","GNS","FWS","32D90","GNS_FWS_>0_0_0",NA,"NAO","27.3.D.30",NA,"NGI",NA,NA,"75","75","1876","56","1876","56",NA,NA,NA,"N"
"Sweden",2013,2,"VL0008","FPO","GNS","FWS","90D110","GNS_FWS_>0_0_0",NA,"NAO","27.3.D.30",NA,"NGI",NA,NA,"4","4","82","0","82","0",NA,NA,NA,"N"
"Sweden",2013,2,"VL0008","FPO","GNS","SPF","32D90","GNS_SPF_32-89_0_0",NA,"NAO","27.3.D.30",NA,"NGI",NA,NA,"52","52","1251","36","1251","36",NA,NA,NA,"N"
"Sweden",2013,2,"VL0008","FPO","NK","NK","NK","NK",NA,"NAO","27.3.D.30",NA,"NGI",NA,NA,"8","8","165","0","165","0",NA,NA,NA,"N"
"Sweden",2013,2,"VL0008","NO","FPN","ANA","NK","FPN_ANA_>0_0_0",NA,"NAO","27.3.D.30",NA,"NGI",NA,NA,"111","111","2217","111","2217","111",NA,NA,NA,"N"
"Sweden",2013,2,"VL0008","NO","FPO","FWS",NA,"FPO_FWS_>0_0_0",NA,"NAO","27.3.D.30",NA,"NGI",NA,NA,"12","12","240","12","240","12",NA,NA,NA,"N"
"Sweden",2013,2,"VL0008","NO","FYK","ANA","NK","FYK_ANA_>0_0_0",NA,"NAO","27.3.D.30",NA,"NGI",NA,NA,"10","10","200","10","200","10",NA,NA,NA,"N"
"Sweden",2013,2,"VL0008","NO","FYK","CAT","NK","FYK_CAT_>0_0_0",NA,"NAO","27.3.D.30",NA,"NGI",NA,NA,"13","13","260","13","260","13",NA,NA,NA,"N"
"Sweden",2013,2,"VL0008","NO","FYK","SPF","NK","FYK_SPF_>0_0_0",NA,"NAO","27.3.D.30",NA,"NGI",NA,NA,"5","5","100","5","100","5",NA,NA,NA,"N"
"Sweden",2013,2,"VL0008","NO","GNS","FWS","32D90","GNS_FWS_>0_0_0",NA,"NAO","27.3.D.30",NA,"NGI",NA,NA,"204","204","4090","204","4090","204",NA,NA,NA,"N"
"Sweden",2013,2,"VL0008","NO","GNS","FWS","90D110","GNS_FWS_>0_0_0",NA,"NAO","27.3.D.30",NA,"NGI",NA,NA,"14","14","280","14","280","14",NA,NA,NA,"N"
"Sweden",2013,2,"VL0008","NO","GNS","SPF","16D32","GNS_SPF_16-31_0_0",NA,"NAO","27.3.D.30",NA,"NGI",NA,NA,"22","22","430","22","430","22",NA,NA,NA,"N"
"Sweden",2013,2,"VL0008","NO","GNS","SPF","32D90","GNS_SPF_32-89_0_0",NA,"NAO","27.3.D.30",NA,"NGI",NA,NA,"80","80","1603","80","1603","80",NA,NA,NA,"N"
"Sweden",2013,2,"VL0008","NO","NK","NK","NK","NK",NA,"NAO","27.3.D.30",NA,"NGI",NA,NA,"6","6","120","6","120","6",NA,NA,NA,"N"
"Sweden",2013,2,"VL0008","PGP","FPN","ANA","NK","FPN_ANA_>0_0_0",NA,"NAO","27.3.D.30",NA,"NGI",NA,NA,"28","28","1217","55","1217","55",NA,NA,NA,"N"
"Sweden",2013,2,"VL0008","PGP","GNS","FWS","32D90","GNS_FWS_>0_0_0",NA,"NAO","27.3.D.30",NA,"NGI",NA,NA,"9","9","381","17","381","17",NA,NA,NA,"N"
"Sweden",2013,2,"VL0008","PGP","GNS","SPF","16D32","GNS_SPF_16-31_0_0",NA,"NAO","27.3.D.30",NA,"NGI",NA,NA,"9","9","381","17","381","17",NA,NA,NA,"N"
"Sweden",2013,2,"VL0812","DFN","FPO","FWS",NA,"FPO_FWS_>0_0_0",NA,"NAO","27.3.D.30",NA,"NGI",NA,NA,"31","31","3317","124","3317","124",NA,NA,NA,"N"
"Sweden",2013,2,"VL0812","DFN","FYK","ANA","NK","FYK_ANA_>0_0_0",NA,"NAO","27.3.D.30",NA,"NGI",NA,NA,"8","8","880","24","880","24",NA,NA,NA,"N"
"Sweden",2013,2,"VL0812","DFN","FYK","SPF","NK","FYK_SPF_>0_0_0",NA,"NAO","27.3.D.30",NA,"NGI",NA,NA,"30","30","3210","120","3210","120",NA,NA,NA,"N"
"Sweden",2013,2,"VL0812","DFN","GNS","DEF","110D157","GNS_DEF_110-156_0_0",NA,"NAO","27.3.D.30",NA,"NGI",NA,NA,"1","1","109","10","109","10",NA,NA,NA,"N"
"Sweden",2013,2,"VL0812","DFN","GNS","FWS","16D32","GNS_FWS_>0_0_0",NA,"NAO","27.3.D.30",NA,"NGI",NA,NA,"9","9","864","36","864","36",NA,NA,NA,"N"
"Sweden",2013,2,"VL0812","DFN","GNS","FWS","32D90","GNS_FWS_>0_0_0",NA,"NAO","27.3.D.30",NA,"NGI",NA,NA,"87","87","9399","334","9399","334",NA,NA,NA,"N"
"Sweden",2013,2,"VL0812","DFN","GNS","SPF","16D32","GNS_SPF_16-31_0_0",NA,"NAO","27.3.D.30",NA,"NGI",NA,NA,"8","8","768","32","768","32",NA,NA,NA,"N"
"Sweden",2013,2,"VL0812","DFN","GNS","SPF","32D90","GNS_SPF_32-89_0_0",NA,"NAO","27.3.D.30",NA,"NGI",NA,NA,"201","201","30794","1288","30794","1288",NA,NA,NA,"N"
"Sweden",2013,2,"VL0812","DFN","OTB","SPF","32D90","OTB_SPF_32-89_0_0",NA,"NAO","27.3.D.30",NA,"NGI",NA,NA,"3","3","743","33","743","33",NA,NA,NA,"N"
"Sweden",2013,2,"VL0812","DTS","GNS","SPF","32D90","GNS_SPF_32-89_0_0",NA,"NAO","27.3.D.30",NA,"NGI",NA,NA,"16","16","1536","192","1536","192",NA,NA,NA,"N"
"Sweden",2013,2,"VL0812","DTS","OTB","SPF","32D90","OTB_SPF_32-89_0_0",NA,"NAO","27.3.D.30",NA,"NGI",NA,NA,"23","23","2538","263","2538","263",NA,NA,NA,"N"
"Sweden",2013,2,"VL0812","DTS","OTM","SPF","32D90","OTM_SPF_32-89_0_0",NA,"NAO","27.3.D.30",NA,"NGI",NA,NA,"1","1","96","12","96","12",NA,NA,NA,"N"
"Sweden",2013,2,"VL0812","FPO","FPN","ANA","NK","FPN_ANA_>0_0_0",NA,"NAO","27.3.D.30",NA,"NGI",NA,NA,"62","62","4688","363","4688","363",NA,NA,NA,"N"
"Sweden",2013,2,"VL0812","FPO","FYK","CAT","NK","FYK_CAT_>0_0_0",NA,"NAO","27.3.D.30",NA,"NGI",NA,NA,"17","17","1852","84","1852","84",NA,NA,NA,"N"
"Sweden",2013,2,"VL0812","FPO","GNS","SPF","16D32","GNS_SPF_16-31_0_0",NA,"NAO","27.3.D.30",NA,"NGI",NA,NA,"19","19","2127","97","2127","97",NA,NA,NA,"N"
"Sweden",2013,2,"VL0812","FPO","GNS","SPF","32D90","GNS_SPF_32-89_0_0",NA,"NAO","27.3.D.30",NA,"NGI",NA,NA,"21","21","1210","142","1210","142",NA,NA,NA,"N"
"Sweden",2013,2,"VL1218","DFN","GNS","SPF","32D90","GNS_SPF_32-89_0_0",NA,"NAO","27.3.D.30",NA,"NGI",NA,NA,"28","27","8322","502","8022","485",NA,NA,NA,"N"
"Sweden",2013,2,"VL1218","DTS","GNS","SPF","16D32","GNS_SPF_16-31_0_0",NA,"NAO","27.3.D.30",NA,"NGI",NA,NA,"10","9","2240","240","2016","216",NA,NA,NA,"N"
"Sweden",2013,2,"VL1218","DTS","GNS","SPF","32D90","GNS_SPF_32-89_0_0",NA,"NAO","27.3.D.30",NA,"NGI",NA,NA,"17","17","4998","544","4998","544",NA,NA,NA,"N"
"Sweden",2013,2,"VL1218","DTS","OTB","SPF","32D90","OTB_SPF_32-89_0_0",NA,"NAO","27.3.D.30",NA,"NGI",NA,NA,"5","5","1000","195","1000","195",NA,NA,NA,"N"
"Sweden",2013,2,"VL1218","DTS","OTM","SPF","16D32","OTM_SPF_16-31_0_0",NA,"NAO","27.3.D.30",NA,"NGI",NA,NA,"31","23","10358","2005","7862","1584",NA,NA,NA,"N"
"Sweden",2013,2,"VL1218","DTS","PTB","SPF","32D90","PTB_SPF_32-89_0_0",NA,"NAO","27.3.D.30",NA,"NGI",NA,NA,"28","28","8232","882","8232","882",NA,NA,NA,"N"
"Sweden",2013,2,"VL1218","DTS","PTM","SPF","32D90","PTM_SPF_32-89_0_0",NA,"NAO","27.3.D.30",NA,"NGI",NA,NA,"15","15","4410","472","4410","472",NA,NA,NA,"N"
"Sweden",2013,2,"VL1824","DTS","OTB","SPF","32D90","OTB_SPF_32-89_0_0",NA,"NAO","27.3.D.30",NA,"NGI",NA,NA,"37","25","10804","4921","7300","3325",NA,NA,NA,"N"
"Sweden",2013,2,"VL1824","TM","OTB","SPF","32D90","OTB_SPF_32-89_0_0",NA,"NAO","27.3.D.30",NA,"NGI",NA,NA,"17","17","4437","1054","4437","1054",NA,NA,NA,"N"
"Sweden",2013,2,"VL1824","TM","OTM","SPF","16D32","OTM_SPF_16-31_0_0",NA,"NAO","27.3.D.30",NA,"NGI",NA,NA,"31","23","11408","2945","8464","2185",NA,NA,NA,"N"
"Sweden",2013,2,"VL1824","TM","OTM","SPF","32D90","OTM_SPF_32-89_0_0",NA,"NAO","27.3.D.30",NA,"NGI",NA,NA,"4","4","1044","248","1044","248",NA,NA,NA,"N"
"Sweden",2013,2,"VL2440","DTS","OTB","SPF","16D32","OTB_SPF_16-31_0_0",NA,"NAO","27.3.D.30",NA,"NGI",NA,NA,"51","39","38046","17952","29094","13728",NA,NA,NA,"N"
"Sweden",2013,2,"VL2440","TM","OTB","DEF","110DXX","OTB_DEF_>=120_3_120",NA,"NAO","27.3.D.30",NA,"NGI","BACOMA",NA,"5","1","3205","1445","641","289",NA,NA,NA,"N"
"Sweden",2013,2,"VL2440","TM","OTM","SPF","16D32","OTM_SPF_16-31_0_0",NA,"NAO","27.3.D.30",NA,"NGI",NA,NA,"12","7","12804","5868","7469","3423",NA,NA,NA,"N"
"Sweden",2013,2,"VL40XX","TM","OTM","SPF","16D32","OTM_SPF_16-31_0_0",NA,"NAO","27.3.D.30",NA,"NGI",NA,NA,"31","22","42515","16351","30050","11566",NA,NA,NA,"N"
"Sweden",2013,2,"VL40XX","TM","PTM","SPF","16D32","PTM_SPF_16-31_0_0",NA,"NAO","27.3.D.30",NA,"NGI",NA,NA,"56","40","168000","47376","120000","33840",NA,NA,NA,"N"
"Sweden",2013,3,"VL0008","DFN","FPN","ANA","NK","FPN_ANA_>0_0_0",NA,"NAO","27.3.D.30",NA,"NGI",NA,NA,"98","98","3120","98","3120","98",NA,NA,NA,"N"
"Sweden",2013,3,"VL0008","DFN","FPO","FWS",NA,"FPO_FWS_>0_0_0",NA,"NAO","27.3.D.30",NA,"NGI",NA,NA,"20","20","813","20","813","20",NA,NA,NA,"N"
"Sweden",2013,3,"VL0008","DFN","FYK","ANA","NK","FYK_ANA_>0_0_0",NA,"NAO","27.3.D.30",NA,"NGI",NA,NA,"4","4","148","0","148","0",NA,NA,NA,"N"
"Sweden",2013,3,"VL0008","DFN","FYK","CAT","NK","FYK_CAT_>0_0_0",NA,"NAO","27.3.D.30",NA,"NGI",NA,NA,"7","7","308","7","308","7",NA,NA,NA,"N"
"Sweden",2013,3,"VL0008","DFN","GNS","FWS","32D90","GNS_FWS_>0_0_0",NA,"NAO","27.3.D.30",NA,"NGI",NA,NA,"461","461","17015","467","17015","467",NA,NA,NA,"N"
"Sweden",2013,3,"VL0008","DFN","GNS","FWS","90D110","GNS_FWS_>0_0_0",NA,"NAO","27.3.D.30",NA,"NGI",NA,NA,"182","182","6619","200","6619","200",NA,NA,NA,"N"
"Sweden",2013,3,"VL0008","DFN","GNS","SPF","16D32","GNS_SPF_16-31_0_0",NA,"NAO","27.3.D.30",NA,"NGI",NA,NA,"12","12","187","12","187","12",NA,NA,NA,"N"
"Sweden",2013,3,"VL0008","DFN","GNS","SPF","32D90","GNS_SPF_32-89_0_0",NA,"NAO","27.3.D.30",NA,"NGI",NA,NA,"133","133","4609","168","4609","168",NA,NA,NA,"N"
"Sweden",2013,3,"VL0008","FPO","FPN","ANA","NK","FPN_ANA_>0_0_0",NA,"NAO","27.3.D.30",NA,"NGI",NA,NA,"411","411","13795","333","13795","333",NA,NA,NA,"N"
"Sweden",2013,3,"VL0008","FPO","FPO","FWS",NA,"FPO_FWS_>0_0_0",NA,"NAO","27.3.D.30",NA,"NGI",NA,NA,"14","14","294","23","294","23",NA,NA,NA,"N"
"Sweden",2013,3,"VL0008","FPO","FYK","ANA","NK","FYK_ANA_>0_0_0",NA,"NAO","27.3.D.30",NA,"NGI",NA,NA,"36","36","754","36","754","36",NA,NA,NA,"N"
"Sweden",2013,3,"VL0008","FPO","FYK","CAT","NK","FYK_CAT_>0_0_0",NA,"NAO","27.3.D.30",NA,"NGI",NA,NA,"14","14","243","0","243","0",NA,NA,NA,"N"
"Sweden",2013,3,"VL0008","FPO","FYK","FWS","NK","FYK_FWS_>0_0_0",NA,"NAO","27.3.D.30",NA,"NGI",NA,NA,"31","31","1116","31","1116","31",NA,NA,NA,"N"
"Sweden",2013,3,"VL0008","FPO","FYK","SPF","NK","FYK_SPF_>0_0_0",NA,"NAO","27.3.D.30",NA,"NGI",NA,NA,"3","3","54","0","54","0",NA,NA,NA,"N"
"Sweden",2013,3,"VL0008","FPO","GNS","ANA","90D110","GNS_ANA_90-109_0_0",NA,"NAO","27.3.D.30",NA,"NGI",NA,NA,"6","6","139","0","139","0",NA,NA,NA,"N"
"Sweden",2013,3,"VL0008","FPO","GNS","FWS","32D90","GNS_FWS_>0_0_0",NA,"NAO","27.3.D.30",NA,"NGI",NA,NA,"260","260","7408","214","7408","214",NA,NA,NA,"N"
"Sweden",2013,3,"VL0008","FPO","GNS","FWS","90D110","GNS_FWS_>0_0_0",NA,"NAO","27.3.D.30",NA,"NGI",NA,NA,"25","25","925","25","925","25",NA,NA,NA,"N"
"Sweden",2013,3,"VL0008","FPO","GNS","SPF","16D32","GNS_SPF_16-31_0_0",NA,"NAO","27.3.D.30",NA,"NGI",NA,NA,"0","0","23","0","23","0",NA,NA,NA,"N"
"Sweden",2013,3,"VL0008","FPO","GNS","SPF","32D90","GNS_SPF_32-89_0_0",NA,"NAO","27.3.D.30",NA,"NGI",NA,NA,"70","70","1983","52","1983","52",NA,NA,NA,"N"
"Sweden",2013,3,"VL0008","NO","FPN","ANA","NK","FPN_ANA_>0_0_0",NA,"NAO","27.3.D.30",NA,"NGI",NA,NA,"136","136","2730","136","2730","136",NA,NA,NA,"N"
"Sweden",2013,3,"VL0008","NO","FYK","CAT","NK","FYK_CAT_>0_0_0",NA,"NAO","27.3.D.30",NA,"NGI",NA,NA,"6","6","120","6","120","6",NA,NA,NA,"N"
"Sweden",2013,3,"VL0008","NO","GNS","FWS","32D90","GNS_FWS_>0_0_0",NA,"NAO","27.3.D.30",NA,"NGI",NA,NA,"232","232","4633","232","4633","232",NA,NA,NA,"N"
"Sweden",2013,3,"VL0008","NO","GNS","FWS","90D110","GNS_FWS_>0_0_0",NA,"NAO","27.3.D.30",NA,"NGI",NA,NA,"8","8","160","8","160","8",NA,NA,NA,"N"
"Sweden",2013,3,"VL0008","NO","GNS","SPF","16D32","GNS_SPF_16-31_0_0",NA,"NAO","27.3.D.30",NA,"NGI",NA,NA,"30","30","590","30","590","30",NA,NA,NA,"N"
"Sweden",2013,3,"VL0008","NO","GNS","SPF","32D90","GNS_SPF_32-89_0_0",NA,"NAO","27.3.D.30",NA,"NGI",NA,NA,"52","52","1047","52","1047","52",NA,NA,NA,"N"
"Sweden",2013,3,"VL0008","PGP","FPN","ANA","NK","FPN_ANA_>0_0_0",NA,"NAO","27.3.D.30",NA,"NGI",NA,NA,"20","20","902","41","902","41",NA,NA,NA,"N"
"Sweden",2013,3,"VL0008","PGP","GNS","FWS","32D90","GNS_FWS_>0_0_0",NA,"NAO","27.3.D.30",NA,"NGI",NA,NA,"14","14","638","29","638","29",NA,NA,NA,"N"
"Sweden",2013,3,"VL0812","DFN","FPN","ANA","NK","FPN_ANA_>0_0_0",NA,"NAO","27.3.D.30",NA,"NGI",NA,NA,"22","22","2045","94","2045","94",NA,NA,NA,"N"
"Sweden",2013,3,"VL0812","DFN","FPN","FWS","NK","FPN_FWS_>0_0_0",NA,"NAO","27.3.D.30",NA,"NGI",NA,NA,"6","6","663","25","663","25",NA,NA,NA,"N"
"Sweden",2013,3,"VL0812","DFN","FYK","CAT","NK","FYK_CAT_>0_0_0",NA,"NAO","27.3.D.30",NA,"NGI",NA,NA,"10","10","684","38","684","38",NA,NA,NA,"N"
"Sweden",2013,3,"VL0812","DFN","GNS","DEF","110D157","GNS_DEF_110-156_0_0",NA,"NAO","27.3.D.30",NA,"NGI",NA,NA,"1","1","261","13","261","13",NA,NA,NA,"N"
"Sweden",2013,3,"VL0812","DFN","GNS","DEF","90D110","GNS_DEF_90-109_0_0",NA,"NAO","27.3.D.30",NA,"NGI",NA,NA,"2","2","214","8","214","8",NA,NA,NA,"N"
"Sweden",2013,3,"VL0812","DFN","GNS","FWS","32D90","GNS_FWS_>0_0_0",NA,"NAO","27.3.D.30",NA,"NGI",NA,NA,"125","125","13164","472","13164","472",NA,NA,NA,"N"
"Sweden",2013,3,"VL0812","DFN","GNS","FWS","90D110","GNS_FWS_>0_0_0",NA,"NAO","27.3.D.30",NA,"NGI",NA,NA,"14","14","1448","54","1448","54",NA,NA,NA,"N"
"Sweden",2013,3,"VL0812","DFN","GNS","SPF","16D32","GNS_SPF_16-31_0_0",NA,"NAO","27.3.D.30",NA,"NGI",NA,NA,"26","26","2448","102","2448","102",NA,NA,NA,"N"
"Sweden",2013,3,"VL0812","DFN","GNS","SPF","32D90","GNS_SPF_32-89_0_0",NA,"NAO","27.3.D.30",NA,"NGI",NA,NA,"140","140","15810","641","15810","641",NA,NA,NA,"N"
"Sweden",2013,3,"VL0812","DTS","OTB","SPF","32D90","OTB_SPF_32-89_0_0",NA,"NAO","27.3.D.30",NA,"NGI",NA,NA,"14","14","2532","124","2532","124",NA,NA,NA,"N"
"Sweden",2013,3,"VL0812","FPO","FPN","ANA","NK","FPN_ANA_>0_0_0",NA,"NAO","27.3.D.30",NA,"NGI",NA,NA,"74","74","5348","442","5348","442",NA,NA,NA,"N"
"Sweden",2013,3,"VL0812","FPO","FYK","ANA","NK","FYK_ANA_>0_0_0",NA,"NAO","27.3.D.30",NA,"NGI",NA,NA,"10","10","660","40","660","40",NA,NA,NA,"N"
"Sweden",2013,3,"VL0812","FPO","FYK","CAT","NK","FYK_CAT_>0_0_0",NA,"NAO","27.3.D.30",NA,"NGI",NA,NA,"18","18","1943","88","1943","88",NA,NA,NA,"N"
"Sweden",2013,3,"VL0812","FPO","FYK","FWS","NK","FYK_FWS_>0_0_0",NA,"NAO","27.3.D.30",NA,"NGI",NA,NA,"8","8","528","32","528","32",NA,NA,NA,"N"
"Sweden",2013,3,"VL0812","FPO","GNS","FWS","32D90","GNS_FWS_>0_0_0",NA,"NAO","27.3.D.30",NA,"NGI",NA,NA,"47","47","3335","246","3335","246",NA,NA,NA,"N"
"Sweden",2013,3,"VL0812","FPO","GNS","SPF","16D32","GNS_SPF_16-31_0_0",NA,"NAO","27.3.D.30",NA,"NGI",NA,NA,"19","19","2108","96","2108","96",NA,NA,NA,"N"
"Sweden",2013,3,"VL0812","FPO","GNS","SPF","32D90","GNS_SPF_32-89_0_0",NA,"NAO","27.3.D.30",NA,"NGI",NA,NA,"9","9","450","63","450","63",NA,NA,NA,"N"
"Sweden",2013,3,"VL1218","DTS","OTB","SPF","32D90","OTB_SPF_32-89_0_0",NA,"NAO","27.3.D.30",NA,"NGI",NA,NA,"4","4","800","156","800","156",NA,NA,NA,"N"
"Sweden",2013,3,"VL1218","DTS","OTM","SPF","16D32","OTM_SPF_16-31_0_0",NA,"NAO","27.3.D.30",NA,"NGI",NA,NA,"37","31","15170","3922","12710","3286",NA,NA,NA,"N"
"Sweden",2013,3,"VL1824","DTS","OTB","SPF","32D90","OTB_SPF_32-89_0_0",NA,"NAO","27.3.D.30",NA,"NGI",NA,NA,"7","5","2044","931","1460","665",NA,NA,NA,"N"
"Sweden",2013,3,"VL1824","TM","OTB","SPF","32D90","OTB_SPF_32-89_0_0",NA,"NAO","27.3.D.30",NA,"NGI",NA,NA,"4","4","1044","248","1044","248",NA,NA,NA,"N"
"Sweden",2013,3,"VL1824","TM","OTM","SPF","16D32","OTM_SPF_16-31_0_0",NA,"NAO","27.3.D.30",NA,"NGI",NA,NA,"58","53","21344","5510","19504","5035",NA,NA,NA,"N"
"Sweden",2013,3,"VL1824","TM","OTM","SPF","32D90","OTM_SPF_32-89_0_0",NA,"NAO","27.3.D.30",NA,"NGI",NA,NA,"8","8","2088","496","2088","496",NA,NA,NA,"N"
"Sweden",2013,3,"VL2440","DTS","OTB","SPF","16D32","OTB_SPF_16-31_0_0",NA,"NAO","27.3.D.30",NA,"NGI",NA,NA,"19","15","14174","6688","11190","5280",NA,NA,NA,"N"
"Sweden",2013,3,"VL2440","DTS","OTM","SPF","16D32","OTM_SPF_16-31_0_0",NA,"NAO","27.3.D.30",NA,"NGI",NA,NA,"25","23","18375","6800","16905","6256",NA,NA,NA,"N"
"Sweden",2013,3,"VL2440","TM","OTM","SPF","16D32","OTM_SPF_16-31_0_0",NA,"NAO","27.3.D.30",NA,"NGI",NA,NA,"17","12","10897","4913","7692","3468",NA,NA,NA,"N"
"Sweden",2013,4,"VL0008","DFN","FYK","FWS","NK","FYK_FWS_>0_0_0",NA,"NAO","27.3.D.30",NA,"NGI",NA,NA,"3","3","132","3","132","3",NA,NA,NA,"N"
"Sweden",2013,4,"VL0008","DFN","GNS","FWS","32D90","GNS_FWS_>0_0_0",NA,"NAO","27.3.D.30",NA,"NGI",NA,NA,"166","166","5608","158","5608","158",NA,NA,NA,"N"
"Sweden",2013,4,"VL0008","DFN","GNS","FWS","90D110","GNS_FWS_>0_0_0",NA,"NAO","27.3.D.30",NA,"NGI",NA,NA,"43","43","1485","38","1485","38",NA,NA,NA,"N"
"Sweden",2013,4,"VL0008","DFN","GNS","SPF","16D32","GNS_SPF_16-31_0_0",NA,"NAO","27.3.D.30",NA,"NGI",NA,NA,"14","14","210","14","210","14",NA,NA,NA,"N"
"Sweden",2013,4,"VL0008","DFN","GNS","SPF","32D90","GNS_SPF_32-89_0_0",NA,"NAO","27.3.D.30",NA,"NGI",NA,NA,"44","44","1510","36","1510","36",NA,NA,NA,"N"
"Sweden",2013,4,"VL0008","DFN","NK","NK","NK","NK",NA,"NAO","27.3.D.30",NA,"NGI",NA,NA,"0","0","22","0","22","0",NA,NA,NA,"N"
"Sweden",2013,4,"VL0008","FPO","FPN","ANA","NK","FPN_ANA_>0_0_0",NA,"NAO","27.3.D.30",NA,"NGI",NA,NA,"11","11","439","16","439","16",NA,NA,NA,"N"
"Sweden",2013,4,"VL0008","FPO","FPO","FWS",NA,"FPO_FWS_>0_0_0",NA,"NAO","27.3.D.30",NA,"NGI",NA,NA,"64","64","1024","128","1024","128",NA,NA,NA,"N"
"Sweden",2013,4,"VL0008","FPO","GNS","ANA","90D110","GNS_ANA_90-109_0_0",NA,"NAO","27.3.D.30",NA,"NGI",NA,NA,"27","27","587","24","587","24",NA,NA,NA,"N"
"Sweden",2013,4,"VL0008","FPO","GNS","FWS","32D90","GNS_FWS_>0_0_0",NA,"NAO","27.3.D.30",NA,"NGI",NA,NA,"59","59","1399","58","1399","58",NA,NA,NA,"N"
"Sweden",2013,4,"VL0008","FPO","GNS","SPF","32D90","GNS_SPF_32-89_0_0",NA,"NAO","27.3.D.30",NA,"NGI",NA,NA,"20","20","580","20","580","20",NA,NA,NA,"N"
"Sweden",2013,4,"VL0008","FPO","NK","NK","NK","NK",NA,"NAO","27.3.D.30",NA,"NGI",NA,NA,"8","8","1522","26","1522","26",NA,NA,NA,"N"
"Sweden",2013,4,"VL0008","NO","FPN","ANA","NK","FPN_ANA_>0_0_0",NA,"NAO","27.3.D.30",NA,"NGI",NA,NA,"10","10","207","10","207","10",NA,NA,NA,"N"
"Sweden",2013,4,"VL0008","NO","FPN","FWS","NK","FPN_FWS_>0_0_0",NA,"NAO","27.3.D.30",NA,"NGI",NA,NA,"8","8","150","8","150","8",NA,NA,NA,"N"
"Sweden",2013,4,"VL0008","NO","FYK","FWS","NK","FYK_FWS_>0_0_0",NA,"NAO","27.3.D.30",NA,"NGI",NA,NA,"6","6","120","6","120","6",NA,NA,NA,"N"
"Sweden",2013,4,"VL0008","NO","GNS","FWS","32D90","GNS_FWS_>0_0_0",NA,"NAO","27.3.D.30",NA,"NGI",NA,NA,"85","85","1703","85","1703","85",NA,NA,NA,"N"
"Sweden",2013,4,"VL0008","NO","GNS","SPF","16D32","GNS_SPF_16-31_0_0",NA,"NAO","27.3.D.30",NA,"NGI",NA,NA,"10","10","200","10","200","10",NA,NA,NA,"N"
"Sweden",2013,4,"VL0008","NO","GNS","SPF","32D90","GNS_SPF_32-89_0_0",NA,"NAO","27.3.D.30",NA,"NGI",NA,NA,"8","8","150","8","150","8",NA,NA,NA,"N"
"Sweden",2013,4,"VL0008","PGP","GNS","FWS","32D90","GNS_FWS_>0_0_0",NA,"NAO","27.3.D.30",NA,"NGI",NA,NA,"12","12","528","24","528","24",NA,NA,NA,"N"
"Sweden",2013,4,"VL0812","DFN","FPN","FWS","NK","FPN_FWS_>0_0_0",NA,"NAO","27.3.D.30",NA,"NGI",NA,NA,"31","31","3317","124","3317","124",NA,NA,NA,"N"
"Sweden",2013,4,"VL0812","DFN","GNS","ANA","90D110","GNS_ANA_90-109_0_0",NA,"NAO","27.3.D.30",NA,"NGI",NA,NA,"6","6","792","18","792","18",NA,NA,NA,"N"
"Sweden",2013,4,"VL0812","DFN","GNS","DEF","110D157","GNS_DEF_110-156_0_0",NA,"NAO","27.3.D.30",NA,"NGI",NA,NA,"1","1","72","4","72","4",NA,NA,NA,"N"
"Sweden",2013,4,"VL0812","DFN","GNS","DEF","90D110","GNS_DEF_90-109_0_0",NA,"NAO","27.3.D.30",NA,"NGI",NA,NA,"5","2","535","20","214","8",NA,NA,NA,"N"
"Sweden",2013,4,"VL0812","DFN","GNS","FWS","32D90","GNS_FWS_>0_0_0",NA,"NAO","27.3.D.30",NA,"NGI",NA,NA,"49","49","4434","210","4434","210",NA,NA,NA,"N"
"Sweden",2013,4,"VL0812","DFN","GNS","FWS","90D110","GNS_FWS_>0_0_0",NA,"NAO","27.3.D.30",NA,"NGI",NA,NA,"6","6","605","16","605","16",NA,NA,NA,"N"
"Sweden",2013,4,"VL0812","DFN","GNS","SPF","16D32","GNS_SPF_16-31_0_0",NA,"NAO","27.3.D.30",NA,"NGI",NA,NA,"6","6","576","24","576","24",NA,NA,NA,"N"
"Sweden",2013,4,"VL0812","DFN","GNS","SPF","32D90","GNS_SPF_32-89_0_0",NA,"NAO","27.3.D.30",NA,"NGI",NA,NA,"66","66","6554","299","6554","299",NA,NA,NA,"N"
"Sweden",2013,4,"VL0812","DTS","OTB","SPF","32D90","OTB_SPF_32-89_0_0",NA,"NAO","27.3.D.30",NA,"NGI",NA,NA,"18","18","3136","154","3136","154",NA,NA,NA,"N"
"Sweden",2013,4,"VL0812","FPO","GNS","FWS","32D90","GNS_FWS_>0_0_0",NA,"NAO","27.3.D.30",NA,"NGI",NA,NA,"52","52","3115","290","3115","290",NA,NA,NA,"N"
"Sweden",2013,4,"VL0812","FPO","GNS","SPF","16D32","GNS_SPF_16-31_0_0",NA,"NAO","27.3.D.30",NA,"NGI",NA,NA,"12","12","1265","58","1265","58",NA,NA,NA,"N"
"Sweden",2013,4,"VL0812","FPO","GNS","SPF","32D90","GNS_SPF_32-89_0_0",NA,"NAO","27.3.D.30",NA,"NGI",NA,NA,"9","9","450","63","450","63",NA,NA,NA,"N"
"Sweden",2013,4,"VL1218","DFN","GNS","DEF","110D157","GNS_DEF_110-156_0_0",NA,"NAO","27.3.D.30",NA,"NGI",NA,NA,"1","1","294","19","294","19",NA,NA,NA,"N"
"Sweden",2013,4,"VL1218","DTS","OTB","SPF","32D90","OTB_SPF_32-89_0_0",NA,"NAO","27.3.D.30",NA,"NGI",NA,NA,"15","15","3000","585","3000","585",NA,NA,NA,"N"
"Sweden",2013,4,"VL1218","DTS","OTM","SPF","16D32","OTM_SPF_16-31_0_0",NA,"NAO","27.3.D.30",NA,"NGI",NA,NA,"33","26","13530","3498","10660","2756",NA,NA,NA,"N"
"Sweden",2013,4,"VL1824","DTS","OTB","DEF","110DXX","OTB_DEF_>=120_3_120",NA,"NAO","27.3.D.30",NA,"NGI","T90",NA,"1","1","292","133","292","133",NA,NA,NA,"N"
"Sweden",2013,4,"VL1824","TM","OTB","SPF","32D90","OTB_SPF_32-89_0_0",NA,"NAO","27.3.D.30",NA,"NGI",NA,NA,"2","2","522","124","522","124",NA,NA,NA,"N"
"Sweden",2013,4,"VL1824","TM","OTM","SPF","16D32","OTM_SPF_16-31_0_0",NA,"NAO","27.3.D.30",NA,"NGI",NA,NA,"52","37","19136","4940","13616","3515",NA,NA,NA,"N"
"Sweden",2013,4,"VL1824","TM","OTM","SPF","32D90","OTM_SPF_32-89_0_0",NA,"NAO","27.3.D.30",NA,"NGI",NA,NA,"16","16","4176","992","4176","992",NA,NA,NA,"N"
"Sweden",2013,4,"VL2440","DTS","OTB","SPF","16D32","OTB_SPF_16-31_0_0",NA,"NAO","27.3.D.30",NA,"NGI",NA,NA,"4","2","2984","1408","1492","704",NA,NA,NA,"N"
"Sweden",2013,4,"VL2440","DTS","OTM","SPF","16D32","OTM_SPF_16-31_0_0",NA,"NAO","27.3.D.30",NA,"NGI",NA,NA,"44","34","32340","11968","24990","9248",NA,NA,NA,"N"
"Sweden",2013,4,"VL2440","TM","OTM","SPF","16D32","OTM_SPF_16-31_0_0",NA,"NAO","27.3.D.30",NA,"NGI",NA,NA,"15","10","3300","3495","2200","2330",NA,NA,NA,"N"
"Sweden",2013,4,"VL40XX","TM","OTM","SPF","16D32","OTM_SPF_16-31_0_0",NA,"NAO","27.3.D.30",NA,"NGI",NA,NA,"30","19","90000","25380","57000","16074",NA,NA,NA,"N"
"Sweden",2014,1,"VL0008","DFN","FYK","FWS","NK","FYK_FWS_>0_0_0",NA,"NAO","27.3.D.30",NA,"NGI",NA,NA,"0","0","15","0","15","0",NA,NA,NA,"N"
"Sweden",2014,1,"VL0008","DFN","GNS","FWS","32D90","GNS_FWS_>0_0_0",NA,"NAO","27.3.D.30",NA,"NGI",NA,NA,"121","121","3690","106","3690","106",NA,NA,NA,"N"
"Sweden",2014,1,"VL0008","DFN","GNS","FWS","90D110","GNS_FWS_>0_0_0",NA,"NAO","27.3.D.30",NA,"NGI",NA,NA,"23","23","908","19","908","19",NA,NA,NA,"N"
"Sweden",2014,1,"VL0008","DFN","GNS","SPF","16D32","GNS_SPF_16-31_0_0",NA,"NAO","27.3.D.30",NA,"NGI",NA,NA,"4","4","60","4","60","4",NA,NA,NA,"N"
"Sweden",2014,1,"VL0008","DFN","GNS","SPF","32D90","GNS_SPF_32-89_0_0",NA,"NAO","27.3.D.30",NA,"NGI",NA,NA,"22","22","560","13","560","13",NA,NA,NA,"N"
"Sweden",2014,1,"VL0008","DFN","NK","NK","NK","NK",NA,"NAO","27.3.D.30",NA,"NGI",NA,NA,"1","1","37","1","37","1",NA,NA,NA,"N"
"Sweden",2014,1,"VL0008","FPO","FYK","FWS","NK","FYK_FWS_>0_0_0",NA,"NAO","27.3.D.30",NA,"NGI",NA,NA,"7","7","126","0","126","0",NA,NA,NA,"N"
"Sweden",2014,1,"VL0008","FPO","GNS","FWS","32D90","GNS_FWS_>0_0_0",NA,"NAO","27.3.D.30",NA,"NGI",NA,NA,"12","12","256","0","256","0",NA,NA,NA,"N"
"Sweden",2014,1,"VL0008","FPO","GNS","SPF","32D90","GNS_SPF_32-89_0_0",NA,"NAO","27.3.D.30",NA,"NGI",NA,NA,"2","2","36","0","36","0",NA,NA,NA,"N"
"Sweden",2014,1,"VL0008","NO","FPO","FWS",NA,"FPO_FWS_>0_0_0",NA,"NAO","27.3.D.30",NA,"NGI",NA,NA,"13","13","260","13","260","13",NA,NA,NA,"N"
"Sweden",2014,1,"VL0008","NO","FYK","FWS","NK","FYK_FWS_>0_0_0",NA,"NAO","27.3.D.30",NA,"NGI",NA,NA,"5","5","97","5","97","5",NA,NA,NA,"N"
"Sweden",2014,1,"VL0008","NO","GNS","FWS","110D157","GNS_FWS_>0_0_0",NA,"NAO","27.3.D.30",NA,"NGI",NA,NA,"0","0","10","0","10","0",NA,NA,NA,"N"
"Sweden",2014,1,"VL0008","NO","GNS","FWS","32D90","GNS_FWS_>0_0_0",NA,"NAO","27.3.D.30",NA,"NGI",NA,NA,"27","27","547","27","547","27",NA,NA,NA,"N"
"Sweden",2014,1,"VL0008","NO","NK","NK","NK","NK",NA,"NAO","27.3.D.30",NA,"NGI",NA,NA,"14","14","287","14","287","14",NA,NA,NA,"N"
"Sweden",2014,1,"VL0008","PGP","FPO","FWS",NA,"FPO_FWS_>0_0_0",NA,"NAO","27.3.D.30",NA,"NGI",NA,NA,"59","59","944","118","944","118",NA,NA,NA,"N"
"Sweden",2014,1,"VL0812","DFN","FYK","FWS","NK","FYK_FWS_>0_0_0",NA,"NAO","27.3.D.30",NA,"NGI",NA,NA,"15","15","1605","60","1605","60",NA,NA,NA,"N"
"Sweden",2014,1,"VL0812","DFN","GNS","SPF","16D32","GNS_SPF_16-31_0_0",NA,"NAO","27.3.D.30",NA,"NGI",NA,NA,"16","16","1760","80","1760","80",NA,NA,NA,"N"
"Sweden",2014,1,"VL0812","DFN","GNS","SPF","32D90","GNS_SPF_32-89_0_0",NA,"NAO","27.3.D.30",NA,"NGI",NA,NA,"26","26","2676","138","2676","138",NA,NA,NA,"N"
"Sweden",2014,1,"VL0812","DFN","OTB","SPF","32D90","OTB_SPF_32-89_0_0",NA,"NAO","27.3.D.30",NA,"NGI",NA,NA,"3","3","783","39","783","39",NA,NA,NA,"N"
"Sweden",2014,1,"VL0812","DTS","OTB","SPF","32D90","OTB_SPF_32-89_0_0",NA,"NAO","27.3.D.30",NA,"NGI",NA,NA,"4","4","516","40","516","40",NA,NA,NA,"N"
"Sweden",2014,1,"VL1218","DTS","PTB","SPF","32D90","PTB_SPF_32-89_0_0",NA,"NAO","27.3.D.30",NA,"NGI",NA,NA,"3","3","882","93","882","93",NA,NA,NA,"N"
"Sweden",2014,1,"VL1218","TM","OTM","SPF","16D32","OTM_SPF_16-31_0_0",NA,"NAO","27.3.D.30",NA,"NGI",NA,NA,"12","9","4920","1272","3690","954",NA,NA,NA,"N"
"Sweden",2014,1,"VL1824","TM","OTB","SPF","32D90","OTB_SPF_32-89_0_0",NA,"NAO","27.3.D.30",NA,"NGI",NA,NA,"4","4","1044","248","1044","248",NA,NA,NA,"N"
"Sweden",2014,1,"VL1824","TM","OTM","SPF","16D32","OTM_SPF_16-31_0_0",NA,"NAO","27.3.D.30",NA,"NGI",NA,NA,"59","43","21712","5605","15824","4085",NA,NA,NA,"N"
"Sweden",2014,1,"VL1824","TM","OTM","SPF","32D90","OTM_SPF_32-89_0_0",NA,"NAO","27.3.D.30",NA,"NGI",NA,NA,"14","14","3654","868","3654","868",NA,NA,NA,"N"
"Sweden",2014,1,"VL2440","DTS","OTB","SPF","16D32","OTB_SPF_16-31_0_0",NA,"NAO","27.3.D.30",NA,"NGI",NA,NA,"61","50","45506","21472","37300","17600",NA,NA,NA,"N"
"Sweden",2014,1,"VL2440","TM","OTM","SPF","16D32","OTM_SPF_16-31_0_0",NA,"NAO","27.3.D.30",NA,"NGI",NA,NA,"57","45","24385","14178","20200","11265",NA,NA,NA,"N"
"Sweden",2014,1,"VL40XX","TM","OTM","SPF","16D32","OTM_SPF_16-31_0_0",NA,"NAO","27.3.D.30",NA,"NGI",NA,NA,"23","15","33535","12751","21720","8269",NA,NA,NA,"N"
"Sweden",2014,2,"VL0008","DFN","FPN","ANA","NK","FPN_ANA_>0_0_0",NA,"NAO","27.3.D.30",NA,"NGI",NA,NA,"238","238","7291","260","7291","260",NA,NA,NA,"N"
"Sweden",2014,2,"VL0008","DFN","FPO","FWS",NA,"FPO_FWS_>0_0_0",NA,"NAO","27.3.D.30",NA,"NGI",NA,NA,"10","10","400","10","400","10",NA,NA,NA,"N"
"Sweden",2014,2,"VL0008","DFN","FYK","CAT","NK","FYK_CAT_>0_0_0",NA,"NAO","27.3.D.30",NA,"NGI",NA,NA,"18","18","324","18","324","18",NA,NA,NA,"N"
"Sweden",2014,2,"VL0008","DFN","FYK","FWS","NK","FYK_FWS_>0_0_0",NA,"NAO","27.3.D.30",NA,"NGI",NA,NA,"1","1","44","1","44","1",NA,NA,NA,"N"
"Sweden",2014,2,"VL0008","DFN","GNS","DEF","32D90","GNS_DEF_32-89_0_0",NA,"NAO","27.3.D.30",NA,"NGI",NA,NA,"6","6","240","6","240","6",NA,NA,NA,"N"
"Sweden",2014,2,"VL0008","DFN","GNS","FWS","32D90","GNS_FWS_>0_0_0",NA,"NAO","27.3.D.30",NA,"NGI",NA,NA,"438","438","13695","394","13695","394",NA,NA,NA,"N"
"Sweden",2014,2,"VL0008","DFN","GNS","FWS","90D110","GNS_FWS_>0_0_0",NA,"NAO","27.3.D.30",NA,"NGI",NA,NA,"112","112","3924","130","3924","130",NA,NA,NA,"N"
"Sweden",2014,2,"VL0008","DFN","GNS","SPF","16D32","GNS_SPF_16-31_0_0",NA,"NAO","27.3.D.30",NA,"NGI",NA,NA,"50","50","1001","59","1001","59",NA,NA,NA,"N"
"Sweden",2014,2,"VL0008","DFN","GNS","SPF","32D90","GNS_SPF_32-89_0_0",NA,"NAO","27.3.D.30",NA,"NGI",NA,NA,"245","245","7314","220","7314","220",NA,NA,NA,"N"
"Sweden",2014,2,"VL0008","FPO","FPN","ANA","NK","FPN_ANA_>0_0_0",NA,"NAO","27.3.D.30",NA,"NGI",NA,NA,"310","310","10962","229","10962","229",NA,NA,NA,"N"
"Sweden",2014,2,"VL0008","FPO","FYK","ANA","NK","FYK_ANA_>0_0_0",NA,"NAO","27.3.D.30",NA,"NGI",NA,NA,"1","1","25","0","25","0",NA,NA,NA,"N"
"Sweden",2014,2,"VL0008","FPO","FYK","CAT","NK","FYK_CAT_>0_0_0",NA,"NAO","27.3.D.30",NA,"NGI",NA,NA,"1","1","44","1","44","1",NA,NA,NA,"N"
"Sweden",2014,2,"VL0008","FPO","GNS","ANA","90D110","GNS_ANA_90-109_0_0",NA,"NAO","27.3.D.30",NA,"NGI",NA,NA,"6","6","132","0","132","0",NA,NA,NA,"N"
"Sweden",2014,2,"VL0008","FPO","GNS","FWS","32D90","GNS_FWS_>0_0_0",NA,"NAO","27.3.D.30",NA,"NGI",NA,NA,"53","53","1416","2","1416","2",NA,NA,NA,"N"
"Sweden",2014,2,"VL0008","FPO","GNS","FWS","90D110","GNS_FWS_>0_0_0",NA,"NAO","27.3.D.30",NA,"NGI",NA,NA,"5","5","117","0","117","0",NA,NA,NA,"N"
"Sweden",2014,2,"VL0008","FPO","GNS","SPF","32D90","GNS_SPF_32-89_0_0",NA,"NAO","27.3.D.30",NA,"NGI",NA,NA,"68","68","1738","1","1738","1",NA,NA,NA,"N"
"Sweden",2014,2,"VL0008","NO","FPN","ANA","NK","FPN_ANA_>0_0_0",NA,"NAO","27.3.D.30",NA,"NGI",NA,NA,"8","8","160","8","160","8",NA,NA,NA,"N"
"Sweden",2014,2,"VL0008","NO","GNS","FWS","32D90","GNS_FWS_>0_0_0",NA,"NAO","27.3.D.30",NA,"NGI",NA,NA,"30","30","600","30","600","30",NA,NA,NA,"N"
"Sweden",2014,2,"VL0008","NO","GNS","SPF","16D32","GNS_SPF_16-31_0_0",NA,"NAO","27.3.D.30",NA,"NGI",NA,NA,"10","10","200","10","200","10",NA,NA,NA,"N"
"Sweden",2014,2,"VL0008","PGP","FPN","ANA","NK","FPN_ANA_>0_0_0",NA,"NAO","27.3.D.30",NA,"NGI",NA,NA,"6","6","96","12","96","12",NA,NA,NA,"N"
"Sweden",2014,2,"VL0008","PGP","GNS","FWS","32D90","GNS_FWS_>0_0_0",NA,"NAO","27.3.D.30",NA,"NGI",NA,NA,"15","15","240","30","240","30",NA,NA,NA,"N"
"Sweden",2014,2,"VL0008","PGP","GNS","SPF","32D90","GNS_SPF_32-89_0_0",NA,"NAO","27.3.D.30",NA,"NGI",NA,NA,"6","6","96","12","96","12",NA,NA,NA,"N"
"Sweden",2014,2,"VL0812","DFN","FPN","ANA","NK","FPN_ANA_>0_0_0",NA,"NAO","27.3.D.30",NA,"NGI",NA,NA,"22","22","2048","106","2048","106",NA,NA,NA,"N"
"Sweden",2014,2,"VL0812","DFN","FYK","ANA","NK","FYK_ANA_>0_0_0",NA,"NAO","27.3.D.30",NA,"NGI",NA,NA,"4","4","440","12","440","12",NA,NA,NA,"N"
"Sweden",2014,2,"VL0812","DFN","FYK","CAT","NK","FYK_CAT_>0_0_0",NA,"NAO","27.3.D.30",NA,"NGI",NA,NA,"23","23","2301","109","2301","109",NA,NA,NA,"N"
"Sweden",2014,2,"VL0812","DFN","FYK","FWS","NK","FYK_FWS_>0_0_0",NA,"NAO","27.3.D.30",NA,"NGI",NA,NA,"15","15","1605","60","1605","60",NA,NA,NA,"N"
"Sweden",2014,2,"VL0812","DFN","GNS","DEF","110D157","GNS_DEF_110-156_0_0",NA,"NAO","27.3.D.30",NA,"NGI",NA,NA,"3","1","105","33","35","11",NA,NA,NA,"N"
"Sweden",2014,2,"VL0812","DFN","GNS","FWS","32D90","GNS_FWS_>0_0_0",NA,"NAO","27.3.D.30",NA,"NGI",NA,NA,"99","99","10271","413","10271","413",NA,NA,NA,"N"
"Sweden",2014,2,"VL0812","DFN","GNS","FWS","90D110","GNS_FWS_>0_0_0",NA,"NAO","27.3.D.30",NA,"NGI",NA,NA,"26","26","2114","168","2114","168",NA,NA,NA,"N"
"Sweden",2014,2,"VL0812","DFN","GNS","SPF","16D32","GNS_SPF_16-31_0_0",NA,"NAO","27.3.D.30",NA,"NGI",NA,NA,"46","46","4820","214","4820","214",NA,NA,NA,"N"
"Sweden",2014,2,"VL0812","DFN","GNS","SPF","32D90","GNS_SPF_32-89_0_0",NA,"NAO","27.3.D.30",NA,"NGI",NA,NA,"220","219","29775","1546","29572","1540",NA,NA,NA,"N"
"Sweden",2014,2,"VL0812","DFN","OTB","SPF","32D90","OTB_SPF_32-89_0_0",NA,"NAO","27.3.D.30",NA,"NGI",NA,NA,"16","16","4176","208","4176","208",NA,NA,NA,"N"
"Sweden",2014,2,"VL0812","DTS","GNS","SPF","32D90","GNS_SPF_32-89_0_0",NA,"NAO","27.3.D.30",NA,"NGI",NA,NA,"26","26","2496","312","2496","312",NA,NA,NA,"N"
"Sweden",2014,2,"VL0812","DTS","OTB","SPF","32D90","OTB_SPF_32-89_0_0",NA,"NAO","27.3.D.30",NA,"NGI",NA,NA,"19","19","1824","228","1824","228",NA,NA,NA,"N"
"Sweden",2014,2,"VL0812","FPO","FPN","ANA","NK","FPN_ANA_>0_0_0",NA,"NAO","27.3.D.30",NA,"NGI",NA,NA,"23","23","1561","157","1561","157",NA,NA,NA,"N"
"Sweden",2014,2,"VL1218","DFN","GNS","SPF","32D90","GNS_SPF_32-89_0_0",NA,"NAO","27.3.D.30",NA,"NGI",NA,NA,"8","8","2088","152","2088","152",NA,NA,NA,"N"
"Sweden",2014,2,"VL1218","DTS","GNS","SPF","32D90","GNS_SPF_32-89_0_0",NA,"NAO","27.3.D.30",NA,"NGI",NA,NA,"32","28","9498","799","8298","731",NA,NA,NA,"N"
"Sweden",2014,2,"VL1218","DTS","OTB","SPF","32D90","OTB_SPF_32-89_0_0",NA,"NAO","27.3.D.30",NA,"NGI",NA,NA,"6","5","1764","192","1470","160",NA,NA,NA,"N"
"Sweden",2014,2,"VL1218","DTS","PTB","SPF","32D90","PTB_SPF_32-89_0_0",NA,"NAO","27.3.D.30",NA,"NGI",NA,NA,"10","10","3087","326","2940","310",NA,NA,NA,"N"
"Sweden",2014,2,"VL1218","DTS","PTM","SPF","32D90","PTM_SPF_32-89_0_0",NA,"NAO","27.3.D.30",NA,"NGI",NA,NA,"12","12","3675","394","3528","378",NA,NA,NA,"N"
"Sweden",2014,2,"VL1218","TM","OTM","SPF","16D32","OTM_SPF_16-31_0_0",NA,"NAO","27.3.D.30",NA,"NGI",NA,NA,"71","59","29110","7526","24190","6254",NA,NA,NA,"N"
"Sweden",2014,2,"VL1824","TM","OTB","SPF","32D90","OTB_SPF_32-89_0_0",NA,"NAO","27.3.D.30",NA,"NGI",NA,NA,"2","2","392","93","392","93",NA,NA,NA,"N"
"Sweden",2014,2,"VL1824","TM","OTM","SPF","16D32","OTM_SPF_16-31_0_0",NA,"NAO","27.3.D.30",NA,"NGI",NA,NA,"67","60","24656","6365","22080","5700",NA,NA,NA,"N"
"Sweden",2014,2,"VL1824","TM","OTM","SPF","32D90","OTM_SPF_32-89_0_0",NA,"NAO","27.3.D.30",NA,"NGI",NA,NA,"18","18","4828","1147","4828","1147",NA,NA,NA,"N"
"Sweden",2014,2,"VL2440","DTS","OTB","SPF","16D32","OTB_SPF_16-31_0_0",NA,"NAO","27.3.D.30",NA,"NGI",NA,NA,"45","39","33570","15840","29094","13728",NA,NA,NA,"N"
"Sweden",2014,2,"VL2440","TM","OTM","SPF","16D32","OTM_SPF_16-31_0_0",NA,"NAO","27.3.D.30",NA,"NGI",NA,NA,"92","75","66603","27633","53146","21785",NA,NA,NA,"N"
"Sweden",2014,2,"VL40XX","TM","OTM","SPF","16D32","OTM_SPF_16-31_0_0",NA,"NAO","27.3.D.30",NA,"NGI",NA,NA,"97","68","202245","65009","149165","47102",NA,NA,NA,"N"
"Sweden",2014,3,"VL0008","DFN","FPN","ANA","NK","FPN_ANA_>0_0_0",NA,"NAO","27.3.D.30",NA,"NGI",NA,NA,"155","155","4524","167","4524","167",NA,NA,NA,"N"
"Sweden",2014,3,"VL0008","DFN","FPO","FWS",NA,"FPO_FWS_>0_0_0",NA,"NAO","27.3.D.30",NA,"NGI",NA,NA,"21","21","827","21","827","21",NA,NA,NA,"N"
"Sweden",2014,3,"VL0008","DFN","FYK","CAT","NK","FYK_CAT_>0_0_0",NA,"NAO","27.3.D.30",NA,"NGI",NA,NA,"5","5","90","5","90","5",NA,NA,NA,"N"
"Sweden",2014,3,"VL0008","DFN","GNS","FWS","32D90","GNS_FWS_>0_0_0",NA,"NAO","27.3.D.30",NA,"NGI",NA,NA,"801","801","26954","798","26954","798",NA,NA,NA,"N"
"Sweden",2014,3,"VL0008","DFN","GNS","FWS","90D110","GNS_FWS_>0_0_0",NA,"NAO","27.3.D.30",NA,"NGI",NA,NA,"125","125","4052","165","4052","165",NA,NA,NA,"N"
"Sweden",2014,3,"VL0008","DFN","GNS","SPF","16D32","GNS_SPF_16-31_0_0",NA,"NAO","27.3.D.30",NA,"NGI",NA,NA,"29","29","538","32","538","32",NA,NA,NA,"N"
"Sweden",2014,3,"VL0008","DFN","GNS","SPF","32D90","GNS_SPF_32-89_0_0",NA,"NAO","27.3.D.30",NA,"NGI",NA,NA,"224","224","6541","226","6541","226",NA,NA,NA,"N"
"Sweden",2014,3,"VL0008","FPO","FPN","ANA","NK","FPN_ANA_>0_0_0",NA,"NAO","27.3.D.30",NA,"NGI",NA,NA,"331","331","11230","230","11230","230",NA,NA,NA,"N"
"Sweden",2014,3,"VL0008","FPO","FYK","ANA","NK","FYK_ANA_>0_0_0",NA,"NAO","27.3.D.30",NA,"NGI",NA,NA,"18","18","270","18","270","18",NA,NA,NA,"N"
"Sweden",2014,3,"VL0008","FPO","FYK","FWS","NK","FYK_FWS_>0_0_0",NA,"NAO","27.3.D.30",NA,"NGI",NA,NA,"61","61","2196","61","2196","61",NA,NA,NA,"N"
"Sweden",2014,3,"VL0008","FPO","GNS","ANA","90D110","GNS_ANA_90-109_0_0",NA,"NAO","27.3.D.30",NA,"NGI",NA,NA,"13","13","290","0","290","0",NA,NA,NA,"N"
"Sweden",2014,3,"VL0008","FPO","GNS","FWS","32D90","GNS_FWS_>0_0_0",NA,"NAO","27.3.D.30",NA,"NGI",NA,NA,"149","149","4772","60","4772","60",NA,NA,NA,"N"
"Sweden",2014,3,"VL0008","FPO","GNS","FWS","90D110","GNS_FWS_>0_0_0",NA,"NAO","27.3.D.30",NA,"NGI",NA,NA,"46","46","1702","46","1702","46",NA,NA,NA,"N"
"Sweden",2014,3,"VL0008","FPO","GNS","SPF","32D90","GNS_SPF_32-89_0_0",NA,"NAO","27.3.D.30",NA,"NGI",NA,NA,"24","24","520","0","520","0",NA,NA,NA,"N"
"Sweden",2014,3,"VL0008","NO","FPN","ANA","NK","FPN_ANA_>0_0_0",NA,"NAO","27.3.D.30",NA,"NGI",NA,NA,"13","13","260","13","260","13",NA,NA,NA,"N"
"Sweden",2014,3,"VL0008","NO","FYK","ANA","NK","FYK_ANA_>0_0_0",NA,"NAO","27.3.D.30",NA,"NGI",NA,NA,"20","20","407","20","407","20",NA,NA,NA,"N"
"Sweden",2014,3,"VL0008","NO","GNS","FWS","32D90","GNS_FWS_>0_0_0",NA,"NAO","27.3.D.30",NA,"NGI",NA,NA,"45","45","907","45","907","45",NA,NA,NA,"N"
"Sweden",2014,3,"VL0008","NO","GNS","SPF","16D32","GNS_SPF_16-31_0_0",NA,"NAO","27.3.D.30",NA,"NGI",NA,NA,"20","20","407","20","407","20",NA,NA,NA,"N"
"Sweden",2014,3,"VL0008","PGP","GNS","FWS","32D90","GNS_FWS_>0_0_0",NA,"NAO","27.3.D.30",NA,"NGI",NA,NA,"8","8","128","16","128","16",NA,NA,NA,"N"
"Sweden",2014,3,"VL0812","DFN","FPN","ANA","NK","FPN_ANA_>0_0_0",NA,"NAO","27.3.D.30",NA,"NGI",NA,NA,"36","36","2178","232","2178","232",NA,NA,NA,"N"
"Sweden",2014,3,"VL0812","DFN","FYK","ANA","NK","FYK_ANA_>0_0_0",NA,"NAO","27.3.D.30",NA,"NGI",NA,NA,"8","8","802","30","802","30",NA,NA,NA,"N"
"Sweden",2014,3,"VL0812","DFN","FYK","CAT","NK","FYK_CAT_>0_0_0",NA,"NAO","27.3.D.30",NA,"NGI",NA,NA,"35","35","3202","159","3202","159",NA,NA,NA,"N"
"Sweden",2014,3,"VL0812","DFN","FYK","FWS","NK","FYK_FWS_>0_0_0",NA,"NAO","27.3.D.30",NA,"NGI",NA,NA,"8","8","802","30","802","30",NA,NA,NA,"N"
"Sweden",2014,3,"VL0812","DFN","GNS","DEF","110D157","GNS_DEF_110-156_0_0",NA,"NAO","27.3.D.30",NA,"NGI",NA,NA,"4","3","416","36","320","22",NA,NA,NA,"N"
"Sweden",2014,3,"VL0812","DFN","GNS","FWS","32D90","GNS_FWS_>0_0_0",NA,"NAO","27.3.D.30",NA,"NGI",NA,NA,"168","168","17097","706","17097","706",NA,NA,NA,"N"
"Sweden",2014,3,"VL0812","DFN","GNS","FWS","90D110","GNS_FWS_>0_0_0",NA,"NAO","27.3.D.30",NA,"NGI",NA,NA,"8","8","892","33","892","33",NA,NA,NA,"N"
"Sweden",2014,3,"VL0812","DFN","GNS","SPF","16D32","GNS_SPF_16-31_0_0",NA,"NAO","27.3.D.30",NA,"NGI",NA,NA,"54","54","5447","246","5447","246",NA,NA,NA,"N"
"Sweden",2014,3,"VL0812","DFN","GNS","SPF","32D90","GNS_SPF_32-89_0_0",NA,"NAO","27.3.D.30",NA,"NGI",NA,NA,"131","131","14015","646","14015","646",NA,NA,NA,"N"
"Sweden",2014,3,"VL0812","DTS","GNS","SPF","32D90","GNS_SPF_32-89_0_0",NA,"NAO","27.3.D.30",NA,"NGI",NA,NA,"4","4","384","48","384","48",NA,NA,NA,"N"
"Sweden",2014,3,"VL0812","DTS","OTB","SPF","32D90","OTB_SPF_32-89_0_0",NA,"NAO","27.3.D.30",NA,"NGI",NA,NA,"13","13","2348","115","2348","115",NA,NA,NA,"N"
"Sweden",2014,3,"VL0812","FPO","FPN","ANA","NK","FPN_ANA_>0_0_0",NA,"NAO","27.3.D.30",NA,"NGI",NA,NA,"6","6","264","48","264","48",NA,NA,NA,"N"
"Sweden",2014,3,"VL0812","FPO","GNS","FWS","32D90","GNS_FWS_>0_0_0",NA,"NAO","27.3.D.30",NA,"NGI",NA,NA,"11","11","1155","55","1155","55",NA,NA,NA,"N"
"Sweden",2014,3,"VL0812","PGP","GNS","DEF","157DXX","GNS_DEF_>=157_0_0",NA,"NAO","27.3.D.30",NA,"NGI",NA,NA,"2","1","198","18","99","9",NA,NA,NA,"N"
"Sweden",2014,3,"VL1218","TM","OTM","SPF","16D32","OTM_SPF_16-31_0_0",NA,"NAO","27.3.D.30",NA,"NGI",NA,NA,"7","5","2870","742","2050","530",NA,NA,NA,"N"
"Sweden",2014,3,"VL1824","TM","OTB","SPF","32D90","OTB_SPF_32-89_0_0",NA,"NAO","27.3.D.30",NA,"NGI",NA,NA,"1","1","261","62","261","62",NA,NA,NA,"N"
"Sweden",2014,3,"VL1824","TM","OTM","SPF","16D32","OTM_SPF_16-31_0_0",NA,"NAO","27.3.D.30",NA,"NGI",NA,NA,"5","5","1840","475","1840","475",NA,NA,NA,"N"
"Sweden",2014,3,"VL2440","TM","OTM","SPF","16D32","OTM_SPF_16-31_0_0",NA,"NAO","27.3.D.30",NA,"NGI",NA,NA,"9","5","6615","2448","3675","1360",NA,NA,NA,"N"
"Sweden",2014,4,"VL0008","DFN","FYK","FWS","NK","FYK_FWS_>0_0_0",NA,"NAO","27.3.D.30",NA,"NGI",NA,NA,"1","1","44","1","44","1",NA,NA,NA,"N"
"Sweden",2014,4,"VL0008","DFN","GNS","ANA","90D110","GNS_ANA_90-109_0_0",NA,"NAO","27.3.D.30",NA,"NGI",NA,NA,"12","12","264","12","264","12",NA,NA,NA,"N"
"Sweden",2014,4,"VL0008","DFN","GNS","FWS","16D32","GNS_FWS_>0_0_0",NA,"NAO","27.3.D.30",NA,"NGI",NA,NA,"28","28","1232","28","1232","28",NA,NA,NA,"N"
"Sweden",2014,4,"VL0008","DFN","GNS","FWS","32D90","GNS_FWS_>0_0_0",NA,"NAO","27.3.D.30",NA,"NGI",NA,NA,"330","330","10268","318","10268","318",NA,NA,NA,"N"
"Sweden",2014,4,"VL0008","DFN","GNS","FWS","90D110","GNS_FWS_>0_0_0",NA,"NAO","27.3.D.30",NA,"NGI",NA,NA,"28","28","1434","24","1434","24",NA,NA,NA,"N"
"Sweden",2014,4,"VL0008","DFN","GNS","SPF","16D32","GNS_SPF_16-31_0_0",NA,"NAO","27.3.D.30",NA,"NGI",NA,NA,"22","22","460","26","460","26",NA,NA,NA,"N"
"Sweden",2014,4,"VL0008","DFN","GNS","SPF","32D90","GNS_SPF_32-89_0_0",NA,"NAO","27.3.D.30",NA,"NGI",NA,NA,"90","90","2645","70","2645","70",NA,NA,NA,"N"
"Sweden",2014,4,"VL0008","FPO","FYK","FWS","NK","FYK_FWS_>0_0_0",NA,"NAO","27.3.D.30",NA,"NGI",NA,NA,"60","60","2160","60","2160","60",NA,NA,NA,"N"
"Sweden",2014,4,"VL0008","FPO","GNS","ANA","90D110","GNS_ANA_90-109_0_0",NA,"NAO","27.3.D.30",NA,"NGI",NA,NA,"6","6","132","0","132","0",NA,NA,NA,"N"
"Sweden",2014,4,"VL0008","FPO","GNS","FWS","32D90","GNS_FWS_>0_0_0",NA,"NAO","27.3.D.30",NA,"NGI",NA,NA,"43","43","1291","29","1291","29",NA,NA,NA,"N"
"Sweden",2014,4,"VL0008","FPO","GNS","FWS","90D110","GNS_FWS_>0_0_0",NA,"NAO","27.3.D.30",NA,"NGI",NA,NA,"5","5","230","5","230","5",NA,NA,NA,"N"
"Sweden",2014,4,"VL0008","FPO","GNS","SPF","32D90","GNS_SPF_32-89_0_0",NA,"NAO","27.3.D.30",NA,"NGI",NA,NA,"2","2","92","2","92","2",NA,NA,NA,"N"
"Sweden",2014,4,"VL0008","NO","FYK","FWS","NK","FYK_FWS_>0_0_0",NA,"NAO","27.3.D.30",NA,"NGI",NA,NA,"1","1","20","1","20","1",NA,NA,NA,"N"
"Sweden",2014,4,"VL0008","NO","GNS","FWS","32D90","GNS_FWS_>0_0_0",NA,"NAO","27.3.D.30",NA,"NGI",NA,NA,"21","21","420","21","420","21",NA,NA,NA,"N"
"Sweden",2014,4,"VL0008","NO","GNS","SPF","16D32","GNS_SPF_16-31_0_0",NA,"NAO","27.3.D.30",NA,"NGI",NA,NA,"20","20","400","20","400","20",NA,NA,NA,"N"
"Sweden",2014,4,"VL0008","PGP","FPO","FWS",NA,"FPO_FWS_>0_0_0",NA,"NAO","27.3.D.30",NA,"NGI",NA,NA,"76","76","1224","153","1224","153",NA,NA,NA,"N"
"Sweden",2014,4,"VL0008","PGP","GNS","FWS","32D90","GNS_FWS_>0_0_0",NA,"NAO","27.3.D.30",NA,"NGI",NA,NA,"16","16","248","31","248","31",NA,NA,NA,"N"
"Sweden",2014,4,"VL0812","DFN","GNS","DEF","110D157","GNS_DEF_110-156_0_0",NA,"NAO","27.3.D.30",NA,"NGI",NA,NA,"6","5","547","27","459","21",NA,NA,NA,"N"
"Sweden",2014,4,"VL0812","DFN","GNS","DEF","157DXX","GNS_DEF_>=157_0_0",NA,"NAO","27.3.D.30",NA,"NGI",NA,NA,"2","2","214","8","214","8",NA,NA,NA,"N"
"Sweden",2014,4,"VL0812","DFN","GNS","FWS","32D90","GNS_FWS_>0_0_0",NA,"NAO","27.3.D.30",NA,"NGI",NA,NA,"63","63","4963","337","4963","337",NA,NA,NA,"N"
"Sweden",2014,4,"VL0812","DFN","GNS","FWS","90D110","GNS_FWS_>0_0_0",NA,"NAO","27.3.D.30",NA,"NGI",NA,NA,"11","11","1061","48","1061","48",NA,NA,NA,"N"
"Sweden",2014,4,"VL0812","DFN","GNS","SPF","32D90","GNS_SPF_32-89_0_0",NA,"NAO","27.3.D.30",NA,"NGI",NA,NA,"104","104","10944","537","10944","537",NA,NA,NA,"N"
"Sweden",2014,4,"VL0812","DFN","OTB","SPF","00D16","OTB_SPF_<16_0_0",NA,"NAO","27.3.D.30",NA,"NGI",NA,NA,"1","1","261","13","261","13",NA,NA,NA,"N"
"Sweden",2014,4,"VL0812","DFN","OTB","SPF","32D90","OTB_SPF_32-89_0_0",NA,"NAO","27.3.D.30",NA,"NGI",NA,NA,"5","5","1185","47","1185","47",NA,NA,NA,"N"
"Sweden",2014,4,"VL0812","DTS","OTB","SPF","32D90","OTB_SPF_32-89_0_0",NA,"NAO","27.3.D.30",NA,"NGI",NA,NA,"12","12","2054","101","2054","101",NA,NA,NA,"N"
"Sweden",2014,4,"VL0812","DTS","OTM","SPF","32D90","OTM_SPF_32-89_0_0",NA,"NAO","27.3.D.30",NA,"NGI",NA,NA,"1","1","162","8","162","8",NA,NA,NA,"N"
"Sweden",2014,4,"VL0812","FPO","GNS","FWS","16D32","GNS_FWS_>0_0_0",NA,"NAO","27.3.D.30",NA,"NGI",NA,NA,"12","12","528","96","528","96",NA,NA,NA,"N"
"Sweden",2014,4,"VL0812","FPO","GNS","FWS","32D90","GNS_FWS_>0_0_0",NA,"NAO","27.3.D.30",NA,"NGI",NA,NA,"11","11","1155","55","1155","55",NA,NA,NA,"N"
"Sweden",2014,4,"VL1218","TM","OTM","SPF","16D32","OTM_SPF_16-31_0_0",NA,"NAO","27.3.D.30",NA,"NGI",NA,NA,"46","33","18860","4876","13530","3498",NA,NA,NA,"N"
"Sweden",2014,4,"VL1824","TM","OTM","SPF","32D90","OTM_SPF_32-89_0_0",NA,"NAO","27.3.D.30",NA,"NGI",NA,NA,"11","11","2871","682","2871","682",NA,NA,NA,"N"
"Sweden",2014,4,"VL1824","TM","SDN","DEF","32D90","SDN_DEF_32-89_0_0",NA,"NAO","27.3.D.30",NA,"NGI",NA,NA,"4","4","1044","248","1044","248",NA,NA,NA,"N"
"Sweden",2014,4,"VL2440","DTS","OTB","SPF","16D32","OTB_SPF_16-31_0_0",NA,"NAO","27.3.D.30",NA,"NGI",NA,NA,"26","17","19396","9152","12682","5984",NA,NA,NA,"N"
"Sweden",2014,4,"VL2440","TM","OTM","SPF","16D32","OTM_SPF_16-31_0_0",NA,"NAO","27.3.D.30",NA,"NGI",NA,NA,"27","21","19845","7344","15435","5712",NA,NA,NA,"N"
"Sweden",2015,1,"VL0008","DFN","FYK","FWS","NK","FYK_FWS_>0_0_0",NA,"NAO","27.3.D.30",NA,"NGI",NA,NA,"3","3","54","0","54","0",NA,NA,NA,"N"
"Sweden",2015,1,"VL0008","DFN","GNS","FWS","32D90","GNS_FWS_>0_0_0",NA,"NAO","27.3.D.30",NA,"NGI",NA,NA,"58","58","1848","36","1848","36",NA,NA,NA,"N"
"Sweden",2015,1,"VL0008","DFN","GNS","SPF","32D90","GNS_SPF_32-89_0_0",NA,"NAO","27.3.D.30",NA,"NGI",NA,NA,"30","30","758","16","758","16",NA,NA,NA,"N"
"Sweden",2015,1,"VL0008","FPO","GNS","ANA","90D110","GNS_ANA_90-109_0_0",NA,"NAO","27.3.D.30",NA,"NGI",NA,NA,"5","5","110","0","110","0",NA,NA,NA,"N"
"Sweden",2015,1,"VL0008","FPO","GNS","FWS","32D90","GNS_FWS_>0_0_0",NA,"NAO","27.3.D.30",NA,"NGI",NA,NA,"11","11","374","12","374","12",NA,NA,NA,"N"
"Sweden",2015,1,"VL0008","FPO","NK","NK","NK","NK",NA,"NAO","27.3.D.30",NA,"NGI",NA,NA,"5","5","110","0","110","0",NA,NA,NA,"N"
"Sweden",2015,1,"VL0008","NO","FYK","FWS","NK","FYK_FWS_>0_0_0",NA,"NAO","27.3.D.30",NA,"NGI",NA,NA,"6","6","120","6","120","6",NA,NA,NA,"N"
"Sweden",2015,1,"VL0008","NO","GNS","FWS","32D90","GNS_FWS_>0_0_0",NA,"NAO","27.3.D.30",NA,"NGI",NA,NA,"12","12","230","12","230","12",NA,NA,NA,"N"
"Sweden",2015,1,"VL0008","NO","GNS","SPF","32D90","GNS_SPF_32-89_0_0",NA,"NAO","27.3.D.30",NA,"NGI",NA,NA,"6","6","110","6","110","6",NA,NA,NA,"N"
"Sweden",2015,1,"VL0008","PGP","FPO","FWS",NA,"FPO_FWS_>0_0_0",NA,"NAO","27.3.D.30",NA,"NGI",NA,NA,"74","74","1192","149","1192","149",NA,NA,NA,"N"
"Sweden",2015,1,"VL0008","PGP","GNS","FWS","32D90","GNS_FWS_>0_0_0",NA,"NAO","27.3.D.30",NA,"NGI",NA,NA,"16","16","248","31","248","31",NA,NA,NA,"N"
"Sweden",2015,1,"VL0812","DFN","GNS","FWS","32D90","GNS_FWS_>0_0_0",NA,"NAO","27.3.D.30",NA,"NGI",NA,NA,"6","6","546","30","546","30",NA,NA,NA,"N"
"Sweden",2015,1,"VL0812","DFN","GNS","SPF","16D32","GNS_SPF_16-31_0_0",NA,"NAO","27.3.D.30",NA,"NGI",NA,NA,"5","5","550","25","550","25",NA,NA,NA,"N"
"Sweden",2015,1,"VL0812","DFN","GNS","SPF","32D90","GNS_SPF_32-89_0_0",NA,"NAO","27.3.D.30",NA,"NGI",NA,NA,"42","42","4953","265","4953","265",NA,NA,NA,"N"
"Sweden",2015,1,"VL0812","DTS","OTB","SPF","32D90","OTB_SPF_32-89_0_0",NA,"NAO","27.3.D.30",NA,"NGI",NA,NA,"8","8","2088","104","2088","104",NA,NA,NA,"N"
"Sweden",2015,1,"VL0812","HOK","GNS","SPF","32D90","GNS_SPF_32-89_0_0",NA,"NAO","27.3.D.30",NA,"NGI",NA,NA,"3","3","129","18","129","18",NA,NA,NA,"N"
"Sweden",2015,1,"VL1218","DTS","OTB","SPF","16D32","OTB_SPF_16-31_0_0",NA,"NAO","27.3.D.30",NA,"NGI",NA,NA,"12","9","3216","456","2412","342",NA,NA,NA,"N"
"Sweden",2015,1,"VL1218","DTS","OTB","SPF","32D90","OTB_SPF_32-89_0_0",NA,"NAO","27.3.D.30",NA,"NGI",NA,NA,"2","1","536","76","268","38",NA,NA,NA,"N"
"Sweden",2015,1,"VL1218","TM","OTM","SPF","16D32","OTM_SPF_16-31_0_0",NA,"NAO","27.3.D.30",NA,"NGI",NA,NA,"38","31","15580","4028","12710","3286",NA,NA,NA,"N"
"Sweden",2015,1,"VL1824","TM","OTM","SPF","32D90","OTM_SPF_32-89_0_0",NA,"NAO","27.3.D.30",NA,"NGI",NA,NA,"7","7","1827","434","1827","434",NA,NA,NA,"N"
"Sweden",2015,1,"VL2440","DTS","OTB","SPF","16D32","OTB_SPF_16-31_0_0",NA,"NAO","27.3.D.30",NA,"NGI",NA,NA,"41","33","30586","14432","24618","11616",NA,NA,NA,"N"
"Sweden",2015,1,"VL2440","TM","OTM","SPF","16D32","OTM_SPF_16-31_0_0",NA,"NAO","27.3.D.30",NA,"NGI",NA,NA,"58","52","42630","15776","38220","14144",NA,NA,NA,"N"
"Sweden",2015,1,"VL40XX","TM","OTM","SPF","16D32","OTM_SPF_16-31_0_0",NA,"NAO","27.3.D.30",NA,"NGI",NA,NA,"29","22","37120","14471","28160","10978",NA,NA,NA,"N"
"Sweden",2015,2,"VL0008","DFN","FPN","ANA","NK","FPN_ANA_>0_0_0",NA,"NAO","27.3.D.30",NA,"NGI",NA,NA,"261","261","7670","245","7670","245",NA,NA,NA,"N"
"Sweden",2015,2,"VL0008","DFN","FPO","FWS",NA,"FPO_FWS_>0_0_0",NA,"NAO","27.3.D.30",NA,"NGI",NA,NA,"17","17","667","17","667","17",NA,NA,NA,"N"
"Sweden",2015,2,"VL0008","DFN","FYK","ANA","NK","FYK_ANA_>0_0_0",NA,"NAO","27.3.D.30",NA,"NGI",NA,NA,"30","30","1122","0","1122","0",NA,NA,NA,"N"
"Sweden",2015,2,"VL0008","DFN","FYK","CAT","NK","FYK_CAT_>0_0_0",NA,"NAO","27.3.D.30",NA,"NGI",NA,NA,"10","10","293","10","293","10",NA,NA,NA,"N"
"Sweden",2015,2,"VL0008","DFN","FYK","FWS","NK","FYK_FWS_>0_0_0",NA,"NAO","27.3.D.30",NA,"NGI",NA,NA,"2","2","36","0","36","0",NA,NA,NA,"N"
"Sweden",2015,2,"VL0008","DFN","GNS","ANA","157DXX","GNS_ANA_>=157_0_0",NA,"NAO","27.3.D.30",NA,"NGI",NA,NA,"6","6","132","6","132","6",NA,NA,NA,"N"
"Sweden",2015,2,"VL0008","DFN","GNS","FWS","32D90","GNS_FWS_>0_0_0",NA,"NAO","27.3.D.30",NA,"NGI",NA,NA,"450","450","14453","455","14453","455",NA,NA,NA,"N"
"Sweden",2015,2,"VL0008","DFN","GNS","FWS","90D110","GNS_FWS_>0_0_0",NA,"NAO","27.3.D.30",NA,"NGI",NA,NA,"82","82","3524","80","3524","80",NA,NA,NA,"N"
"Sweden",2015,2,"VL0008","DFN","GNS","SPF","16D32","GNS_SPF_16-31_0_0",NA,"NAO","27.3.D.30",NA,"NGI",NA,NA,"44","44","1253","67","1253","67",NA,NA,NA,"N"
"Sweden",2015,2,"VL0008","DFN","GNS","SPF","32D90","GNS_SPF_32-89_0_0",NA,"NAO","27.3.D.30",NA,"NGI",NA,NA,"263","263","8494","212","8494","212",NA,NA,NA,"N"
"Sweden",2015,2,"VL0008","FPO","FPN","ANA","NK","FPN_ANA_>0_0_0",NA,"NAO","27.3.D.30",NA,"NGI",NA,NA,"219","219","7863","150","7863","150",NA,NA,NA,"N"
"Sweden",2015,2,"VL0008","FPO","GNS","ANA","90D110","GNS_ANA_90-109_0_0",NA,"NAO","27.3.D.30",NA,"NGI",NA,NA,"12","12","260","0","260","0",NA,NA,NA,"N"
"Sweden",2015,2,"VL0008","FPO","GNS","FWS","32D90","GNS_FWS_>0_0_0",NA,"NAO","27.3.D.30",NA,"NGI",NA,NA,"35","35","879","3","879","3",NA,NA,NA,"N"
"Sweden",2015,2,"VL0008","FPO","GNS","FWS","90D110","GNS_FWS_>0_0_0",NA,"NAO","27.3.D.30",NA,"NGI",NA,NA,"1","1","36","1","36","1",NA,NA,NA,"N"
"Sweden",2015,2,"VL0008","FPO","GNS","SPF","32D90","GNS_SPF_32-89_0_0",NA,"NAO","27.3.D.30",NA,"NGI",NA,NA,"31","31","636","0","636","0",NA,NA,NA,"N"
"Sweden",2015,2,"VL0008","NO","FYK","ANA","NK","FYK_ANA_>0_0_0",NA,"NAO","27.3.D.30",NA,"NGI",NA,NA,"5","5","100","5","100","5",NA,NA,NA,"N"
"Sweden",2015,2,"VL0008","NO","GNS","SPF","32D90","GNS_SPF_32-89_0_0",NA,"NAO","27.3.D.30",NA,"NGI",NA,NA,"1","1","20","1","20","1",NA,NA,NA,"N"
"Sweden",2015,2,"VL0008","PGP","FPN","ANA","NK","FPN_ANA_>0_0_0",NA,"NAO","27.3.D.30",NA,"NGI",NA,NA,"20","20","676","4","676","4",NA,NA,NA,"N"
"Sweden",2015,2,"VL0008","PGP","FYK","CAT","NK","FYK_CAT_>0_0_0",NA,"NAO","27.3.D.30",NA,"NGI",NA,NA,"2","2","45","2","45","2",NA,NA,NA,"N"
"Sweden",2015,2,"VL0008","PGP","GNS","FWS","32D90","GNS_FWS_>0_0_0",NA,"NAO","27.3.D.30",NA,"NGI",NA,NA,"24","24","602","16","602","16",NA,NA,NA,"N"
"Sweden",2015,2,"VL0008","PGP","GNS","SPF","16D32","GNS_SPF_16-31_0_0",NA,"NAO","27.3.D.30",NA,"NGI",NA,NA,"2","2","45","2","45","2",NA,NA,NA,"N"
"Sweden",2015,2,"VL0008","PGP","GNS","SPF","32D90","GNS_SPF_32-89_0_0",NA,"NAO","27.3.D.30",NA,"NGI",NA,NA,"15","15","445","0","445","0",NA,NA,NA,"N"
"Sweden",2015,2,"VL0812","DFN","FPN","ANA","NK","FPN_ANA_>0_0_0",NA,"NAO","27.3.D.30",NA,"NGI",NA,NA,"56","56","3856","346","3856","346",NA,NA,NA,"N"
"Sweden",2015,2,"VL0812","DFN","FYK","CAT","NK","FYK_CAT_>0_0_0",NA,"NAO","27.3.D.30",NA,"NGI",NA,NA,"12","12","1375","62","1375","62",NA,NA,NA,"N"
"Sweden",2015,2,"VL0812","DFN","GNS","FWS","32D90","GNS_FWS_>0_0_0",NA,"NAO","27.3.D.30",NA,"NGI",NA,NA,"89","89","8126","428","8126","428",NA,NA,NA,"N"
"Sweden",2015,2,"VL0812","DFN","GNS","FWS","90D110","GNS_FWS_>0_0_0",NA,"NAO","27.3.D.30",NA,"NGI",NA,NA,"28","28","2968","92","2968","92",NA,NA,NA,"N"
"Sweden",2015,2,"VL0812","DFN","GNS","SPF","16D32","GNS_SPF_16-31_0_0",NA,"NAO","27.3.D.30",NA,"NGI",NA,NA,"56","56","6230","284","6230","284",NA,NA,NA,"N"
"Sweden",2015,2,"VL0812","DFN","GNS","SPF","32D90","GNS_SPF_32-89_0_0",NA,"NAO","27.3.D.30",NA,"NGI",NA,NA,"247","241","30680","1892","29707","1841",NA,NA,NA,"N"
"Sweden",2015,2,"VL0812","DFN","OTB","SPF","32D90","OTB_SPF_32-89_0_0",NA,"NAO","27.3.D.30",NA,"NGI",NA,NA,"2","2","442","14","442","14",NA,NA,NA,"N"
"Sweden",2015,2,"VL0812","DTS","GNS","SPF","32D90","GNS_SPF_32-89_0_0",NA,"NAO","27.3.D.30",NA,"NGI",NA,NA,"44","44","8679","555","8679","555",NA,NA,NA,"N"
"Sweden",2015,2,"VL0812","DTS","OTB","SPF","32D90","OTB_SPF_32-89_0_0",NA,"NAO","27.3.D.30",NA,"NGI",NA,NA,"26","26","4476","324","4476","324",NA,NA,NA,"N"
"Sweden",2015,2,"VL0812","FPO","FPN","ANA","NK","FPN_ANA_>0_0_0",NA,"NAO","27.3.D.30",NA,"NGI",NA,NA,"21","21","946","158","946","158",NA,NA,NA,"N"
"Sweden",2015,2,"VL0812","HOK","GNS","SPF","32D90","GNS_SPF_32-89_0_0",NA,"NAO","27.3.D.30",NA,"NGI",NA,NA,"13","13","559","78","559","78",NA,NA,NA,"N"
"Sweden",2015,2,"VL0812","PGP","FPN","ANA","NK","FPN_ANA_>0_0_0",NA,"NAO","27.3.D.30",NA,"NGI",NA,NA,"10","10","1070","40","1070","40",NA,NA,NA,"N"
"Sweden",2015,2,"VL0812","PGP","FYK","FWS","NK","FYK_FWS_>0_0_0",NA,"NAO","27.3.D.30",NA,"NGI",NA,NA,"3","3","321","12","321","12",NA,NA,NA,"N"
"Sweden",2015,2,"VL0812","PGP","GNS","FWS","32D90","GNS_FWS_>0_0_0",NA,"NAO","27.3.D.30",NA,"NGI",NA,NA,"10","10","1070","40","1070","40",NA,NA,NA,"N"
"Sweden",2015,2,"VL0812","PGP","GNS","SPF","32D90","GNS_SPF_32-89_0_0",NA,"NAO","27.3.D.30",NA,"NGI",NA,NA,"17","17","1819","68","1819","68",NA,NA,NA,"N"
"Sweden",2015,2,"VL1218","DFN","GNS","SPF","16D32","GNS_SPF_16-31_0_0",NA,"NAO","27.3.D.30",NA,"NGI",NA,NA,"10","10","2240","240","2240","240",NA,NA,NA,"N"
"Sweden",2015,2,"VL1218","DTS","GNS","SPF","32D90","GNS_SPF_32-89_0_0",NA,"NAO","27.3.D.30",NA,"NGI",NA,NA,"25","23","7428","605","6828","571",NA,NA,NA,"N"
"Sweden",2015,2,"VL1218","DTS","OTB","SPF","16D32","OTB_SPF_16-31_0_0",NA,"NAO","27.3.D.30",NA,"NGI",NA,NA,"11","11","2948","418","2948","418",NA,NA,NA,"N"
"Sweden",2015,2,"VL1218","DTS","PTB","SPF","32D90","PTB_SPF_32-89_0_0",NA,"NAO","27.3.D.30",NA,"NGI",NA,NA,"36","36","10584","1134","10584","1134",NA,NA,NA,"N"
"Sweden",2015,2,"VL1218","PMP","GNS","SPF","32D90","GNS_SPF_32-89_0_0",NA,"NAO","27.3.D.30",NA,"NGI",NA,NA,"10","10","2940","190","2940","190",NA,NA,NA,"N"
"Sweden",2015,2,"VL1218","TM","OTM","SPF","16D32","OTM_SPF_16-31_0_0",NA,"NAO","27.3.D.30",NA,"NGI",NA,NA,"47","43","19270","4982","17630","4558",NA,NA,NA,"N"
"Sweden",2015,2,"VL2440","DTS","OTB","SPF","16D32","OTB_SPF_16-31_0_0",NA,"NAO","27.3.D.30",NA,"NGI",NA,NA,"33","24","24618","11616","17904","8448",NA,NA,NA,"N"
"Sweden",2015,2,"VL2440","TM","OTM","SPF","16D32","OTM_SPF_16-31_0_0",NA,"NAO","27.3.D.30",NA,"NGI",NA,NA,"59","52","43365","16048","38220","14144",NA,NA,NA,"N"
"Sweden",2015,2,"VL40XX","TM","OTM","SPF","16D32","OTM_SPF_16-31_0_0",NA,"NAO","27.3.D.30",NA,"NGI",NA,NA,"98","78","241813","73610","196330","59291",NA,NA,NA,"N"
"Sweden",2015,2,"VL40XX","TM","PTM","SPF","16D32","PTM_SPF_16-31_0_0",NA,"NAO","27.3.D.30",NA,"NGI",NA,NA,"9","8","26667","7520","24000","6768",NA,NA,NA,"N"
"Sweden",2015,3,"VL0008","DFN","FPN","ANA","NK","FPN_ANA_>0_0_0",NA,"NAO","27.3.D.30",NA,"NGI",NA,NA,"218","218","6511","226","6511","226",NA,NA,NA,"N"
"Sweden",2015,3,"VL0008","DFN","FPO","FWS",NA,"FPO_FWS_>0_0_0",NA,"NAO","27.3.D.30",NA,"NGI",NA,NA,"21","21","827","21","827","21",NA,NA,NA,"N"
"Sweden",2015,3,"VL0008","DFN","FYK","ANA","NK","FYK_ANA_>0_0_0",NA,"NAO","27.3.D.30",NA,"NGI",NA,NA,"28","28","701","36","701","36",NA,NA,NA,"N"
"Sweden",2015,3,"VL0008","DFN","FYK","CAT","NK","FYK_CAT_>0_0_0",NA,"NAO","27.3.D.30",NA,"NGI",NA,NA,"39","39","1445","31","1445","31",NA,NA,NA,"N"
"Sweden",2015,3,"VL0008","DFN","FYK","FWS","NK","FYK_FWS_>0_0_0",NA,"NAO","27.3.D.30",NA,"NGI",NA,NA,"15","15","555","15","555","15",NA,NA,NA,"N"
"Sweden",2015,3,"VL0008","DFN","GNS","FWS","32D90","GNS_FWS_>0_0_0",NA,"NAO","27.3.D.30",NA,"NGI",NA,NA,"788","788","24251","708","24251","708",NA,NA,NA,"N"
"Sweden",2015,3,"VL0008","DFN","GNS","FWS","90D110","GNS_FWS_>0_0_0",NA,"NAO","27.3.D.30",NA,"NGI",NA,NA,"151","151","5305","144","5305","144",NA,NA,NA,"N"
"Sweden",2015,3,"VL0008","DFN","GNS","SPF","16D32","GNS_SPF_16-31_0_0",NA,"NAO","27.3.D.30",NA,"NGI",NA,NA,"62","62","1585","97","1585","97",NA,NA,NA,"N"
"Sweden",2015,3,"VL0008","DFN","GNS","SPF","32D90","GNS_SPF_32-89_0_0",NA,"NAO","27.3.D.30",NA,"NGI",NA,NA,"222","222","7118","174","7118","174",NA,NA,NA,"N"
"Sweden",2015,3,"VL0008","DFN","NK","NK","NK","NK",NA,"NAO","27.3.D.30",NA,"NGI",NA,NA,"16","16","574","16","574","16",NA,NA,NA,"N"
"Sweden",2015,3,"VL0008","FPO","FPN","ANA","NK","FPN_ANA_>0_0_0",NA,"NAO","27.3.D.30",NA,"NGI",NA,NA,"182","182","6482","177","6482","177",NA,NA,NA,"N"
"Sweden",2015,3,"VL0008","FPO","GNS","FWS","32D90","GNS_FWS_>0_0_0",NA,"NAO","27.3.D.30",NA,"NGI",NA,NA,"219","219","7709","163","7709","163",NA,NA,NA,"N"
"Sweden",2015,3,"VL0008","FPO","GNS","FWS","90D110","GNS_FWS_>0_0_0",NA,"NAO","27.3.D.30",NA,"NGI",NA,NA,"2","2","67","0","67","0",NA,NA,NA,"N"
"Sweden",2015,3,"VL0008","FPO","GNS","SPF","32D90","GNS_SPF_32-89_0_0",NA,"NAO","27.3.D.30",NA,"NGI",NA,NA,"0","0","9","0","9","0",NA,NA,NA,"N"
"Sweden",2015,3,"VL0008","NO","FPN","ANA","NK","FPN_ANA_>0_0_0",NA,"NAO","27.3.D.30",NA,"NGI",NA,NA,"8","8","160","8","160","8",NA,NA,NA,"N"
"Sweden",2015,3,"VL0008","NO","FYK","ANA","NK","FYK_ANA_>0_0_0",NA,"NAO","27.3.D.30",NA,"NGI",NA,NA,"4","4","80","4","80","4",NA,NA,NA,"N"
"Sweden",2015,3,"VL0008","NO","FYK","CAT","NK","FYK_CAT_>0_0_0",NA,"NAO","27.3.D.30",NA,"NGI",NA,NA,"2","2","40","2","40","2",NA,NA,NA,"N"
"Sweden",2015,3,"VL0008","NO","GNS","FWS","32D90","GNS_FWS_>0_0_0",NA,"NAO","27.3.D.30",NA,"NGI",NA,NA,"12","12","240","12","240","12",NA,NA,NA,"N"
"Sweden",2015,3,"VL0008","PGP","FPN","ANA","NK","FPN_ANA_>0_0_0",NA,"NAO","27.3.D.30",NA,"NGI",NA,NA,"16","16","497","1","497","1",NA,NA,NA,"N"
"Sweden",2015,3,"VL0008","PGP","GNS","FWS","32D90","GNS_FWS_>0_0_0",NA,"NAO","27.3.D.30",NA,"NGI",NA,NA,"39","39","1923","24","1923","24",NA,NA,NA,"N"
"Sweden",2015,3,"VL0008","PGP","GNS","SPF","32D90","GNS_SPF_32-89_0_0",NA,"NAO","27.3.D.30",NA,"NGI",NA,NA,"15","15","435","0","435","0",NA,NA,NA,"N"
"Sweden",2015,3,"VL0812","DFN","FPN","ANA","NK","FPN_ANA_>0_0_0",NA,"NAO","27.3.D.30",NA,"NGI",NA,NA,"49","49","2869","323","2869","323",NA,NA,NA,"N"
"Sweden",2015,3,"VL0812","DFN","FYK","CAT","NK","FYK_CAT_>0_0_0",NA,"NAO","27.3.D.30",NA,"NGI",NA,NA,"18","18","1943","88","1943","88",NA,NA,NA,"N"
"Sweden",2015,3,"VL0812","DFN","GNS","DEF","110D157","GNS_DEF_110-156_0_0",NA,"NAO","27.3.D.30",NA,"NGI",NA,NA,"2","2","187","7","187","7",NA,NA,NA,"N"
"Sweden",2015,3,"VL0812","DFN","GNS","FWS","32D90","GNS_FWS_>0_0_0",NA,"NAO","27.3.D.30",NA,"NGI",NA,NA,"113","113","10310","598","10310","598",NA,NA,NA,"N"
"Sweden",2015,3,"VL0812","DFN","GNS","FWS","90D110","GNS_FWS_>0_0_0",NA,"NAO","27.3.D.30",NA,"NGI",NA,NA,"1","1","110","14","110","14",NA,NA,NA,"N"
"Sweden",2015,3,"VL0812","DFN","GNS","SPF","16D32","GNS_SPF_16-31_0_0",NA,"NAO","27.3.D.30",NA,"NGI",NA,NA,"30","30","3148","145","3148","145",NA,NA,NA,"N"
"Sweden",2015,3,"VL0812","DFN","GNS","SPF","32D90","GNS_SPF_32-89_0_0",NA,"NAO","27.3.D.30",NA,"NGI",NA,NA,"162","162","18320","1098","18320","1098",NA,NA,NA,"N"
"Sweden",2015,3,"VL0812","DTS","OTB","SPF","00D16","OTB_SPF_<16_0_0",NA,"NAO","27.3.D.30",NA,"NGI",NA,NA,"5","8","1305","65","2088","104",NA,NA,NA,"N"
"Sweden",2015,3,"VL0812","DTS","OTB","SPF","32D90","OTB_SPF_32-89_0_0",NA,"NAO","27.3.D.30",NA,"NGI",NA,NA,"1","1","162","8","162","8",NA,NA,NA,"N"
"Sweden",2015,3,"VL0812","FPO","FPN","ANA","NK","FPN_ANA_>0_0_0",NA,"NAO","27.3.D.30",NA,"NGI",NA,NA,"14","14","671","87","671","87",NA,NA,NA,"N"
"Sweden",2015,3,"VL0812","FPO","FYK","ANA","NK","FYK_ANA_>0_0_0",NA,"NAO","27.3.D.30",NA,"NGI",NA,NA,"1","1","66","4","66","4",NA,NA,NA,"N"
"Sweden",2015,3,"VL0812","FPO","GNS","FWS","16D32","GNS_FWS_>0_0_0",NA,"NAO","27.3.D.30",NA,"NGI",NA,NA,"4","4","176","32","176","32",NA,NA,NA,"N"
"Sweden",2015,3,"VL0812","HOK","GNS","SPF","32D90","GNS_SPF_32-89_0_0",NA,"NAO","27.3.D.30",NA,"NGI",NA,NA,"2","2","86","12","86","12",NA,NA,NA,"N"
"Sweden",2015,3,"VL0812","PGP","FYK","FWS","NK","FYK_FWS_>0_0_0",NA,"NAO","27.3.D.30",NA,"NGI",NA,NA,"2","2","268","10","268","10",NA,NA,NA,"N"
"Sweden",2015,3,"VL0812","PGP","GNS","SPF","32D90","GNS_SPF_32-89_0_0",NA,"NAO","27.3.D.30",NA,"NGI",NA,NA,"2","2","268","10","268","10",NA,NA,NA,"N"
"Sweden",2015,4,"VL0008","DFN","FPN","ANA","NK","FPN_ANA_>0_0_0",NA,"NAO","27.3.D.30",NA,"NGI",NA,NA,"14","14","406","14","406","14",NA,NA,NA,"N"
"Sweden",2015,4,"VL0008","DFN","GNS","ANA","157DXX","GNS_ANA_>=157_0_0",NA,"NAO","27.3.D.30",NA,"NGI",NA,NA,"7","7","154","7","154","7",NA,NA,NA,"N"
"Sweden",2015,4,"VL0008","DFN","GNS","ANA","32D90","GNS_ANA_>0_0_0",NA,"NAO","27.3.D.30",NA,"NGI",NA,NA,"5","5","110","5","110","5",NA,NA,NA,"N"
"Sweden",2015,4,"VL0008","DFN","GNS","FWS","157DXX","GNS_FWS_>0_0_0",NA,"NAO","27.3.D.30",NA,"NGI",NA,NA,"8","8","176","8","176","8",NA,NA,NA,"N"
"Sweden",2015,4,"VL0008","DFN","GNS","FWS","16D32","GNS_FWS_>0_0_0",NA,"NAO","27.3.D.30",NA,"NGI",NA,NA,"25","25","1100","25","1100","25",NA,NA,NA,"N"
"Sweden",2015,4,"VL0008","DFN","GNS","FWS","32D90","GNS_FWS_>0_0_0",NA,"NAO","27.3.D.30",NA,"NGI",NA,NA,"372","372","11376","376","11376","376",NA,NA,NA,"N"
"Sweden",2015,4,"VL0008","DFN","GNS","FWS","90D110","GNS_FWS_>0_0_0",NA,"NAO","27.3.D.30",NA,"NGI",NA,NA,"54","54","2332","48","2332","48",NA,NA,NA,"N"
"Sweden",2015,4,"VL0008","DFN","GNS","SPF","16D32","GNS_SPF_16-31_0_0",NA,"NAO","27.3.D.30",NA,"NGI",NA,NA,"47","47","1118","76","1118","76",NA,NA,NA,"N"
"Sweden",2015,4,"VL0008","DFN","GNS","SPF","32D90","GNS_SPF_32-89_0_0",NA,"NAO","27.3.D.30",NA,"NGI",NA,NA,"72","72","2122","55","2122","55",NA,NA,NA,"N"
"Sweden",2015,4,"VL0008","FPO","FPN","ANA","NK","FPN_ANA_>0_0_0",NA,"NAO","27.3.D.30",NA,"NGI",NA,NA,"28","28","1232","56","1232","56",NA,NA,NA,"N"
"Sweden",2015,4,"VL0008","FPO","FPO","FWS",NA,"FPO_FWS_>0_0_0",NA,"NAO","27.3.D.30",NA,"NGI",NA,NA,"38","38","675","0","675","0",NA,NA,NA,"N"
"Sweden",2015,4,"VL0008","FPO","GNS","ANA","90D110","GNS_ANA_90-109_0_0",NA,"NAO","27.3.D.30",NA,"NGI",NA,NA,"8","8","169","0","169","0",NA,NA,NA,"N"
"Sweden",2015,4,"VL0008","FPO","GNS","FWS","32D90","GNS_FWS_>0_0_0",NA,"NAO","27.3.D.30",NA,"NGI",NA,NA,"74","74","2002","48","2002","48",NA,NA,NA,"N"
"Sweden",2015,4,"VL0008","PGP","GNS","FWS","32D90","GNS_FWS_>0_0_0",NA,"NAO","27.3.D.30",NA,"NGI",NA,NA,"5","5","310","5","310","5",NA,NA,NA,"N"
"Sweden",2015,4,"VL0812","DFN","GNS","DEF","110D157","GNS_DEF_110-156_0_0",NA,"NAO","27.3.D.30",NA,"NGI",NA,NA,"6","4","661","65","441","37",NA,NA,NA,"N"
"Sweden",2015,4,"VL0812","DFN","GNS","FWS","32D90","GNS_FWS_>0_0_0",NA,"NAO","27.3.D.30",NA,"NGI",NA,NA,"47","47","3898","258","3898","258",NA,NA,NA,"N"
"Sweden",2015,4,"VL0812","DFN","GNS","SPF","16D32","GNS_SPF_16-31_0_0",NA,"NAO","27.3.D.30",NA,"NGI",NA,NA,"5","5","550","25","550","25",NA,NA,NA,"N"
"Sweden",2015,4,"VL0812","DFN","GNS","SPF","32D90","GNS_SPF_32-89_0_0",NA,"NAO","27.3.D.30",NA,"NGI",NA,NA,"109","109","11659","857","11659","857",NA,NA,NA,"N"
"Sweden",2015,4,"VL0812","DTS","OTB","SPF","00D16","OTB_SPF_<16_0_0",NA,"NAO","27.3.D.30",NA,"NGI",NA,NA,"3","3","783","39","783","39",NA,NA,NA,"N"
"Sweden",2015,4,"VL0812","DTS","OTB","SPF","32D90","OTB_SPF_32-89_0_0",NA,"NAO","27.3.D.30",NA,"NGI",NA,NA,"14","14","2961","147","2961","147",NA,NA,NA,"N"
"Sweden",2015,4,"VL0812","FPO","GNS","FWS","16D32","GNS_FWS_>0_0_0",NA,"NAO","27.3.D.30",NA,"NGI",NA,NA,"10","10","440","80","440","80",NA,NA,NA,"N"
"Sweden",2015,4,"VL0812","PGP","GNS","DEF","110D157","GNS_DEF_110-156_0_0",NA,"NAO","27.3.D.30",NA,"NGI",NA,NA,"2","1","214","8","107","4",NA,NA,NA,"N"
"Sweden",2015,4,"VL1218","DFN","GNS","DEF","110D157","GNS_DEF_110-156_0_0",NA,"NAO","27.3.D.30",NA,"NGI",NA,NA,"6","5","1050","156","875","130",NA,NA,NA,"N"
"Sweden",2015,4,"VL1218","TM","OTM","SPF","16D32","OTM_SPF_16-31_0_0",NA,"NAO","27.3.D.30",NA,"NGI",NA,NA,"40","32","16400","4240","13120","3392",NA,NA,NA,"N"
"Sweden",2015,4,"VL2440","DTS","OTB","SPF","16D32","OTB_SPF_16-31_0_0",NA,"NAO","27.3.D.30",NA,"NGI",NA,NA,"24","19","17904","8448","14174","6688",NA,NA,NA,"N"
"Sweden",2015,4,"VL2440","TM","OTM","SPF","16D32","OTM_SPF_16-31_0_0",NA,"NAO","27.3.D.30",NA,"NGI",NA,NA,"45","35","33079","12380","25726","9555",NA,NA,NA,"N"
"Sweden",2016,1,"VL0008","DFN","GNS","FWS","110D157","GNS_FWS_>0_0_0",NA,"NAO","27.3.D.30",NA,"NGI",NA,NA,"2","2","36","0","36","0",NA,NA,NA,"N"
"Sweden",2016,1,"VL0008","DFN","GNS","FWS","32D90","GNS_FWS_>0_0_0",NA,"NAO","27.3.D.30",NA,"NGI",NA,NA,"46","46","1293","32","1293","32",NA,NA,NA,"N"
"Sweden",2016,1,"VL0008","DFN","GNS","FWS","90D110","GNS_FWS_>0_0_0",NA,"NAO","27.3.D.30",NA,"NGI",NA,NA,"6","6","240","6","240","6",NA,NA,NA,"N"
"Sweden",2016,1,"VL0008","DFN","GNS","SPF","32D90","GNS_SPF_32-89_0_0",NA,"NAO","27.3.D.30",NA,"NGI",NA,NA,"14","14","330","6","330","6",NA,NA,NA,"N"
"Sweden",2016,1,"VL0008","FPO","FPO","FWS",NA,"FPO_FWS_>0_0_0",NA,"NAO","27.3.D.30",NA,"NGI",NA,NA,"74","74","1341","0","1341","0",NA,NA,NA,"N"
"Sweden",2016,1,"VL0008","FPO","GNS","FWS","32D90","GNS_FWS_>0_0_0",NA,"NAO","27.3.D.30",NA,"NGI",NA,NA,"14","14","261","0","261","0",NA,NA,NA,"N"
"Sweden",2016,1,"VL0008","FPO","NK","NK","NK","NK",NA,"NAO","27.3.D.30",NA,"NGI",NA,NA,"18","18","396","0","396","0",NA,NA,NA,"N"
"Sweden",2016,1,"VL0008","NO","GNS","FWS","32D90","GNS_FWS_>0_0_0",NA,"NAO","27.3.D.30",NA,"NGI",NA,NA,"28","28","560","28","560","28",NA,NA,NA,"N"
"Sweden",2016,1,"VL0812","DFN","GNS","SPF","32D90","GNS_SPF_32-89_0_0",NA,"NAO","27.3.D.30",NA,"NGI",NA,NA,"38","37","4853","334","4730","320",NA,NA,NA,"N"
"Sweden",2016,1,"VL0812","DFN","OTB","SPF","32D90","OTB_SPF_32-89_0_0",NA,"NAO","27.3.D.30",NA,"NGI",NA,NA,"3","3","783","39","783","39",NA,NA,NA,"N"
"Sweden",2016,1,"VL1218","TM","OTM","SPF","16D32","OTM_SPF_16-31_0_0",NA,"NAO","27.3.D.30",NA,"NGI",NA,NA,"48","38","19680","5088","15580","4028",NA,NA,NA,"N"
"Sweden",2016,1,"VL2440","DTS","OTB","SPF","16D32","OTB_SPF_16-31_0_0",NA,"NAO","27.3.D.30",NA,"NGI",NA,NA,"40","35","29840","14080","26110","12320",NA,NA,NA,"N"
"Sweden",2016,1,"VL2440","TM","OTM","SPF","16D32","OTM_SPF_16-31_0_0",NA,"NAO","27.3.D.30",NA,"NGI",NA,NA,"98","71","72095","28931","52228","20817",NA,NA,NA,"N"
"Sweden",2016,1,"VL40XX","TM","OTM","SPF","16D32","OTM_SPF_16-31_0_0",NA,"NAO","27.3.D.30",NA,"NGI",NA,NA,"33","25","42240","16467","32000","12475",NA,NA,NA,"N"
"Sweden",2016,2,"VL0008","DFN","FPN","ANA","NK","FPN_ANA_>0_0_0",NA,"NAO","27.3.D.30",NA,"NGI",NA,NA,"197","197","5778","170","5778","170",NA,NA,NA,"N"
"Sweden",2016,2,"VL0008","DFN","FPO","FWS",NA,"FPO_FWS_>0_0_0",NA,"NAO","27.3.D.30",NA,"NGI",NA,NA,"18","18","707","18","707","18",NA,NA,NA,"N"
"Sweden",2016,2,"VL0008","DFN","FYK","ANA","NK","FYK_ANA_>0_0_0",NA,"NAO","27.3.D.30",NA,"NGI",NA,NA,"37","37","1224","35","1224","35",NA,NA,NA,"N"
"Sweden",2016,2,"VL0008","DFN","FYK","CAT","NK","FYK_CAT_>0_0_0",NA,"NAO","27.3.D.30",NA,"NGI",NA,NA,"16","16","336","16","336","16",NA,NA,NA,"N"
"Sweden",2016,2,"VL0008","DFN","GNS","ANA","90D110","GNS_ANA_90-109_0_0",NA,"NAO","27.3.D.30",NA,"NGI",NA,NA,"5","5","103","5","103","5",NA,NA,NA,"N"
"Sweden",2016,2,"VL0008","DFN","GNS","FWS","110D157","GNS_FWS_>0_0_0",NA,"NAO","27.3.D.30",NA,"NGI",NA,NA,"1","1","29","1","29","1",NA,NA,NA,"N"
"Sweden",2016,2,"VL0008","DFN","GNS","FWS","32D90","GNS_FWS_>0_0_0",NA,"NAO","27.3.D.30",NA,"NGI",NA,NA,"400","400","12227","354","12227","354",NA,NA,NA,"N"
"Sweden",2016,2,"VL0008","DFN","GNS","FWS","90D110","GNS_FWS_>0_0_0",NA,"NAO","27.3.D.30",NA,"NGI",NA,NA,"91","91","3557","90","3557","90",NA,NA,NA,"N"
"Sweden",2016,2,"VL0008","DFN","GNS","SPF","16D32","GNS_SPF_16-31_0_0",NA,"NAO","27.3.D.30",NA,"NGI",NA,NA,"45","45","1035","71","1035","71",NA,NA,NA,"N"
"Sweden",2016,2,"VL0008","DFN","GNS","SPF","32D90","GNS_SPF_32-89_0_0",NA,"NAO","27.3.D.30",NA,"NGI",NA,NA,"262","262","8140","190","8140","190",NA,NA,NA,"N"
"Sweden",2016,2,"VL0008","FPO","FPN","ANA","NK","FPN_ANA_>0_0_0",NA,"NAO","27.3.D.30",NA,"NGI",NA,NA,"345","345","13315","310","13315","310",NA,NA,NA,"N"
"Sweden",2016,2,"VL0008","FPO","GNS","FWS","16D32","GNS_FWS_>0_0_0",NA,"NAO","27.3.D.30",NA,"NGI",NA,NA,"8","8","169","0","169","0",NA,NA,NA,"N"
"Sweden",2016,2,"VL0008","FPO","GNS","FWS","32D90","GNS_FWS_>0_0_0",NA,"NAO","27.3.D.30",NA,"NGI",NA,NA,"124","124","4328","93","4328","93",NA,NA,NA,"N"
"Sweden",2016,2,"VL0008","FPO","GNS","SPF","16D32","GNS_SPF_16-31_0_0",NA,"NAO","27.3.D.30",NA,"NGI",NA,NA,"11","11","864","21","864","21",NA,NA,NA,"N"
"Sweden",2016,2,"VL0008","FPO","GNS","SPF","32D90","GNS_SPF_32-89_0_0",NA,"NAO","27.3.D.30",NA,"NGI",NA,NA,"7","7","164","2","164","2",NA,NA,NA,"N"
"Sweden",2016,2,"VL0008","PGP","FPN","ANA","NK","FPN_ANA_>0_0_0",NA,"NAO","27.3.D.30",NA,"NGI",NA,NA,"41","41","1595","41","1595","41",NA,NA,NA,"N"
"Sweden",2016,2,"VL0008","PGP","GNS","FWS","32D90","GNS_FWS_>0_0_0",NA,"NAO","27.3.D.30",NA,"NGI",NA,NA,"1","1","25","1","25","1",NA,NA,NA,"N"
"Sweden",2016,2,"VL0008","PGP","GNS","SPF","32D90","GNS_SPF_32-89_0_0",NA,"NAO","27.3.D.30",NA,"NGI",NA,NA,"1","1","25","1","25","1",NA,NA,NA,"N"
"Sweden",2016,2,"VL0812","DFN","FPN","ANA","NK","FPN_ANA_>0_0_0",NA,"NAO","27.3.D.30",NA,"NGI",NA,NA,"18","18","974","122","974","122",NA,NA,NA,"N"
"Sweden",2016,2,"VL0812","DFN","FYK","CAT","NK","FYK_CAT_>0_0_0",NA,"NAO","27.3.D.30",NA,"NGI",NA,NA,"21","21","2087","100","2087","100",NA,NA,NA,"N"
"Sweden",2016,2,"VL0812","DFN","GNS","FWS","32D90","GNS_FWS_>0_0_0",NA,"NAO","27.3.D.30",NA,"NGI",NA,NA,"91","91","9190","412","9190","412",NA,NA,NA,"N"
"Sweden",2016,2,"VL0812","DFN","GNS","SPF","16D32","GNS_SPF_16-31_0_0",NA,"NAO","27.3.D.30",NA,"NGI",NA,NA,"37","37","3929","180","3929","180",NA,NA,NA,"N"
"Sweden",2016,2,"VL0812","DFN","GNS","SPF","32D90","GNS_SPF_32-89_0_0",NA,"NAO","27.3.D.30",NA,"NGI",NA,NA,"273","268","39664","2299","38734","2255",NA,NA,NA,"N"
"Sweden",2016,2,"VL0812","DFN","OTB","SPF","32D90","OTB_SPF_32-89_0_0",NA,"NAO","27.3.D.30",NA,"NGI",NA,NA,"15","15","3915","195","3915","195",NA,NA,NA,"N"
"Sweden",2016,2,"VL0812","DTS","GNS","SPF","32D90","GNS_SPF_32-89_0_0",NA,"NAO","27.3.D.30",NA,"NGI",NA,NA,"1","1","162","8","162","8",NA,NA,NA,"N"
"Sweden",2016,2,"VL0812","DTS","OTB","SPF","32D90","OTB_SPF_32-89_0_0",NA,"NAO","27.3.D.30",NA,"NGI",NA,NA,"1","1","162","8","162","8",NA,NA,NA,"N"
"Sweden",2016,2,"VL0812","FPO","FPN","ANA","NK","FPN_ANA_>0_0_0",NA,"NAO","27.3.D.30",NA,"NGI",NA,NA,"1","1","78","6","78","6",NA,NA,NA,"N"
"Sweden",2016,2,"VL0812","FPO","GNS","ANA","16D32","GNS_ANA_>0_0_0",NA,"NAO","27.3.D.30",NA,"NGI",NA,NA,"6","6","264","48","264","48",NA,NA,NA,"N"
"Sweden",2016,2,"VL0812","PGP","FPN","ANA","NK","FPN_ANA_>0_0_0",NA,"NAO","27.3.D.30",NA,"NGI",NA,NA,"12","12","1293","48","1293","48",NA,NA,NA,"N"
"Sweden",2016,2,"VL0812","PGP","FPN","FWS","NK","FPN_FWS_>0_0_0",NA,"NAO","27.3.D.30",NA,"NGI",NA,NA,"2","2","187","7","187","7",NA,NA,NA,"N"
"Sweden",2016,2,"VL0812","PGP","FYK","FWS","NK","FYK_FWS_>0_0_0",NA,"NAO","27.3.D.30",NA,"NGI",NA,NA,"4","4","374","14","374","14",NA,NA,NA,"N"
"Sweden",2016,2,"VL1218","DFN","GNS","DEF","110D157","GNS_DEF_110-156_0_0",NA,"NAO","27.3.D.30",NA,"NGI",NA,NA,"1","1","175","26","175","26",NA,NA,NA,"N"
"Sweden",2016,2,"VL1218","DTS","GNS","SPF","32D90","GNS_SPF_32-89_0_0",NA,"NAO","27.3.D.30",NA,"NGI",NA,NA,"77","72","20725","1735","19421","1646",NA,NA,NA,"N"
"Sweden",2016,2,"VL1218","DTS","OTB","SPF","32D90","OTB_SPF_32-89_0_0",NA,"NAO","27.3.D.30",NA,"NGI",NA,NA,"5","4","1392","178","1124","140",NA,NA,NA,"N"
"Sweden",2016,2,"VL1218","DTS","PTB","SPF","32D90","PTB_SPF_32-89_0_0",NA,"NAO","27.3.D.30",NA,"NGI",NA,NA,"28","28","8232","880","8232","880",NA,NA,NA,"N"
"Sweden",2016,2,"VL1218","DTS","PTM","SPF","32D90","PTM_SPF_32-89_0_0",NA,"NAO","27.3.D.30",NA,"NGI",NA,NA,"6","6","1764","189","1764","189",NA,NA,NA,"N"
"Sweden",2016,2,"VL1218","TM","OTM","SPF","16D32","OTM_SPF_16-31_0_0",NA,"NAO","27.3.D.30",NA,"NGI",NA,NA,"81","71","33210","8586","29110","7526",NA,NA,NA,"N"
"Sweden",2016,2,"VL2440","DTS","OTB","SPF","16D32","OTB_SPF_16-31_0_0",NA,"NAO","27.3.D.30",NA,"NGI",NA,NA,"40","34","29840","14080","25364","11968",NA,NA,NA,"N"
"Sweden",2016,2,"VL2440","TM","OTM","SPF","16D32","OTM_SPF_16-31_0_0",NA,"NAO","27.3.D.30",NA,"NGI",NA,NA,"64","50","47072","18528","36773","14405",NA,NA,NA,"N"
"Sweden",2016,2,"VL40XX","TM","OTM","SPF","16D32","OTM_SPF_16-31_0_0",NA,"NAO","27.3.D.30",NA,"NGI",NA,NA,"161","125","393210","130153","311560","101947",NA,NA,NA,"N"
"Sweden",2016,2,"VL40XX","TM","OTM","SPF","32D90","OTM_SPF_32-89_0_0",NA,"NAO","27.3.D.30",NA,"NGI",NA,NA,"2","1","3060","902","2040","601",NA,NA,NA,"N"
"Sweden",2016,2,"VL40XX","TM","PTM","SPF","16D32","PTM_SPF_16-31_0_0",NA,"NAO","27.3.D.30",NA,"NGI",NA,NA,"34","26","102000","28764","78000","21996",NA,NA,NA,"N"
"Sweden",2016,3,"VL0008","DFN","FPN","ANA","NK","FPN_ANA_>0_0_0",NA,"NAO","27.3.D.30",NA,"NGI",NA,NA,"158","158","4339","135","4339","135",NA,NA,NA,"N"
"Sweden",2016,3,"VL0008","DFN","FPO","ANA",NA,"FPO_ANA_>0_0_0",NA,"NAO","27.3.D.30",NA,"NGI",NA,NA,"2","2","66","2","66","2",NA,NA,NA,"N"
"Sweden",2016,3,"VL0008","DFN","FPO","FWS",NA,"FPO_FWS_>0_0_0",NA,"NAO","27.3.D.30",NA,"NGI",NA,NA,"8","8","333","8","333","8",NA,NA,NA,"N"
"Sweden",2016,3,"VL0008","DFN","FYK","ANA","NK","FYK_ANA_>0_0_0",NA,"NAO","27.3.D.30",NA,"NGI",NA,NA,"14","14","640","29","640","29",NA,NA,NA,"N"
"Sweden",2016,3,"VL0008","DFN","FYK","CAT","NK","FYK_CAT_>0_0_0",NA,"NAO","27.3.D.30",NA,"NGI",NA,NA,"13","13","306","6","306","6",NA,NA,NA,"N"
"Sweden",2016,3,"VL0008","DFN","GNS","ANA","157DXX","GNS_ANA_>=157_0_0",NA,"NAO","27.3.D.30",NA,"NGI",NA,NA,"12","12","264","12","264","12",NA,NA,NA,"N"
"Sweden",2016,3,"VL0008","DFN","GNS","DEF","32D90","GNS_DEF_32-89_0_0",NA,"NAO","27.3.D.30",NA,"NGI",NA,NA,"10","10","342","10","342","10",NA,NA,NA,"N"
"Sweden",2016,3,"VL0008","DFN","GNS","FWS","110D157","GNS_FWS_>0_0_0",NA,"NAO","27.3.D.30",NA,"NGI",NA,NA,"2","2","88","2","88","2",NA,NA,NA,"N"
"Sweden",2016,3,"VL0008","DFN","GNS","FWS","32D90","GNS_FWS_>0_0_0",NA,"NAO","27.3.D.30",NA,"NGI",NA,NA,"706","706","21647","592","21647","592",NA,NA,NA,"N"
"Sweden",2016,3,"VL0008","DFN","GNS","FWS","90D110","GNS_FWS_>0_0_0",NA,"NAO","27.3.D.30",NA,"NGI",NA,NA,"88","88","3146","88","3146","88",NA,NA,NA,"N"
"Sweden",2016,3,"VL0008","DFN","GNS","SPF","16D32","GNS_SPF_16-31_0_0",NA,"NAO","27.3.D.30",NA,"NGI",NA,NA,"57","57","1494","87","1494","87",NA,NA,NA,"N"
"Sweden",2016,3,"VL0008","DFN","GNS","SPF","32D90","GNS_SPF_32-89_0_0",NA,"NAO","27.3.D.30",NA,"NGI",NA,NA,"173","173","4756","110","4756","110",NA,NA,NA,"N"
"Sweden",2016,3,"VL0008","FPO","FPN","ANA","NK","FPN_ANA_>0_0_0",NA,"NAO","27.3.D.30",NA,"NGI",NA,NA,"273","273","10241","277","10241","277",NA,NA,NA,"N"
"Sweden",2016,3,"VL0008","FPO","FYK","FWS","NK","FYK_FWS_>0_0_0",NA,"NAO","27.3.D.30",NA,"NGI",NA,NA,"21","21","777","21","777","21",NA,NA,NA,"N"
"Sweden",2016,3,"VL0008","FPO","GNS","FWS","32D90","GNS_FWS_>0_0_0",NA,"NAO","27.3.D.30",NA,"NGI",NA,NA,"308","308","10932","272","10932","272",NA,NA,NA,"N"
"Sweden",2016,3,"VL0008","FPO","GNS","FWS","90D110","GNS_FWS_>0_0_0",NA,"NAO","27.3.D.30",NA,"NGI",NA,NA,"22","22","471","8","471","8",NA,NA,NA,"N"
"Sweden",2016,3,"VL0008","FPO","GNS","SPF","16D32","GNS_SPF_16-31_0_0",NA,"NAO","27.3.D.30",NA,"NGI",NA,NA,"5","5","378","9","378","9",NA,NA,NA,"N"
"Sweden",2016,3,"VL0008","FPO","GNS","SPF","32D90","GNS_SPF_32-89_0_0",NA,"NAO","27.3.D.30",NA,"NGI",NA,NA,"2","2","62","0","62","0",NA,NA,NA,"N"
"Sweden",2016,3,"VL0008","PGP","FPN","ANA","NK","FPN_ANA_>0_0_0",NA,"NAO","27.3.D.30",NA,"NGI",NA,NA,"25","25","986","25","986","25",NA,NA,NA,"N"
"Sweden",2016,3,"VL0008","PGP","GNS","FWS","32D90","GNS_FWS_>0_0_0",NA,"NAO","27.3.D.30",NA,"NGI",NA,NA,"5","5","200","5","200","5",NA,NA,NA,"N"
"Sweden",2016,3,"VL0008","PGP","GNS","SPF","16D32","GNS_SPF_16-31_0_0",NA,"NAO","27.3.D.30",NA,"NGI",NA,NA,"18","18","648","18","648","18",NA,NA,NA,"N"
"Sweden",2016,3,"VL0008","PGP","GNS","SPF","32D90","GNS_SPF_32-89_0_0",NA,"NAO","27.3.D.30",NA,"NGI",NA,NA,"20","20","820","20","820","20",NA,NA,NA,"N"
"Sweden",2016,3,"VL0812","DFN","FPN","ANA","NK","FPN_ANA_>0_0_0",NA,"NAO","27.3.D.30",NA,"NGI",NA,NA,"32","32","2182","190","2182","190",NA,NA,NA,"N"
"Sweden",2016,3,"VL0812","DFN","FYK","CAT","NK","FYK_CAT_>0_0_0",NA,"NAO","27.3.D.30",NA,"NGI",NA,NA,"38","38","3293","167","3293","167",NA,NA,NA,"N"
"Sweden",2016,3,"VL0812","DFN","GNS","DEF","110D157","GNS_DEF_110-156_0_0",NA,"NAO","27.3.D.30",NA,"NGI",NA,NA,"11","11","1185","42","1185","42",NA,NA,NA,"N"
"Sweden",2016,3,"VL0812","DFN","GNS","FWS","32D90","GNS_FWS_>0_0_0",NA,"NAO","27.3.D.30",NA,"NGI",NA,NA,"120","120","10903","577","10903","577",NA,NA,NA,"N"
"Sweden",2016,3,"VL0812","DFN","GNS","SPF","16D32","GNS_SPF_16-31_0_0",NA,"NAO","27.3.D.30",NA,"NGI",NA,NA,"25","25","2605","123","2605","123",NA,NA,NA,"N"
"Sweden",2016,3,"VL0812","DFN","GNS","SPF","32D90","GNS_SPF_32-89_0_0",NA,"NAO","27.3.D.30",NA,"NGI",NA,NA,"212","212","22726","1300","22726","1300",NA,NA,NA,"N"
"Sweden",2016,3,"VL0812","DFN","OTB","SPF","32D90","OTB_SPF_32-89_0_0",NA,"NAO","27.3.D.30",NA,"NGI",NA,NA,"1","1","221","7","221","7",NA,NA,NA,"N"
"Sweden",2016,3,"VL0812","FPO","GNS","ANA","16D32","GNS_ANA_>0_0_0",NA,"NAO","27.3.D.30",NA,"NGI",NA,NA,"7","7","308","56","308","56",NA,NA,NA,"N"
"Sweden",2016,3,"VL0812","PGP","FYK","FWS","NK","FYK_FWS_>0_0_0",NA,"NAO","27.3.D.30",NA,"NGI",NA,NA,"10","10","1070","40","1070","40",NA,NA,NA,"N"
"Sweden",2016,3,"VL0812","PGP","GNS","FWS","32D90","GNS_FWS_>0_0_0",NA,"NAO","27.3.D.30",NA,"NGI",NA,NA,"13","13","1346","50","1346","50",NA,NA,NA,"N"
"Sweden",2016,3,"VL0812","PGP","GNS","SPF","32D90","GNS_SPF_32-89_0_0",NA,"NAO","27.3.D.30",NA,"NGI",NA,NA,"13","13","1346","50","1346","50",NA,NA,NA,"N"
"Sweden",2016,3,"VL1218","DFN","GNS","DEF","110D157","GNS_DEF_110-156_0_0",NA,"NAO","27.3.D.30",NA,"NGI",NA,NA,"2","3","438","65","525","78",NA,NA,NA,"N"
"Sweden",2016,3,"VL1218","DFN","GNS","FWS","90D110","GNS_FWS_>0_0_0",NA,"NAO","27.3.D.30",NA,"NGI",NA,NA,"0","1","88","13","175","26",NA,NA,NA,"N"
"Sweden",2016,3,"VL1218","TM","OTM","SPF","16D32","OTM_SPF_16-31_0_0",NA,"NAO","27.3.D.30",NA,"NGI",NA,NA,"4","2","1640","424","820","212",NA,NA,NA,"N"
"Sweden",2016,3,"VL2440","DTS","OTB","SPF","16D32","OTB_SPF_16-31_0_0",NA,"NAO","27.3.D.30",NA,"NGI",NA,NA,"24","19","17904","8448","14174","6688",NA,NA,NA,"N"
"Sweden",2016,3,"VL2440","TM","OTM","SPF","16D32","OTM_SPF_16-31_0_0",NA,"NAO","27.3.D.30",NA,"NGI",NA,NA,"41","30","30158","11957","22066","8720",NA,NA,NA,"N"
"Sweden",2016,4,"VL0008","DFN","GNS","ANA","110D157","GNS_ANA_110-156_0_0",NA,"NAO","27.3.D.30",NA,"NGI",NA,NA,"7","7","203","0","203","0",NA,NA,NA,"N"
"Sweden",2016,4,"VL0008","DFN","GNS","ANA","157DXX","GNS_ANA_>=157_0_0",NA,"NAO","27.3.D.30",NA,"NGI",NA,NA,"6","6","132","6","132","6",NA,NA,NA,"N"
"Sweden",2016,4,"VL0008","DFN","GNS","ANA","32D90","GNS_ANA_>0_0_0",NA,"NAO","27.3.D.30",NA,"NGI",NA,NA,"1","1","29","0","29","0",NA,NA,NA,"N"
"Sweden",2016,4,"VL0008","DFN","GNS","FWS","110D157","GNS_FWS_>0_0_0",NA,"NAO","27.3.D.30",NA,"NGI",NA,NA,"4","4","198","4","198","4",NA,NA,NA,"N"
"Sweden",2016,4,"VL0008","DFN","GNS","FWS","16D32","GNS_FWS_>0_0_0",NA,"NAO","27.3.D.30",NA,"NGI",NA,NA,"20","20","880","20","880","20",NA,NA,NA,"N"
"Sweden",2016,4,"VL0008","DFN","GNS","FWS","32D90","GNS_FWS_>0_0_0",NA,"NAO","27.3.D.30",NA,"NGI",NA,NA,"219","219","6017","206","6017","206",NA,NA,NA,"N"
"Sweden",2016,4,"VL0008","DFN","GNS","FWS","90D110","GNS_FWS_>0_0_0",NA,"NAO","27.3.D.30",NA,"NGI",NA,NA,"18","18","1003","16","1003","16",NA,NA,NA,"N"
"Sweden",2016,4,"VL0008","DFN","GNS","SPF","16D32","GNS_SPF_16-31_0_0",NA,"NAO","27.3.D.30",NA,"NGI",NA,NA,"67","67","1355","92","1355","92",NA,NA,NA,"N"
"Sweden",2016,4,"VL0008","DFN","GNS","SPF","32D90","GNS_SPF_32-89_0_0",NA,"NAO","27.3.D.30",NA,"NGI",NA,NA,"73","73","2031","53","2031","53",NA,NA,NA,"N"
"Sweden",2016,4,"VL0008","FPO","FPN","ANA","NK","FPN_ANA_>0_0_0",NA,"NAO","27.3.D.30",NA,"NGI",NA,NA,"30","30","1049","35","1049","35",NA,NA,NA,"N"
"Sweden",2016,4,"VL0008","FPO","FPO","FWS",NA,"FPO_FWS_>0_0_0",NA,"NAO","27.3.D.30",NA,"NGI",NA,NA,"61","61","1098","0","1098","0",NA,NA,NA,"N"
"Sweden",2016,4,"VL0008","FPO","GNS","ANA","90D110","GNS_ANA_90-109_0_0",NA,"NAO","27.3.D.30",NA,"NGI",NA,NA,"2","2","44","0","44","0",NA,NA,NA,"N"
"Sweden",2016,4,"VL0008","FPO","GNS","FWS","32D90","GNS_FWS_>0_0_0",NA,"NAO","27.3.D.30",NA,"NGI",NA,NA,"104","104","3484","105","3484","105",NA,NA,NA,"N"
"Sweden",2016,4,"VL0008","FPO","GNS","FWS","90D110","GNS_FWS_>0_0_0",NA,"NAO","27.3.D.30",NA,"NGI",NA,NA,"20","20","440","0","440","0",NA,NA,NA,"N"
"Sweden",2016,4,"VL0008","NO","GNS","FWS","32D90","GNS_FWS_>0_0_0",NA,"NAO","27.3.D.30",NA,"NGI",NA,NA,"6","6","120","6","120","6",NA,NA,NA,"N"
"Sweden",2016,4,"VL0812","DFN","GNS","DEF","110D157","GNS_DEF_110-156_0_0",NA,"NAO","27.3.D.30",NA,"NGI",NA,NA,"18","9","4154","191","1841","83",NA,NA,NA,"N"
"Sweden",2016,4,"VL0812","DFN","GNS","FWS","32D90","GNS_FWS_>0_0_0",NA,"NAO","27.3.D.30",NA,"NGI",NA,NA,"63","63","4738","350","4738","350",NA,NA,NA,"N"
"Sweden",2016,4,"VL0812","DFN","GNS","SPF","16D32","GNS_SPF_16-31_0_0",NA,"NAO","27.3.D.30",NA,"NGI",NA,NA,"6","6","660","30","660","30",NA,NA,NA,"N"
"Sweden",2016,4,"VL0812","DFN","GNS","SPF","32D90","GNS_SPF_32-89_0_0",NA,"NAO","27.3.D.30",NA,"NGI",NA,NA,"103","103","11256","762","11256","762",NA,NA,NA,"N"
"Sweden",2016,4,"VL0812","DFN","OTB","SPF","32D90","OTB_SPF_32-89_0_0",NA,"NAO","27.3.D.30",NA,"NGI",NA,NA,"20","20","5060","236","5060","236",NA,NA,NA,"N"
"Sweden",2016,4,"VL0812","DTS","OTB","SPF","32D90","OTB_SPF_32-89_0_0",NA,"NAO","27.3.D.30",NA,"NGI",NA,NA,"3","3","486","24","486","24",NA,NA,NA,"N"
"Sweden",2016,4,"VL0812","FPO","GNS","FWS","16D32","GNS_FWS_>0_0_0",NA,"NAO","27.3.D.30",NA,"NGI",NA,NA,"8","8","352","64","352","64",NA,NA,NA,"N"
"Sweden",2016,4,"VL0812","PGP","FYK","FWS","NK","FYK_FWS_>0_0_0",NA,"NAO","27.3.D.30",NA,"NGI",NA,NA,"5","5","499","19","499","19",NA,NA,NA,"N"
"Sweden",2016,4,"VL0812","PGP","GNS","SPF","32D90","GNS_SPF_32-89_0_0",NA,"NAO","27.3.D.30",NA,"NGI",NA,NA,"5","5","499","19","499","19",NA,NA,NA,"N"
"Sweden",2016,4,"VL1218","DFN","GNS","DEF","110D157","GNS_DEF_110-156_0_0",NA,"NAO","27.3.D.30",NA,"NGI",NA,NA,"3","2","525","78","350","52",NA,NA,NA,"N"
"Sweden",2016,4,"VL1218","TM","OTM","SPF","16D32","OTM_SPF_16-31_0_0",NA,"NAO","27.3.D.30",NA,"NGI",NA,NA,"62","50","25420","6572","20500","5300",NA,NA,NA,"N"
"Sweden",2016,4,"VL2440","DTS","OTB","SPF","16D32","OTB_SPF_16-31_0_0",NA,"NAO","27.3.D.30",NA,"NGI",NA,NA,"42","28","31332","14784","20888","9856",NA,NA,NA,"N"
"Sweden",2016,4,"VL2440","TM","OTM","SPF","16D32","OTM_SPF_16-31_0_0",NA,"NAO","27.3.D.30",NA,"NGI",NA,NA,"63","46","46333","18116","33830","13212",NA,NA,NA,"N"
"Sweden",2017,1,"VL0008","DFN","FPO","FWS",NA,"FPO_FWS_>0_0_0",NA,"NAO","27.3.D.30",NA,"NGI",NA,NA,"70","70","1260","0","1260","0",NA,NA,NA,"N"
"Sweden",2017,1,"VL0008","DFN","FYK","FWS","NK","FYK_FWS_>0_0_0",NA,"NAO","27.3.D.30",NA,"NGI",NA,NA,"2","2","90","2","90","2",NA,NA,NA,"N"
"Sweden",2017,1,"VL0008","DFN","GNS","FWS","110D157","GNS_FWS_>0_0_0",NA,"NAO","27.3.D.30",NA,"NGI",NA,NA,"4","4","72","0","72","0",NA,NA,NA,"N"
"Sweden",2017,1,"VL0008","DFN","GNS","FWS","32D90","GNS_FWS_>0_0_0",NA,"NAO","27.3.D.30",NA,"NGI",NA,NA,"48","48","1189","28","1189","28",NA,NA,NA,"N"
"Sweden",2017,1,"VL0008","DFN","GNS","FWS","90D110","GNS_FWS_>0_0_0",NA,"NAO","27.3.D.30",NA,"NGI",NA,NA,"24","24","948","20","948","20",NA,NA,NA,"N"
"Sweden",2017,1,"VL0008","DFN","GNS","SPF","32D90","GNS_SPF_32-89_0_0",NA,"NAO","27.3.D.30",NA,"NGI",NA,NA,"17","17","416","10","416","10",NA,NA,NA,"N"
"Sweden",2017,1,"VL0008","FPO","GNS","FWS","32D90","GNS_FWS_>0_0_0",NA,"NAO","27.3.D.30",NA,"NGI",NA,NA,"10","10","220","0","220","0",NA,NA,NA,"N"
"Sweden",2017,1,"VL0008","NO","GNS","FWS","32D90","GNS_FWS_>0_0_0",NA,"NAO","27.3.D.30",NA,"NGI",NA,NA,"26","26","520","26","520","26",NA,NA,NA,"N"
"Sweden",2017,1,"VL0812","DFN","GNS","SPF","32D90","GNS_SPF_32-89_0_0",NA,"NAO","27.3.D.30",NA,"NGI",NA,NA,"42","42","4544","307","4544","307",NA,NA,NA,"N"
"Sweden",2017,1,"VL0812","DFN","OTB","SPF","32D90","OTB_SPF_32-89_0_0",NA,"NAO","27.3.D.30",NA,"NGI",NA,NA,"8","8","2088","104","2088","104",NA,NA,NA,"N"
"Sweden",2017,1,"VL0812","FPO","FYK","FWS","NK","FYK_FWS_>0_0_0",NA,"NAO","27.3.D.30",NA,"NGI",NA,NA,"3","3","357","13","357","13",NA,NA,NA,"N"
"Sweden",2017,1,"VL0812","FPO","GNS","FWS","32D90","GNS_FWS_>0_0_0",NA,"NAO","27.3.D.30",NA,"NGI",NA,NA,"3","3","357","13","357","13",NA,NA,NA,"N"
"Sweden",2017,1,"VL1218","DFN","GNS","DEF","110D157","GNS_DEF_110-156_0_0",NA,"NAO","27.3.D.30",NA,"NGI",NA,NA,"1","1","175","26","175","26",NA,NA,NA,"N"
"Sweden",2017,1,"VL1218","DTS","OTM","SPF","16D32","OTM_SPF_16-31_0_0",NA,"NAO","27.3.D.30",NA,"NGI",NA,NA,"60","52","24600","6360","21320","5512",NA,NA,NA,"N"
"Sweden",2017,1,"VL1218","DTS","PTB","SPF","32D90","PTB_SPF_32-89_0_0",NA,"NAO","27.3.D.30",NA,"NGI",NA,NA,"14","14","4116","441","4116","441",NA,NA,NA,"N"
"Sweden",2017,1,"VL2440","DTS","OTB","SPF","16D32","OTB_SPF_16-31_0_0",NA,"NAO","27.3.D.30",NA,"NGI",NA,NA,"84","65","62664","29568","48490","22880",NA,NA,NA,"N"
"Sweden",2017,1,"VL2440","DTS","OTM","SPF","16D32","OTM_SPF_16-31_0_0",NA,"NAO","27.3.D.30",NA,"NGI",NA,NA,"53","44","38955","14416","32340","11968",NA,NA,NA,"N"
"Sweden",2017,1,"VL2440","TM","OTM","SPF","16D32","OTM_SPF_16-31_0_0",NA,"NAO","27.3.D.30",NA,"NGI",NA,NA,"78","58","57408","23946","42688","17806",NA,NA,NA,"N"
"Sweden",2017,1,"VL40XX","TM","OTM","SPF","16D32","OTM_SPF_16-31_0_0",NA,"NAO","27.3.D.30",NA,"NGI",NA,NA,"15","12","30600","9015","24480","7212",NA,NA,NA,"N"
"Sweden",2017,2,"VL0008","DFN","FPN","ANA","NK","FPN_ANA_>0_0_0",NA,"NAO","27.3.D.30",NA,"NGI",NA,NA,"229","229","8085","212","8085","212",NA,NA,NA,"N"
"Sweden",2017,2,"VL0008","DFN","FYK","CAT","NK","FYK_CAT_>0_0_0",NA,"NAO","27.3.D.30",NA,"NGI",NA,NA,"12","12","394","12","394","12",NA,NA,NA,"N"
"Sweden",2017,2,"VL0008","DFN","GNS","ANA","90D110","GNS_ANA_90-109_0_0",NA,"NAO","27.3.D.30",NA,"NGI",NA,NA,"10","10","231","0","231","0",NA,NA,NA,"N"
"Sweden",2017,2,"VL0008","DFN","GNS","FWS","32D90","GNS_FWS_>0_0_0",NA,"NAO","27.3.D.30",NA,"NGI",NA,NA,"366","366","10813","332","10813","332",NA,NA,NA,"N"
"Sweden",2017,2,"VL0008","DFN","GNS","FWS","90D110","GNS_FWS_>0_0_0",NA,"NAO","27.3.D.30",NA,"NGI",NA,NA,"68","68","3476","59","3476","59",NA,NA,NA,"N"
"Sweden",2017,2,"VL0008","DFN","GNS","SPF","16D32","GNS_SPF_>0_0_0",NA,"NAO","27.3.D.30",NA,"NGI",NA,NA,"6","6","174","6","174","6",NA,NA,NA,"N"
"Sweden",2017,2,"VL0008","DFN","GNS","SPF","16D32","GNS_SPF_16-31_0_0",NA,"NAO","27.3.D.30",NA,"NGI",NA,NA,"85","85","2620","136","2620","136",NA,NA,NA,"N"
"Sweden",2017,2,"VL0008","DFN","GNS","SPF","32D90","GNS_SPF_32-89_0_0",NA,"NAO","27.3.D.30",NA,"NGI",NA,NA,"189","189","5837","148","5837","148",NA,NA,NA,"N"
"Sweden",2017,2,"VL0008","FPO","FPN","ANA","NK","FPN_ANA_>0_0_0",NA,"NAO","27.3.D.30",NA,"NGI",NA,NA,"309","309","11394","285","11394","285",NA,NA,NA,"N"
"Sweden",2017,2,"VL0008","FPO","GNS","FWS","32D90","GNS_FWS_>0_0_0",NA,"NAO","27.3.D.30",NA,"NGI",NA,NA,"65","65","1984","45","1984","45",NA,NA,NA,"N"
"Sweden",2017,2,"VL0008","FPO","GNS","SPF","32D90","GNS_SPF_32-89_0_0",NA,"NAO","27.3.D.30",NA,"NGI",NA,NA,"14","14","337","1","337","1",NA,NA,NA,"N"
"Sweden",2017,2,"VL0008","NO","FPN","ANA","NK","FPN_ANA_>0_0_0",NA,"NAO","27.3.D.30",NA,"NGI",NA,NA,"1","1","20","1","20","1",NA,NA,NA,"N"
"Sweden",2017,2,"VL0812","DFN","FYK","CAT","NK","FYK_CAT_>0_0_0",NA,"NAO","27.3.D.30",NA,"NGI",NA,NA,"16","16","1723","78","1723","78",NA,NA,NA,"N"
"Sweden",2017,2,"VL0812","DFN","GNS","DEF","110D157","GNS_DEF_110-156_0_0",NA,"NAO","27.3.D.30",NA,"NGI",NA,NA,"3","2","183","29","109","20",NA,NA,NA,"N"
"Sweden",2017,2,"VL0812","DFN","GNS","FWS","32D90","GNS_FWS_>0_0_0",NA,"NAO","27.3.D.30",NA,"NGI",NA,NA,"49","49","5162","231","5162","231",NA,NA,NA,"N"
"Sweden",2017,2,"VL0812","DFN","GNS","FWS","90D110","GNS_FWS_>0_0_0",NA,"NAO","27.3.D.30",NA,"NGI",NA,NA,"2","1","70","22","35","11",NA,NA,NA,"N"
"Sweden",2017,2,"VL0812","DFN","GNS","SPF","16D32","GNS_SPF_16-31_0_0",NA,"NAO","27.3.D.30",NA,"NGI",NA,NA,"16","16","1723","78","1723","78",NA,NA,NA,"N"
"Sweden",2017,2,"VL0812","DFN","GNS","SPF","32D90","GNS_SPF_32-89_0_0",NA,"NAO","27.3.D.30",NA,"NGI",NA,NA,"310","310","42756","2340","42804","2336",NA,NA,NA,"N"
"Sweden",2017,2,"VL0812","DFN","OTB","SPF","32D90","OTB_SPF_32-89_0_0",NA,"NAO","27.3.D.30",NA,"NGI",NA,NA,"13","13","3393","169","3393","169",NA,NA,NA,"N"
"Sweden",2017,2,"VL0812","DTS","OTB","SPF","32D90","OTB_SPF_32-89_0_0",NA,"NAO","27.3.D.30",NA,"NGI",NA,NA,"1","1","270","27","270","27",NA,NA,NA,"N"
"Sweden",2017,2,"VL0812","FPO","FPN","ANA","NK","FPN_ANA_>0_0_0",NA,"NAO","27.3.D.30",NA,"NGI",NA,NA,"18","18","900","126","900","126",NA,NA,NA,"N"
"Sweden",2017,2,"VL0812","FPO","GNS","ANA","16D32","GNS_ANA_>0_0_0",NA,"NAO","27.3.D.30",NA,"NGI",NA,NA,"6","6","264","48","264","48",NA,NA,NA,"N"
"Sweden",2017,2,"VL0812","FPO","GNS","FWS","32D90","GNS_FWS_>0_0_0",NA,"NAO","27.3.D.30",NA,"NGI",NA,NA,"2","2","214","8","214","8",NA,NA,NA,"N"
"Sweden",2017,2,"VL0812","FPO","GNS","SPF","32D90","GNS_SPF_32-89_0_0",NA,"NAO","27.3.D.30",NA,"NGI",NA,NA,"15","15","1035","90","1035","90",NA,NA,NA,"N"
"Sweden",2017,2,"VL1218","DTS","GNS","SPF","16D32","GNS_SPF_>=157_0_0",NA,"NAO","27.3.D.30",NA,"NGI",NA,NA,"9","9","2646","216","2646","216",NA,NA,NA,"N"
"Sweden",2017,2,"VL1218","DTS","GNS","SPF","32D90","GNS_SPF_32-89_0_0",NA,"NAO","27.3.D.30",NA,"NGI",NA,NA,"69","58","19062","1480","15860","1291",NA,NA,NA,"N"
"Sweden",2017,2,"VL1218","DTS","PTB","SPF","32D90","PTB_SPF_32-89_0_0",NA,"NAO","27.3.D.30",NA,"NGI",NA,NA,"28","28","8232","882","8232","882",NA,NA,NA,"N"
"Sweden",2017,2,"VL1218","DTS","PTM","SPF","32D90","PTM_SPF_32-89_0_0",NA,"NAO","27.3.D.30",NA,"NGI",NA,NA,"4","4","1176","126","1176","126",NA,NA,NA,"N"
"Sweden",2017,2,"VL2440","DTS","OTB","SPF","16D32","OTB_SPF_16-31_0_0",NA,"NAO","27.3.D.30",NA,"NGI",NA,NA,"33","27","24618","11616","20142","9504",NA,NA,NA,"N"
"Sweden",2017,2,"VL2440","TM","OTM","SPF","16D32","OTM_SPF_16-31_0_0",NA,"NAO","27.3.D.30",NA,"NGI",NA,NA,"26","18","19136","7982","13248","5526",NA,NA,NA,"N"
"Sweden",2017,2,"VL40XX","TM","OTM","SPF","16D32","OTM_SPF_16-31_0_0",NA,"NAO","27.3.D.30",NA,"NGI",NA,NA,"37","24","75250","25986","48800","17032",NA,NA,NA,"N"
"Sweden",2017,3,"VL0008","DFN","FPN","ANA","NK","FPN_ANA_>0_0_0",NA,"NAO","27.3.D.30",NA,"NGI",NA,NA,"203","203","7110","223","7110","223",NA,NA,NA,"N"
"Sweden",2017,3,"VL0008","DFN","FYK","ANA","NK","FYK_ANA_>0_0_0",NA,"NAO","27.3.D.30",NA,"NGI",NA,NA,"26","26","769","52","769","52",NA,NA,NA,"N"
"Sweden",2017,3,"VL0008","DFN","FYK","CAT","NK","FYK_CAT_>0_0_0",NA,"NAO","27.3.D.30",NA,"NGI",NA,NA,"25","25","1100","25","1100","25",NA,NA,NA,"N"
"Sweden",2017,3,"VL0008","DFN","FYK","FWS","NK","FYK_FWS_>0_0_0",NA,"NAO","27.3.D.30",NA,"NGI",NA,NA,"1","1","37","1","37","1",NA,NA,NA,"N"
"Sweden",2017,3,"VL0008","DFN","GNS","ANA","16D32","GNS_ANA_>0_0_0",NA,"NAO","27.3.D.30",NA,"NGI",NA,NA,"2","2","110","2","110","2",NA,NA,NA,"N"
"Sweden",2017,3,"VL0008","DFN","GNS","FWS","110D157","GNS_FWS_>0_0_0",NA,"NAO","27.3.D.30",NA,"NGI",NA,NA,"3","3","117","3","117","3",NA,NA,NA,"N"
"Sweden",2017,3,"VL0008","DFN","GNS","FWS","32D90","GNS_FWS_>0_0_0",NA,"NAO","27.3.D.30",NA,"NGI",NA,NA,"589","589","18440","517","18440","517",NA,NA,NA,"N"
"Sweden",2017,3,"VL0008","DFN","GNS","FWS","90D110","GNS_FWS_>0_0_0",NA,"NAO","27.3.D.30",NA,"NGI",NA,NA,"90","90","3234","86","3234","86",NA,NA,NA,"N"
"Sweden",2017,3,"VL0008","DFN","GNS","SPF","16D32","GNS_SPF_16-31_0_0",NA,"NAO","27.3.D.30",NA,"NGI",NA,NA,"56","56","1144","78","1144","78",NA,NA,NA,"N"
"Sweden",2017,3,"VL0008","DFN","GNS","SPF","32D90","GNS_SPF_32-89_0_0",NA,"NAO","27.3.D.30",NA,"NGI",NA,NA,"141","141","3955","102","3955","102",NA,NA,NA,"N"
"Sweden",2017,3,"VL0008","FPO","FPN","ANA","NK","FPN_ANA_>0_0_0",NA,"NAO","27.3.D.30",NA,"NGI",NA,NA,"364","364","12982","342","12982","342",NA,NA,NA,"N"
"Sweden",2017,3,"VL0008","FPO","GNS","FWS","32D90","GNS_FWS_>0_0_0",NA,"NAO","27.3.D.30",NA,"NGI",NA,NA,"204","204","7289","175","7289","175",NA,NA,NA,"N"
"Sweden",2017,3,"VL0008","FPO","GNS","FWS","90D110","GNS_FWS_>0_0_0",NA,"NAO","27.3.D.30",NA,"NGI",NA,NA,"2","2","27","2","27","2",NA,NA,NA,"N"
"Sweden",2017,3,"VL0008","FPO","GNS","SPF","32D90","GNS_SPF_32-89_0_0",NA,"NAO","27.3.D.30",NA,"NGI",NA,NA,"10","10","413","10","413","10",NA,NA,NA,"N"
"Sweden",2017,3,"VL0008","NO","FPN","ANA","NK","FPN_ANA_>0_0_0",NA,"NAO","27.3.D.30",NA,"NGI",NA,NA,"18","18","360","18","360","18",NA,NA,NA,"N"
"Sweden",2017,3,"VL0008","NO","GNS","FWS","32D90","GNS_FWS_>0_0_0",NA,"NAO","27.3.D.30",NA,"NGI",NA,NA,"16","16","320","16","320","16",NA,NA,NA,"N"
"Sweden",2017,3,"VL0812","DFN","FYK","CAT","NK","FYK_CAT_>0_0_0",NA,"NAO","27.3.D.30",NA,"NGI",NA,NA,"19","19","2052","98","2052","98",NA,NA,NA,"N"
"Sweden",2017,3,"VL0812","DFN","GNS","FWS","32D90","GNS_FWS_>0_0_0",NA,"NAO","27.3.D.30",NA,"NGI",NA,NA,"62","62","6483","290","6483","290",NA,NA,NA,"N"
"Sweden",2017,3,"VL0812","DFN","GNS","FWS","90D110","GNS_FWS_>0_0_0",NA,"NAO","27.3.D.30",NA,"NGI",NA,NA,"2","1","70","22","35","11",NA,NA,NA,"N"
"Sweden",2017,3,"VL0812","DFN","GNS","SPF","16D32","GNS_SPF_16-31_0_0",NA,"NAO","27.3.D.30",NA,"NGI",NA,NA,"18","18","1943","88","1943","88",NA,NA,NA,"N"
"Sweden",2017,3,"VL0812","DFN","GNS","SPF","32D90","GNS_SPF_32-89_0_0",NA,"NAO","27.3.D.30",NA,"NGI",NA,NA,"172","172","18968","1063","18968","1063",NA,NA,NA,"N"
"Sweden",2017,3,"VL0812","DTS","OTM","SPF","32D90","OTM_SPF_32-89_0_0",NA,"NAO","27.3.D.30",NA,"NGI",NA,NA,"1","1","270","23","270","23",NA,NA,NA,"N"
"Sweden",2017,3,"VL0812","FPO","FPN","ANA","NK","FPN_ANA_>0_0_0",NA,"NAO","27.3.D.30",NA,"NGI",NA,NA,"38","38","2638","232","2638","232",NA,NA,NA,"N"
"Sweden",2017,3,"VL0812","FPO","GNS","ANA","16D32","GNS_ANA_>0_0_0",NA,"NAO","27.3.D.30",NA,"NGI",NA,NA,"9","9","396","72","396","72",NA,NA,NA,"N"
"Sweden",2017,3,"VL0812","FPO","GNS","FWS","32D90","GNS_FWS_>0_0_0",NA,"NAO","27.3.D.30",NA,"NGI",NA,NA,"8","8","457","53","457","53",NA,NA,NA,"N"
"Sweden",2017,3,"VL0812","FPO","GNS","FWS","90D110","GNS_FWS_>0_0_0",NA,"NAO","27.3.D.30",NA,"NGI",NA,NA,"10","10","1070","40","1070","40",NA,NA,NA,"N"
"Sweden",2017,3,"VL0812","FPO","GNS","SPF","32D90","GNS_SPF_32-89_0_0",NA,"NAO","27.3.D.30",NA,"NGI",NA,NA,"13","13","707","88","707","88",NA,NA,NA,"N"
"Sweden",2017,3,"VL1218","DFN","GNS","DEF","110D157","GNS_DEF_110-156_0_0",NA,"NAO","27.3.D.30",NA,"NGI",NA,NA,"1","1","175","26","175","26",NA,NA,NA,"N"
"Sweden",2017,3,"VL2440","DTS","OTB","SPF","16D32","OTB_SPF_16-31_0_0",NA,"NAO","27.3.D.30",NA,"NGI",NA,NA,"6","4","4476","2112","2984","1408",NA,NA,NA,"N"
"Sweden",2017,4,"VL0008","DFN","FPO","FWS",NA,"FPO_FWS_>0_0_0",NA,"NAO","27.3.D.30",NA,"NGI",NA,NA,"9","9","162","0","162","0",NA,NA,NA,"N"
"Sweden",2017,4,"VL0008","DFN","GNS","FWS","110D157","GNS_FWS_>0_0_0",NA,"NAO","27.3.D.30",NA,"NGI",NA,NA,"1","1","44","1","44","1",NA,NA,NA,"N"
"Sweden",2017,4,"VL0008","DFN","GNS","FWS","32D90","GNS_FWS_>0_0_0",NA,"NAO","27.3.D.30",NA,"NGI",NA,NA,"180","180","5278","191","5278","191",NA,NA,NA,"N"
"Sweden",2017,4,"VL0008","DFN","GNS","FWS","90D110","GNS_FWS_>0_0_0",NA,"NAO","27.3.D.30",NA,"NGI",NA,NA,"22","22","1118","22","1118","22",NA,NA,NA,"N"
"Sweden",2017,4,"VL0008","DFN","GNS","SPF","16D32","GNS_SPF_16-31_0_0",NA,"NAO","27.3.D.30",NA,"NGI",NA,NA,"48","48","1042","71","1042","71",NA,NA,NA,"N"
"Sweden",2017,4,"VL0008","DFN","GNS","SPF","32D90","GNS_SPF_32-89_0_0",NA,"NAO","27.3.D.30",NA,"NGI",NA,NA,"50","50","1310","37","1310","37",NA,NA,NA,"N"
"Sweden",2017,4,"VL0008","FPO","FPN","ANA","NK","FPN_ANA_>0_0_0",NA,"NAO","27.3.D.30",NA,"NGI",NA,NA,"14","14","468","14","468","14",NA,NA,NA,"N"
"Sweden",2017,4,"VL0008","FPO","GNS","ANA","90D110","GNS_ANA_90-109_0_0",NA,"NAO","27.3.D.30",NA,"NGI",NA,NA,"7","7","154","0","154","0",NA,NA,NA,"N"
"Sweden",2017,4,"VL0008","FPO","GNS","FWS","32D90","GNS_FWS_>0_0_0",NA,"NAO","27.3.D.30",NA,"NGI",NA,NA,"80","80","2720","94","2720","94",NA,NA,NA,"N"
"Sweden",2017,4,"VL0812","DFN","GNS","DEF","110D157","GNS_DEF_110-156_0_0",NA,"NAO","27.3.D.30",NA,"NGI",NA,NA,"15","8","3855","180","2056","96",NA,NA,NA,"N"
"Sweden",2017,4,"VL0812","DFN","GNS","FWS","32D90","GNS_FWS_>0_0_0",NA,"NAO","27.3.D.30",NA,"NGI",NA,NA,"17","17","1638","74","1638","74",NA,NA,NA,"N"
"Sweden",2017,4,"VL0812","DFN","GNS","SPF","16D32","GNS_SPF_16-31_0_0",NA,"NAO","27.3.D.30",NA,"NGI",NA,NA,"12","12","1265","46","1265","46",NA,NA,NA,"N"
"Sweden",2017,4,"VL0812","DFN","GNS","SPF","32D90","GNS_SPF_32-89_0_0",NA,"NAO","27.3.D.30",NA,"NGI",NA,NA,"84","84","9792","664","9792","664",NA,NA,NA,"N"
"Sweden",2017,4,"VL0812","DFN","OTB","SPF","32D90","OTB_SPF_32-89_0_0",NA,"NAO","27.3.D.30",NA,"NGI",NA,NA,"12","12","3052","144","3052","144",NA,NA,NA,"N"
"Sweden",2017,4,"VL0812","FPO","GNS","FWS","32D90","GNS_FWS_>0_0_0",NA,"NAO","27.3.D.30",NA,"NGI",NA,NA,"20","20","1000","140","1000","140",NA,NA,NA,"N"
"Sweden",2017,4,"VL0812","FPO","GNS","SPF","32D90","GNS_SPF_32-89_0_0",NA,"NAO","27.3.D.30",NA,"NGI",NA,NA,"6","6","300","42","300","42",NA,NA,NA,"N"
"Sweden",2017,4,"VL0812","MGP","OTB","SPF","32D90","OTB_SPF_32-89_0_0",NA,"NAO","27.3.D.30",NA,"NGI",NA,NA,"3","3","486","24","486","24",NA,NA,NA,"N"
"Sweden",2017,4,"VL0812","MGP","OTM","SPF","32D90","OTM_SPF_32-89_0_0",NA,"NAO","27.3.D.30",NA,"NGI",NA,NA,"3","3","486","24","486","24",NA,NA,NA,"N"
"Sweden",2017,4,"VL1218","DTS","OTM","SPF","16D32","OTM_SPF_16-31_0_0",NA,"NAO","27.3.D.30",NA,"NGI",NA,NA,"24","14","9840","2544","5740","1484",NA,NA,NA,"N"
"Sweden",2017,4,"VL2440","DTS","OTM","SPF","16D32","OTM_SPF_16-31_0_0",NA,"NAO","27.3.D.30",NA,"NGI",NA,NA,"21","13","15435","5712","9555","3536",NA,NA,NA,"N"
"Sweden",2017,4,"VL40XX","TM","OTM","SPF","16D32","OTM_SPF_16-31_0_0",NA,"NAO","27.3.D.30",NA,"NGI",NA,NA,"19","14","38570","14516","28420","10696",NA,NA,NA,"N"
"Sweden",2018,1,"VL0008","DFN","FPO","FWS",NA,"FPO_FWS_>0_0_0",NA,"NAO","27.3.D.30",NA,"NGI",NA,NA,"27","27","486","0","486","0",NA,NA,NA,"N"
"Sweden",2018,1,"VL0008","DFN","GNS","FWS","90D110","GNS_FWS_>0_0_0",NA,"NAO","27.3.D.30",NA,"NGI",NA,NA,"2","2","36","0","36","0",NA,NA,NA,"N"
"Sweden",2018,1,"VL0008","DFN","GNS","SPF","32D90","GNS_SPF_32-89_0_0",NA,"NAO","27.3.D.30",NA,"NGI",NA,NA,"2","2","36","0","36","0",NA,NA,NA,"N"
"Sweden",2018,1,"VL0008","FPO","GNS","ANA","90D110","GNS_ANA_90-109_0_0",NA,"NAO","27.3.D.30",NA,"NGI",NA,NA,"4","4","77","0","77","0",NA,NA,NA,"N"
"Sweden",2018,1,"VL0008","FPO","GNS","FWS","32D90","GNS_FWS_>0_0_0",NA,"NAO","27.3.D.30",NA,"NGI",NA,NA,"4","4","77","0","77","0",NA,NA,NA,"N"
"Sweden",2018,1,"VL0008","NO","GNS","FWS","32D90","GNS_FWS_>0_0_0",NA,"NAO","27.3.D.30",NA,"NGI",NA,NA,"32","32","640","32","640","32",NA,NA,NA,"N"
"Sweden",2018,1,"VL0008","NO","GNS","SPF","32D90","GNS_SPF_32-89_0_0",NA,"NAO","27.3.D.30",NA,"NGI",NA,NA,"7","7","140","7","140","7",NA,NA,NA,"N"
"Sweden",2018,1,"VL0812","DFN","GNS","SPF","32D90","GNS_SPF_32-89_0_0",NA,"NAO","27.3.D.30",NA,"NGI",NA,NA,"1","1","123","14","123","14",NA,NA,NA,"N"
"Sweden",2018,1,"VL1218","TM","OTM","SPF","16D32","OTM_SPF_16-31_0_0",NA,"NAO","27.3.D.30",NA,"NGI",NA,NA,"38","33","15580","4028","13530","3498",NA,NA,NA,"N"
"Sweden",2018,1,"VL2440","TM","OTM","SPF","16D32","OTM_SPF_16-31_0_0",NA,"NAO","27.3.D.30",NA,"NGI",NA,NA,"133","107","97818","38381","78698","30959",NA,NA,NA,"N"
"Sweden",2018,2,"VL0008","DFN","FPN","ANA","NK","FPN_ANA_>0_0_0",NA,"NAO","27.3.D.30",NA,"NGI",NA,NA,"159","159","5338","148","5338","148",NA,NA,NA,"N"
"Sweden",2018,2,"VL0008","DFN","FPO","FWS",NA,"FPO_FWS_>0_0_0",NA,"NAO","27.3.D.30",NA,"NGI",NA,NA,"6","6","99","0","99","0",NA,NA,NA,"N"
"Sweden",2018,2,"VL0008","DFN","FYK","CAT","NK","FYK_CAT_>0_0_0",NA,"NAO","27.3.D.30",NA,"NGI",NA,NA,"3","3","121","3","121","3",NA,NA,NA,"N"
"Sweden",2018,2,"VL0008","DFN","GNS","ANA","16D32","GNS_ANA_>0_0_0",NA,"NAO","27.3.D.30",NA,"NGI",NA,NA,"2","2","88","2","88","2",NA,NA,NA,"N"
"Sweden",2018,2,"VL0008","DFN","GNS","FWS","32D90","GNS_FWS_>0_0_0",NA,"NAO","27.3.D.30",NA,"NGI",NA,NA,"396","396","11668","337","11668","337",NA,NA,NA,"N"
"Sweden",2018,2,"VL0008","DFN","GNS","FWS","90D110","GNS_FWS_>0_0_0",NA,"NAO","27.3.D.30",NA,"NGI",NA,NA,"60","60","2532","58","2532","58",NA,NA,NA,"N"
"Sweden",2018,2,"VL0008","DFN","GNS","SPF","16D32","GNS_SPF_16-31_0_0",NA,"NAO","27.3.D.30",NA,"NGI",NA,NA,"60","60","1766","95","1766","95",NA,NA,NA,"N"
"Sweden",2018,2,"VL0008","DFN","GNS","SPF","32D90","GNS_SPF_32-89_0_0",NA,"NAO","27.3.D.30",NA,"NGI",NA,NA,"214","214","6378","156","6378","156",NA,NA,NA,"N"
"Sweden",2018,2,"VL0008","FPO","FPN","ANA","NK","FPN_ANA_>0_0_0",NA,"NAO","27.3.D.30",NA,"NGI",NA,NA,"317","317","11378","293","11378","293",NA,NA,NA,"N"
"Sweden",2018,2,"VL0008","FPO","GNS","FWS","32D90","GNS_FWS_>0_0_0",NA,"NAO","27.3.D.30",NA,"NGI",NA,NA,"92","92","3066","85","3066","85",NA,NA,NA,"N"
"Sweden",2018,2,"VL0008","FPO","GNS","FWS","90D110","GNS_FWS_>0_0_0",NA,"NAO","27.3.D.30",NA,"NGI",NA,NA,"2","2","74","2","74","2",NA,NA,NA,"N"
"Sweden",2018,2,"VL0008","FPO","GNS","SPF","32D90","GNS_SPF_32-89_0_0",NA,"NAO","27.3.D.30",NA,"NGI",NA,NA,"28","28","881","13","881","13",NA,NA,NA,"N"
"Sweden",2018,2,"VL0008","NO","GNS","FWS","32D90","GNS_FWS_>0_0_0",NA,"NAO","27.3.D.30",NA,"NGI",NA,NA,"4","4","80","4","80","4",NA,NA,NA,"N"
"Sweden",2018,2,"VL0812","DFN","FPN","ANA","NK","FPN_ANA_>0_0_0",NA,"NAO","27.3.D.30",NA,"NGI",NA,NA,"16","16","1695","65","1695","65",NA,NA,NA,"N"
"Sweden",2018,2,"VL0812","DFN","FYK","CAT","NK","FYK_CAT_>0_0_0",NA,"NAO","27.3.D.30",NA,"NGI",NA,NA,"22","22","2400","110","2400","110",NA,NA,NA,"N"
"Sweden",2018,2,"VL0812","DFN","GNS","FWS","32D90","GNS_FWS_>0_0_0",NA,"NAO","27.3.D.30",NA,"NGI",NA,NA,"61","61","6222","272","6222","272",NA,NA,NA,"N"
"Sweden",2018,2,"VL0812","DFN","GNS","FWS","90D110","GNS_FWS_>0_0_0",NA,"NAO","27.3.D.30",NA,"NGI",NA,NA,"2","2","214","8","214","8",NA,NA,NA,"N"
"Sweden",2018,2,"VL0812","DFN","GNS","SPF","16D32","GNS_SPF_16-31_0_0",NA,"NAO","27.3.D.30",NA,"NGI",NA,NA,"31","31","3250","155","3250","155",NA,NA,NA,"N"
"Sweden",2018,2,"VL0812","DFN","GNS","SPF","32D90","GNS_SPF_32-89_0_0",NA,"NAO","27.3.D.30",NA,"NGI",NA,NA,"304","301","41311","2417","40800","2393",NA,NA,NA,"N"
"Sweden",2018,2,"VL0812","DFN","OTB","SPF","32D90","OTB_SPF_32-89_0_0",NA,"NAO","27.3.D.30",NA,"NGI",NA,NA,"16","16","4176","208","4176","208",NA,NA,NA,"N"
"Sweden",2018,2,"VL0812","FPO","FPN","ANA","NK","FPN_ANA_>0_0_0",NA,"NAO","27.3.D.30",NA,"NGI",NA,NA,"16","16","775","108","775","108",NA,NA,NA,"N"
"Sweden",2018,2,"VL0812","FPO","GNS","SPF","32D90","GNS_SPF_32-89_0_0",NA,"NAO","27.3.D.30",NA,"NGI",NA,NA,"12","12","625","88","625","88",NA,NA,NA,"N"
"Sweden",2018,2,"VL1218","DTS","GNS","SPF","32D90","GNS_SPF_32-89_0_0",NA,"NAO","27.3.D.30",NA,"NGI",NA,NA,"111","100","29185","2430","26865","2223",NA,NA,NA,"N"
"Sweden",2018,2,"VL1218","DTS","OTM","SPF","16D32","OTM_SPF_16-31_0_0",NA,"NAO","27.3.D.30",NA,"NGI",NA,NA,"15","8","4470","675","2384","360",NA,NA,NA,"N"
"Sweden",2018,2,"VL1218","DTS","PTB","SPF","32D90","PTB_SPF_32-89_0_0",NA,"NAO","27.3.D.30",NA,"NGI",NA,NA,"32","32","9408","1008","9408","1008",NA,NA,NA,"N"
"Sweden",2018,2,"VL1218","TM","OTM","SPF","16D32","OTM_SPF_16-31_0_0",NA,"NAO","27.3.D.30",NA,"NGI",NA,NA,"53","47","21730","5618","19270","4982",NA,NA,NA,"N"
"Sweden",2018,2,"VL2440","TM","OTM","SPF","16D32","OTM_SPF_16-31_0_0",NA,"NAO","27.3.D.30",NA,"NGI",NA,NA,"87","73","63994","25379","53697","21326",NA,NA,NA,"N"
"Sweden",2018,2,"VL40XX","TM","OTM","SPF","16D32","OTM_SPF_16-31_0_0",NA,"NAO","27.3.D.30",NA,"NGI",NA,NA,"37","34","76245","22462","68340","20134",NA,NA,NA,"N"
"Sweden",2018,3,"VL0008","DFN","FPN","ANA","NK","FPN_ANA_>0_0_0",NA,"NAO","27.3.D.30",NA,"NGI",NA,NA,"119","119","3763","129","3763","129",NA,NA,NA,"N"
"Sweden",2018,3,"VL0008","DFN","FYK","CAT","NK","FYK_CAT_>0_0_0",NA,"NAO","27.3.D.30",NA,"NGI",NA,NA,"36","36","1179","10","1179","10",NA,NA,NA,"N"
"Sweden",2018,3,"VL0008","DFN","GNS","ANA","16D32","GNS_ANA_>0_0_0",NA,"NAO","27.3.D.30",NA,"NGI",NA,NA,"1","1","44","1","44","1",NA,NA,NA,"N"
"Sweden",2018,3,"VL0008","DFN","GNS","ANA","90D110","GNS_ANA_90-109_0_0",NA,"NAO","27.3.D.30",NA,"NGI",NA,NA,"7","7","154","7","154","7",NA,NA,NA,"N"
"Sweden",2018,3,"VL0008","DFN","GNS","FWS","32D90","GNS_FWS_>0_0_0",NA,"NAO","27.3.D.30",NA,"NGI",NA,NA,"595","595","18350","541","18350","541",NA,NA,NA,"N"
"Sweden",2018,3,"VL0008","DFN","GNS","FWS","90D110","GNS_FWS_>0_0_0",NA,"NAO","27.3.D.30",NA,"NGI",NA,NA,"70","70","2477","66","2477","66",NA,NA,NA,"N"
"Sweden",2018,3,"VL0008","DFN","GNS","SPF","16D32","GNS_SPF_16-31_0_0",NA,"NAO","27.3.D.30",NA,"NGI",NA,NA,"68","68","2006","110","2006","110",NA,NA,NA,"N"
"Sweden",2018,3,"VL0008","DFN","GNS","SPF","32D90","GNS_SPF_32-89_0_0",NA,"NAO","27.3.D.30",NA,"NGI",NA,NA,"173","173","5036","129","5036","129",NA,NA,NA,"N"
"Sweden",2018,3,"VL0008","FPO","FPN","ANA","NK","FPN_ANA_>0_0_0",NA,"NAO","27.3.D.30",NA,"NGI",NA,NA,"320","320","11398","310","11398","310",NA,NA,NA,"N"
"Sweden",2018,3,"VL0008","FPO","GNS","FWS","32D90","GNS_FWS_>0_0_0",NA,"NAO","27.3.D.30",NA,"NGI",NA,NA,"218","218","7308","148","7308","148",NA,NA,NA,"N"
"Sweden",2018,3,"VL0008","FPO","GNS","FWS","90D110","GNS_FWS_>0_0_0",NA,"NAO","27.3.D.30",NA,"NGI",NA,NA,"11","11","198","11","198","11",NA,NA,NA,"N"
"Sweden",2018,3,"VL0008","FPO","GNS","SPF","16D32","GNS_SPF_16-31_0_0",NA,"NAO","27.3.D.30",NA,"NGI",NA,NA,"1","1","37","1","37","1",NA,NA,NA,"N"
"Sweden",2018,3,"VL0008","FPO","GNS","SPF","32D90","GNS_SPF_32-89_0_0",NA,"NAO","27.3.D.30",NA,"NGI",NA,NA,"34","34","1238","16","1238","16",NA,NA,NA,"N"
"Sweden",2018,3,"VL0008","PGP","GNS","FWS","32D90","GNS_FWS_>0_0_0",NA,"NAO","27.3.D.30",NA,"NGI",NA,NA,"18","18","666","18","666","18",NA,NA,NA,"N"
"Sweden",2018,3,"VL0812","DFN","FPN","ANA","NK","FPN_ANA_>0_0_0",NA,"NAO","27.3.D.30",NA,"NGI",NA,NA,"15","15","1569","59","1569","59",NA,NA,NA,"N"
"Sweden",2018,3,"VL0812","DFN","FYK","CAT","NK","FYK_CAT_>0_0_0",NA,"NAO","27.3.D.30",NA,"NGI",NA,NA,"26","26","2694","126","2694","126",NA,NA,NA,"N"
"Sweden",2018,3,"VL0812","DFN","GNS","DEF","110D157","GNS_DEF_110-156_0_0",NA,"NAO","27.3.D.30",NA,"NGI",NA,NA,"2","1","514","24","257","12",NA,NA,NA,"N"
"Sweden",2018,3,"VL0812","DFN","GNS","FWS","32D90","GNS_FWS_>0_0_0",NA,"NAO","27.3.D.30",NA,"NGI",NA,NA,"83","83","8479","376","8479","376",NA,NA,NA,"N"
"Sweden",2018,3,"VL0812","DFN","GNS","FWS","90D110","GNS_FWS_>0_0_0",NA,"NAO","27.3.D.30",NA,"NGI",NA,NA,"4","3","176","36","141","25",NA,NA,NA,"N"
"Sweden",2018,3,"VL0812","DFN","GNS","SPF","16D32","GNS_SPF_16-31_0_0",NA,"NAO","27.3.D.30",NA,"NGI",NA,NA,"21","21","2310","105","2310","105",NA,NA,NA,"N"
"Sweden",2018,3,"VL0812","DFN","GNS","SPF","32D90","GNS_SPF_32-89_0_0",NA,"NAO","27.3.D.30",NA,"NGI",NA,NA,"156","156","17442","1027","17442","1027",NA,NA,NA,"N"
"Sweden",2018,3,"VL0812","DFN","SB","FIF","32D90","SB_FIF_>0_0_0",NA,"NAO","27.3.D.30",NA,"NGI",NA,NA,"2","2","246","28","246","28",NA,NA,NA,"N"
"Sweden",2018,3,"VL0812","FPO","FPN","ANA","NK","FPN_ANA_>0_0_0",NA,"NAO","27.3.D.30",NA,"NGI",NA,NA,"9","9","450","63","450","63",NA,NA,NA,"N"
"Sweden",2018,3,"VL0812","FPO","GNS","ANA","16D32","GNS_ANA_>0_0_0",NA,"NAO","27.3.D.30",NA,"NGI",NA,NA,"12","12","528","96","528","96",NA,NA,NA,"N"
"Sweden",2018,3,"VL0812","FPO","GNS","FWS","32D90","GNS_FWS_>0_0_0",NA,"NAO","27.3.D.30",NA,"NGI",NA,NA,"4","4","225","32","225","32",NA,NA,NA,"N"
"Sweden",2018,3,"VL0812","FPO","GNS","SPF","32D90","GNS_SPF_32-89_0_0",NA,"NAO","27.3.D.30",NA,"NGI",NA,NA,"8","8","425","60","425","60",NA,NA,NA,"N"
"Sweden",2018,4,"VL0008","DFN","FPO","FWS",NA,"FPO_FWS_>0_0_0",NA,"NAO","27.3.D.30",NA,"NGI",NA,NA,"17","17","306","0","306","0",NA,NA,NA,"N"
"Sweden",2018,4,"VL0008","DFN","GNS","FWS","32D90","GNS_FWS_>0_0_0",NA,"NAO","27.3.D.30",NA,"NGI",NA,NA,"188","188","5214","163","5214","163",NA,NA,NA,"N"
"Sweden",2018,4,"VL0008","DFN","GNS","FWS","90D110","GNS_FWS_>0_0_0",NA,"NAO","27.3.D.30",NA,"NGI",NA,NA,"20","20","808","20","808","20",NA,NA,NA,"N"
"Sweden",2018,4,"VL0008","DFN","GNS","SPF","16D32","GNS_SPF_16-31_0_0",NA,"NAO","27.3.D.30",NA,"NGI",NA,NA,"44","44","926","63","926","63",NA,NA,NA,"N"
"Sweden",2018,4,"VL0008","DFN","GNS","SPF","32D90","GNS_SPF_32-89_0_0",NA,"NAO","27.3.D.30",NA,"NGI",NA,NA,"69","69","1918","53","1918","53",NA,NA,NA,"N"
"Sweden",2018,4,"VL0008","FPO","FPN","ANA","NK","FPN_ANA_>0_0_0",NA,"NAO","27.3.D.30",NA,"NGI",NA,NA,"39","39","1596","39","1596","39",NA,NA,NA,"N"
"Sweden",2018,4,"VL0008","FPO","GNS","FWS","32D90","GNS_FWS_>0_0_0",NA,"NAO","27.3.D.30",NA,"NGI",NA,NA,"98","98","3392","108","3392","108",NA,NA,NA,"N"
"Sweden",2018,4,"VL0008","FPO","GNS","SPF","32D90","GNS_SPF_32-89_0_0",NA,"NAO","27.3.D.30",NA,"NGI",NA,NA,"6","6","204","0","204","0",NA,NA,NA,"N"
"Sweden",2018,4,"VL0812","DFN","GNS","DEF","110D157","GNS_DEF_110-156_0_0",NA,"NAO","27.3.D.30",NA,"NGI",NA,NA,"8","4","2056","96","1028","48",NA,NA,NA,"N"
"Sweden",2018,4,"VL0812","DFN","GNS","FWS","32D90","GNS_FWS_>0_0_0",NA,"NAO","27.3.D.30",NA,"NGI",NA,NA,"36","36","3462","172","3462","172",NA,NA,NA,"N"
"Sweden",2018,4,"VL0812","DFN","GNS","SPF","16D32","GNS_SPF_16-31_0_0",NA,"NAO","27.3.D.30",NA,"NGI",NA,NA,"10","10","965","48","965","48",NA,NA,NA,"N"
"Sweden",2018,4,"VL0812","DFN","GNS","SPF","32D90","GNS_SPF_32-89_0_0",NA,"NAO","27.3.D.30",NA,"NGI",NA,NA,"115","115","12354","832","12354","832",NA,NA,NA,"N"
"Sweden",2018,4,"VL0812","DFN","OTB","SPF","32D90","OTB_SPF_32-89_0_0",NA,"NAO","27.3.D.30",NA,"NGI",NA,NA,"12","12","3132","156","3132","156",NA,NA,NA,"N"
"Sweden",2018,4,"VL0812","DFN","SB","FIF","32D90","SB_FIF_>0_0_0",NA,"NAO","27.3.D.30",NA,"NGI",NA,NA,"1","1","123","14","123","14",NA,NA,NA,"N"
"Sweden",2018,4,"VL0812","DTS","OTB","SPF","32D90","OTB_SPF_32-89_0_0",NA,"NAO","27.3.D.30",NA,"NGI",NA,NA,"3","3","486","24","486","24",NA,NA,NA,"N"
"Sweden",2018,4,"VL0812","DTS","OTM","SPF","32D90","OTM_SPF_32-89_0_0",NA,"NAO","27.3.D.30",NA,"NGI",NA,NA,"2","2","324","16","324","16",NA,NA,NA,"N"
"Sweden",2018,4,"VL0812","FPO","GNS","FWS","32D90","GNS_FWS_>0_0_0",NA,"NAO","27.3.D.30",NA,"NGI",NA,NA,"4","4","175","24","175","24",NA,NA,NA,"N"
"Sweden",2018,4,"VL0812","FPO","GNS","SPF","32D90","GNS_SPF_32-89_0_0",NA,"NAO","27.3.D.30",NA,"NGI",NA,NA,"10","10","525","74","525","74",NA,NA,NA,"N"
"Sweden",2018,4,"VL1218","TM","OTM","SPF","16D32","OTM_SPF_16-31_0_0",NA,"NAO","27.3.D.30",NA,"NGI",NA,NA,"67","50","27470","7102","20500","5300",NA,NA,NA,"N"
"Sweden",2018,4,"VL2440","TM","OTM","SPF","16D32","OTM_SPF_16-31_0_0",NA,"NAO","27.3.D.30",NA,"NGI",NA,NA,"94","73","69139","27283","53696","21291",NA,NA,NA,"N"
"Sweden",2018,4,"VL40XX","TM","OTM","SPF","16D32","OTM_SPF_16-31_0_0",NA,"NAO","27.3.D.30",NA,"NGI",NA,NA,"13","8","38987","20384","23992","12544",NA,NA,NA,"N"
"Sweden",2019,1,"VL0008","DFN","FPO","FWS",NA,"FPO_FWS_>0_0_0",NA,"NAO","27.3.D.30",NA,"NGI",NA,NA,"25","25","450","0","450","0",NA,NA,NA,"N"
"Sweden",2019,1,"VL0008","DFN","GNS","FWS","16D32","GNS_FWS_>0_0_0",NA,"NAO","27.3.D.30",NA,"NGI",NA,NA,"3","3","54","0","54","0",NA,NA,NA,"N"
"Sweden",2019,1,"VL0008","FPO","GNS","FWS","32D90","GNS_FWS_>0_0_0",NA,"NAO","27.3.D.30",NA,"NGI",NA,NA,"10","10","294","6","294","6",NA,NA,NA,"N"
"Sweden",2019,1,"VL0812","DFN","GNS","SPF","32D90","GNS_SPF_32-89_0_0",NA,"NAO","27.3.D.30",NA,"NGI",NA,NA,"13","13","1279","150","1279","150",NA,NA,NA,"N"
"Sweden",2019,1,"VL1218","DTS","OTM","SPF","16D32","OTM_SPF_16-31_0_0",NA,"NAO","27.3.D.30",NA,"NGI",NA,NA,"32","24","13120","3392","9840","2544",NA,NA,NA,"N"
"Sweden",2019,1,"VL2440","DTS","OTM","SPF","16D32","OTM_SPF_16-31_0_0",NA,"NAO","27.3.D.30",NA,"NGI",NA,NA,"57","38","41895","15504","27930","10336",NA,NA,NA,"N"
"Sweden",2019,1,"VL2440","TM","OTM","SPF","16D32","OTM_SPF_16-31_0_0",NA,"NAO","27.3.D.30",NA,"NGI",NA,NA,"106","83","78484","35854","61413","27781",NA,NA,NA,"N"
"Sweden",2019,1,"VL40XX","TM","OTM","SPF","16D32","OTM_SPF_16-31_0_0",NA,"NAO","27.3.D.30",NA,"NGI",NA,NA,"23","17","46920","13823","34680","10217",NA,NA,NA,"N"
"Sweden",2019,2,"VL0008","DFN","FPN","ANA","NK","FPN_ANA_>0_0_0",NA,"NAO","27.3.D.30",NA,"NGI",NA,NA,"188","188","7243","181","7243","181",NA,NA,NA,"N"
"Sweden",2019,2,"VL0008","DFN","FYK","CAT","NK","FYK_CAT_>0_0_0",NA,"NAO","27.3.D.30",NA,"NGI",NA,NA,"26","26","816","20","816","20",NA,NA,NA,"N"
"Sweden",2019,2,"VL0008","DFN","GNS","ANA","16D32","GNS_ANA_>0_0_0",NA,"NAO","27.3.D.30",NA,"NGI",NA,NA,"1","1","44","1","44","1",NA,NA,NA,"N"
"Sweden",2019,2,"VL0008","DFN","GNS","FWS","32D90","GNS_FWS_>0_0_0",NA,"NAO","27.3.D.30",NA,"NGI",NA,NA,"410","410","12684","370","12684","370",NA,NA,NA,"N"
"Sweden",2019,2,"VL0008","DFN","GNS","FWS","90D110","GNS_FWS_>0_0_0",NA,"NAO","27.3.D.30",NA,"NGI",NA,NA,"46","46","2000","46","2000","46",NA,NA,NA,"N"
"Sweden",2019,2,"VL0008","DFN","GNS","SPF","16D32","GNS_SPF_16-31_0_0",NA,"NAO","27.3.D.30",NA,"NGI",NA,NA,"73","73","2322","110","2322","110",NA,NA,NA,"N"
"Sweden",2019,2,"VL0008","DFN","GNS","SPF","32D90","GNS_SPF_32-89_0_0",NA,"NAO","27.3.D.30",NA,"NGI",NA,NA,"206","206","6655","158","6655","158",NA,NA,NA,"N"
"Sweden",2019,2,"VL0008","FPO","FPN","ANA","NK","FPN_ANA_>0_0_0",NA,"NAO","27.3.D.30",NA,"NGI",NA,NA,"256","256","8804","232","8804","232",NA,NA,NA,"N"
"Sweden",2019,2,"VL0008","FPO","GNS","FWS","32D90","GNS_FWS_>0_0_0",NA,"NAO","27.3.D.30",NA,"NGI",NA,NA,"102","102","3172","86","3172","86",NA,NA,NA,"N"
"Sweden",2019,2,"VL0008","FPO","GNS","FWS","90D110","GNS_FWS_>0_0_0",NA,"NAO","27.3.D.30",NA,"NGI",NA,NA,"6","6","215","6","215","6",NA,NA,NA,"N"
"Sweden",2019,2,"VL0008","FPO","GNS","SPF","32D90","GNS_SPF_32-89_0_0",NA,"NAO","27.3.D.30",NA,"NGI",NA,NA,"20","20","563","16","563","16",NA,NA,NA,"N"
"Sweden",2019,2,"VL0008","NO","GNS","SPF","32D90","GNS_SPF_32-89_0_0",NA,"NAO","27.3.D.30",NA,"NGI",NA,NA,"2","2","40","2","40","2",NA,NA,NA,"N"
"Sweden",2019,2,"VL0812","DFN","FPN","ANA","NK","FPN_ANA_>0_0_0",NA,"NAO","27.3.D.30",NA,"NGI",NA,NA,"9","9","990","37","990","37",NA,NA,NA,"N"
"Sweden",2019,2,"VL0812","DFN","FPN","FWS","NK","FPN_FWS_>0_0_0",NA,"NAO","27.3.D.30",NA,"NGI",NA,NA,"2","2","241","9","241","9",NA,NA,NA,"N"
"Sweden",2019,2,"VL0812","DFN","GNS","FWS","32D90","GNS_FWS_>0_0_0",NA,"NAO","27.3.D.30",NA,"NGI",NA,NA,"42","42","3767","185","3767","185",NA,NA,NA,"N"
"Sweden",2019,2,"VL0812","DFN","GNS","SPF","16D32","GNS_SPF_16-31_0_0",NA,"NAO","27.3.D.30",NA,"NGI",NA,NA,"39","39","3810","195","3810","195",NA,NA,NA,"N"
"Sweden",2019,2,"VL0812","DFN","GNS","SPF","32D90","GNS_SPF_32-89_0_0",NA,"NAO","27.3.D.30",NA,"NGI",NA,NA,"314","314","42034","2678","42034","2678",NA,NA,NA,"N"
"Sweden",2019,2,"VL0812","DFN","OTB","SPF","32D90","OTB_SPF_32-89_0_0",NA,"NAO","27.3.D.30",NA,"NGI",NA,NA,"18","18","4698","234","4698","234",NA,NA,NA,"N"
"Sweden",2019,2,"VL1218","DFN","GNS","SPF","32D90","GNS_SPF_32-89_0_0",NA,"NAO","27.3.D.30",NA,"NGI",NA,NA,"40","38","11505","724","10905","690",NA,NA,NA,"N"
"Sweden",2019,2,"VL1218","DTS","GNS","SPF","32D90","GNS_SPF_32-89_0_0",NA,"NAO","27.3.D.30",NA,"NGI",NA,NA,"39","38","10362","1028","10160","1009",NA,NA,NA,"N"
"Sweden",2019,2,"VL1218","DTS","OTM","SPF","16D32","OTM_SPF_16-31_0_0",NA,"NAO","27.3.D.30",NA,"NGI",NA,NA,"7","5","2870","742","2050","530",NA,NA,NA,"N"
"Sweden",2019,2,"VL1218","DTS","PTB","SPF","32D90","PTB_SPF_32-89_0_0",NA,"NAO","27.3.D.30",NA,"NGI",NA,NA,"28","28","8232","882","8232","882",NA,NA,NA,"N"
"Sweden",2019,2,"VL2440","TM","OTM","SPF","16D32","OTM_SPF_16-31_0_0",NA,"NAO","27.3.D.30",NA,"NGI",NA,NA,"130","103","96382","44878","76328","35301",NA,NA,NA,"N"
"Sweden",2019,2,"VL40XX","TM","OTM","SPF","16D32","OTM_SPF_16-31_0_0",NA,"NAO","27.3.D.30",NA,"NGI",NA,NA,"65","45","163288","70009","110980","46385",NA,NA,NA,"N"
"Sweden",2019,3,"VL0008","DFN","FPN","ANA","NK","FPN_ANA_>0_0_0",NA,"NAO","27.3.D.30",NA,"NGI",NA,NA,"168","168","5296","171","5296","171",NA,NA,NA,"N"
"Sweden",2019,3,"VL0008","DFN","FPN","FWS","NK","FPN_FWS_>0_0_0",NA,"NAO","27.3.D.30",NA,"NGI",NA,NA,"10","10","300","21","300","21",NA,NA,NA,"N"
"Sweden",2019,3,"VL0008","DFN","FYK","CAT","NK","FYK_CAT_>0_0_0",NA,"NAO","27.3.D.30",NA,"NGI",NA,NA,"65","65","2061","36","2061","36",NA,NA,NA,"N"
"Sweden",2019,3,"VL0008","DFN","GNS","FWS","110D157","GNS_FWS_>0_0_0",NA,"NAO","27.3.D.30",NA,"NGI",NA,NA,"1","1","66","1","66","1",NA,NA,NA,"N"
"Sweden",2019,3,"VL0008","DFN","GNS","FWS","32D90","GNS_FWS_>0_0_0",NA,"NAO","27.3.D.30",NA,"NGI",NA,NA,"671","671","22275","578","22275","578",NA,NA,NA,"N"
"Sweden",2019,3,"VL0008","DFN","GNS","FWS","90D110","GNS_FWS_>0_0_0",NA,"NAO","27.3.D.30",NA,"NGI",NA,NA,"93","93","3197","93","3197","93",NA,NA,NA,"N"
"Sweden",2019,3,"VL0008","DFN","GNS","SPF","16D32","GNS_SPF_16-31_0_0",NA,"NAO","27.3.D.30",NA,"NGI",NA,NA,"89","89","3477","135","3477","135",NA,NA,NA,"N"
"Sweden",2019,3,"VL0008","DFN","GNS","SPF","32D90","GNS_SPF_32-89_0_0",NA,"NAO","27.3.D.30",NA,"NGI",NA,NA,"126","126","3970","93","3970","93",NA,NA,NA,"N"
"Sweden",2019,3,"VL0008","FPO","FPN","ANA","NK","FPN_ANA_>0_0_0",NA,"NAO","27.3.D.30",NA,"NGI",NA,NA,"242","242","7885","237","7885","237",NA,NA,NA,"N"
"Sweden",2019,3,"VL0008","FPO","GNS","FWS","32D90","GNS_FWS_>0_0_0",NA,"NAO","27.3.D.30",NA,"NGI",NA,NA,"173","173","5650","121","5650","121",NA,NA,NA,"N"
"Sweden",2019,3,"VL0008","FPO","GNS","FWS","90D110","GNS_FWS_>0_0_0",NA,"NAO","27.3.D.30",NA,"NGI",NA,NA,"45","45","1249","20","1249","20",NA,NA,NA,"N"
"Sweden",2019,3,"VL0008","FPO","GNS","SPF","32D90","GNS_SPF_32-89_0_0",NA,"NAO","27.3.D.30",NA,"NGI",NA,NA,"44","44","1461","18","1461","18",NA,NA,NA,"N"
"Sweden",2019,3,"VL0812","DFN","FPN","ANA","NK","FPN_ANA_>0_0_0",NA,"NAO","27.3.D.30",NA,"NGI",NA,NA,"30","30","3199","120","3199","120",NA,NA,NA,"N"
"Sweden",2019,3,"VL0812","DFN","FYK","CAT","NK","FYK_CAT_>0_0_0",NA,"NAO","27.3.D.30",NA,"NGI",NA,NA,"2","2","181","14","181","14",NA,NA,NA,"N"
"Sweden",2019,3,"VL0812","DFN","GNS","DEF","110D157","GNS_DEF_110-156_0_0",NA,"NAO","27.3.D.30",NA,"NGI",NA,NA,"2","1","514","24","257","12",NA,NA,NA,"N"
"Sweden",2019,3,"VL0812","DFN","GNS","FWS","32D90","GNS_FWS_>0_0_0",NA,"NAO","27.3.D.30",NA,"NGI",NA,NA,"68","68","6740","296","6740","296",NA,NA,NA,"N"
"Sweden",2019,3,"VL0812","DFN","GNS","FWS","90D110","GNS_FWS_>0_0_0",NA,"NAO","27.3.D.30",NA,"NGI",NA,NA,"7","7","749","28","749","28",NA,NA,NA,"N"
"Sweden",2019,3,"VL0812","DFN","GNS","SPF","16D32","GNS_SPF_16-31_0_0",NA,"NAO","27.3.D.30",NA,"NGI",NA,NA,"20","20","2200","86","2200","86",NA,NA,NA,"N"
"Sweden",2019,3,"VL0812","DFN","GNS","SPF","32D90","GNS_SPF_32-89_0_0",NA,"NAO","27.3.D.30",NA,"NGI",NA,NA,"178","178","18940","1340","18940","1340",NA,NA,NA,"N"
"Sweden",2019,3,"VL0812","DFN","SB","FIF","32D90","SB_FIF_>0_0_0",NA,"NAO","27.3.D.30",NA,"NGI",NA,NA,"1","1","123","14","123","14",NA,NA,NA,"N"
"Sweden",2019,3,"VL0812","DFN","SSC","DEF","32D90","SSC_DEF_32-89_0_0",NA,"NAO","27.3.D.30",NA,"NGI",NA,NA,"1","1","123","14","123","14",NA,NA,NA,"N"
"Sweden",2019,3,"VL2440","TM","OTM","SPF","16D32","OTM_SPF_16-31_0_0",NA,"NAO","27.3.D.30",NA,"NGI",NA,NA,"44","41","32462","14060","30254","13139",NA,NA,NA,"N"
"Sweden",2019,4,"VL0008","DFN","FPO","FWS",NA,"FPO_FWS_>0_0_0",NA,"NAO","27.3.D.30",NA,"NGI",NA,NA,"3","3","54","0","54","0",NA,NA,NA,"N"
"Sweden",2019,4,"VL0008","DFN","GNS","FWS","110D157","GNS_FWS_>0_0_0",NA,"NAO","27.3.D.30",NA,"NGI",NA,NA,"6","6","363","6","363","6",NA,NA,NA,"N"
"Sweden",2019,4,"VL0008","DFN","GNS","FWS","32D90","GNS_FWS_>0_0_0",NA,"NAO","27.3.D.30",NA,"NGI",NA,NA,"224","224","7005","196","7005","196",NA,NA,NA,"N"
"Sweden",2019,4,"VL0008","DFN","GNS","FWS","90D110","GNS_FWS_>0_0_0",NA,"NAO","27.3.D.30",NA,"NGI",NA,NA,"13","13","962","13","962","13",NA,NA,NA,"N"
"Sweden",2019,4,"VL0008","DFN","GNS","SPF","16D32","GNS_SPF_16-31_0_0",NA,"NAO","27.3.D.30",NA,"NGI",NA,NA,"52","52","1398","78","1398","78",NA,NA,NA,"N"
"Sweden",2019,4,"VL0008","DFN","GNS","SPF","32D90","GNS_SPF_32-89_0_0",NA,"NAO","27.3.D.30",NA,"NGI",NA,NA,"64","64","1742","46","1742","46",NA,NA,NA,"N"
"Sweden",2019,4,"VL0008","FPO","FPN","ANA","NK","FPN_ANA_>0_0_0",NA,"NAO","27.3.D.30",NA,"NGI",NA,NA,"8","8","232","8","232","8",NA,NA,NA,"N"
"Sweden",2019,4,"VL0008","FPO","GNS","ANA","157DXX","GNS_ANA_>=157_0_0",NA,"NAO","27.3.D.30",NA,"NGI",NA,NA,"18","18","396","18","396","18",NA,NA,NA,"N"
"Sweden",2019,4,"VL0008","FPO","GNS","ANA","32D90","GNS_ANA_>0_0_0",NA,"NAO","27.3.D.30",NA,"NGI",NA,NA,"6","6","132","6","132","6",NA,NA,NA,"N"
"Sweden",2019,4,"VL0008","FPO","GNS","FWS","32D90","GNS_FWS_>0_0_0",NA,"NAO","27.3.D.30",NA,"NGI",NA,NA,"97","97","3294","104","3294","104",NA,NA,NA,"N"
"Sweden",2019,4,"VL0008","FPO","GNS","FWS","90D110","GNS_FWS_>0_0_0",NA,"NAO","27.3.D.30",NA,"NGI",NA,NA,"16","16","488","16","488","16",NA,NA,NA,"N"
"Sweden",2019,4,"VL0008","FPO","GNS","SPF","32D90","GNS_SPF_32-89_0_0",NA,"NAO","27.3.D.30",NA,"NGI",NA,NA,"9","9","254","4","254","4",NA,NA,NA,"N"
"Sweden",2019,4,"VL0008","PGP","FYK","FWS","NK","FYK_FWS_>0_0_0",NA,"NAO","27.3.D.30",NA,"NGI",NA,NA,"21","21","756","21","756","21",NA,NA,NA,"N"
"Sweden",2019,4,"VL0008","PGP","GNS","FWS","90D110","GNS_FWS_>0_0_0",NA,"NAO","27.3.D.30",NA,"NGI",NA,NA,"31","31","1116","31","1116","31",NA,NA,NA,"N"
"Sweden",2019,4,"VL0812","DFN","GNS","DEF","110D157","GNS_DEF_110-156_0_0",NA,"NAO","27.3.D.30",NA,"NGI",NA,NA,"2","2","214","8","214","8",NA,NA,NA,"N"
"Sweden",2019,4,"VL0812","DFN","GNS","FWS","32D90","GNS_FWS_>0_0_0",NA,"NAO","27.3.D.30",NA,"NGI",NA,NA,"2","2","182","10","182","10",NA,NA,NA,"N"
"Sweden",2019,4,"VL0812","DFN","GNS","FWS","90D110","GNS_FWS_>0_0_0",NA,"NAO","27.3.D.30",NA,"NGI",NA,NA,"3","3","321","12","321","12",NA,NA,NA,"N"
"Sweden",2019,4,"VL0812","DFN","GNS","SPF","16D32","GNS_SPF_16-31_0_0",NA,"NAO","27.3.D.30",NA,"NGI",NA,NA,"3","3","330","9","330","9",NA,NA,NA,"N"
"Sweden",2019,4,"VL0812","DFN","GNS","SPF","32D90","GNS_SPF_32-89_0_0",NA,"NAO","27.3.D.30",NA,"NGI",NA,NA,"91","91","10615","661","10615","661",NA,NA,NA,"N"
"Sweden",2019,4,"VL0812","DFN","OTB","SPF","32D90","OTB_SPF_32-89_0_0",NA,"NAO","27.3.D.30",NA,"NGI",NA,NA,"16","16","4176","208","4176","208",NA,NA,NA,"N"
"Sweden",2019,4,"VL0812","DFN","SSC","DEF","16D32","SSC_DEF_16-31_0_0",NA,"NAO","27.3.D.30",NA,"NGI",NA,NA,"9","9","1107","126","1107","126",NA,NA,NA,"N"
"Sweden",2019,4,"VL0812","DFN","SSC","DEF","32D90","SSC_DEF_32-89_0_0",NA,"NAO","27.3.D.30",NA,"NGI",NA,NA,"3","3","369","42","369","42",NA,NA,NA,"N"
"Sweden",2019,4,"VL0812","DTS","OTB","SPF","32D90","OTB_SPF_32-89_0_0",NA,"NAO","27.3.D.30",NA,"NGI",NA,NA,"5","5","810","40","810","40",NA,NA,NA,"N"
"Sweden",2019,4,"VL2440","TM","OTM","SPF","16D32","OTM_SPF_16-31_0_0",NA,"NAO","27.3.D.30",NA,"NGI",NA,NA,"53","46","39697","21147","34454","18354",NA,NA,NA,"N"
"Sweden",2020,1,"VL0008","DFN","FPO","FWS",NA,"FPO_FWS_>0_0_0",NA,"NAO","27.3.D.30",NA,"NGI",NA,NA,"11","11","198","0","198","0",NA,NA,NA,"N"
"Sweden",2020,1,"VL0008","DFN","GNS","ANA","90D110","GNS_ANA_90-109_0_0",NA,"NAO","27.3.D.30",NA,"NGI",NA,NA,"2","2","44","2","44","2",NA,NA,NA,"N"
"Sweden",2020,1,"VL0008","DFN","GNS","FWS","32D90","GNS_FWS_>0_0_0",NA,"NAO","27.3.D.30",NA,"NGI",NA,NA,"69","69","1829","43","1829","43",NA,NA,NA,"N"
"Sweden",2020,1,"VL0008","DFN","GNS","SPF","16D32","GNS_SPF_16-31_0_0",NA,"NAO","27.3.D.30",NA,"NGI",NA,NA,"10","10","150","10","150","10",NA,NA,NA,"N"
"Sweden",2020,1,"VL0008","DFN","GNS","SPF","32D90","GNS_SPF_32-89_0_0",NA,"NAO","27.3.D.30",NA,"NGI",NA,NA,"36","36","799","15","799","15",NA,NA,NA,"N"
"Sweden",2020,1,"VL0008","FPO","GNS","FWS","32D90","GNS_FWS_>0_0_0",NA,"NAO","27.3.D.30",NA,"NGI",NA,NA,"43","43","1298","32","1298","32",NA,NA,NA,"N"
"Sweden",2020,1,"VL0008","PGP","FYK","FWS","NK","FYK_FWS_>0_0_0",NA,"NAO","27.3.D.30",NA,"NGI",NA,NA,"11","11","396","11","396","11",NA,NA,NA,"N"
"Sweden",2020,1,"VL0008","PGP","GNS","FWS","32D90","GNS_FWS_>0_0_0",NA,"NAO","27.3.D.30",NA,"NGI",NA,NA,"3","3","108","3","108","3",NA,NA,NA,"N"
"Sweden",2020,1,"VL0812","DFN","GNS","FWS","32D90","GNS_FWS_>0_0_0",NA,"NAO","27.3.D.30",NA,"NGI",NA,NA,"3","3","552","18","552","18",NA,NA,NA,"N"
"Sweden",2020,1,"VL0812","DFN","GNS","SPF","32D90","GNS_SPF_32-89_0_0",NA,"NAO","27.3.D.30",NA,"NGI",NA,NA,"81","81","7779","564","7779","564",NA,NA,NA,"N"
"Sweden",2020,1,"VL0812","DFN","OTB","SPF","32D90","OTB_SPF_32-89_0_0",NA,"NAO","27.3.D.30",NA,"NGI",NA,NA,"4","4","1044","52","1044","52",NA,NA,NA,"N"
"Sweden",2020,1,"VL1218","DTS","PTB","SPF","32D90","PTB_SPF_32-89_0_0",NA,"NAO","27.3.D.30",NA,"NGI",NA,NA,"4","4","1176","126","1176","126",NA,NA,NA,"N"
"Sweden",2020,1,"VL1218","TM","OTM","SPF","16D32","OTM_SPF_16-31_0_0",NA,"NAO","27.3.D.30",NA,"NGI",NA,NA,"16","10","4768","720","2980","450",NA,NA,NA,"N"
"Sweden",2020,1,"VL2440","TM","OTM","SPF","16D32","OTM_SPF_16-31_0_0",NA,"NAO","27.3.D.30",NA,"NGI",NA,NA,"111","92","81441","40495","66897","33428",NA,NA,NA,"N"
"Sweden",2020,1,"VL2440","TM","OTM","SPF","32D90","OTM_SPF_32-89_0_0",NA,"NAO","27.3.D.30",NA,"NGI",NA,NA,"1","0","438","233","350","186",NA,NA,NA,"N"
"Sweden",2020,1,"VL40XX","TM","OTM","SPF","16D32","OTM_SPF_16-31_0_0",NA,"NAO","27.3.D.30",NA,"NGI",NA,NA,"54","44","110160","32454","89760","26444",NA,NA,NA,"N"
"Sweden",2020,2,"VL0008","DFN","FPN","ANA","NK","FPN_ANA_>0_0_0",NA,"NAO","27.3.D.30",NA,"NGI",NA,NA,"154","154","4898","111","4898","111",NA,NA,NA,"N"
"Sweden",2020,2,"VL0008","DFN","FPN","FWS","NK","FPN_FWS_>0_0_0",NA,"NAO","27.3.D.30",NA,"NGI",NA,NA,"10","10","290","20","290","20",NA,NA,NA,"N"
"Sweden",2020,2,"VL0008","DFN","FYK","ANA","NK","FYK_ANA_>0_0_0",NA,"NAO","27.3.D.30",NA,"NGI",NA,NA,"8","8","242","17","242","17",NA,NA,NA,"N"
"Sweden",2020,2,"VL0008","DFN","FYK","CAT","NK","FYK_CAT_>0_0_0",NA,"NAO","27.3.D.30",NA,"NGI",NA,NA,"6","6","279","6","279","6",NA,NA,NA,"N"
"Sweden",2020,2,"VL0008","DFN","GNS","ANA","157DXX","GNS_ANA_>=157_0_0",NA,"NAO","27.3.D.30",NA,"NGI",NA,NA,"4","4","77","4","77","4",NA,NA,NA,"N"
"Sweden",2020,2,"VL0008","DFN","GNS","FWS","32D90","GNS_FWS_>0_0_0",NA,"NAO","27.3.D.30",NA,"NGI",NA,NA,"486","486","16093","473","16093","473",NA,NA,NA,"N"
"Sweden",2020,2,"VL0008","DFN","GNS","FWS","90D110","GNS_FWS_>0_0_0",NA,"NAO","27.3.D.30",NA,"NGI",NA,NA,"66","66","2448","66","2448","66",NA,NA,NA,"N"
"Sweden",2020,2,"VL0008","DFN","GNS","SPF","16D32","GNS_SPF_16-31_0_0",NA,"NAO","27.3.D.30",NA,"NGI",NA,NA,"43","43","907","62","907","62",NA,NA,NA,"N"
"Sweden",2020,2,"VL0008","DFN","GNS","SPF","32D90","GNS_SPF_32-89_0_0",NA,"NAO","27.3.D.30",NA,"NGI",NA,NA,"200","200","5910","160","5910","160",NA,NA,NA,"N"
"Sweden",2020,2,"VL0008","FPO","FPN","ANA","NK","FPN_ANA_>0_0_0",NA,"NAO","27.3.D.30",NA,"NGI",NA,NA,"282","282","11543","286","11543","286",NA,NA,NA,"N"
"Sweden",2020,2,"VL0008","FPO","FYK","ANA","NK","FYK_ANA_>0_0_0",NA,"NAO","27.3.D.30",NA,"NGI",NA,NA,"12","12","396","12","396","12",NA,NA,NA,"N"
"Sweden",2020,2,"VL0008","FPO","FYK","CAT","NK","FYK_CAT_>0_0_0",NA,"NAO","27.3.D.30",NA,"NGI",NA,NA,"16","16","480","16","480","16",NA,NA,NA,"N"
"Sweden",2020,2,"VL0008","FPO","GNS","FWS","32D90","GNS_FWS_>0_0_0",NA,"NAO","27.3.D.30",NA,"NGI",NA,NA,"106","106","4158","109","4158","109",NA,NA,NA,"N"
"Sweden",2020,2,"VL0008","FPO","GNS","FWS","90D110","GNS_FWS_>0_0_0",NA,"NAO","27.3.D.30",NA,"NGI",NA,NA,"16","16","688","22","688","22",NA,NA,NA,"N"
"Sweden",2020,2,"VL0008","FPO","GNS","SPF","16D32","GNS_SPF_16-31_0_0",NA,"NAO","27.3.D.30",NA,"NGI",NA,NA,"8","8","621","15","621","15",NA,NA,NA,"N"
"Sweden",2020,2,"VL0008","FPO","GNS","SPF","32D90","GNS_SPF_32-89_0_0",NA,"NAO","27.3.D.30",NA,"NGI",NA,NA,"36","36","1866","36","1866","36",NA,NA,NA,"N"
"Sweden",2020,2,"VL0008","PGP","FPN","ANA","NK","FPN_ANA_>0_0_0",NA,"NAO","27.3.D.30",NA,"NGI",NA,NA,"3","3","108","3","108","3",NA,NA,NA,"N"
"Sweden",2020,2,"VL0008","PGP","FYK","FWS","NK","FYK_FWS_>0_0_0",NA,"NAO","27.3.D.30",NA,"NGI",NA,NA,"26","26","936","26","936","26",NA,NA,NA,"N"
"Sweden",2020,2,"VL0008","PGP","GNS","FWS","90D110","GNS_FWS_>0_0_0",NA,"NAO","27.3.D.30",NA,"NGI",NA,NA,"1","1","36","1","36","1",NA,NA,NA,"N"
"Sweden",2020,2,"VL0812","DFN","FPN","ANA","NK","FPN_ANA_>0_0_0",NA,"NAO","27.3.D.30",NA,"NGI",NA,NA,"1","1","72","4","72","4",NA,NA,NA,"N"
"Sweden",2020,2,"VL0812","DFN","GNS","FWS","32D90","GNS_FWS_>0_0_0",NA,"NAO","27.3.D.30",NA,"NGI",NA,NA,"38","38","3598","176","3598","176",NA,NA,NA,"N"
"Sweden",2020,2,"VL0812","DFN","GNS","SPF","16D32","GNS_SPF_16-31_0_0",NA,"NAO","27.3.D.30",NA,"NGI",NA,NA,"6","6","471","38","471","38",NA,NA,NA,"N"
"Sweden",2020,2,"VL0812","DFN","GNS","SPF","32D90","GNS_SPF_32-89_0_0",NA,"NAO","27.3.D.30",NA,"NGI",NA,NA,"262","262","33975","2306","33975","2306",NA,NA,NA,"N"
"Sweden",2020,2,"VL0812","DFN","OTB","SPF","32D90","OTB_SPF_32-89_0_0",NA,"NAO","27.3.D.30",NA,"NGI",NA,NA,"13","13","3393","169","3393","169",NA,NA,NA,"N"
"Sweden",2020,2,"VL0812","FPO","FPN","ANA","NK","FPN_ANA_>0_0_0",NA,"NAO","27.3.D.30",NA,"NGI",NA,NA,"2","2","214","8","214","8",NA,NA,NA,"N"
"Sweden",2020,2,"VL0812","FPO","GNS","FWS","32D90","GNS_FWS_>0_0_0",NA,"NAO","27.3.D.30",NA,"NGI",NA,NA,"2","2","160","6","160","6",NA,NA,NA,"N"
"Sweden",2020,2,"VL0812","FPO","GNS","SPF","32D90","GNS_SPF_32-89_0_0",NA,"NAO","27.3.D.30",NA,"NGI",NA,NA,"6","6","588","22","588","22",NA,NA,NA,"N"
"Sweden",2020,2,"VL1218","DTS","GNS","SPF","16D32","GNS_SPF_16-31_0_0",NA,"NAO","27.3.D.30",NA,"NGI",NA,NA,"14","13","4116","238","3822","221",NA,NA,NA,"N"
"Sweden",2020,2,"VL1218","DTS","GNS","SPF","32D90","GNS_SPF_32-89_0_0",NA,"NAO","27.3.D.30",NA,"NGI",NA,NA,"46","44","13626","1078","13026","1044",NA,NA,NA,"N"
"Sweden",2020,2,"VL1218","DTS","PTB","SPF","32D90","PTB_SPF_32-89_0_0",NA,"NAO","27.3.D.30",NA,"NGI",NA,NA,"30","30","8820","945","8820","945",NA,NA,NA,"N"
"Sweden",2020,2,"VL1218","TM","OTM","SPF","16D32","OTM_SPF_16-31_0_0",NA,"NAO","27.3.D.30",NA,"NGI",NA,NA,"10","8","2980","450","2384","360",NA,NA,NA,"N"
"Sweden",2020,2,"VL1218","TM","OTM","SPF","32D90","OTM_SPF_32-89_0_0",NA,"NAO","27.3.D.30",NA,"NGI",NA,NA,"3","3","894","135","894","135",NA,NA,NA,"N"
"Sweden",2020,2,"VL2440","TM","OTM","SPF","16D32","OTM_SPF_16-31_0_0",NA,"NAO","27.3.D.30",NA,"NGI",NA,NA,"64","55","45388","24184","39039","20801",NA,NA,NA,"N"
"Sweden",2020,2,"VL40XX","TM","OTM","SPF","16D32","OTM_SPF_16-31_0_0",NA,"NAO","27.3.D.30",NA,"NGI",NA,NA,"17","12","50983","26656","35988","18816",NA,NA,NA,"N"
"Sweden",2020,3,"VL0008","DFN","FPN","ANA","NK","FPN_ANA_>0_0_0",NA,"NAO","27.3.D.30",NA,"NGI",NA,NA,"119","119","3231","102","3231","102",NA,NA,NA,"N"
"Sweden",2020,3,"VL0008","DFN","FYK","ANA","NK","FYK_ANA_>0_0_0",NA,"NAO","27.3.D.30",NA,"NGI",NA,NA,"12","12","362","25","362","25",NA,NA,NA,"N"
"Sweden",2020,3,"VL0008","DFN","FYK","CAT","NK","FYK_CAT_>0_0_0",NA,"NAO","27.3.D.30",NA,"NGI",NA,NA,"25","25","995","17","995","17",NA,NA,NA,"N"
"Sweden",2020,3,"VL0008","DFN","GNS","FWS","110D157","GNS_FWS_>0_0_0",NA,"NAO","27.3.D.30",NA,"NGI",NA,NA,"4","4","440","12","440","12",NA,NA,NA,"N"
"Sweden",2020,3,"VL0008","DFN","GNS","FWS","32D90","GNS_FWS_>0_0_0",NA,"NAO","27.3.D.30",NA,"NGI",NA,NA,"605","605","19575","565","19575","565",NA,NA,NA,"N"
"Sweden",2020,3,"VL0008","DFN","GNS","FWS","90D110","GNS_FWS_>0_0_0",NA,"NAO","27.3.D.30",NA,"NGI",NA,NA,"119","119","4126","108","4126","108",NA,NA,NA,"N"
"Sweden",2020,3,"VL0008","DFN","GNS","SPF","16D32","GNS_SPF_16-31_0_0",NA,"NAO","27.3.D.30",NA,"NGI",NA,NA,"60","60","1236","84","1236","84",NA,NA,NA,"N"
"Sweden",2020,3,"VL0008","DFN","GNS","SPF","32D90","GNS_SPF_32-89_0_0",NA,"NAO","27.3.D.30",NA,"NGI",NA,NA,"176","176","5230","146","5230","146",NA,NA,NA,"N"
"Sweden",2020,3,"VL0008","FPO","FPN","ANA","NK","FPN_ANA_>0_0_0",NA,"NAO","27.3.D.30",NA,"NGI",NA,NA,"150","150","5610","134","5610","134",NA,NA,NA,"N"
"Sweden",2020,3,"VL0008","FPO","FYK","ANA","NK","FYK_ANA_>0_0_0",NA,"NAO","27.3.D.30",NA,"NGI",NA,NA,"20","20","660","20","660","20",NA,NA,NA,"N"
"Sweden",2020,3,"VL0008","FPO","FYK","CAT","NK","FYK_CAT_>0_0_0",NA,"NAO","27.3.D.30",NA,"NGI",NA,NA,"18","18","525","18","525","18",NA,NA,NA,"N"
"Sweden",2020,3,"VL0008","FPO","GNS","FWS","32D90","GNS_FWS_>0_0_0",NA,"NAO","27.3.D.30",NA,"NGI",NA,NA,"185","185","7643","177","7643","177",NA,NA,NA,"N"
"Sweden",2020,3,"VL0008","FPO","GNS","FWS","90D110","GNS_FWS_>0_0_0",NA,"NAO","27.3.D.30",NA,"NGI",NA,NA,"22","22","528","22","528","22",NA,NA,NA,"N"
"Sweden",2020,3,"VL0008","FPO","GNS","SPF","16D32","GNS_SPF_16-31_0_0",NA,"NAO","27.3.D.30",NA,"NGI",NA,NA,"35","35","2350","60","2350","60",NA,NA,NA,"N"
"Sweden",2020,3,"VL0008","FPO","GNS","SPF","32D90","GNS_SPF_32-89_0_0",NA,"NAO","27.3.D.30",NA,"NGI",NA,NA,"22","22","796","3","796","3",NA,NA,NA,"N"
"Sweden",2020,3,"VL0008","PGP","GNS","FWS","32D90","GNS_FWS_>0_0_0",NA,"NAO","27.3.D.30",NA,"NGI",NA,NA,"7","7","252","7","252","7",NA,NA,NA,"N"
"Sweden",2020,3,"VL0812","DFN","FPN","ANA","NK","FPN_ANA_>0_0_0",NA,"NAO","27.3.D.30",NA,"NGI",NA,NA,"5","5","455","25","455","25",NA,NA,NA,"N"
"Sweden",2020,3,"VL0812","DFN","FYK","CAT","NK","FYK_CAT_>0_0_0",NA,"NAO","27.3.D.30",NA,"NGI",NA,NA,"1","1","72","4","72","4",NA,NA,NA,"N"
"Sweden",2020,3,"VL0812","DFN","GNS","FWS","32D90","GNS_FWS_>0_0_0",NA,"NAO","27.3.D.30",NA,"NGI",NA,NA,"58","58","5462","277","5462","277",NA,NA,NA,"N"
"Sweden",2020,3,"VL0812","DFN","GNS","FWS","90D110","GNS_FWS_>0_0_0",NA,"NAO","27.3.D.30",NA,"NGI",NA,NA,"7","7","747","27","747","27",NA,NA,NA,"N"
"Sweden",2020,3,"VL0812","DFN","GNS","SPF","16D32","GNS_SPF_16-31_0_0",NA,"NAO","27.3.D.30",NA,"NGI",NA,NA,"17","17","1678","85","1678","85",NA,NA,NA,"N"
"Sweden",2020,3,"VL0812","DFN","GNS","SPF","32D90","GNS_SPF_32-89_0_0",NA,"NAO","27.3.D.30",NA,"NGI",NA,NA,"167","167","19956","1413","19956","1413",NA,NA,NA,"N"
"Sweden",2020,3,"VL0812","DTS","GNS","SPF","32D90","GNS_SPF_32-89_0_0",NA,"NAO","27.3.D.30",NA,"NGI",NA,NA,"1","1","162","8","162","8",NA,NA,NA,"N"
"Sweden",2020,3,"VL0812","FPO","FPN","ANA","NK","FPN_ANA_>0_0_0",NA,"NAO","27.3.D.30",NA,"NGI",NA,NA,"11","11","1177","44","1177","44",NA,NA,NA,"N"
"Sweden",2020,4,"VL0008","DFN","GNS","ANA","157DXX","GNS_ANA_>=157_0_0",NA,"NAO","27.3.D.30",NA,"NGI",NA,NA,"15","15","330","15","330","15",NA,NA,NA,"N"
"Sweden",2020,4,"VL0008","DFN","GNS","FWS","32D90","GNS_FWS_>0_0_0",NA,"NAO","27.3.D.30",NA,"NGI",NA,NA,"222","222","6588","210","6588","210",NA,NA,NA,"N"
"Sweden",2020,4,"VL0008","DFN","GNS","FWS","90D110","GNS_FWS_>0_0_0",NA,"NAO","27.3.D.30",NA,"NGI",NA,NA,"32","32","842","31","842","31",NA,NA,NA,"N"
"Sweden",2020,4,"VL0008","DFN","GNS","SPF","16D32","GNS_SPF_16-31_0_0",NA,"NAO","27.3.D.30",NA,"NGI",NA,NA,"34","34","760","44","760","44",NA,NA,NA,"N"
"Sweden",2020,4,"VL0008","DFN","GNS","SPF","32D90","GNS_SPF_32-89_0_0",NA,"NAO","27.3.D.30",NA,"NGI",NA,NA,"94","94","2616","72","2616","72",NA,NA,NA,"N"
"Sweden",2020,4,"VL0008","FPO","GNS","FWS","32D90","GNS_FWS_>0_0_0",NA,"NAO","27.3.D.30",NA,"NGI",NA,NA,"82","82","3014","90","3014","90",NA,NA,NA,"N"
"Sweden",2020,4,"VL0008","FPO","GNS","FWS","90D110","GNS_FWS_>0_0_0",NA,"NAO","27.3.D.30",NA,"NGI",NA,NA,"5","5","185","5","185","5",NA,NA,NA,"N"
"Sweden",2020,4,"VL0008","FPO","GNS","SPF","16D32","GNS_SPF_16-31_0_0",NA,"NAO","27.3.D.30",NA,"NGI",NA,NA,"12","12","972","24","972","24",NA,NA,NA,"N"
"Sweden",2020,4,"VL0008","FPO","GNS","SPF","32D90","GNS_SPF_32-89_0_0",NA,"NAO","27.3.D.30",NA,"NGI",NA,NA,"10","10","388","10","388","10",NA,NA,NA,"N"
"Sweden",2020,4,"VL0008","NO","GNS","SPF","32D90","GNS_SPF_32-89_0_0",NA,"NAO","27.3.D.30",NA,"NGI",NA,NA,"5","5","100","5","100","5",NA,NA,NA,"N"
"Sweden",2020,4,"VL0812","DFN","GNS","FWS","32D90","GNS_FWS_>0_0_0",NA,"NAO","27.3.D.30",NA,"NGI",NA,NA,"21","21","1720","102","1720","102",NA,NA,NA,"N"
"Sweden",2020,4,"VL0812","DFN","GNS","SPF","16D32","GNS_SPF_16-31_0_0",NA,"NAO","27.3.D.30",NA,"NGI",NA,NA,"8","8","705","38","705","38",NA,NA,NA,"N"
"Sweden",2020,4,"VL0812","DFN","GNS","SPF","32D90","GNS_SPF_32-89_0_0",NA,"NAO","27.3.D.30",NA,"NGI",NA,NA,"144","144","14701","1070","14701","1070",NA,NA,NA,"N"
"Sweden",2020,4,"VL0812","DFN","OTB","SPF","32D90","OTB_SPF_32-89_0_0",NA,"NAO","27.3.D.30",NA,"NGI",NA,NA,"14","14","3654","182","3654","182",NA,NA,NA,"N"
"Sweden",2020,4,"VL0812","DFN","SSC","DEF","16D32","SSC_DEF_16-31_0_0",NA,"NAO","27.3.D.30",NA,"NGI",NA,NA,"3","3","369","42","369","42",NA,NA,NA,"N"
"Sweden",2020,4,"VL0812","DTS","OTB","SPF","32D90","OTB_SPF_32-89_0_0",NA,"NAO","27.3.D.30",NA,"NGI",NA,NA,"5","5","810","40","810","40",NA,NA,NA,"N"
"Sweden",2020,4,"VL2440","TM","OTM","SPF","16D32","OTM_SPF_16-31_0_0",NA,"NAO","27.3.D.30",NA,"NGI",NA,NA,"47","35","34321","18285","25627","13653",NA,NA,NA,"N"
"Sweden",2021,1,"VL0008","DFN","GNS","FWS","110D157","GNS_FWS_>0_0_0",NA,"NAO","27.3.D.30",NA,"NGI",NA,NA,"6","6","108","0","108","0",NA,NA,NA,"N"
"Sweden",2021,1,"VL0008","DFN","GNS","FWS","32D90","GNS_FWS_>0_0_0",NA,"NAO","27.3.D.30",NA,"NGI",NA,NA,"55","55","1873","54","1873","54",NA,NA,NA,"N"
"Sweden",2021,1,"VL0008","DFN","GNS","SPF","16D32","GNS_SPF_16-31_0_0",NA,"NAO","27.3.D.30",NA,"NGI",NA,NA,"2","2","36","0","36","0",NA,NA,NA,"N"
"Sweden",2021,1,"VL0008","DFN","GNS","SPF","32D90","GNS_SPF_32-89_0_0",NA,"NAO","27.3.D.30",NA,"NGI",NA,NA,"9","9","162","0","162","0",NA,NA,NA,"N"
"Sweden",2021,1,"VL0008","FPO","FPO","FWS",NA,"FPO_FWS_>0_0_0",NA,"NAO","27.3.D.30",NA,"NGI",NA,NA,"29","29","522","0","522","0",NA,NA,NA,"N"
"Sweden",2021,1,"VL0008","FPO","GNS","FWS","32D90","GNS_FWS_>0_0_0",NA,"NAO","27.3.D.30",NA,"NGI",NA,NA,"15","15","375","3","375","3",NA,NA,NA,"N"
"Sweden",2021,1,"VL0812","DFN","GNS","FWS","90D110","GNS_FWS_>0_0_0",NA,"NAO","27.3.D.30",NA,"NGI",NA,NA,"2","1","70","22","35","11",NA,NA,NA,"N"
"Sweden",2021,1,"VL0812","DFN","GNS","SPF","32D90","GNS_SPF_32-89_0_0",NA,"NAO","27.3.D.30",NA,"NGI",NA,NA,"32","32","3257","279","3257","279",NA,NA,NA,"N"
"Sweden",2021,1,"VL0812","DFN","OTB","SPF","32D90","OTB_SPF_32-89_0_0",NA,"NAO","27.3.D.30",NA,"NGI",NA,NA,"12","12","3132","156","3132","156",NA,NA,NA,"N"
"Sweden",2021,1,"VL0812","DFN","OTM","SPF","32D90","OTM_SPF_32-89_0_0",NA,"NAO","27.3.D.30",NA,"NGI",NA,NA,"1","1","123","14","123","14",NA,NA,NA,"N"
"Sweden",2021,1,"VL1218","DTS","PTB","SPF","32D90","PTB_SPF_32-89_0_0",NA,"NAO","27.3.D.30",NA,"NGI",NA,NA,"4","4","1176","126","1176","126",NA,NA,NA,"N"
"Sweden",2021,1,"VL2440","TM","OTM","SPF","16D32","OTM_SPF_16-31_0_0",NA,"NAO","27.3.D.30",NA,"NGI",NA,NA,"82","58","58625","31236","41629","22180",NA,NA,NA,"N"
"Sweden",2021,1,"VL40XX","TM","OTM","SPF","16D32","OTM_SPF_16-31_0_0",NA,"NAO","27.3.D.30",NA,"NGI",NA,NA,"31","26","63240","18631","53040","15626",NA,NA,NA,"N"
"Sweden",2021,2,"VL0008","DFN","FPN","ANA","NK","FPN_ANA_>0_0_0",NA,"NAO","27.3.D.30",NA,"NGI",NA,NA,"170","170","4986","103","4986","103",NA,NA,NA,"N"
"Sweden",2021,2,"VL0008","DFN","FPO","FWS",NA,"FPO_FWS_>0_0_0",NA,"NAO","27.3.D.30",NA,"NGI",NA,NA,"7","7","267","7","267","7",NA,NA,NA,"N"
"Sweden",2021,2,"VL0008","DFN","FYK","CAT","NK","FYK_CAT_>0_0_0",NA,"NAO","27.3.D.30",NA,"NGI",NA,NA,"7","7","210","7","210","7",NA,NA,NA,"N"
"Sweden",2021,2,"VL0008","DFN","FYK","FWS","NK","FYK_FWS_>0_0_0",NA,"NAO","27.3.D.30",NA,"NGI",NA,NA,"15","15","540","15","540","15",NA,NA,NA,"N"
"Sweden",2021,2,"VL0008","DFN","GNS","FWS","32D90","GNS_FWS_>0_0_0",NA,"NAO","27.3.D.30",NA,"NGI",NA,NA,"396","396","14692","417","14692","417",NA,NA,NA,"N"
"Sweden",2021,2,"VL0008","DFN","GNS","FWS","90D110","GNS_FWS_>0_0_0",NA,"NAO","27.3.D.30",NA,"NGI",NA,NA,"105","105","2966","105","2966","105",NA,NA,NA,"N"
"Sweden",2021,2,"VL0008","DFN","GNS","SPF","16D32","GNS_SPF_16-31_0_0",NA,"NAO","27.3.D.30",NA,"NGI",NA,NA,"58","58","2046","79","2046","79",NA,NA,NA,"N"
"Sweden",2021,2,"VL0008","DFN","GNS","SPF","32D90","GNS_SPF_32-89_0_0",NA,"NAO","27.3.D.30",NA,"NGI",NA,NA,"145","145","5814","146","5814","146",NA,NA,NA,"N"
"Sweden",2021,2,"VL0008","FPO","FPN","ANA","NK","FPN_ANA_>0_0_0",NA,"NAO","27.3.D.30",NA,"NGI",NA,NA,"156","156","5929","141","5929","141",NA,NA,NA,"N"
"Sweden",2021,2,"VL0008","FPO","FPO","ANA",NA,"FPO_ANA_>0_0_0",NA,"NAO","27.3.D.30",NA,"NGI",NA,NA,"9","9","162","0","162","0",NA,NA,NA,"N"
"Sweden",2021,2,"VL0008","FPO","FYK","ANA","NK","FYK_ANA_>0_0_0",NA,"NAO","27.3.D.30",NA,"NGI",NA,NA,"7","7","231","7","231","7",NA,NA,NA,"N"
"Sweden",2021,2,"VL0008","FPO","GNS","ANA","110D157","GNS_ANA_110-156_0_0",NA,"NAO","27.3.D.30",NA,"NGI",NA,NA,"4","4","88","4","88","4",NA,NA,NA,"N"
"Sweden",2021,2,"VL0008","FPO","GNS","FWS","32D90","GNS_FWS_>0_0_0",NA,"NAO","27.3.D.30",NA,"NGI",NA,NA,"56","56","1889","37","1889","37",NA,NA,NA,"N"
"Sweden",2021,2,"VL0008","FPO","GNS","SPF","16D32","GNS_SPF_16-31_0_0",NA,"NAO","27.3.D.30",NA,"NGI",NA,NA,"12","12","348","12","348","12",NA,NA,NA,"N"
"Sweden",2021,2,"VL0008","FPO","GNS","SPF","32D90","GNS_SPF_32-89_0_0",NA,"NAO","27.3.D.30",NA,"NGI",NA,NA,"28","28","674","16","674","16",NA,NA,NA,"N"
"Sweden",2021,2,"VL0008","NO","GNS","SPF","16D32","GNS_SPF_16-31_0_0",NA,"NAO","27.3.D.30",NA,"NGI",NA,NA,"8","8","160","8","160","8",NA,NA,NA,"N"
"Sweden",2021,2,"VL0812","DFN","FPN","ANA","NK","FPN_ANA_>0_0_0",NA,"NAO","27.3.D.30",NA,"NGI",NA,NA,"10","10","906","44","906","44",NA,NA,NA,"N"
"Sweden",2021,2,"VL0812","DFN","GNS","FWS","32D90","GNS_FWS_>0_0_0",NA,"NAO","27.3.D.30",NA,"NGI",NA,NA,"53","53","5050","240","5050","240",NA,NA,NA,"N"
"Sweden",2021,2,"VL0812","DFN","GNS","FWS","90D110","GNS_FWS_>0_0_0",NA,"NAO","27.3.D.30",NA,"NGI",NA,NA,"3","2","105","33","70","22",NA,NA,NA,"N"
"Sweden",2021,2,"VL0812","DFN","GNS","SPF","16D32","GNS_SPF_16-31_0_0",NA,"NAO","27.3.D.30",NA,"NGI",NA,NA,"72","72","7215","352","7215","352",NA,NA,NA,"N"
"Sweden",2021,2,"VL0812","DFN","GNS","SPF","32D90","GNS_SPF_32-89_0_0",NA,"NAO","27.3.D.30",NA,"NGI",NA,NA,"338","338","40094","2891","40094","2891",NA,NA,NA,"N"
"Sweden",2021,2,"VL0812","DFN","OTB","SPF","32D90","OTB_SPF_32-89_0_0",NA,"NAO","27.3.D.30",NA,"NGI",NA,NA,"14","14","3654","182","3654","182",NA,NA,NA,"N"
"Sweden",2021,2,"VL1218","DFN","GNS","SPF","16D32","GNS_SPF_16-31_0_0",NA,"NAO","27.3.D.30",NA,"NGI",NA,NA,"7","6","2058","119","1764","102",NA,NA,NA,"N"
"Sweden",2021,2,"VL1218","DFN","GNS","SPF","32D90","GNS_SPF_32-89_0_0",NA,"NAO","27.3.D.30",NA,"NGI",NA,NA,"12","11","3426","218","3126","201",NA,NA,NA,"N"
"Sweden",2021,2,"VL1218","DTS","GNS","SPF","32D90","GNS_SPF_32-89_0_0",NA,"NAO","27.3.D.30",NA,"NGI",NA,NA,"8","8","2352","248","2352","248",NA,NA,NA,"N"
"Sweden",2021,2,"VL1218","DTS","PTB","SPF","32D90","PTB_SPF_32-89_0_0",NA,"NAO","27.3.D.30",NA,"NGI",NA,NA,"22","22","6468","693","6468","693",NA,NA,NA,"N"
"Sweden",2021,2,"VL1218","DTS","PTM","SPF","32D90","PTM_SPF_32-89_0_0",NA,"NAO","27.3.D.30",NA,"NGI",NA,NA,"4","4","1176","126","1176","126",NA,NA,NA,"N"
"Sweden",2021,2,"VL2440","TM","OTM","SPF","16D32","OTM_SPF_16-31_0_0",NA,"NAO","27.3.D.30",NA,"NGI",NA,NA,"15","11","10500","5595","7700","4103",NA,NA,NA,"N"
"Sweden",2021,2,"VL40XX","TM","OTM","SPF","16D32","OTM_SPF_16-31_0_0",NA,"NAO","27.3.D.30",NA,"NGI",NA,NA,"46","27","137954","63356","80973","37176",NA,NA,NA,"N"
"Sweden",2021,3,"VL0008","DFN","FPN","ANA","NK","FPN_ANA_>0_0_0",NA,"NAO","27.3.D.30",NA,"NGI",NA,NA,"92","92","2630","70","2630","70",NA,NA,NA,"N"
"Sweden",2021,3,"VL0008","DFN","FYK","CAT","NK","FYK_CAT_>0_0_0",NA,"NAO","27.3.D.30",NA,"NGI",NA,NA,"39","39","1355","28","1355","28",NA,NA,NA,"N"
"Sweden",2021,3,"VL0008","DFN","GNS","FWS","32D90","GNS_FWS_>0_0_0",NA,"NAO","27.3.D.30",NA,"NGI",NA,NA,"670","670","24825","652","24825","652",NA,NA,NA,"N"
"Sweden",2021,3,"VL0008","DFN","GNS","FWS","90D110","GNS_FWS_>0_0_0",NA,"NAO","27.3.D.30",NA,"NGI",NA,NA,"102","102","2569","102","2569","102",NA,NA,NA,"N"
"Sweden",2021,3,"VL0008","DFN","GNS","SPF","16D32","GNS_SPF_16-31_0_0",NA,"NAO","27.3.D.30",NA,"NGI",NA,NA,"20","20","1000","30","1000","30",NA,NA,NA,"N"
"Sweden",2021,3,"VL0008","DFN","GNS","SPF","32D90","GNS_SPF_32-89_0_0",NA,"NAO","27.3.D.30",NA,"NGI",NA,NA,"107","107","3219","74","3219","74",NA,NA,NA,"N"
"Sweden",2021,3,"VL0008","FPO","FPN","ANA","NK","FPN_ANA_>0_0_0",NA,"NAO","27.3.D.30",NA,"NGI",NA,NA,"134","134","4930","123","4930","123",NA,NA,NA,"N"
"Sweden",2021,3,"VL0008","FPO","FPO","FWS",NA,"FPO_FWS_>0_0_0",NA,"NAO","27.3.D.30",NA,"NGI",NA,NA,"6","6","108","0","108","0",NA,NA,NA,"N"
"Sweden",2021,3,"VL0008","FPO","FYK","ANA","NK","FYK_ANA_>0_0_0",NA,"NAO","27.3.D.30",NA,"NGI",NA,NA,"13","13","429","13","429","13",NA,NA,NA,"N"
"Sweden",2021,3,"VL0008","FPO","GNS","DEF","157DXX","GNS_DEF_>=157_0_0",NA,"NAO","27.3.D.30",NA,"NGI",NA,NA,"2","2","36","0","36","0",NA,NA,NA,"N"
"Sweden",2021,3,"VL0008","FPO","GNS","FWS","32D90","GNS_FWS_>0_0_0",NA,"NAO","27.3.D.30",NA,"NGI",NA,NA,"147","147","4571","98","4571","98",NA,NA,NA,"N"
"Sweden",2021,3,"VL0008","FPO","GNS","FWS","90D110","GNS_FWS_>0_0_0",NA,"NAO","27.3.D.30",NA,"NGI",NA,NA,"18","18","368","18","368","18",NA,NA,NA,"N"
"Sweden",2021,3,"VL0008","FPO","GNS","SPF","16D32","GNS_SPF_16-31_0_0",NA,"NAO","27.3.D.30",NA,"NGI",NA,NA,"7","7","594","15","594","15",NA,NA,NA,"N"
"Sweden",2021,3,"VL0008","FPO","GNS","SPF","32D90","GNS_SPF_32-89_0_0",NA,"NAO","27.3.D.30",NA,"NGI",NA,NA,"17","17","422","17","422","17",NA,NA,NA,"N"
"Sweden",2021,3,"VL0008","NO","GNS","FWS","32D90","GNS_FWS_>0_0_0",NA,"NAO","27.3.D.30",NA,"NGI",NA,NA,"25","25","500","25","500","25",NA,NA,NA,"N"
"Sweden",2021,3,"VL0008","PGP","FPN","ANA","NK","FPN_ANA_>0_0_0",NA,"NAO","27.3.D.30",NA,"NGI",NA,NA,"6","6","240","6","240","6",NA,NA,NA,"N"
"Sweden",2021,3,"VL0008","PGP","GNS","SPF","32D90","GNS_SPF_32-89_0_0",NA,"NAO","27.3.D.30",NA,"NGI",NA,NA,"6","6","240","6","240","6",NA,NA,NA,"N"
"Sweden",2021,3,"VL0812","DFN","GNS","FWS","32D90","GNS_FWS_>0_0_0",NA,"NAO","27.3.D.30",NA,"NGI",NA,NA,"47","47","4701","232","4701","232",NA,NA,NA,"N"
"Sweden",2021,3,"VL0812","DFN","GNS","SPF","16D32","GNS_SPF_16-31_0_0",NA,"NAO","27.3.D.30",NA,"NGI",NA,NA,"36","36","3727","182","3727","182",NA,NA,NA,"N"
"Sweden",2021,3,"VL0812","DFN","GNS","SPF","32D90","GNS_SPF_32-89_0_0",NA,"NAO","27.3.D.30",NA,"NGI",NA,NA,"162","162","17855","1402","17855","1402",NA,NA,NA,"N"
"Sweden",2021,3,"VL0812","DTS","OTB","SPF","32D90","OTB_SPF_32-89_0_0",NA,"NAO","27.3.D.30",NA,"NGI",NA,NA,"2","2","324","16","324","16",NA,NA,NA,"N"
"Sweden",2021,3,"VL0812","FPO","FPN","ANA","NK","FPN_ANA_>0_0_0",NA,"NAO","27.3.D.30",NA,"NGI",NA,NA,"5","5","535","20","535","20",NA,NA,NA,"N"
"Sweden",2021,3,"VL0812","FPO","GNS","FWS","32D90","GNS_FWS_>0_0_0",NA,"NAO","27.3.D.30",NA,"NGI",NA,NA,"2","2","160","6","160","6",NA,NA,NA,"N"
"Sweden",2021,3,"VL0812","FPO","GNS","FWS","90D110","GNS_FWS_>0_0_0",NA,"NAO","27.3.D.30",NA,"NGI",NA,NA,"1","1","107","4","107","4",NA,NA,NA,"N"
"Sweden",2021,3,"VL2440","TM","OTM","SPF","16D32","OTM_SPF_16-31_0_0",NA,"NAO","27.3.D.30",NA,"NGI",NA,NA,"29","22","20300","10817","15400","8206",NA,NA,NA,"N"
"Sweden",2021,3,"VL40XX","TM","OTM","SPF","16D32","OTM_SPF_16-31_0_0",NA,"NAO","27.3.D.30",NA,"NGI",NA,NA,"26","17","71261","33999","48106","23755",NA,NA,NA,"N"
"Sweden",2021,4,"VL0008","DFN","GNS","FWS","110D157","GNS_FWS_>0_0_0",NA,"NAO","27.3.D.30",NA,"NGI",NA,NA,"8","8","218","8","218","8",NA,NA,NA,"N"
"Sweden",2021,4,"VL0008","DFN","GNS","FWS","32D90","GNS_FWS_>0_0_0",NA,"NAO","27.3.D.30",NA,"NGI",NA,NA,"282","282","9968","334","9968","334",NA,NA,NA,"N"
"Sweden",2021,4,"VL0008","DFN","GNS","FWS","90D110","GNS_FWS_>0_0_0",NA,"NAO","27.3.D.30",NA,"NGI",NA,NA,"25","25","598","20","598","20",NA,NA,NA,"N"
"Sweden",2021,4,"VL0008","DFN","GNS","SPF","32D90","GNS_SPF_32-89_0_0",NA,"NAO","27.3.D.30",NA,"NGI",NA,NA,"84","84","3342","78","3342","78",NA,NA,NA,"N"
"Sweden",2021,4,"VL0008","FPO","FPO","FWS",NA,"FPO_FWS_>0_0_0",NA,"NAO","27.3.D.30",NA,"NGI",NA,NA,"17","17","306","0","306","0",NA,NA,NA,"N"
"Sweden",2021,4,"VL0008","FPO","GNS","FWS","32D90","GNS_FWS_>0_0_0",NA,"NAO","27.3.D.30",NA,"NGI",NA,NA,"42","42","1076","16","1076","16",NA,NA,NA,"N"
"Sweden",2021,4,"VL0008","FPO","GNS","FWS","90D110","GNS_FWS_>0_0_0",NA,"NAO","27.3.D.30",NA,"NGI",NA,NA,"2","2","58","2","58","2",NA,NA,NA,"N"
"Sweden",2021,4,"VL0008","FPO","GNS","SPF","32D90","GNS_SPF_32-89_0_0",NA,"NAO","27.3.D.30",NA,"NGI",NA,NA,"6","6","195","6","195","6",NA,NA,NA,"N"
"Sweden",2021,4,"VL0008","NO","GNS","FWS","32D90","GNS_FWS_>0_0_0",NA,"NAO","27.3.D.30",NA,"NGI",NA,NA,"16","16","320","16","320","16",NA,NA,NA,"N"
"Sweden",2021,4,"VL0812","DFN","GNS","FWS","32D90","GNS_FWS_>0_0_0",NA,"NAO","27.3.D.30",NA,"NGI",NA,NA,"20","20","1804","98","1804","98",NA,NA,NA,"N"
"Sweden",2021,4,"VL0812","DFN","GNS","SPF","32D90","GNS_SPF_32-89_0_0",NA,"NAO","27.3.D.30",NA,"NGI",NA,NA,"94","94","7980","656","7980","656",NA,NA,NA,"N"
"Sweden",2021,4,"VL0812","DFN","OTB","SPF","32D90","OTB_SPF_32-89_0_0",NA,"NAO","27.3.D.30",NA,"NGI",NA,NA,"17","17","4437","221","4437","221",NA,NA,NA,"N"
"Sweden",2021,4,"VL0812","DFN","OTM","SPF","32D90","OTM_SPF_32-89_0_0",NA,"NAO","27.3.D.30",NA,"NGI",NA,NA,"1","1","123","14","123","14",NA,NA,NA,"N"
"Sweden",2021,4,"VL0812","DFN","SSC","DEF","16D32","SSC_DEF_16-31_0_0",NA,"NAO","27.3.D.30",NA,"NGI",NA,NA,"4","4","492","56","492","56",NA,NA,NA,"N"
"Sweden",2021,4,"VL0812","DTS","OTB","SPF","32D90","OTB_SPF_32-89_0_0",NA,"NAO","27.3.D.30",NA,"NGI",NA,NA,"7","7","1134","56","1134","56",NA,NA,NA,"N"
"Sweden",2021,4,"VL0812","FPO","GNS","FWS","90D110","GNS_FWS_>0_0_0",NA,"NAO","27.3.D.30",NA,"NGI",NA,NA,"6","6","642","24","642","24",NA,NA,NA,"N"
"Sweden",2021,4,"VL2440","TM","OTM","SPF","16D32","OTM_SPF_16-31_0_0",NA,"NAO","27.3.D.30",NA,"NGI",NA,NA,"50","43","36617","19508","31521","16793",NA,NA,NA,"N"
"Sweden",2021,4,"VL40XX","TM","OTM","SPF","16D32","OTM_SPF_16-31_0_0",NA,"NAO","27.3.D.30",NA,"NGI",NA,NA,"96","80","232173","84179","190113","67524",NA,NA,NA,"N"
"Sweden",2021,4,"VL40XX","TM","OTM","SPF","32D90","OTM_SPF_32-89_0_0",NA,"NAO","27.3.D.30",NA,"NGI",NA,NA,"1","0","1190","351","1020","300",NA,NA,NA,"N"
"Sweden",2022,1,"VL0008","DFN","GNS","FWS","110D157","GNS_FWS_>0_0_0",NA,"NAO","27.3.D.30",NA,"NGI",NA,NA,"11","11","198","0","198","0",NA,NA,NA,"N"
"Sweden",2022,1,"VL0008","DFN","GNS","FWS","32D90","GNS_FWS_>0_0_0",NA,"NAO","27.3.D.30",NA,"NGI",NA,NA,"42","42","1306","38","1306","38",NA,NA,NA,"N"
"Sweden",2022,1,"VL0008","DFN","GNS","SPF","32D90","GNS_SPF_32-89_0_0",NA,"NAO","27.3.D.30",NA,"NGI",NA,NA,"2","2","36","0","36","0",NA,NA,NA,"N"
"Sweden",2022,1,"VL0008","FPO","FPO","FWS",NA,"FPO_FWS_>0_0_0",NA,"NAO","27.3.D.30",NA,"NGI",NA,NA,"28","28","504","0","504","0",NA,NA,NA,"N"
"Sweden",2022,1,"VL0008","FPO","GNS","FWS","32D90","GNS_FWS_>0_0_0",NA,"NAO","27.3.D.30",NA,"NGI",NA,NA,"21","21","462","0","462","0",NA,NA,NA,"N"
"Sweden",2022,1,"VL0008","NO","GNS","SPF","32D90","GNS_SPF_32-89_0_0",NA,"NAO","27.3.D.30",NA,"NGI",NA,NA,"14","14","280","14","280","14",NA,NA,NA,"N"
"Sweden",2022,1,"VL0812","DFN","GNS","SPF","32D90","GNS_SPF_32-89_0_0",NA,"NAO","27.3.D.30",NA,"NGI",NA,NA,"19","19","2346","214","2346","214",NA,NA,NA,"N"
"Sweden",2022,1,"VL0812","PMP","OTB","SPF","32D90","OTB_SPF_32-89_0_0",NA,"NAO","27.3.D.30",NA,"NGI",NA,NA,"5","5","1305","65","1305","65",NA,NA,NA,"N"
"Sweden",2022,1,"VL2440","TM","OTM","SPF","16D32","OTM_SPF_16-31_0_0",NA,"NAO","27.3.D.30",NA,"NGI",NA,NA,"114","99","82348","43874","71505","38097",NA,NA,NA,"N"
"Sweden",2022,1,"VL40XX","TM","OTM","SPF","16D32","OTM_SPF_16-31_0_0",NA,"NAO","27.3.D.30",NA,"NGI",NA,NA,"99","82","230730","80769","189337","65589",NA,NA,NA,"N"
"Sweden",2022,2,"VL0008","DFN","FPN","ANA","NK","FPN_ANA_>0_0_0",NA,"NAO","27.3.D.30",NA,"NGI",NA,NA,"88","88","2874","38","2874","38",NA,NA,NA,"N"
"Sweden",2022,2,"VL0008","DFN","FYK","ANA","NK","FYK_ANA_>0_0_0",NA,"NAO","27.3.D.30",NA,"NGI",NA,NA,"5","5","275","5","275","5",NA,NA,NA,"N"
"Sweden",2022,2,"VL0008","DFN","FYK","CAT","NK","FYK_CAT_>0_0_0",NA,"NAO","27.3.D.30",NA,"NGI",NA,NA,"5","5","150","5","150","5",NA,NA,NA,"N"
"Sweden",2022,2,"VL0008","DFN","GNS","FWS","110D157","GNS_FWS_>0_0_0",NA,"NAO","27.3.D.30",NA,"NGI",NA,NA,"7","7","357","7","357","7",NA,NA,NA,"N"
"Sweden",2022,2,"VL0008","DFN","GNS","FWS","32D90","GNS_FWS_>0_0_0",NA,"NAO","27.3.D.30",NA,"NGI",NA,NA,"372","372","13185","414","13185","414",NA,NA,NA,"N"
"Sweden",2022,2,"VL0008","DFN","GNS","FWS","90D110","GNS_FWS_>0_0_0",NA,"NAO","27.3.D.30",NA,"NGI",NA,NA,"148","148","4836","142","4836","142",NA,NA,NA,"N"
"Sweden",2022,2,"VL0008","DFN","GNS","SPF","16D32","GNS_SPF_16-31_0_0",NA,"NAO","27.3.D.30",NA,"NGI",NA,NA,"64","64","1434","92","1434","92",NA,NA,NA,"N"
"Sweden",2022,2,"VL0008","DFN","GNS","SPF","32D90","GNS_SPF_32-89_0_0",NA,"NAO","27.3.D.30",NA,"NGI",NA,NA,"220","220","7937","176","7937","176",NA,NA,NA,"N"
"Sweden",2022,2,"VL0008","FPO","FPN","ANA","NK","FPN_ANA_>0_0_0",NA,"NAO","27.3.D.30",NA,"NGI",NA,NA,"227","227","8469","168","8469","168",NA,NA,NA,"N"
"Sweden",2022,2,"VL0008","FPO","FPO","ANA",NA,"FPO_ANA_>0_0_0",NA,"NAO","27.3.D.30",NA,"NGI",NA,NA,"7","7","126","0","126","0",NA,NA,NA,"N"
"Sweden",2022,2,"VL0008","FPO","FPO","FWS",NA,"FPO_FWS_>0_0_0",NA,"NAO","27.3.D.30",NA,"NGI",NA,NA,"2","2","27","0","27","0",NA,NA,NA,"N"
"Sweden",2022,2,"VL0008","FPO","FYK","ANA","NK","FYK_ANA_>0_0_0",NA,"NAO","27.3.D.30",NA,"NGI",NA,NA,"5","5","154","5","154","5",NA,NA,NA,"N"
"Sweden",2022,2,"VL0008","FPO","GNS","FWS","32D90","GNS_FWS_>0_0_0",NA,"NAO","27.3.D.30",NA,"NGI",NA,NA,"59","59","1831","38","1831","38",NA,NA,NA,"N"
"Sweden",2022,2,"VL0008","FPO","GNS","SPF","32D90","GNS_SPF_32-89_0_0",NA,"NAO","27.3.D.30",NA,"NGI",NA,NA,"42","42","1134","20","1134","20",NA,NA,NA,"N"
"Sweden",2022,2,"VL0008","PGP","FPN","ANA","NK","FPN_ANA_>0_0_0",NA,"NAO","27.3.D.30",NA,"NGI",NA,NA,"12","12","348","12","348","12",NA,NA,NA,"N"
"Sweden",2022,2,"VL0812","DFN","FPN","ANA","NK","FPN_ANA_>0_0_0",NA,"NAO","27.3.D.30",NA,"NGI",NA,NA,"5","5","535","20","535","20",NA,NA,NA,"N"
"Sweden",2022,2,"VL0812","DFN","GNS","DEF","110D157","GNS_DEF_110-156_0_0",NA,"NAO","27.3.D.30",NA,"NGI",NA,NA,"2","2","197","23","197","23",NA,NA,NA,"N"
"Sweden",2022,2,"VL0812","DFN","GNS","FWS","32D90","GNS_FWS_>0_0_0",NA,"NAO","27.3.D.30",NA,"NGI",NA,NA,"46","46","4364","218","4364","218",NA,NA,NA,"N"
"Sweden",2022,2,"VL0812","DFN","GNS","FWS","90D110","GNS_FWS_>0_0_0",NA,"NAO","27.3.D.30",NA,"NGI",NA,NA,"8","8","724","26","724","26",NA,NA,NA,"N"
"Sweden",2022,2,"VL0812","DFN","GNS","SPF","16D32","GNS_SPF_16-31_0_0",NA,"NAO","27.3.D.30",NA,"NGI",NA,NA,"47","47","4866","235","4866","235",NA,NA,NA,"N"
"Sweden",2022,2,"VL0812","DFN","GNS","SPF","32D90","GNS_SPF_32-89_0_0",NA,"NAO","27.3.D.30",NA,"NGI",NA,NA,"254","256","28372","1962","28519","1968",NA,NA,NA,"N"
"Sweden",2022,2,"VL0812","DFN","OTM","SPF","32D90","OTM_SPF_32-89_0_0",NA,"NAO","27.3.D.30",NA,"NGI",NA,NA,"1","1","123","14","123","14",NA,NA,NA,"N"
"Sweden",2022,2,"VL0812","PMP","GNS","SPF","32D90","GNS_SPF_32-89_0_0",NA,"NAO","27.3.D.30",NA,"NGI",NA,NA,"24","23","6264","312","6003","299",NA,NA,NA,"N"
"Sweden",2022,2,"VL0812","PMP","OTB","SPF","32D90","OTB_SPF_32-89_0_0",NA,"NAO","27.3.D.30",NA,"NGI",NA,NA,"7","7","1827","91","1827","91",NA,NA,NA,"N"
"Sweden",2022,2,"VL1218","DTS","GNS","SPF","32D90","GNS_SPF_32-89_0_0",NA,"NAO","27.3.D.30",NA,"NGI",NA,NA,"2","1","600","34","300","17",NA,NA,NA,"N"
"Sweden",2022,2,"VL1218","FPO","GNS","SPF","32D90","GNS_SPF_32-89_0_0",NA,"NAO","27.3.D.30",NA,"NGI",NA,NA,"3","3","882","96","882","96",NA,NA,NA,"N"
"Sweden",2022,2,"VL1218","FPO","PTB","SPF","32D90","PTB_SPF_32-89_0_0",NA,"NAO","27.3.D.30",NA,"NGI",NA,NA,"2","2","588","64","588","64",NA,NA,NA,"N"
"Sweden",2022,2,"VL1218","FPO","PTM","SPF","32D90","PTM_SPF_32-89_0_0",NA,"NAO","27.3.D.30",NA,"NGI",NA,NA,"2","2","588","64","588","64",NA,NA,NA,"N"
"Sweden",2022,2,"VL1218","MGP","PTB","SPF","32D90","PTB_SPF_32-89_0_0",NA,"NAO","27.3.D.30",NA,"NGI",NA,NA,"2","2","588","62","588","62",NA,NA,NA,"N"
"Sweden",2022,2,"VL1218","MGP","PTM","SPF","32D90","PTM_SPF_32-89_0_0",NA,"NAO","27.3.D.30",NA,"NGI",NA,NA,"2","2","588","62","588","62",NA,NA,NA,"N"
"Sweden",2022,2,"VL2440","TM","OTM","SPF","16D32","OTM_SPF_16-31_0_0",NA,"NAO","27.3.D.30",NA,"NGI",NA,NA,"66","56","47033","25060","39935","21278",NA,NA,NA,"N"
"Sweden",2022,2,"VL40XX","TM","OTM","SPF","16D32","OTM_SPF_16-31_0_0",NA,"NAO","27.3.D.30",NA,"NGI",NA,NA,"85","63","220975","90241","164003","66676",NA,NA,NA,"N"
"Sweden",2022,3,"VL0008","DFN","FPN","ANA","NK","FPN_ANA_>0_0_0",NA,"NAO","27.3.D.30",NA,"NGI",NA,NA,"69","69","2012","44","2012","44",NA,NA,NA,"N"
"Sweden",2022,3,"VL0008","DFN","FYK","CAT","NK","FYK_CAT_>0_0_0",NA,"NAO","27.3.D.30",NA,"NGI",NA,NA,"13","13","400","13","400","13",NA,NA,NA,"N"
"Sweden",2022,3,"VL0008","DFN","GNS","FWS","32D90","GNS_FWS_>0_0_0",NA,"NAO","27.3.D.30",NA,"NGI",NA,NA,"574","574","21030","643","21030","643",NA,NA,NA,"N"
"Sweden",2022,3,"VL0008","DFN","GNS","FWS","90D110","GNS_FWS_>0_0_0",NA,"NAO","27.3.D.30",NA,"NGI",NA,NA,"75","75","2549","69","2549","69",NA,NA,NA,"N"
"Sweden",2022,3,"VL0008","DFN","GNS","SPF","16D32","GNS_SPF_16-31_0_0",NA,"NAO","27.3.D.30",NA,"NGI",NA,NA,"69","69","1632","97","1632","97",NA,NA,NA,"N"
"Sweden",2022,3,"VL0008","DFN","GNS","SPF","32D90","GNS_SPF_32-89_0_0",NA,"NAO","27.3.D.30",NA,"NGI",NA,NA,"131","131","4723","94","4723","94",NA,NA,NA,"N"
"Sweden",2022,3,"VL0008","FPO","FPN","ANA","NK","FPN_ANA_>0_0_0",NA,"NAO","27.3.D.30",NA,"NGI",NA,NA,"188","188","6638","120","6638","120",NA,NA,NA,"N"
"Sweden",2022,3,"VL0008","FPO","FPO","FWS",NA,"FPO_FWS_>0_0_0",NA,"NAO","27.3.D.30",NA,"NGI",NA,NA,"9","9","162","0","162","0",NA,NA,NA,"N"
"Sweden",2022,3,"VL0008","FPO","FYK","ANA","NK","FYK_ANA_>0_0_0",NA,"NAO","27.3.D.30",NA,"NGI",NA,NA,"11","11","363","11","363","11",NA,NA,NA,"N"
"Sweden",2022,3,"VL0008","FPO","FYK","CAT","NK","FYK_CAT_>0_0_0",NA,"NAO","27.3.D.30",NA,"NGI",NA,NA,"2","2","88","2","88","2",NA,NA,NA,"N"
"Sweden",2022,3,"VL0008","FPO","GNS","FWS","32D90","GNS_FWS_>0_0_0",NA,"NAO","27.3.D.30",NA,"NGI",NA,NA,"118","118","3995","76","3995","76",NA,NA,NA,"N"
"Sweden",2022,3,"VL0008","FPO","GNS","FWS","90D110","GNS_FWS_>0_0_0",NA,"NAO","27.3.D.30",NA,"NGI",NA,NA,"32","32","1120","49","1120","49",NA,NA,NA,"N"
"Sweden",2022,3,"VL0008","FPO","GNS","SPF","32D90","GNS_SPF_32-89_0_0",NA,"NAO","27.3.D.30",NA,"NGI",NA,NA,"9","9","213","2","213","2",NA,NA,NA,"N"
"Sweden",2022,3,"VL0008","NO","FPN","ANA","NK","FPN_ANA_>0_0_0",NA,"NAO","27.3.D.30",NA,"NGI",NA,NA,"4","4","80","4","80","4",NA,NA,NA,"N"
"Sweden",2022,3,"VL0008","PGP","FPN","ANA","NK","FPN_ANA_>0_0_0",NA,"NAO","27.3.D.30",NA,"NGI",NA,NA,"8","8","344","10","344","10",NA,NA,NA,"N"
"Sweden",2022,3,"VL0008","PGP","GNS","FWS","32D90","GNS_FWS_>0_0_0",NA,"NAO","27.3.D.30",NA,"NGI",NA,NA,"14","14","406","14","406","14",NA,NA,NA,"N"
"Sweden",2022,3,"VL0812","DFN","GNS","FWS","32D90","GNS_FWS_>0_0_0",NA,"NAO","27.3.D.30",NA,"NGI",NA,NA,"87","87","8564","390","8564","390",NA,NA,NA,"N"
"Sweden",2022,3,"VL0812","DFN","GNS","FWS","90D110","GNS_FWS_>0_0_0",NA,"NAO","27.3.D.30",NA,"NGI",NA,NA,"6","6","605","16","605","16",NA,NA,NA,"N"
"Sweden",2022,3,"VL0812","DFN","GNS","SPF","16D32","GNS_SPF_16-31_0_0",NA,"NAO","27.3.D.30",NA,"NGI",NA,NA,"46","46","4817","239","4817","239",NA,NA,NA,"N"
"Sweden",2022,3,"VL0812","DFN","GNS","SPF","32D90","GNS_SPF_32-89_0_0",NA,"NAO","27.3.D.30",NA,"NGI",NA,NA,"128","128","13415","1109","13415","1109",NA,NA,NA,"N"
"Sweden",2022,3,"VL0812","DTS","OTB","SPF","32D90","OTB_SPF_32-89_0_0",NA,"NAO","27.3.D.30",NA,"NGI",NA,NA,"1","1","162","8","162","8",NA,NA,NA,"N"
"Sweden",2022,3,"VL2440","TM","OTM","SPF","16D32","OTM_SPF_16-31_0_0",NA,"NAO","27.3.D.30",NA,"NGI",NA,NA,"14","10","9800","5222","7000","3730",NA,NA,NA,"N"
"Sweden",2022,4,"VL0008","DFN","FPO","FWS",NA,"FPO_FWS_>0_0_0",NA,"NAO","27.3.D.30",NA,"NGI",NA,NA,"6","6","164","11","164","11",NA,NA,NA,"N"
"Sweden",2022,4,"VL0008","DFN","GNS","FWS","32D90","GNS_FWS_>0_0_0",NA,"NAO","27.3.D.30",NA,"NGI",NA,NA,"223","223","7836","298","7836","298",NA,NA,NA,"N"
"Sweden",2022,4,"VL0008","DFN","GNS","FWS","90D110","GNS_FWS_>0_0_0",NA,"NAO","27.3.D.30",NA,"NGI",NA,NA,"22","22","832","17","832","17",NA,NA,NA,"N"
"Sweden",2022,4,"VL0008","DFN","GNS","SPF","16D32","GNS_SPF_16-31_0_0",NA,"NAO","27.3.D.30",NA,"NGI",NA,NA,"23","23","538","37","538","37",NA,NA,NA,"N"
"Sweden",2022,4,"VL0008","DFN","GNS","SPF","32D90","GNS_SPF_32-89_0_0",NA,"NAO","27.3.D.30",NA,"NGI",NA,NA,"47","47","1574","38","1574","38",NA,NA,NA,"N"
"Sweden",2022,4,"VL0008","FPO","FPO","ANA",NA,"FPO_ANA_>0_0_0",NA,"NAO","27.3.D.30",NA,"NGI",NA,NA,"3","3","54","0","54","0",NA,NA,NA,"N"
"Sweden",2022,4,"VL0008","FPO","FPO","FWS",NA,"FPO_FWS_>0_0_0",NA,"NAO","27.3.D.30",NA,"NGI",NA,NA,"5","5","90","0","90","0",NA,NA,NA,"N"
"Sweden",2022,4,"VL0008","FPO","GNS","FWS","32D90","GNS_FWS_>0_0_0",NA,"NAO","27.3.D.30",NA,"NGI",NA,NA,"45","45","1593","30","1593","30",NA,NA,NA,"N"
"Sweden",2022,4,"VL0812","DFN","GNS","DEF","110D157","GNS_DEF_110-156_0_0",NA,"NAO","27.3.D.30",NA,"NGI",NA,NA,"8","8","856","32","856","32",NA,NA,NA,"N"
"Sweden",2022,4,"VL0812","DFN","GNS","FWS","32D90","GNS_FWS_>0_0_0",NA,"NAO","27.3.D.30",NA,"NGI",NA,NA,"28","28","2387","121","2387","121",NA,NA,NA,"N"
"Sweden",2022,4,"VL0812","DFN","GNS","FWS","90D110","GNS_FWS_>0_0_0",NA,"NAO","27.3.D.30",NA,"NGI",NA,NA,"7","7","322","28","322","28",NA,NA,NA,"N"
"Sweden",2022,4,"VL0812","DFN","GNS","SPF","16D32","GNS_SPF_16-31_0_0",NA,"NAO","27.3.D.30",NA,"NGI",NA,NA,"6","6","564","30","564","30",NA,NA,NA,"N"
"Sweden",2022,4,"VL0812","DFN","GNS","SPF","32D90","GNS_SPF_32-89_0_0",NA,"NAO","27.3.D.30",NA,"NGI",NA,NA,"48","48","5019","363","5019","363",NA,NA,NA,"N"
"Sweden",2022,4,"VL0812","DFN","OTM","SPF","32D90","OTM_SPF_32-89_0_0",NA,"NAO","27.3.D.30",NA,"NGI",NA,NA,"8","8","984","112","984","112",NA,NA,NA,"N"
"Sweden",2022,4,"VL0812","DFN","SSC","DEF","16D32","SSC_DEF_16-31_0_0",NA,"NAO","27.3.D.30",NA,"NGI",NA,NA,"11","11","1353","154","1353","154",NA,NA,NA,"N"
"Sweden",2022,4,"VL0812","DTS","OTB","SPF","32D90","OTB_SPF_32-89_0_0",NA,"NAO","27.3.D.30",NA,"NGI",NA,NA,"4","4","648","32","648","32",NA,NA,NA,"N"
"Sweden",2022,4,"VL0812","PMP","OTB","SPF","32D90","OTB_SPF_32-89_0_0",NA,"NAO","27.3.D.30",NA,"NGI",NA,NA,"13","13","3393","169","3393","169",NA,NA,NA,"N"
"Sweden",2022,4,"VL2440","TM","OTM","SPF","16D32","OTM_SPF_16-31_0_0",NA,"NAO","27.3.D.30",NA,"NGI",NA,NA,"97","82","69664","37117","58919","31392",NA,NA,NA,"N"
"Sweden",2023,1,"VL0008","DFN","GNS","FWS","110D157","GNS_FWS_>0_0_0",NA,"NAO","27.3.D.30",NA,"NGI",NA,NA,"13","13","279","5","279","5",NA,NA,NA,"N"
"Sweden",2023,1,"VL0008","DFN","GNS","FWS","32D90","GNS_FWS_>0_0_0",NA,"NAO","27.3.D.30",NA,"NGI",NA,NA,"12","12","380","9","380","9",NA,NA,NA,"N"
"Sweden",2023,1,"VL0008","DFN","GNS","SPF","32D90","GNS_SPF_32-89_0_0",NA,"NAO","27.3.D.30",NA,"NGI",NA,NA,"3","3","54","1","54","1",NA,NA,NA,"N"
"Sweden",2023,1,"VL0008","FPO","FPO","FWS",NA,"FPO_FWS_>0_0_0",NA,"NAO","27.3.D.30",NA,"NGI",NA,NA,"38","38","684","13","684","13",NA,NA,NA,"N"
"Sweden",2023,1,"VL0008","FPO","GNS","FWS","32D90","GNS_FWS_>0_0_0",NA,"NAO","27.3.D.30",NA,"NGI",NA,NA,"10","10","220","2","220","2",NA,NA,NA,"N"
"Sweden",2023,1,"VL0008","FPO","GNS","SPF","32D90","GNS_SPF_32-89_0_0",NA,"NAO","27.3.D.30",NA,"NGI",NA,NA,"2","2","110","3","110","3",NA,NA,NA,"N"
"Sweden",2023,1,"VL0812","DFN","GNS","SPF","32D90","GNS_SPF_32-89_0_0",NA,"NAO","27.3.D.30",NA,"NGI",NA,NA,"3","3","369","41","369","41",NA,NA,NA,"N"
"Sweden",2023,1,"VL0812","DFN","OTM","SPF","32D90","OTM_SPF_32-89_0_0",NA,"NAO","27.3.D.30",NA,"NGI",NA,NA,"3","3","369","41","369","41",NA,NA,NA,"N"
"Sweden",2023,1,"VL2440","TM","OTM","SPF","16D32","OTM_SPF_16-31_0_0",NA,"NAO","27.3.D.30",NA,"NGI",NA,NA,"107","101","76958","41003","72660","38713",NA,NA,NA,"N"
"Sweden",2023,1,"VL40XX","TM","OTM","SPF","16D32","OTM_SPF_16-31_0_0",NA,"NAO","27.3.D.30",NA,"NGI",NA,NA,"58","52","118320","34858","106080","31252",NA,NA,NA,"N"
"Sweden",2023,2,"VL0008","DFN","FPN","ANA","NK","FPN_ANA_>0_0_0",NA,"NAO","27.3.D.30",NA,"NGI",NA,NA,"108","108","3428","103","3428","103",NA,NA,NA,"N"
"Sweden",2023,2,"VL0008","DFN","FPO","FWS",NA,"FPO_FWS_>0_0_0",NA,"NAO","27.3.D.30",NA,"NGI",NA,NA,"7","7","203","15","203","15",NA,NA,NA,"N"
"Sweden",2023,2,"VL0008","DFN","FYK","CAT","NK","FYK_CAT_>0_0_0",NA,"NAO","27.3.D.30",NA,"NGI",NA,NA,"5","5","140","4","140","4",NA,NA,NA,"N"
"Sweden",2023,2,"VL0008","DFN","FYK","FWS","NK","FYK_FWS_>0_0_0",NA,"NAO","27.3.D.30",NA,"NGI",NA,NA,"21","21","693","12","693","12",NA,NA,NA,"N"
"Sweden",2023,2,"VL0008","DFN","GNS","FWS","32D90","GNS_FWS_>0_0_0",NA,"NAO","27.3.D.30",NA,"NGI",NA,NA,"333","333","11704","338","11704","338",NA,NA,NA,"N"
"Sweden",2023,2,"VL0008","DFN","GNS","FWS","90D110","GNS_FWS_>0_0_0",NA,"NAO","27.3.D.30",NA,"NGI",NA,NA,"16","16","396","16","396","16",NA,NA,NA,"N"
"Sweden",2023,2,"VL0008","DFN","GNS","SPF","16D32","GNS_SPF_16-31_0_0",NA,"NAO","27.3.D.30",NA,"NGI",NA,NA,"34","34","722","43","722","43",NA,NA,NA,"N"
"Sweden",2023,2,"VL0008","DFN","GNS","SPF","32D90","GNS_SPF_32-89_0_0",NA,"NAO","27.3.D.30",NA,"NGI",NA,NA,"107","107","3890","108","3890","108",NA,NA,NA,"N"
"Sweden",2023,2,"VL0008","FPO","FPN","ANA","NK","FPN_ANA_>0_0_0",NA,"NAO","27.3.D.30",NA,"NGI",NA,NA,"183","183","7363","191","7363","191",NA,NA,NA,"N"
"Sweden",2023,2,"VL0008","FPO","FPO","ANA",NA,"FPO_ANA_>0_0_0",NA,"NAO","27.3.D.30",NA,"NGI",NA,NA,"14","14","252","5","252","5",NA,NA,NA,"N"
"Sweden",2023,2,"VL0008","FPO","FPO","FWS",NA,"FPO_FWS_>0_0_0",NA,"NAO","27.3.D.30",NA,"NGI",NA,NA,"2","2","36","1","36","1",NA,NA,NA,"N"
"Sweden",2023,2,"VL0008","FPO","FYK","ANA","NK","FYK_ANA_>0_0_0",NA,"NAO","27.3.D.30",NA,"NGI",NA,NA,"2","2","66","2","66","2",NA,NA,NA,"N"
"Sweden",2023,2,"VL0008","FPO","GNS","FWS","32D90","GNS_FWS_>0_0_0",NA,"NAO","27.3.D.30",NA,"NGI",NA,NA,"31","31","892","15","892","15",NA,NA,NA,"N"
"Sweden",2023,2,"VL0008","FPO","GNS","FWS","90D110","GNS_FWS_>0_0_0",NA,"NAO","27.3.D.30",NA,"NGI",NA,NA,"6","6","216","4","216","4",NA,NA,NA,"N"
"Sweden",2023,2,"VL0008","FPO","GNS","SPF","32D90","GNS_SPF_32-89_0_0",NA,"NAO","27.3.D.30",NA,"NGI",NA,NA,"37","37","1484","38","1484","38",NA,NA,NA,"N"
"Sweden",2023,2,"VL0008","NO","GNS","FWS","32D90","GNS_FWS_>0_0_0",NA,"NAO","27.3.D.30",NA,"NGI",NA,NA,"8","8","160","4","160","4",NA,NA,NA,"N"
"Sweden",2023,2,"VL0008","NO","GNS","SPF","32D90","GNS_SPF_32-89_0_0",NA,"NAO","27.3.D.30",NA,"NGI",NA,NA,"8","8","160","4","160","4",NA,NA,NA,"N"
"Sweden",2023,2,"VL0812","DFN","GNS","FWS","32D90","GNS_FWS_>0_0_0",NA,"NAO","27.3.D.30",NA,"NGI",NA,NA,"53","53","3081","256","3081","256",NA,NA,NA,"N"
"Sweden",2023,2,"VL0812","DFN","GNS","FWS","90D110","GNS_FWS_>0_0_0",NA,"NAO","27.3.D.30",NA,"NGI",NA,NA,"40","40","2572","149","2572","149",NA,NA,NA,"N"
"Sweden",2023,2,"VL0812","DFN","GNS","SPF","16D32","GNS_SPF_16-31_0_0",NA,"NAO","27.3.D.30",NA,"NGI",NA,NA,"49","49","4744","241","4744","241",NA,NA,NA,"N"
"Sweden",2023,2,"VL0812","DFN","GNS","SPF","32D90","GNS_SPF_32-89_0_0",NA,"NAO","27.3.D.30",NA,"NGI",NA,NA,"286","284","34346","2234","34040","2222",NA,NA,NA,"N"
"Sweden",2023,2,"VL0812","DFN","OTB","SPF","32D90","OTB_SPF_32-89_0_0",NA,"NAO","27.3.D.30",NA,"NGI",NA,NA,"10","10","2610","132","2610","132",NA,NA,NA,"N"
"Sweden",2023,2,"VL0812","DFN","OTM","SPF","32D90","OTM_SPF_32-89_0_0",NA,"NAO","27.3.D.30",NA,"NGI",NA,NA,"3","3","369","41","369","41",NA,NA,NA,"N"
"Sweden",2023,2,"VL0812","FPO","FYK","SPF","NK","FYK_SPF_>0_0_0",NA,"NAO","27.3.D.30",NA,"NGI",NA,NA,"27","27","2970","129","2970","129",NA,NA,NA,"N"
"Sweden",2023,2,"VL1218","DTS","GNS","SPF","32D90","GNS_SPF_32-89_0_0",NA,"NAO","27.3.D.30",NA,"NGI",NA,NA,"17","16","5058","338","4758","321",NA,NA,NA,"N"
"Sweden",2023,2,"VL1824","DTS","OTM","SPF","16D32","OTM_SPF_16-31_0_0",NA,"NAO","27.3.D.30",NA,"NGI",NA,NA,"23","18","10304","1817","8064","1422",NA,NA,NA,"N"
"Sweden",2023,2,"VL2440","TM","OTM","SPF","16D32","OTM_SPF_16-31_0_0",NA,"NAO","27.3.D.30",NA,"NGI",NA,NA,"35","31","25627","13653","22729","12109",NA,NA,NA,"N"
"Sweden",2023,2,"VL40XX","TM","OTM","SPF","16D32","OTM_SPF_16-31_0_0",NA,"NAO","27.3.D.30",NA,"NGI",NA,NA,"22","18","44880","13222","36720","10818",NA,NA,NA,"N"
"Sweden",2023,3,"VL0008","DFN","FPN","ANA","NK","FPN_ANA_>0_0_0",NA,"NAO","27.3.D.30",NA,"NGI",NA,NA,"44","44","1341","29","1341","29",NA,NA,NA,"N"
"Sweden",2023,3,"VL0008","DFN","FPO","FWS",NA,"FPO_FWS_>0_0_0",NA,"NAO","27.3.D.30",NA,"NGI",NA,NA,"11","11","309","23","309","23",NA,NA,NA,"N"
"Sweden",2023,3,"VL0008","DFN","FYK","CAT","NK","FYK_CAT_>0_0_0",NA,"NAO","27.3.D.30",NA,"NGI",NA,NA,"20","20","656","17","656","17",NA,NA,NA,"N"
"Sweden",2023,3,"VL0008","DFN","GNS","FWS","32D90","GNS_FWS_>0_0_0",NA,"NAO","27.3.D.30",NA,"NGI",NA,NA,"688","688","24404","705","24404","705",NA,NA,NA,"N"
"Sweden",2023,3,"VL0008","DFN","GNS","FWS","90D110","GNS_FWS_>0_0_0",NA,"NAO","27.3.D.30",NA,"NGI",NA,NA,"17","17","391","19","391","19",NA,NA,NA,"N"
"Sweden",2023,3,"VL0008","DFN","GNS","SPF","16D32","GNS_SPF_16-31_0_0",NA,"NAO","27.3.D.30",NA,"NGI",NA,NA,"59","59","1403","77","1403","77",NA,NA,NA,"N"
"Sweden",2023,3,"VL0008","DFN","GNS","SPF","32D90","GNS_SPF_32-89_0_0",NA,"NAO","27.3.D.30",NA,"NGI",NA,NA,"85","85","2547","73","2547","73",NA,NA,NA,"N"
"Sweden",2023,3,"VL0008","FPO","FPN","ANA","NK","FPN_ANA_>0_0_0",NA,"NAO","27.3.D.30",NA,"NGI",NA,NA,"152","152","6096","161","6096","161",NA,NA,NA,"N"
"Sweden",2023,3,"VL0008","FPO","FPO","FWS",NA,"FPO_FWS_>0_0_0",NA,"NAO","27.3.D.30",NA,"NGI",NA,NA,"7","7","126","2","126","2",NA,NA,NA,"N"
"Sweden",2023,3,"VL0008","FPO","FYK","ANA","NK","FYK_ANA_>0_0_0",NA,"NAO","27.3.D.30",NA,"NGI",NA,NA,"25","25","825","27","825","27",NA,NA,NA,"N"
"Sweden",2023,3,"VL0008","FPO","GNS","FWS","32D90","GNS_FWS_>0_0_0",NA,"NAO","27.3.D.30",NA,"NGI",NA,NA,"94","94","4015","93","4015","93",NA,NA,NA,"N"
"Sweden",2023,3,"VL0008","FPO","GNS","FWS","90D110","GNS_FWS_>0_0_0",NA,"NAO","27.3.D.30",NA,"NGI",NA,NA,"15","15","334","21","334","21",NA,NA,NA,"N"
"Sweden",2023,3,"VL0008","FPO","GNS","SPF","32D90","GNS_SPF_32-89_0_0",NA,"NAO","27.3.D.30",NA,"NGI",NA,NA,"34","34","918","24","918","24",NA,NA,NA,"N"
"Sweden",2023,3,"VL0812","DFN","GNS","FWS","32D90","GNS_FWS_>0_0_0",NA,"NAO","27.3.D.30",NA,"NGI",NA,NA,"42","42","2867","194","2867","194",NA,NA,NA,"N"
"Sweden",2023,3,"VL0812","DFN","GNS","FWS","90D110","GNS_FWS_>0_0_0",NA,"NAO","27.3.D.30",NA,"NGI",NA,NA,"52","52","3469","183","3469","183",NA,NA,NA,"N"
"Sweden",2023,3,"VL0812","DFN","GNS","SPF","16D32","GNS_SPF_16-31_0_0",NA,"NAO","27.3.D.30",NA,"NGI",NA,NA,"16","16","1580","96","1580","96",NA,NA,NA,"N"
"Sweden",2023,3,"VL0812","DFN","GNS","SPF","32D90","GNS_SPF_32-89_0_0",NA,"NAO","27.3.D.30",NA,"NGI",NA,NA,"121","121","11422","975","11422","975",NA,NA,NA,"N"
"Sweden",2023,3,"VL0812","DFN","OTM","SPF","32D90","OTM_SPF_32-89_0_0",NA,"NAO","27.3.D.30",NA,"NGI",NA,NA,"1","1","123","14","123","14",NA,NA,NA,"N"
"Sweden",2023,3,"VL0812","FPO","FPN","ANA","NK","FPN_ANA_>0_0_0",NA,"NAO","27.3.D.30",NA,"NGI",NA,NA,"1","1","110","5","110","5",NA,NA,NA,"N"
"Sweden",2023,3,"VL0812","FPO","GNS","SPF","16D32","GNS_SPF_16-31_0_0",NA,"NAO","27.3.D.30",NA,"NGI",NA,NA,"26","26","2860","124","2860","124",NA,NA,NA,"N"
"Sweden",2023,3,"VL40XX","DTS","OTM","SPF","16D32","OTM_SPF_16-31_0_0",NA,"NAO","27.3.D.30",NA,"NGI",NA,NA,"13","6","38987","20384","17994","9408",NA,NA,NA,"N"
"Sweden",2023,4,"VL0008","DFN","FPO","FWS",NA,"FPO_FWS_>0_0_0",NA,"NAO","27.3.D.30",NA,"NGI",NA,NA,"6","6","184","13","184","13",NA,NA,NA,"N"
"Sweden",2023,4,"VL0008","DFN","GNS","FWS","32D90","GNS_FWS_>0_0_0",NA,"NAO","27.3.D.30",NA,"NGI",NA,NA,"221","221","7598","240","7598","240",NA,NA,NA,"N"
"Sweden",2023,4,"VL0008","DFN","GNS","FWS","90D110","GNS_FWS_>0_0_0",NA,"NAO","27.3.D.30",NA,"NGI",NA,NA,"17","17","391","19","391","19",NA,NA,NA,"N"
"Sweden",2023,4,"VL0008","DFN","GNS","SPF","16D32","GNS_SPF_16-31_0_0",NA,"NAO","27.3.D.30",NA,"NGI",NA,NA,"17","17","394","23","394","23",NA,NA,NA,"N"
"Sweden",2023,4,"VL0008","DFN","GNS","SPF","32D90","GNS_SPF_32-89_0_0",NA,"NAO","27.3.D.30",NA,"NGI",NA,NA,"4","4","88","3","88","3",NA,NA,NA,"N"
"Sweden",2023,4,"VL0008","FPO","FPO","ANA",NA,"FPO_ANA_>0_0_0",NA,"NAO","27.3.D.30",NA,"NGI",NA,NA,"5","5","90","2","90","2",NA,NA,NA,"N"
"Sweden",2023,4,"VL0008","FPO","FYK","FWS","NK","FYK_FWS_>0_0_0",NA,"NAO","27.3.D.30",NA,"NGI",NA,NA,"5","5","180","4","180","4",NA,NA,NA,"N"
"Sweden",2023,4,"VL0008","FPO","GNS","FWS","32D90","GNS_FWS_>0_0_0",NA,"NAO","27.3.D.30",NA,"NGI",NA,NA,"18","18","513","9","513","9",NA,NA,NA,"N"
"Sweden",2023,4,"VL0008","FPO","GNS","FWS","90D110","GNS_FWS_>0_0_0",NA,"NAO","27.3.D.30",NA,"NGI",NA,NA,"4","4","72","5","72","5",NA,NA,NA,"N"
"Sweden",2023,4,"VL0008","FPO","GNS","SPF","32D90","GNS_SPF_32-89_0_0",NA,"NAO","27.3.D.30",NA,"NGI",NA,NA,"19","19","693","22","693","22",NA,NA,NA,"N"
"Sweden",2023,4,"VL0812","DFN","GNS","FWS","32D90","GNS_FWS_>0_0_0",NA,"NAO","27.3.D.30",NA,"NGI",NA,NA,"10","10","767","36","767","36",NA,NA,NA,"N"
"Sweden",2023,4,"VL0812","DFN","GNS","FWS","90D110","GNS_FWS_>0_0_0",NA,"NAO","27.3.D.30",NA,"NGI",NA,NA,"5","5","425","16","425","16",NA,NA,NA,"N"
"Sweden",2023,4,"VL0812","DFN","GNS","SPF","16D32","GNS_SPF_16-31_0_0",NA,"NAO","27.3.D.30",NA,"NGI",NA,NA,"1","1","107","4","107","4",NA,NA,NA,"N"
"Sweden",2023,4,"VL0812","DFN","GNS","SPF","32D90","GNS_SPF_32-89_0_0",NA,"NAO","27.3.D.30",NA,"NGI",NA,NA,"51","51","5175","409","5175","409",NA,NA,NA,"N"
"Sweden",2023,4,"VL0812","DFN","OTB","SPF","16D32","OTB_SPF_16-31_0_0",NA,"NAO","27.3.D.30",NA,"NGI",NA,NA,"2","2","522","26","522","26",NA,NA,NA,"N"
"Sweden",2023,4,"VL0812","DFN","OTB","SPF","32D90","OTB_SPF_32-89_0_0",NA,"NAO","27.3.D.30",NA,"NGI",NA,NA,"5","5","1305","66","1305","66",NA,NA,NA,"N"
"Sweden",2023,4,"VL0812","DFN","SSC","DEF","32D90","SSC_DEF_32-89_0_0",NA,"NAO","27.3.D.30",NA,"NGI",NA,NA,"2","2","246","27","246","27",NA,NA,NA,"N"
"Sweden",2023,4,"VL0812","DTS","OTB","SPF","32D90","OTB_SPF_32-89_0_0",NA,"NAO","27.3.D.30",NA,"NGI",NA,NA,"3","3","486","24","486","24",NA,NA,NA,"N"
"Sweden",2023,4,"VL1824","TM","OTM","SPF","32D90","OTM_SPF_32-89_0_0",NA,"NAO","27.3.D.30",NA,"NGI",NA,NA,"2","1","662","168","331","84",NA,NA,NA,"N"
"Sweden",2023,4,"VL2440","TM","OTM","SPF","16D32","OTM_SPF_16-31_0_0",NA,"NAO","27.3.D.30",NA,"NGI",NA,NA,"35","31","26215","13965","23219","12369",NA,NA,NA,"N"
"Sweden",2023,4,"VL40XX","DTS","OTM","SPF","16D32","OTM_SPF_16-31_0_0",NA,"NAO","27.3.D.30",NA,"NGI",NA,NA,"19","15","56981","29792","44985","23520",NA,NA,NA,"N"
"Sweden",2023,4,"VL40XX","TM","OTM","SPF","16D32","OTM_SPF_16-31_0_0",NA,"NAO","27.3.D.30",NA,"NGI",NA,NA,"19","13","56981","24890","38987","17030",NA,NA,NA,"N"
"Sweden",2024,1,"VL0008","DFN","GNS","FWS","110D157","GNS_FWS_>0_0_0",NA,"NAO","27.3.D.30",NA,"NGI",NA,NA,"4","4","72","1","72","1",NA,NA,NA,"N"
"Sweden",2024,1,"VL0008","DFN","GNS","FWS","32D90","GNS_FWS_>0_0_0",NA,"NAO","27.3.D.30",NA,"NGI",NA,NA,"9","9","233","4","233","4",NA,NA,NA,"N"
"Sweden",2024,1,"VL0008","DFN","GNS","FWS","90D110","GNS_FWS_>0_0_0",NA,"NAO","27.3.D.30",NA,"NGI",NA,NA,"8","8","264","4","264","4",NA,NA,NA,"N"
"Sweden",2024,1,"VL0008","DFN","GNS","SPF","32D90","GNS_SPF_32-89_0_0",NA,"NAO","27.3.D.30",NA,"NGI",NA,NA,"5","5","180","7","180","7",NA,NA,NA,"N"
"Sweden",2024,1,"VL0008","NO","GNS","FWS","32D90","GNS_FWS_>0_0_0",NA,"NAO","27.3.D.30",NA,"NGI",NA,NA,"7","7","140","4","140","4",NA,NA,NA,"N"
"Sweden",2024,1,"VL0008","NO","GNS","SPF","32D90","GNS_SPF_32-89_0_0",NA,"NAO","27.3.D.30",NA,"NGI",NA,NA,"3","3","60","2","60","2",NA,NA,NA,"N"
"Sweden",2024,1,"VL0812","DFN","GNS","DEF","32D90","GNS_DEF_32-89_0_0",NA,"NAO","27.3.D.30",NA,"NGI",NA,NA,"3","3","321","11","321","11",NA,NA,NA,"N"
"Sweden",2024,1,"VL0812","DFN","GNS","SPF","32D90","GNS_SPF_32-89_0_0",NA,"NAO","27.3.D.30",NA,"NGI",NA,NA,"8","8","984","109","984","109",NA,NA,NA,"N"
"Sweden",2024,1,"VL2440","TM","OTM","SPF","16D32","OTM_SPF_16-31_0_0",NA,"NAO","27.3.D.30",NA,"NGI",NA,NA,"31","30","23219","12369","22470","11970",NA,NA,NA,"N"
"Sweden",2024,1,"VL40XX","TM","OTM","SPF","16D32","OTM_SPF_16-31_0_0",NA,"NAO","27.3.D.30",NA,"NGI",NA,NA,"86","73","211882","83272","176731","68304",NA,NA,NA,"N"
"Sweden",2024,2,"VL0008","DFN","FPN","ANA","NK","FPN_ANA_>0_0_0",NA,"NAO","27.3.D.30",NA,"NGI",NA,NA,"33","33","1209","18","1209","18",NA,NA,NA,"N"
"Sweden",2024,2,"VL0008","DFN","FPO","FWS",NA,"FPO_FWS_>0_0_0",NA,"NAO","27.3.D.30",NA,"NGI",NA,NA,"7","7","203","15","203","15",NA,NA,NA,"N"
"Sweden",2024,2,"VL0008","DFN","FYK","CAT","NK","FYK_CAT_>0_0_0",NA,"NAO","27.3.D.30",NA,"NGI",NA,NA,"10","10","315","9","315","9",NA,NA,NA,"N"
"Sweden",2024,2,"VL0008","DFN","GNS","FWS","32D90","GNS_FWS_>0_0_0",NA,"NAO","27.3.D.30",NA,"NGI",NA,NA,"632","632","21978","619","21978","619",NA,NA,NA,"N"
"Sweden",2024,2,"VL0008","DFN","GNS","FWS","90D110","GNS_FWS_>0_0_0",NA,"NAO","27.3.D.30",NA,"NGI",NA,NA,"26","26","692","27","692","27",NA,NA,NA,"N"
"Sweden",2024,2,"VL0008","DFN","GNS","SPF","16D32","GNS_SPF_16-31_0_0",NA,"NAO","27.3.D.30",NA,"NGI",NA,NA,"47","47","1174","68","1174","68",NA,NA,NA,"N"
"Sweden",2024,2,"VL0008","DFN","GNS","SPF","32D90","GNS_SPF_32-89_0_0",NA,"NAO","27.3.D.30",NA,"NGI",NA,NA,"248","248","9434","288","9434","288",NA,NA,NA,"N"
"Sweden",2024,2,"VL0008","FPO","FPN","ANA","NK","FPN_ANA_>0_0_0",NA,"NAO","27.3.D.30",NA,"NGI",NA,NA,"40","40","1811","40","1811","40",NA,NA,NA,"N"
"Sweden",2024,2,"VL0008","FPO","FPO","ANA",NA,"FPO_ANA_>0_0_0",NA,"NAO","27.3.D.30",NA,"NGI",NA,NA,"3","3","54","1","54","1",NA,NA,NA,"N"
"Sweden",2024,2,"VL0008","FPO","FPO","FWS",NA,"FPO_FWS_>0_0_0",NA,"NAO","27.3.D.30",NA,"NGI",NA,NA,"2","2","36","1","36","1",NA,NA,NA,"N"
"Sweden",2024,2,"VL0008","FPO","FYK","ANA","NK","FYK_ANA_>0_0_0",NA,"NAO","27.3.D.30",NA,"NGI",NA,NA,"8","8","264","9","264","9",NA,NA,NA,"N"
"Sweden",2024,2,"VL0008","NO","GNS","FWS","32D90","GNS_FWS_>0_0_0",NA,"NAO","27.3.D.30",NA,"NGI",NA,NA,"1","1","20","1","20","1",NA,NA,NA,"N"
"Sweden",2024,2,"VL0008","PGP","FPN","ANA","NK","FPN_ANA_>0_0_0",NA,"NAO","27.3.D.30",NA,"NGI",NA,NA,"11","11","407","11","407","11",NA,NA,NA,"N"
"Sweden",2024,2,"VL0008","PGP","GNS","FWS","32D90","GNS_FWS_>0_0_0",NA,"NAO","27.3.D.30",NA,"NGI",NA,NA,"6","6","174","6","174","6",NA,NA,NA,"N"
"Sweden",2024,2,"VL0008","PGP","GNS","SPF","32D90","GNS_SPF_32-89_0_0",NA,"NAO","27.3.D.30",NA,"NGI",NA,NA,"2","2","74","2","74","2",NA,NA,NA,"N"
"Sweden",2024,2,"VL0812","DFN","GNS","DEF","110D157","GNS_DEF_110-156_0_0",NA,"NAO","27.3.D.30",NA,"NGI",NA,NA,"2","2","216","14","216","14",NA,NA,NA,"N"
"Sweden",2024,2,"VL0812","DFN","GNS","FWS","32D90","GNS_FWS_>0_0_0",NA,"NAO","27.3.D.30",NA,"NGI",NA,NA,"32","32","2814","128","2814","128",NA,NA,NA,"N"
"Sweden",2024,2,"VL0812","DFN","GNS","FWS","90D110","GNS_FWS_>0_0_0",NA,"NAO","27.3.D.30",NA,"NGI",NA,NA,"12","12","575","48","575","48",NA,NA,NA,"N"
"Sweden",2024,2,"VL0812","DFN","GNS","SPF","16D32","GNS_SPF_16-31_0_0",NA,"NAO","27.3.D.30",NA,"NGI",NA,NA,"73","73","8312","358","8312","358",NA,NA,NA,"N"
"Sweden",2024,2,"VL0812","DFN","GNS","SPF","32D90","GNS_SPF_32-89_0_0",NA,"NAO","27.3.D.30",NA,"NGI",NA,NA,"273","273","34702","2377","34702","2377",NA,NA,NA,"N"
"Sweden",2024,2,"VL1218","DFN","GNS","SPF","32D90","GNS_SPF_32-89_0_0",NA,"NAO","27.3.D.30",NA,"NGI",NA,NA,"35","25","10500","595","7500","425",NA,NA,NA,"N"
"Sweden",2024,2,"VL1218","DTS","GNS","SPF","32D90","GNS_SPF_32-89_0_0",NA,"NAO","27.3.D.30",NA,"NGI",NA,NA,"13","13","3822","312","3822","312",NA,NA,NA,"N"
"Sweden",2024,2,"VL1824","DTS","OTM","SPF","16D32","OTM_SPF_16-31_0_0",NA,"NAO","27.3.D.30",NA,"NGI",NA,NA,"40","25","19200","4520","12000","2825",NA,NA,NA,"N"
"Sweden",2024,2,"VL1824","TM","OTM","SPF","16D32","OTM_SPF_16-31_0_0",NA,"NAO","27.3.D.30",NA,"NGI",NA,NA,"3","2","993","252","662","168",NA,NA,NA,"N"
"Sweden",2024,2,"VL2440","TM","OTM","SPF","16D32","OTM_SPF_16-31_0_0",NA,"NAO","27.3.D.30",NA,"NGI",NA,NA,"43","35","43257","18262","33865","14730",NA,NA,NA,"N"
"Sweden",2024,2,"VL40XX","TM","OTM","SPF","16D32","OTM_SPF_16-31_0_0",NA,"NAO","27.3.D.30",NA,"NGI",NA,NA,"36","28","73440","21636","57120","16828",NA,NA,NA,"N"
"Sweden",2024,3,"VL0008","DFN","FPN","ANA","NK","FPN_ANA_>0_0_0",NA,"NAO","27.3.D.30",NA,"NGI",NA,NA,"4","4","153","5","153","5",NA,NA,NA,"N"
"Sweden",2024,3,"VL0008","DFN","FPN","FWS","NK","FPN_FWS_>0_0_0",NA,"NAO","27.3.D.30",NA,"NGI",NA,NA,"3","3","54","4","54","4",NA,NA,NA,"N"
"Sweden",2024,3,"VL0008","DFN","FPO","FWS",NA,"FPO_FWS_>0_0_0",NA,"NAO","27.3.D.30",NA,"NGI",NA,NA,"6","6","184","13","184","13",NA,NA,NA,"N"
"Sweden",2024,3,"VL0008","DFN","FYK","CAT","NK","FYK_CAT_>0_0_0",NA,"NAO","27.3.D.30",NA,"NGI",NA,NA,"15","15","496","12","496","12",NA,NA,NA,"N"
"Sweden",2024,3,"VL0008","DFN","GNS","DEF","110D157","GNS_DEF_110-156_0_0",NA,"NAO","27.3.D.30",NA,"NGI",NA,NA,"2","2","72","2","72","2",NA,NA,NA,"N"
"Sweden",2024,3,"VL0008","DFN","GNS","FWS","32D90","GNS_FWS_>0_0_0",NA,"NAO","27.3.D.30",NA,"NGI",NA,NA,"825","825","28584","870","28584","870",NA,NA,NA,"N"
"Sweden",2024,3,"VL0008","DFN","GNS","FWS","90D110","GNS_FWS_>0_0_0",NA,"NAO","27.3.D.30",NA,"NGI",NA,NA,"130","130","3423","137","3423","137",NA,NA,NA,"N"
"Sweden",2024,3,"VL0008","DFN","GNS","SPF","16D32","GNS_SPF_16-31_0_0",NA,"NAO","27.3.D.30",NA,"NGI",NA,NA,"78","78","2698","107","2698","107",NA,NA,NA,"N"
"Sweden",2024,3,"VL0008","DFN","GNS","SPF","32D90","GNS_SPF_32-89_0_0",NA,"NAO","27.3.D.30",NA,"NGI",NA,NA,"128","128","3901","112","3901","112",NA,NA,NA,"N"
"Sweden",2024,3,"VL0008","DFN","NK","MIS","NK","MIS_MIS_0_0_0",NA,"NAO","27.3.D.30",NA,"NGI",NA,NA,"1","1","18","1","18","1",NA,NA,NA,"N"
"Sweden",2024,3,"VL0008","FPO","FPN","ANA","NK","FPN_ANA_>0_0_0",NA,"NAO","27.3.D.30",NA,"NGI",NA,NA,"17","17","868","21","868","21",NA,NA,NA,"N"
"Sweden",2024,3,"VL0008","FPO","FPO","FWS",NA,"FPO_FWS_>0_0_0",NA,"NAO","27.3.D.30",NA,"NGI",NA,NA,"7","7","126","2","126","2",NA,NA,NA,"N"
"Sweden",2024,3,"VL0008","FPO","FYK","ANA","NK","FYK_ANA_>0_0_0",NA,"NAO","27.3.D.30",NA,"NGI",NA,NA,"11","11","363","12","363","12",NA,NA,NA,"N"
"Sweden",2024,3,"VL0008","FPO","GNS","FWS","32D90","GNS_FWS_>0_0_0",NA,"NAO","27.3.D.30",NA,"NGI",NA,NA,"16","16","1296","26","1296","26",NA,NA,NA,"N"
"Sweden",2024,3,"VL0008","FPO","GNS","FWS","90D110","GNS_FWS_>0_0_0",NA,"NAO","27.3.D.30",NA,"NGI",NA,NA,"20","20","580","7","580","7",NA,NA,NA,"N"
"Sweden",2024,3,"VL0008","NO","GNS","FWS","32D90","GNS_FWS_>0_0_0",NA,"NAO","27.3.D.30",NA,"NGI",NA,NA,"7","7","140","4","140","4",NA,NA,NA,"N"
"Sweden",2024,3,"VL0008","PGP","FPN","ANA","NK","FPN_ANA_>0_0_0",NA,"NAO","27.3.D.30",NA,"NGI",NA,NA,"2","2","58","2","58","2",NA,NA,NA,"N"
"Sweden",2024,3,"VL0008","PGP","GNS","FWS","32D90","GNS_FWS_>0_0_0",NA,"NAO","27.3.D.30",NA,"NGI",NA,NA,"8","8","232","7","232","7",NA,NA,NA,"N"
"Sweden",2024,3,"VL0812","DFN","GNS","DEF","110D157","GNS_DEF_110-156_0_0",NA,"NAO","27.3.D.30",NA,"NGI",NA,NA,"2","2","214","8","214","8",NA,NA,NA,"N"
"Sweden",2024,3,"VL0812","DFN","GNS","FWS","32D90","GNS_FWS_>0_0_0",NA,"NAO","27.3.D.30",NA,"NGI",NA,NA,"46","46","4979","177","4979","177",NA,NA,NA,"N"
"Sweden",2024,3,"VL0812","DFN","GNS","FWS","90D110","GNS_FWS_>0_0_0",NA,"NAO","27.3.D.30",NA,"NGI",NA,NA,"5","5","425","16","425","16",NA,NA,NA,"N"
"Sweden",2024,3,"VL0812","DFN","GNS","SPF","16D32","GNS_SPF_16-31_0_0",NA,"NAO","27.3.D.30",NA,"NGI",NA,NA,"22","22","2443","109","2443","109",NA,NA,NA,"N"
"Sweden",2024,3,"VL0812","DFN","GNS","SPF","32D90","GNS_SPF_32-89_0_0",NA,"NAO","27.3.D.30",NA,"NGI",NA,NA,"125","125","11469","820","11469","820",NA,NA,NA,"N"
"Sweden",2024,3,"VL0812","DTS","OTB","SPF","32D90","OTB_SPF_32-89_0_0",NA,"NAO","27.3.D.30",NA,"NGI",NA,NA,"1","1","162","8","162","8",NA,NA,NA,"N"
"Sweden",2024,3,"VL2440","TM","OTM","SPF","16D32","OTM_SPF_16-31_0_0",NA,"NAO","27.3.D.30",NA,"NGI",NA,NA,"6","3","9594","2904","4797","1452",NA,NA,NA,"N"
"Sweden",2024,4,"VL0008","DFN","GNS","ANA","110D157","GNS_ANA_110-156_0_0",NA,"NAO","27.3.D.30",NA,"NGI",NA,NA,"7","7","168","16","168","16",NA,NA,NA,"N"
"Sweden",2024,4,"VL0008","DFN","GNS","ANA","32D90","GNS_ANA_>0_0_0",NA,"NAO","27.3.D.30",NA,"NGI",NA,NA,"3","3","66","3","66","3",NA,NA,NA,"N"
"Sweden",2024,4,"VL0008","DFN","GNS","FWS","32D90","GNS_FWS_>0_0_0",NA,"NAO","27.3.D.30",NA,"NGI",NA,NA,"307","307","10484","340","10484","340",NA,NA,NA,"N"
"Sweden",2024,4,"VL0008","DFN","GNS","FWS","90D110","GNS_FWS_>0_0_0",NA,"NAO","27.3.D.30",NA,"NGI",NA,NA,"40","40","949","33","949","33",NA,NA,NA,"N"
"Sweden",2024,4,"VL0008","DFN","GNS","SPF","16D32","GNS_SPF_16-31_0_0",NA,"NAO","27.3.D.30",NA,"NGI",NA,NA,"13","13","335","24","335","24",NA,NA,NA,"N"
"Sweden",2024,4,"VL0008","DFN","GNS","SPF","32D90","GNS_SPF_32-89_0_0",NA,"NAO","27.3.D.30",NA,"NGI",NA,NA,"37","37","1178","30","1178","30",NA,NA,NA,"N"
"Sweden",2024,4,"VL0008","FPO","GNS","FWS","32D90","GNS_FWS_>0_0_0",NA,"NAO","27.3.D.30",NA,"NGI",NA,NA,"7","7","385","10","385","10",NA,NA,NA,"N"
"Sweden",2024,4,"VL0812","DFN","GNS","DEF","110D157","GNS_DEF_110-156_0_0",NA,"NAO","27.3.D.30",NA,"NGI",NA,NA,"7","7","749","26","749","26",NA,NA,NA,"N"
"Sweden",2024,4,"VL0812","DFN","GNS","FWS","32D90","GNS_FWS_>0_0_0",NA,"NAO","27.3.D.30",NA,"NGI",NA,NA,"8","8","886","30","886","30",NA,NA,NA,"N"
"Sweden",2024,4,"VL0812","DFN","GNS","SPF","16D32","GNS_SPF_16-31_0_0",NA,"NAO","27.3.D.30",NA,"NGI",NA,NA,"17","17","1883","90","1883","90",NA,NA,NA,"N"
"Sweden",2024,4,"VL0812","DFN","GNS","SPF","32D90","GNS_SPF_32-89_0_0",NA,"NAO","27.3.D.30",NA,"NGI",NA,NA,"74","74","5700","475","5700","475",NA,NA,NA,"N"
"Sweden",2024,4,"VL0812","DFN","SSC","DEF","32D90","SSC_DEF_32-89_0_0",NA,"NAO","27.3.D.30",NA,"NGI",NA,NA,"2","2","246","27","246","27",NA,NA,NA,"N"
"Sweden",2024,4,"VL0812","DTS","OTB","SPF","32D90","OTB_SPF_32-89_0_0",NA,"NAO","27.3.D.30",NA,"NGI",NA,NA,"2","2","324","16","324","16",NA,NA,NA,"N"
"Sweden",2024,4,"VL1824","DTS","OTM","SPF","16D32","OTM_SPF_16-31_0_0",NA,"NAO","27.3.D.30",NA,"NGI",NA,NA,"21","14","10080","2373","6720","1582",NA,NA,NA,"N"
"Sweden",2024,4,"VL1824","TM","OTM","SPF","16D32","OTM_SPF_16-31_0_0",NA,"NAO","27.3.D.30",NA,"NGI",NA,NA,"10","7","3310","840","2317","588",NA,NA,NA,"N"
"Sweden",2024,4,"VL2440","TM","OTM","SPF","16D32","OTM_SPF_16-31_0_0",NA,"NAO","27.3.D.30",NA,"NGI",NA,NA,"48","39","60602","21617","47911","17431",NA,NA,NA,"N"
"Sweden",2024,4,"VL40XX","TM","OTM","SPF","16D32","OTM_SPF_16-31_0_0",NA,"NAO","27.3.D.30",NA,"NGI",NA,NA,"16","11","47984","20960","32989","14410",NA,NA,NA,"N"
