"country","year","quarter","vessel_length","fishing_tech","gear_type","target_assemblage","mesh_size_range","metier","metier_7","domain_discards","domain_landings","supra_region","sub_region","eez_indicator","geo_indicator","nep_sub_region","specon_tech","deep","species","total_live_weight_landed","total_value_of_landings","tot_discards_tonnes","confidential"
"Sweden",2013,1,"VL0008","FPO","FPO","FWS",NA,"FPO_FWS_>0_0_0",NA,"NK","NK","NAO","27.3.D.30",NA,"NGI",NA,NA,NA,"FRO","0.088","16.1497995179",NA,"N"
"Sweden",2013,1,"VL0008","FPO","GNS","FWS","32D90","GNS_FWS_>0_0_0",NA,"NK","NK","NAO","27.3.D.30",NA,"NGI",NA,NA,NA,"TRS","0.06","173.4224339261",NA,"N"
"Sweden",2013,1,"VL0008","FPO","GNS","FWS","32D90","GNS_FWS_>0_0_0",NA,"NK","NK","NAO","27.3.D.30",NA,"NGI",NA,NA,NA,"WHF","0.02","83.1965223021",NA,"N"
"Sweden",2013,1,"VL0008","FPO","NK","NK","NK","NK",NA,"NK","NK","NAO","27.3.D.30",NA,"NGI",NA,NA,NA,"FBU","0.0043","9.9428862118",NA,"N"
"Sweden",2013,1,"VL0008","FPO","NK","NK","NK","NK",NA,"NK","NK","NAO","27.3.D.30",NA,"NGI",NA,NA,NA,"FPI","0.0476","105.5326481143",NA,"N"
"Sweden",2013,1,"VL0008","NO","NK","NK","NK","NK",NA,"NK","NK","NAO","27.3.D.30",NA,"NGI",NA,NA,NA,"FBU","0.006","13.8737947141",NA,"N"
"Sweden",2013,1,"VL0008","NO","NK","NK","NK","NK",NA,"NK","NK","NAO","27.3.D.30",NA,"NGI",NA,NA,NA,"FPI","0.084","186.2340849076",NA,"N"
"Sweden",2013,1,"VL1218","DTS","OTB","SPF","32D90","OTB_SPF_32-89_0_0",NA,"NK","NK","NAO","27.3.D.30",NA,"NGI",NA,NA,NA,"HER","9.585","2401.3200670532",NA,"N"
"Sweden",2013,1,"VL1824","TM","OTB","SPF","32D90","OTB_SPF_32-89_0_0",NA,"NK","NK","NAO","27.3.D.30",NA,"NGI",NA,NA,NA,"HER","0.2","161.860938331",NA,"N"
"Sweden",2013,1,"VL1824","TM","OTM","SPF","32D90","OTM_SPF_32-89_0_0",NA,"NK","NK","NAO","27.3.D.30",NA,"NGI",NA,NA,NA,"HER","1.3","861.7592191366",NA,"N"
"Sweden",2013,1,"VL2440","DTS","OTB","SPF","16D32","OTB_SPF_16-31_0_0",NA,"NK","NK","NAO","27.3.D.30",NA,"NGI",NA,NA,NA,"HER","848.5","191247.001298356",NA,"N"
"Sweden",2013,1,"VL2440","DTS","OTB","SPF","16D32","OTB_SPF_16-31_0_0",NA,"NK","NK","NAO","27.3.D.30",NA,"NGI",NA,NA,NA,"SPR","13.67","3070.7414713275",NA,"N"
"Sweden",2013,1,"VL40XX","TM","OTM","SPF","16D32","OTM_SPF_16-31_0_0",NA,"NK","NK","NAO","27.3.D.30",NA,"NGI",NA,NA,NA,"HER","860","252207.321028048",NA,"N"
"Sweden",2013,1,"VL40XX","TM","OTM","SPF","16D32","OTM_SPF_16-31_0_0",NA,"NK","NK","NAO","27.3.D.30",NA,"NGI",NA,NA,NA,"SPR","1","248.572155294",NA,"N"
"Sweden",2013,2,"VL0008","DFN","FPN","ANA","NK","FPN_ANA_>0_0_0",NA,"NK","NK","NAO","27.3.D.30",NA,"NGI",NA,NA,NA,"FPE","0.03","69.3689735704",NA,"N"
"Sweden",2013,2,"VL0008","DFN","FPN","ANA","NK","FPN_ANA_>0_0_0",NA,"NK","NK","NAO","27.3.D.30",NA,"NGI",NA,NA,NA,"HER","0.15","86.711216963",NA,"N"
"Sweden",2013,2,"VL0008","DFN","FPN","ANA","NK","FPN_ANA_>0_0_0",NA,"NK","NK","NAO","27.3.D.30",NA,"NGI",NA,NA,NA,"SAL","4.0288","11911.8801753648",NA,"N"
"Sweden",2013,2,"VL0008","DFN","FPN","ANA","NK","FPN_ANA_>0_0_0",NA,"NK","NK","NAO","27.3.D.30",NA,"NGI",NA,NA,NA,"TRR","0.019","43.9336832613",NA,"N"
"Sweden",2013,2,"VL0008","DFN","FPN","ANA","NK","FPN_ANA_>0_0_0",NA,"NK","NK","NAO","27.3.D.30",NA,"NGI",NA,NA,NA,"TRS","0.7151","2598.6303481733",NA,"N"
"Sweden",2013,2,"VL0008","DFN","FPN","ANA","NK","FPN_ANA_>0_0_0",NA,"NK","NK","NAO","27.3.D.30",NA,"NGI",NA,NA,NA,"WHF","2.358","9808.8699794205",NA,"N"
"Sweden",2013,2,"VL0008","DFN","FPO","FWS",NA,"FPO_FWS_>0_0_0",NA,"NK","NK","NAO","27.3.D.30",NA,"NGI",NA,NA,NA,"FPE","1.5","3767.7068478738",NA,"N"
"Sweden",2013,2,"VL0008","DFN","FYK","ANA","NK","FYK_ANA_>0_0_0",NA,"NK","NK","NAO","27.3.D.30",NA,"NGI",NA,NA,NA,"SAL","0.059","186.4684849932",NA,"N"
"Sweden",2013,2,"VL0008","DFN","FYK","CAT","NK","FYK_CAT_>0_0_0",NA,"NK","NK","NAO","27.3.D.30",NA,"NGI",NA,NA,NA,"ELE","0.083","607.2644659398",NA,"N"
"Sweden",2013,2,"VL0008","DFN","GNS","FWS","32D90","GNS_FWS_>0_0_0",NA,"NK","NK","NAO","27.3.D.30",NA,"NGI",NA,NA,NA,"FPE","2.9235","8215.5554770377",NA,"N"
"Sweden",2013,2,"VL0008","DFN","GNS","FWS","32D90","GNS_FWS_>0_0_0",NA,"NK","NK","NAO","27.3.D.30",NA,"NGI",NA,NA,NA,"FPI","0.006","11.6730126136",NA,"N"
"Sweden",2013,2,"VL0008","DFN","GNS","FWS","32D90","GNS_FWS_>0_0_0",NA,"NK","NK","NAO","27.3.D.30",NA,"NGI",NA,NA,NA,"FPP","0.002","11.3898402016",NA,"N"
"Sweden",2013,2,"VL0008","DFN","GNS","FWS","32D90","GNS_FWS_>0_0_0",NA,"NK","NK","NAO","27.3.D.30",NA,"NGI",NA,NA,NA,"HER","0.081","66.9814143131",NA,"N"
"Sweden",2013,2,"VL0008","DFN","GNS","FWS","32D90","GNS_FWS_>0_0_0",NA,"NK","NK","NAO","27.3.D.30",NA,"NGI",NA,NA,NA,"TRS","0.177","655.8152054478",NA,"N"
"Sweden",2013,2,"VL0008","DFN","GNS","FWS","32D90","GNS_FWS_>0_0_0",NA,"NK","NK","NAO","27.3.D.30",NA,"NGI",NA,NA,NA,"WHF","2.6985","11225.2907716142",NA,"N"
"Sweden",2013,2,"VL0008","DFN","GNS","FWS","90D110","GNS_FWS_>0_0_0",NA,"NK","NK","NAO","27.3.D.30",NA,"NGI",NA,NA,NA,"FPE","0.612","1587.8674730617",NA,"N"
"Sweden",2013,2,"VL0008","DFN","GNS","FWS","90D110","GNS_FWS_>0_0_0",NA,"NK","NK","NAO","27.3.D.30",NA,"NGI",NA,NA,NA,"TRS","0.197","731.8420419798",NA,"N"
"Sweden",2013,2,"VL0008","DFN","GNS","FWS","90D110","GNS_FWS_>0_0_0",NA,"NK","NK","NAO","27.3.D.30",NA,"NGI",NA,NA,NA,"WHF","0.406","1688.8894027331",NA,"N"
"Sweden",2013,2,"VL0008","DFN","GNS","SPF","16D32","GNS_SPF_16-31_0_0",NA,"NK","NK","NAO","27.3.D.30",NA,"NGI",NA,NA,NA,"HER","3.055","1777.1478910329",NA,"N"
"Sweden",2013,2,"VL0008","DFN","GNS","SPF","32D90","GNS_SPF_32-89_0_0",NA,"NK","NK","NAO","27.3.D.30",NA,"NGI",NA,NA,NA,"FPE","0.001","1.7662190811",NA,"N"
"Sweden",2013,2,"VL0008","DFN","GNS","SPF","32D90","GNS_SPF_32-89_0_0",NA,"NK","NK","NAO","27.3.D.30",NA,"NGI",NA,NA,NA,"HER","42.4195","36856.7641605566",NA,"N"
"Sweden",2013,2,"VL0008","FPO","FPN","ANA","NK","FPN_ANA_>0_0_0",NA,"NK","NK","NAO","27.3.D.30",NA,"NGI",NA,NA,NA,"FPE","0.007","12.363533563",NA,"N"
"Sweden",2013,2,"VL0008","FPO","FPN","ANA","NK","FPN_ANA_>0_0_0",NA,"NK","NK","NAO","27.3.D.30",NA,"NGI",NA,NA,NA,"FPP","0.0046","26.1966324624",NA,"N"
"Sweden",2013,2,"VL0008","FPO","FPN","ANA","NK","FPN_ANA_>0_0_0",NA,"NK","NK","NAO","27.3.D.30",NA,"NGI",NA,NA,NA,"GAR","6e-04","3.8152935464",NA,"N"
"Sweden",2013,2,"VL0008","FPO","FPN","ANA","NK","FPN_ANA_>0_0_0",NA,"NK","NK","NAO","27.3.D.30",NA,"NGI",NA,NA,NA,"SAL","20.5181","60031.4897437857",NA,"N"
"Sweden",2013,2,"VL0008","FPO","FPN","ANA","NK","FPN_ANA_>0_0_0",NA,"NK","NK","NAO","27.3.D.30",NA,"NGI",NA,NA,NA,"TRR","5e-04","1.1561495595",NA,"N"
"Sweden",2013,2,"VL0008","FPO","FPN","ANA","NK","FPN_ANA_>0_0_0",NA,"NK","NK","NAO","27.3.D.30",NA,"NGI",NA,NA,NA,"TRS","1.2759","4696.2467071034",NA,"N"
"Sweden",2013,2,"VL0008","FPO","FPN","ANA","NK","FPN_ANA_>0_0_0",NA,"NK","NK","NAO","27.3.D.30",NA,"NGI",NA,NA,NA,"WHF","3.9725","16524.9092422596",NA,"N"
"Sweden",2013,2,"VL0008","FPO","FPN","FWS","NK","FPN_FWS_>0_0_0",NA,"NK","NK","NAO","27.3.D.30",NA,"NGI",NA,NA,NA,"FBM","0.585","0",NA,"N"
"Sweden",2013,2,"VL0008","FPO","FPN","FWS","NK","FPN_FWS_>0_0_0",NA,"NK","NK","NAO","27.3.D.30",NA,"NGI",NA,NA,NA,"FPE","0.29","975.5316560686",NA,"N"
"Sweden",2013,2,"VL0008","FPO","FPN","FWS","NK","FPN_FWS_>0_0_0",NA,"NK","NK","NAO","27.3.D.30",NA,"NGI",NA,NA,NA,"FPI","0.02","34.2980580618",NA,"N"
"Sweden",2013,2,"VL0008","FPO","FPN","FWS","NK","FPN_FWS_>0_0_0",NA,"NK","NK","NAO","27.3.D.30",NA,"NGI",NA,NA,NA,"FRO","0.145","26.5962806102",NA,"N"
"Sweden",2013,2,"VL0008","FPO","FPN","FWS","NK","FPN_FWS_>0_0_0",NA,"NK","NK","NAO","27.3.D.30",NA,"NGI",NA,NA,NA,"TRS","0.005","18.7380683562",NA,"N"
"Sweden",2013,2,"VL0008","FPO","FPN","FWS","NK","FPN_FWS_>0_0_0",NA,"NK","NK","NAO","27.3.D.30",NA,"NGI",NA,NA,NA,"WHF","0.016","66.5572178417",NA,"N"
"Sweden",2013,2,"VL0008","FPO","FPO","FWS",NA,"FPO_FWS_>0_0_0",NA,"NK","NK","NAO","27.3.D.30",NA,"NGI",NA,NA,NA,"FPE","0.031","94.6948710431",NA,"N"
"Sweden",2013,2,"VL0008","FPO","FYK","SPF","NK","FYK_SPF_>0_0_0",NA,"NK","NK","NAO","27.3.D.30",NA,"NGI",NA,NA,NA,"FPE","0.028","54.2471838023",NA,"N"
"Sweden",2013,2,"VL0008","FPO","FYK","SPF","NK","FYK_SPF_>0_0_0",NA,"NK","NK","NAO","27.3.D.30",NA,"NGI",NA,NA,NA,"HER","1.643","1472.2120509353",NA,"N"
"Sweden",2013,2,"VL0008","FPO","FYK","SPF","NK","FYK_SPF_>0_0_0",NA,"NK","NK","NAO","27.3.D.30",NA,"NGI",NA,NA,NA,"TRS","0.0025","9.1477104516",NA,"N"
"Sweden",2013,2,"VL0008","FPO","FYK","SPF","NK","FYK_SPF_>0_0_0",NA,"NK","NK","NAO","27.3.D.30",NA,"NGI",NA,NA,NA,"WHF","0.013","54.0777394964",NA,"N"
"Sweden",2013,2,"VL0008","FPO","GNS","ANA","90D110","GNS_ANA_90-109_0_0",NA,"NK","NK","NAO","27.3.D.30",NA,"NGI",NA,NA,NA,"TRS","0.042","156.0843475154",NA,"N"
"Sweden",2013,2,"VL0008","FPO","GNS","FWS","32D90","GNS_FWS_>0_0_0",NA,"NK","NK","NAO","27.3.D.30",NA,"NGI",NA,NA,NA,"FBU","0.012","19.4730798899",NA,"N"
"Sweden",2013,2,"VL0008","FPO","GNS","FWS","32D90","GNS_FWS_>0_0_0",NA,"NK","NK","NAO","27.3.D.30",NA,"NGI",NA,NA,NA,"FPE","0.813","2209.2301783361",NA,"N"
"Sweden",2013,2,"VL0008","FPO","GNS","FWS","32D90","GNS_FWS_>0_0_0",NA,"NK","NK","NAO","27.3.D.30",NA,"NGI",NA,NA,NA,"FPI","0.0486","86.1041822311",NA,"N"
"Sweden",2013,2,"VL0008","FPO","GNS","FWS","32D90","GNS_FWS_>0_0_0",NA,"NK","NK","NAO","27.3.D.30",NA,"NGI",NA,NA,NA,"FPP","0.006","34.1695206026",NA,"N"
"Sweden",2013,2,"VL0008","FPO","GNS","FWS","32D90","GNS_FWS_>0_0_0",NA,"NK","NK","NAO","27.3.D.30",NA,"NGI",NA,NA,NA,"HER","0.054","26.2228657121",NA,"N"
"Sweden",2013,2,"VL0008","FPO","GNS","FWS","32D90","GNS_FWS_>0_0_0",NA,"NK","NK","NAO","27.3.D.30",NA,"NGI",NA,NA,NA,"TRS","0.1312","481.3552155398",NA,"N"
"Sweden",2013,2,"VL0008","FPO","GNS","FWS","32D90","GNS_FWS_>0_0_0",NA,"NK","NK","NAO","27.3.D.30",NA,"NGI",NA,NA,NA,"WHF","0.688","2861.9603671931",NA,"N"
"Sweden",2013,2,"VL0008","FPO","GNS","FWS","90D110","GNS_FWS_>0_0_0",NA,"NK","NK","NAO","27.3.D.30",NA,"NGI",NA,NA,NA,"TRS","0.003","10.4713368916",NA,"N"
"Sweden",2013,2,"VL0008","FPO","GNS","FWS","90D110","GNS_FWS_>0_0_0",NA,"NK","NK","NAO","27.3.D.30",NA,"NGI",NA,NA,NA,"WHF","0.012","49.9179133813",NA,"N"
"Sweden",2013,2,"VL0008","FPO","GNS","SPF","32D90","GNS_SPF_32-89_0_0",NA,"NK","NK","NAO","27.3.D.30",NA,"NGI",NA,NA,NA,"HER","6.231","6022.4544603903",NA,"N"
"Sweden",2013,2,"VL0008","FPO","NK","NK","NK","NK",NA,"NK","NK","NAO","27.3.D.30",NA,"NGI",NA,NA,NA,"FPI","0.024","34.2095829769",NA,"N"
"Sweden",2013,2,"VL0008","NO","FPN","ANA","NK","FPN_ANA_>0_0_0",NA,"NK","NK","NAO","27.3.D.30",NA,"NGI",NA,NA,NA,"SAL","4.2485","13429.4386336393",NA,"N"
"Sweden",2013,2,"VL0008","NO","FPN","ANA","NK","FPN_ANA_>0_0_0",NA,"NK","NK","NAO","27.3.D.30",NA,"NGI",NA,NA,NA,"TRS","0.1675","613.0441494254",NA,"N"
"Sweden",2013,2,"VL0008","NO","FPN","ANA","NK","FPN_ANA_>0_0_0",NA,"NK","NK","NAO","27.3.D.30",NA,"NGI",NA,NA,NA,"WHF","1.442","5998.4692579832",NA,"N"
"Sweden",2013,2,"VL0008","NO","FPO","FWS",NA,"FPO_FWS_>0_0_0",NA,"NK","NK","NAO","27.3.D.30",NA,"NGI",NA,NA,NA,"FRO","0.03","6.2432076213",NA,"N"
"Sweden",2013,2,"VL0008","NO","FYK","ANA","NK","FYK_ANA_>0_0_0",NA,"NK","NK","NAO","27.3.D.30",NA,"NGI",NA,NA,NA,"SAL","0.1515","478.8131436747",NA,"N"
"Sweden",2013,2,"VL0008","NO","FYK","ANA","NK","FYK_ANA_>0_0_0",NA,"NK","NK","NAO","27.3.D.30",NA,"NGI",NA,NA,NA,"TRS","0.0243","88.9157456009",NA,"N"
"Sweden",2013,2,"VL0008","NO","FYK","ANA","NK","FYK_ANA_>0_0_0",NA,"NK","NK","NAO","27.3.D.30",NA,"NGI",NA,NA,NA,"WHF","0.089","370.2245242445",NA,"N"
"Sweden",2013,2,"VL0008","NO","FYK","CAT","NK","FYK_CAT_>0_0_0",NA,"NK","NK","NAO","27.3.D.30",NA,"NGI",NA,NA,NA,"ELE","0.051","421.785850533",NA,"N"
"Sweden",2013,2,"VL0008","NO","FYK","SPF","NK","FYK_SPF_>0_0_0",NA,"NK","NK","NAO","27.3.D.30",NA,"NGI",NA,NA,NA,"HER","0.452","190.1402081069",NA,"N"
"Sweden",2013,2,"VL0008","NO","GNS","FWS","32D90","GNS_FWS_>0_0_0",NA,"NK","NK","NAO","27.3.D.30",NA,"NGI",NA,NA,NA,"FID","0.01","0",NA,"N"
"Sweden",2013,2,"VL0008","NO","GNS","FWS","32D90","GNS_FWS_>0_0_0",NA,"NK","NK","NAO","27.3.D.30",NA,"NGI",NA,NA,NA,"FPE","1.884","5064.4329219553",NA,"N"
"Sweden",2013,2,"VL0008","NO","GNS","FWS","32D90","GNS_FWS_>0_0_0",NA,"NK","NK","NAO","27.3.D.30",NA,"NGI",NA,NA,NA,"FPI","0.061","102.5336843238",NA,"N"
"Sweden",2013,2,"VL0008","NO","GNS","FWS","32D90","GNS_FWS_>0_0_0",NA,"NK","NK","NAO","27.3.D.30",NA,"NGI",NA,NA,NA,"TRS","0.1465","542.5479951812",NA,"N"
"Sweden",2013,2,"VL0008","NO","GNS","FWS","32D90","GNS_FWS_>0_0_0",NA,"NK","NK","NAO","27.3.D.30",NA,"NGI",NA,NA,NA,"WHF","1.18","4908.5948158254",NA,"N"
"Sweden",2013,2,"VL0008","NO","GNS","FWS","90D110","GNS_FWS_>0_0_0",NA,"NK","NK","NAO","27.3.D.30",NA,"NGI",NA,NA,NA,"FPE","0.005","8.8310954031",NA,"N"
"Sweden",2013,2,"VL0008","NO","GNS","FWS","90D110","GNS_FWS_>0_0_0",NA,"NK","NK","NAO","27.3.D.30",NA,"NGI",NA,NA,NA,"TRS","0.005","19.033166659",NA,"N"
"Sweden",2013,2,"VL0008","NO","GNS","FWS","90D110","GNS_FWS_>0_0_0",NA,"NK","NK","NAO","27.3.D.30",NA,"NGI",NA,NA,NA,"WHF","0.112","465.9005248919",NA,"N"
"Sweden",2013,2,"VL0008","NO","GNS","SPF","16D32","GNS_SPF_16-31_0_0",NA,"NK","NK","NAO","27.3.D.30",NA,"NGI",NA,NA,NA,"HER","1.625","882.8406596989",NA,"N"
"Sweden",2013,2,"VL0008","NO","GNS","SPF","32D90","GNS_SPF_32-89_0_0",NA,"NK","NK","NAO","27.3.D.30",NA,"NGI",NA,NA,NA,"HER","12.17","6750.2381025736",NA,"N"
"Sweden",2013,2,"VL0008","NO","NK","NK","NK","NK",NA,"NK","NK","NAO","27.3.D.30",NA,"NGI",NA,NA,NA,"FPI","0.042","59.8667702037",NA,"N"
"Sweden",2013,2,"VL0008","PGP","FPN","ANA","NK","FPN_ANA_>0_0_0",NA,"NK","NK","NAO","27.3.D.30",NA,"NGI",NA,NA,NA,"SAL","0.599","1937.4892483872",NA,"N"
"Sweden",2013,2,"VL0008","PGP","FPN","ANA","NK","FPN_ANA_>0_0_0",NA,"NK","NK","NAO","27.3.D.30",NA,"NGI",NA,NA,NA,"TRS","0.039","142.704283037",NA,"N"
"Sweden",2013,2,"VL0008","PGP","FPN","ANA","NK","FPN_ANA_>0_0_0",NA,"NK","NK","NAO","27.3.D.30",NA,"NGI",NA,NA,NA,"WHF","0.155","644.7730478415",NA,"N"
"Sweden",2013,2,"VL0008","PGP","GNS","FWS","32D90","GNS_FWS_>0_0_0",NA,"NK","NK","NAO","27.3.D.30",NA,"NGI",NA,NA,NA,"FPE","0.51","1443.9840128795",NA,"N"
"Sweden",2013,2,"VL0008","PGP","GNS","FWS","32D90","GNS_FWS_>0_0_0",NA,"NK","NK","NAO","27.3.D.30",NA,"NGI",NA,NA,NA,"WHF","0.04","166.3930446043",NA,"N"
"Sweden",2013,2,"VL0008","PGP","GNS","SPF","16D32","GNS_SPF_16-31_0_0",NA,"NK","NK","NAO","27.3.D.30",NA,"NGI",NA,NA,NA,"HER","4.1","2489.8867933036",NA,"N"
"Sweden",2013,2,"VL0812","DFN","FPO","FWS",NA,"FPO_FWS_>0_0_0",NA,"NK","NK","NAO","27.3.D.30",NA,"NGI",NA,NA,NA,"FPI","0.3","589.6362753486",NA,"N"
"Sweden",2013,2,"VL0812","DFN","FYK","ANA","NK","FYK_ANA_>0_0_0",NA,"NK","NK","NAO","27.3.D.30",NA,"NGI",NA,NA,NA,"SAL","0.0235","74.2713457118",NA,"N"
"Sweden",2013,2,"VL0812","DFN","FYK","ANA","NK","FYK_ANA_>0_0_0",NA,"NK","NK","NAO","27.3.D.30",NA,"NGI",NA,NA,NA,"TRS","0.004","14.636336717",NA,"N"
"Sweden",2013,2,"VL0812","DFN","FYK","SPF","NK","FYK_SPF_>0_0_0",NA,"NK","NK","NAO","27.3.D.30",NA,"NGI",NA,NA,NA,"HER","3","2218.4471154069",NA,"N"
"Sweden",2013,2,"VL0812","DFN","GNS","DEF","110D157","GNS_DEF_110-156_0_0",NA,"NK","NK","NAO","27.3.D.30",NA,"NGI",NA,NA,NA,"COD","0.15","222.3364537425",NA,"N"
"Sweden",2013,2,"VL0812","DFN","GNS","FWS","16D32","GNS_FWS_>0_0_0",NA,"NK","NK","NAO","27.3.D.30",NA,"NGI",NA,NA,NA,"WHF","0.49","2038.3147964021",NA,"N"
"Sweden",2013,2,"VL0812","DFN","GNS","FWS","32D90","GNS_FWS_>0_0_0",NA,"NK","NK","NAO","27.3.D.30",NA,"NGI",NA,NA,NA,"FPE","1.061","2839.9634158855",NA,"N"
"Sweden",2013,2,"VL0812","DFN","GNS","FWS","32D90","GNS_FWS_>0_0_0",NA,"NK","NK","NAO","27.3.D.30",NA,"NGI",NA,NA,NA,"TRR","0.009","20.8106920711",NA,"N"
"Sweden",2013,2,"VL0812","DFN","GNS","FWS","32D90","GNS_FWS_>0_0_0",NA,"NK","NK","NAO","27.3.D.30",NA,"NGI",NA,NA,NA,"WHF","1.863","7749.7560524429",NA,"N"
"Sweden",2013,2,"VL0812","DFN","GNS","SPF","16D32","GNS_SPF_16-31_0_0",NA,"NK","NK","NAO","27.3.D.30",NA,"NGI",NA,NA,NA,"HER","7.66","5664.4349677434",NA,"N"
"Sweden",2013,2,"VL0812","DFN","GNS","SPF","32D90","GNS_SPF_32-89_0_0",NA,"NK","NK","NAO","27.3.D.30",NA,"NGI",NA,NA,NA,"HER","142.107","135979.790925108",NA,"N"
"Sweden",2013,2,"VL0812","DFN","OTB","SPF","32D90","OTB_SPF_32-89_0_0",NA,"NK","NK","NAO","27.3.D.30",NA,"NGI",NA,NA,NA,"HER","1.7","1965.4542511619",NA,"N"
"Sweden",2013,2,"VL0812","DTS","GNS","SPF","32D90","GNS_SPF_32-89_0_0",NA,"NK","NK","NAO","27.3.D.30",NA,"NGI",NA,NA,NA,"HER","27.35","27331.9783187273",NA,"N"
"Sweden",2013,2,"VL0812","DTS","OTB","SPF","32D90","OTB_SPF_32-89_0_0",NA,"NK","NK","NAO","27.3.D.30",NA,"NGI",NA,NA,NA,"HER","34.75","39791.3171582422",NA,"N"
"Sweden",2013,2,"VL0812","DTS","OTM","SPF","32D90","OTM_SPF_32-89_0_0",NA,"NK","NK","NAO","27.3.D.30",NA,"NGI",NA,NA,NA,"HER","2","2257.5053009457",NA,"N"
"Sweden",2013,2,"VL0812","FPO","FPN","ANA","NK","FPN_ANA_>0_0_0",NA,"NK","NK","NAO","27.3.D.30",NA,"NGI",NA,NA,NA,"SAL","6.9313","22277.7334855597",NA,"N"
"Sweden",2013,2,"VL0812","FPO","FPN","ANA","NK","FPN_ANA_>0_0_0",NA,"NK","NK","NAO","27.3.D.30",NA,"NGI",NA,NA,NA,"TRS","0.336","1345.1443220616",NA,"N"
"Sweden",2013,2,"VL0812","FPO","FPN","ANA","NK","FPN_ANA_>0_0_0",NA,"NK","NK","NAO","27.3.D.30",NA,"NGI",NA,NA,NA,"WHF","0.721","2999.2346289916",NA,"N"
"Sweden",2013,2,"VL0812","FPO","FYK","CAT","NK","FYK_CAT_>0_0_0",NA,"NK","NK","NAO","27.3.D.30",NA,"NGI",NA,NA,NA,"ELE","0.194","1613.9344678244",NA,"N"
"Sweden",2013,2,"VL0812","FPO","GNS","SPF","16D32","GNS_SPF_16-31_0_0",NA,"NK","NK","NAO","27.3.D.30",NA,"NGI",NA,NA,NA,"HER","2.39","1324.975716674",NA,"N"
"Sweden",2013,2,"VL0812","FPO","GNS","SPF","32D90","GNS_SPF_32-89_0_0",NA,"NK","NK","NAO","27.3.D.30",NA,"NGI",NA,NA,NA,"HER","8.1","8155.3876952158",NA,"N"
"Sweden",2013,2,"VL1218","DFN","GNS","SPF","32D90","GNS_SPF_32-89_0_0",NA,"NK","NK","NAO","27.3.D.30",NA,"NGI",NA,NA,NA,"HER","71.44","94217.9496045969",NA,"N"
"Sweden",2013,2,"VL1218","DTS","GNS","SPF","16D32","GNS_SPF_16-31_0_0",NA,"NK","NK","NAO","27.3.D.30",NA,"NGI",NA,NA,NA,"HER","23","34568.8718292598",NA,"N"
"Sweden",2013,2,"VL1218","DTS","GNS","SPF","32D90","GNS_SPF_32-89_0_0",NA,"NK","NK","NAO","27.3.D.30",NA,"NGI",NA,NA,NA,"FVE","1.2","4991.7913381275",NA,"N"
"Sweden",2013,2,"VL1218","DTS","GNS","SPF","32D90","GNS_SPF_32-89_0_0",NA,"NK","NK","NAO","27.3.D.30",NA,"NGI",NA,NA,NA,"HER","47.4","46114.5588225773",NA,"N"
"Sweden",2013,2,"VL1218","DTS","OTB","SPF","32D90","OTB_SPF_32-89_0_0",NA,"NK","NK","NAO","27.3.D.30",NA,"NGI",NA,NA,NA,"HER","8.81","2093.0994012301",NA,"N"
"Sweden",2013,2,"VL1218","DTS","OTM","SPF","16D32","OTM_SPF_16-31_0_0",NA,"NK","NK","NAO","27.3.D.30",NA,"NGI",NA,NA,NA,"HER","233.1","50692.1978425093",NA,"N"
"Sweden",2013,2,"VL1218","DTS","OTM","SPF","16D32","OTM_SPF_16-31_0_0",NA,"NK","NK","NAO","27.3.D.30",NA,"NGI",NA,NA,NA,"SPR","0.69","147.7994027158",NA,"N"
"Sweden",2013,2,"VL1218","DTS","PTB","SPF","32D90","PTB_SPF_32-89_0_0",NA,"NK","NK","NAO","27.3.D.30",NA,"NGI",NA,NA,NA,"HER","96.1","110809.984271741",NA,"N"
"Sweden",2013,2,"VL1218","DTS","PTM","SPF","32D90","PTM_SPF_32-89_0_0",NA,"NK","NK","NAO","27.3.D.30",NA,"NGI",NA,NA,NA,"HER","50.7","57077.4392500058",NA,"N"
"Sweden",2013,2,"VL1824","DTS","OTB","SPF","32D90","OTB_SPF_32-89_0_0",NA,"NK","NK","NAO","27.3.D.30",NA,"NGI",NA,NA,NA,"HER","118.2","28020.9497343168",NA,"N"
"Sweden",2013,2,"VL1824","DTS","OTB","SPF","32D90","OTB_SPF_32-89_0_0",NA,"NK","NK","NAO","27.3.D.30",NA,"NGI",NA,NA,NA,"SPR","4.2","950.5842217495",NA,"N"
"Sweden",2013,2,"VL1824","TM","OTB","SPF","32D90","OTB_SPF_32-89_0_0",NA,"NK","NK","NAO","27.3.D.30",NA,"NGI",NA,NA,NA,"HER","25.09","11380.2110331352",NA,"N"
"Sweden",2013,2,"VL1824","TM","OTM","SPF","16D32","OTM_SPF_16-31_0_0",NA,"NK","NK","NAO","27.3.D.30",NA,"NGI",NA,NA,NA,"HER","356.1","78901.5305478993",NA,"N"
"Sweden",2013,2,"VL1824","TM","OTM","SPF","32D90","OTM_SPF_32-89_0_0",NA,"NK","NK","NAO","27.3.D.30",NA,"NGI",NA,NA,NA,"HER","4.92","2504.5718174671",NA,"N"
"Sweden",2013,2,"VL2440","DTS","OTB","SPF","16D32","OTB_SPF_16-31_0_0",NA,"NK","NK","NAO","27.3.D.30",NA,"NGI",NA,NA,NA,"HER","859.3","189656.254699517",NA,"N"
"Sweden",2013,2,"VL2440","DTS","OTB","SPF","16D32","OTB_SPF_16-31_0_0",NA,"NK","NK","NAO","27.3.D.30",NA,"NGI",NA,NA,NA,"SPR","18.495","4077.7276122274",NA,"N"
"Sweden",2013,2,"VL2440","TM","OTB","DEF","110DXX","OTB_DEF_>=120_3_120",NA,"NK","NK","NAO","27.3.D.30",NA,"NGI",NA,"BACOMA",NA,"HER","8","1696.9471581844",NA,"N"
"Sweden",2013,2,"VL2440","TM","OTM","SPF","16D32","OTM_SPF_16-31_0_0",NA,"NK","NK","NAO","27.3.D.30",NA,"NGI",NA,NA,NA,"HER","365","97284.4376650403",NA,"N"
"Sweden",2013,2,"VL40XX","TM","OTM","SPF","16D32","OTM_SPF_16-31_0_0",NA,"NK","NK","NAO","27.3.D.30",NA,"NGI",NA,NA,NA,"HER","1602","481150.476764862",NA,"N"
"Sweden",2013,2,"VL40XX","TM","OTM","SPF","16D32","OTM_SPF_16-31_0_0",NA,"NK","NK","NAO","27.3.D.30",NA,"NGI",NA,NA,NA,"SPR","3","936.4811432007",NA,"N"
"Sweden",2013,2,"VL40XX","TM","PTM","SPF","16D32","PTM_SPF_16-31_0_0",NA,"NK","NK","NAO","27.3.D.30",NA,"NGI",NA,NA,NA,"HER","970","308044.567099452",NA,"N"
"Sweden",2013,2,"VL40XX","TM","PTM","SPF","16D32","PTM_SPF_16-31_0_0",NA,"NK","NK","NAO","27.3.D.30",NA,"NGI",NA,NA,NA,"SPR","30","8730.1739669804",NA,"N"
"Sweden",2013,3,"VL0008","DFN","FPN","ANA","NK","FPN_ANA_>0_0_0",NA,"NK","NK","NAO","27.3.D.30",NA,"NGI",NA,NA,NA,"FPE","0.04","53.1598335607",NA,"N"
"Sweden",2013,3,"VL0008","DFN","FPN","ANA","NK","FPN_ANA_>0_0_0",NA,"NK","NK","NAO","27.3.D.30",NA,"NGI",NA,NA,NA,"HER","0.2","115.6149559507",NA,"N"
"Sweden",2013,3,"VL0008","DFN","FPN","ANA","NK","FPN_ANA_>0_0_0",NA,"NK","NK","NAO","27.3.D.30",NA,"NGI",NA,NA,NA,"SAL","2.3815","6809.5760421648",NA,"N"
"Sweden",2013,3,"VL0008","DFN","FPN","ANA","NK","FPN_ANA_>0_0_0",NA,"NK","NK","NAO","27.3.D.30",NA,"NGI",NA,NA,NA,"TRR","0.028","64.7443753324",NA,"N"
"Sweden",2013,3,"VL0008","DFN","FPN","ANA","NK","FPN_ANA_>0_0_0",NA,"NK","NK","NAO","27.3.D.30",NA,"NGI",NA,NA,NA,"TRS","0.4315","1499.0340686383",NA,"N"
"Sweden",2013,3,"VL0008","DFN","FPN","ANA","NK","FPN_ANA_>0_0_0",NA,"NK","NK","NAO","27.3.D.30",NA,"NGI",NA,NA,NA,"WHF","0.456","1896.8807084884",NA,"N"
"Sweden",2013,3,"VL0008","DFN","FPO","FWS",NA,"FPO_FWS_>0_0_0",NA,"NK","NK","NAO","27.3.D.30",NA,"NGI",NA,NA,NA,"FPE","0.7","2686.521649363",NA,"N"
"Sweden",2013,3,"VL0008","DFN","FYK","ANA","NK","FYK_ANA_>0_0_0",NA,"NK","NK","NAO","27.3.D.30",NA,"NGI",NA,NA,NA,"SAL","0.128","425.4989228617",NA,"N"
"Sweden",2013,3,"VL0008","DFN","FYK","CAT","NK","FYK_CAT_>0_0_0",NA,"NK","NK","NAO","27.3.D.30",NA,"NGI",NA,NA,NA,"ELE","0.038","436.763153976",NA,"N"
"Sweden",2013,3,"VL0008","DFN","GNS","FWS","32D90","GNS_FWS_>0_0_0",NA,"NK","NK","NAO","27.3.D.30",NA,"NGI",NA,NA,NA,"FID","0.012","0",NA,"N"
"Sweden",2013,3,"VL0008","DFN","GNS","FWS","32D90","GNS_FWS_>0_0_0",NA,"NK","NK","NAO","27.3.D.30",NA,"NGI",NA,NA,NA,"FPE","6.0525","23140.6836456725",NA,"N"
"Sweden",2013,3,"VL0008","DFN","GNS","FWS","32D90","GNS_FWS_>0_0_0",NA,"NK","NK","NAO","27.3.D.30",NA,"NGI",NA,NA,NA,"FPI","0.2015","430.0904036002",NA,"N"
"Sweden",2013,3,"VL0008","DFN","GNS","FWS","32D90","GNS_FWS_>0_0_0",NA,"NK","NK","NAO","27.3.D.30",NA,"NGI",NA,NA,NA,"FPP","0.047","302.0492300969",NA,"N"
"Sweden",2013,3,"VL0008","DFN","GNS","FWS","32D90","GNS_FWS_>0_0_0",NA,"NK","NK","NAO","27.3.D.30",NA,"NGI",NA,NA,NA,"HER","0.066","32.9071165364",NA,"N"
"Sweden",2013,3,"VL0008","DFN","GNS","FWS","32D90","GNS_FWS_>0_0_0",NA,"NK","NK","NAO","27.3.D.30",NA,"NGI",NA,NA,NA,"TRS","0.132","442.7461568976",NA,"N"
"Sweden",2013,3,"VL0008","DFN","GNS","FWS","32D90","GNS_FWS_>0_0_0",NA,"NK","NK","NAO","27.3.D.30",NA,"NGI",NA,NA,NA,"WHF","3.489","14513.6333156057",NA,"N"
"Sweden",2013,3,"VL0008","DFN","GNS","FWS","90D110","GNS_FWS_>0_0_0",NA,"NK","NK","NAO","27.3.D.30",NA,"NGI",NA,NA,NA,"FPE","3.174","8653.2054280875",NA,"N"
"Sweden",2013,3,"VL0008","DFN","GNS","FWS","90D110","GNS_FWS_>0_0_0",NA,"NK","NK","NAO","27.3.D.30",NA,"NGI",NA,NA,NA,"FPI","0.508","1099.1418273175",NA,"N"
"Sweden",2013,3,"VL0008","DFN","GNS","FWS","90D110","GNS_FWS_>0_0_0",NA,"NK","NK","NAO","27.3.D.30",NA,"NGI",NA,NA,NA,"TRS","0.202","649.2029640553",NA,"N"
"Sweden",2013,3,"VL0008","DFN","GNS","FWS","90D110","GNS_FWS_>0_0_0",NA,"NK","NK","NAO","27.3.D.30",NA,"NGI",NA,NA,NA,"WHF","1.793","7458.5682243855",NA,"N"
"Sweden",2013,3,"VL0008","DFN","GNS","SPF","16D32","GNS_SPF_16-31_0_0",NA,"NK","NK","NAO","27.3.D.30",NA,"NGI",NA,NA,NA,"HER","5.53","2859.1130246029",NA,"N"
"Sweden",2013,3,"VL0008","DFN","GNS","SPF","32D90","GNS_SPF_32-89_0_0",NA,"NK","NK","NAO","27.3.D.30",NA,"NGI",NA,NA,NA,"HER","9.746","5600.4407670058",NA,"N"
"Sweden",2013,3,"VL0008","FPO","FPN","ANA","NK","FPN_ANA_>0_0_0",NA,"NK","NK","NAO","27.3.D.30",NA,"NGI",NA,NA,NA,"FPE","0.001","3.751529424",NA,"N"
"Sweden",2013,3,"VL0008","FPO","FPN","ANA","NK","FPN_ANA_>0_0_0",NA,"NK","NK","NAO","27.3.D.30",NA,"NGI",NA,NA,NA,"FPP","0.0027","16.2498544986",NA,"N"
"Sweden",2013,3,"VL0008","FPO","FPN","ANA","NK","FPN_ANA_>0_0_0",NA,"NK","NK","NAO","27.3.D.30",NA,"NGI",NA,NA,NA,"HER","0.037","27.1910859713",NA,"N"
"Sweden",2013,3,"VL0008","FPO","FPN","ANA","NK","FPN_ANA_>0_0_0",NA,"NK","NK","NAO","27.3.D.30",NA,"NGI",NA,NA,NA,"SAL","15.7299","52247.0968536465",NA,"N"
"Sweden",2013,3,"VL0008","FPO","FPN","ANA","NK","FPN_ANA_>0_0_0",NA,"NK","NK","NAO","27.3.D.30",NA,"NGI",NA,NA,NA,"TRS","2.7252","9490.2356414896",NA,"N"
"Sweden",2013,3,"VL0008","FPO","FPN","ANA","NK","FPN_ANA_>0_0_0",NA,"NK","NK","NAO","27.3.D.30",NA,"NGI",NA,NA,NA,"WHF","2.5044","10417.8685226721",NA,"N"
"Sweden",2013,3,"VL0008","FPO","FPO","FWS",NA,"FPO_FWS_>0_0_0",NA,"NK","NK","NAO","27.3.D.30",NA,"NGI",NA,NA,NA,"FPE","0.055","222.9581577913",NA,"N"
"Sweden",2013,3,"VL0008","FPO","FPO","FWS",NA,"FPO_FWS_>0_0_0",NA,"NK","NK","NAO","27.3.D.30",NA,"NGI",NA,NA,NA,"FRO","0.023","4.2209703286",NA,"N"
"Sweden",2013,3,"VL0008","FPO","FYK","ANA","NK","FYK_ANA_>0_0_0",NA,"NK","NK","NAO","27.3.D.30",NA,"NGI",NA,NA,NA,"SAL","0.531","1765.1556875621",NA,"N"
"Sweden",2013,3,"VL0008","FPO","FYK","ANA","NK","FYK_ANA_>0_0_0",NA,"NK","NK","NAO","27.3.D.30",NA,"NGI",NA,NA,NA,"TRS","0.0632","220.7372391865",NA,"N"
"Sweden",2013,3,"VL0008","FPO","FYK","CAT","NK","FYK_CAT_>0_0_0",NA,"NK","NK","NAO","27.3.D.30",NA,"NGI",NA,NA,NA,"ELE","0.176","3532.5175919717",NA,"N"
"Sweden",2013,3,"VL0008","FPO","FYK","CAT","NK","FYK_CAT_>0_0_0",NA,"NK","NK","NAO","27.3.D.30",NA,"NGI",NA,NA,NA,"FBU","0.006","41.6213841423",NA,"N"
"Sweden",2013,3,"VL0008","FPO","FYK","CAT","NK","FYK_CAT_>0_0_0",NA,"NK","NK","NAO","27.3.D.30",NA,"NGI",NA,NA,NA,"FPE","0.006","18.0558824658",NA,"N"
"Sweden",2013,3,"VL0008","FPO","FYK","CAT","NK","FYK_CAT_>0_0_0",NA,"NK","NK","NAO","27.3.D.30",NA,"NGI",NA,NA,NA,"HER","0.01","4.10725194",NA,"N"
"Sweden",2013,3,"VL0008","FPO","FYK","FWS","NK","FYK_FWS_>0_0_0",NA,"NK","NK","NAO","27.3.D.30",NA,"NGI",NA,NA,NA,"FBM","0.001","0",NA,"N"
"Sweden",2013,3,"VL0008","FPO","FYK","FWS","NK","FYK_FWS_>0_0_0",NA,"NK","NK","NAO","27.3.D.30",NA,"NGI",NA,NA,NA,"FPE","0.09","337.6376481606",NA,"N"
"Sweden",2013,3,"VL0008","FPO","FYK","FWS","NK","FYK_FWS_>0_0_0",NA,"NK","NK","NAO","27.3.D.30",NA,"NGI",NA,NA,NA,"FPI","0.003","6.5681350313",NA,"N"
"Sweden",2013,3,"VL0008","FPO","FYK","FWS","NK","FYK_FWS_>0_0_0",NA,"NK","NK","NAO","27.3.D.30",NA,"NGI",NA,NA,NA,"FRO","0.04","7.3408179631",NA,"N"
"Sweden",2013,3,"VL0008","FPO","FYK","FWS","NK","FYK_FWS_>0_0_0",NA,"NK","NK","NAO","27.3.D.30",NA,"NGI",NA,NA,NA,"TRS","0.001","3.5176699008",NA,"N"
"Sweden",2013,3,"VL0008","FPO","FYK","FWS","NK","FYK_FWS_>0_0_0",NA,"NK","NK","NAO","27.3.D.30",NA,"NGI",NA,NA,NA,"WHF","0.01","41.5982611511",NA,"N"
"Sweden",2013,3,"VL0008","FPO","FYK","SPF","NK","FYK_SPF_>0_0_0",NA,"NK","NK","NAO","27.3.D.30",NA,"NGI",NA,NA,NA,"FPE","0.001","3.751529424",NA,"N"
"Sweden",2013,3,"VL0008","FPO","FYK","SPF","NK","FYK_SPF_>0_0_0",NA,"NK","NK","NAO","27.3.D.30",NA,"NGI",NA,NA,NA,"HER","0.1","73.4894215529",NA,"N"
"Sweden",2013,3,"VL0008","FPO","FYK","SPF","NK","FYK_SPF_>0_0_0",NA,"NK","NK","NAO","27.3.D.30",NA,"NGI",NA,NA,NA,"SAL","0.0061","20.2776830416",NA,"N"
"Sweden",2013,3,"VL0008","FPO","FYK","SPF","NK","FYK_SPF_>0_0_0",NA,"NK","NK","NAO","27.3.D.30",NA,"NGI",NA,NA,NA,"TRS","0.0019","6.683572812",NA,"N"
"Sweden",2013,3,"VL0008","FPO","GNS","ANA","90D110","GNS_ANA_90-109_0_0",NA,"NK","NK","NAO","27.3.D.30",NA,"NGI",NA,NA,NA,"TRS","0.0248","75.7638729738",NA,"N"
"Sweden",2013,3,"VL0008","FPO","GNS","FWS","32D90","GNS_FWS_>0_0_0",NA,"NK","NK","NAO","27.3.D.30",NA,"NGI",NA,NA,NA,"FBU","0.0071","11.5215722686",NA,"N"
"Sweden",2013,3,"VL0008","FPO","GNS","FWS","32D90","GNS_FWS_>0_0_0",NA,"NK","NK","NAO","27.3.D.30",NA,"NGI",NA,NA,NA,"FPE","5.5659","20259.4214947754",NA,"N"
"Sweden",2013,3,"VL0008","FPO","GNS","FWS","32D90","GNS_FWS_>0_0_0",NA,"NK","NK","NAO","27.3.D.30",NA,"NGI",NA,NA,NA,"FPI","0.1517","376.1656821282",NA,"N"
"Sweden",2013,3,"VL0008","FPO","GNS","FWS","32D90","GNS_FWS_>0_0_0",NA,"NK","NK","NAO","27.3.D.30",NA,"NGI",NA,NA,NA,"FPP","0.1284","1002.7672889102",NA,"N"
"Sweden",2013,3,"VL0008","FPO","GNS","FWS","32D90","GNS_FWS_>0_0_0",NA,"NK","NK","NAO","27.3.D.30",NA,"NGI",NA,NA,NA,"HER","0.005","3.6744710787",NA,"N"
"Sweden",2013,3,"VL0008","FPO","GNS","FWS","32D90","GNS_FWS_>0_0_0",NA,"NK","NK","NAO","27.3.D.30",NA,"NGI",NA,NA,NA,"TRS","0.1197","388.5819935522",NA,"N"
"Sweden",2013,3,"VL0008","FPO","GNS","FWS","32D90","GNS_FWS_>0_0_0",NA,"NK","NK","NAO","27.3.D.30",NA,"NGI",NA,NA,NA,"WHF","1.0825","4503.0117696025",NA,"N"
"Sweden",2013,3,"VL0008","FPO","GNS","FWS","90D110","GNS_FWS_>0_0_0",NA,"NK","NK","NAO","27.3.D.30",NA,"NGI",NA,NA,NA,"WHF","0.78","3244.6643697829",NA,"N"
"Sweden",2013,3,"VL0008","FPO","GNS","SPF","16D32","GNS_SPF_16-31_0_0",NA,"NK","NK","NAO","27.3.D.30",NA,"NGI",NA,NA,NA,"HER","0.095","41.322437776",NA,"N"
"Sweden",2013,3,"VL0008","FPO","GNS","SPF","32D90","GNS_SPF_32-89_0_0",NA,"NK","NK","NAO","27.3.D.30",NA,"NGI",NA,NA,NA,"HER","5.4442","3215.810010314",NA,"N"
"Sweden",2013,3,"VL0008","NO","FPN","ANA","NK","FPN_ANA_>0_0_0",NA,"NK","NK","NAO","27.3.D.30",NA,"NGI",NA,NA,NA,"FPE","0.004","12.0372549772",NA,"N"
"Sweden",2013,3,"VL0008","NO","FPN","ANA","NK","FPN_ANA_>0_0_0",NA,"NK","NK","NAO","27.3.D.30",NA,"NGI",NA,NA,NA,"SAL","3.0552","10156.1274148265",NA,"N"
"Sweden",2013,3,"VL0008","NO","FPN","ANA","NK","FPN_ANA_>0_0_0",NA,"NK","NK","NAO","27.3.D.30",NA,"NGI",NA,NA,NA,"TRS","0.339","1171.7015274585",NA,"N"
"Sweden",2013,3,"VL0008","NO","FPN","ANA","NK","FPN_ANA_>0_0_0",NA,"NK","NK","NAO","27.3.D.30",NA,"NGI",NA,NA,NA,"WHF","0.923","3839.5195042431",NA,"N"
"Sweden",2013,3,"VL0008","NO","FYK","CAT","NK","FYK_CAT_>0_0_0",NA,"NK","NK","NAO","27.3.D.30",NA,"NGI",NA,NA,NA,"ELE","0.046","466.4481033366",NA,"N"
"Sweden",2013,3,"VL0008","NO","GNS","FWS","32D90","GNS_FWS_>0_0_0",NA,"NK","NK","NAO","27.3.D.30",NA,"NGI",NA,NA,NA,"ELE","0.002","20.280352325",NA,"N"
"Sweden",2013,3,"VL0008","NO","GNS","FWS","32D90","GNS_FWS_>0_0_0",NA,"NK","NK","NAO","27.3.D.30",NA,"NGI",NA,NA,NA,"FID","0.043","0",NA,"N"
"Sweden",2013,3,"VL0008","NO","GNS","FWS","32D90","GNS_FWS_>0_0_0",NA,"NK","NK","NAO","27.3.D.30",NA,"NGI",NA,NA,NA,"FPE","7.041","26345.6277870222",NA,"N"
"Sweden",2013,3,"VL0008","NO","GNS","FWS","32D90","GNS_FWS_>0_0_0",NA,"NK","NK","NAO","27.3.D.30",NA,"NGI",NA,NA,NA,"FPI","0.041","89.7645120818",NA,"N"
"Sweden",2013,3,"VL0008","NO","GNS","FWS","32D90","GNS_FWS_>0_0_0",NA,"NK","NK","NAO","27.3.D.30",NA,"NGI",NA,NA,NA,"FPP","0.004","25.2304030453",NA,"N"
"Sweden",2013,3,"VL0008","NO","GNS","FWS","32D90","GNS_FWS_>0_0_0",NA,"NK","NK","NAO","27.3.D.30",NA,"NGI",NA,NA,NA,"FVE","0.1","415.9826115106",NA,"N"
"Sweden",2013,3,"VL0008","NO","GNS","FWS","32D90","GNS_FWS_>0_0_0",NA,"NK","NK","NAO","27.3.D.30",NA,"NGI",NA,NA,NA,"TRS","0.0906","301.0035207945",NA,"N"
"Sweden",2013,3,"VL0008","NO","GNS","FWS","32D90","GNS_FWS_>0_0_0",NA,"NK","NK","NAO","27.3.D.30",NA,"NGI",NA,NA,NA,"WHF","1.188","4941.8734247462",NA,"N"
"Sweden",2013,3,"VL0008","NO","GNS","FWS","90D110","GNS_FWS_>0_0_0",NA,"NK","NK","NAO","27.3.D.30",NA,"NGI",NA,NA,NA,"FPE","0.48","1800.7341237427",NA,"N"
"Sweden",2013,3,"VL0008","NO","GNS","FWS","90D110","GNS_FWS_>0_0_0",NA,"NK","NK","NAO","27.3.D.30",NA,"NGI",NA,NA,NA,"WHF","0.003","12.4794783453",NA,"N"
"Sweden",2013,3,"VL0008","NO","GNS","SPF","16D32","GNS_SPF_16-31_0_0",NA,"NK","NK","NAO","27.3.D.30",NA,"NGI",NA,NA,NA,"HER","2.5","1375.2298417231",NA,"N"
"Sweden",2013,3,"VL0008","NO","GNS","SPF","32D90","GNS_SPF_32-89_0_0",NA,"NK","NK","NAO","27.3.D.30",NA,"NGI",NA,NA,NA,"HER","7.37","3562.0194737092",NA,"N"
"Sweden",2013,3,"VL0008","PGP","FPN","ANA","NK","FPN_ANA_>0_0_0",NA,"NK","NK","NAO","27.3.D.30",NA,"NGI",NA,NA,NA,"SAL","0.415","1379.5472890143",NA,"N"
"Sweden",2013,3,"VL0008","PGP","FPN","ANA","NK","FPN_ANA_>0_0_0",NA,"NK","NK","NAO","27.3.D.30",NA,"NGI",NA,NA,NA,"TRS","0.012","42.2120388119",NA,"N"
"Sweden",2013,3,"VL0008","PGP","GNS","FWS","32D90","GNS_FWS_>0_0_0",NA,"NK","NK","NAO","27.3.D.30",NA,"NGI",NA,NA,NA,"FPE","0.475","1872.6530552408",NA,"N"
"Sweden",2013,3,"VL0008","PGP","GNS","FWS","32D90","GNS_FWS_>0_0_0",NA,"NK","NK","NAO","27.3.D.30",NA,"NGI",NA,NA,NA,"WHF","0.072","299.5074802877",NA,"N"
"Sweden",2013,3,"VL0812","DFN","FPN","ANA","NK","FPN_ANA_>0_0_0",NA,"NK","NK","NAO","27.3.D.30",NA,"NGI",NA,NA,NA,"SAL","1.673","5561.4038900155",NA,"N"
"Sweden",2013,3,"VL0812","DFN","FPN","ANA","NK","FPN_ANA_>0_0_0",NA,"NK","NK","NAO","27.3.D.30",NA,"NGI",NA,NA,NA,"TRS","0.0605","212.8190290078",NA,"N"
"Sweden",2013,3,"VL0812","DFN","FPN","ANA","NK","FPN_ANA_>0_0_0",NA,"NK","NK","NAO","27.3.D.30",NA,"NGI",NA,NA,NA,"WHF","0.182","757.0883529493",NA,"N"
"Sweden",2013,3,"VL0812","DFN","FPN","FWS","NK","FPN_FWS_>0_0_0",NA,"NK","NK","NAO","27.3.D.30",NA,"NGI",NA,NA,NA,"FID","0.02","0",NA,"N"
"Sweden",2013,3,"VL0812","DFN","FPN","FWS","NK","FPN_FWS_>0_0_0",NA,"NK","NK","NAO","27.3.D.30",NA,"NGI",NA,NA,NA,"FPE","0.068","204.6333345434",NA,"N"
"Sweden",2013,3,"VL0812","DFN","FPN","FWS","NK","FPN_FWS_>0_0_0",NA,"NK","NK","NAO","27.3.D.30",NA,"NGI",NA,NA,NA,"FPI","0.085","170.1721846602",NA,"N"
"Sweden",2013,3,"VL0812","DFN","FPN","FWS","NK","FPN_FWS_>0_0_0",NA,"NK","NK","NAO","27.3.D.30",NA,"NGI",NA,NA,NA,"FRO","0.02","3.670408981",NA,"N"
"Sweden",2013,3,"VL0812","DFN","FPN","FWS","NK","FPN_FWS_>0_0_0",NA,"NK","NK","NAO","27.3.D.30",NA,"NGI",NA,NA,NA,"HER","0.019","7.8037786846",NA,"N"
"Sweden",2013,3,"VL0812","DFN","FYK","CAT","NK","FYK_CAT_>0_0_0",NA,"NK","NK","NAO","27.3.D.30",NA,"NGI",NA,NA,NA,"ELE","0.133","1591.0768284505",NA,"N"
"Sweden",2013,3,"VL0812","DFN","GNS","DEF","110D157","GNS_DEF_110-156_0_0",NA,"NK","NK","NAO","27.3.D.30",NA,"NGI",NA,NA,NA,"COD","0.1","195.5343303582",NA,"N"
"Sweden",2013,3,"VL0812","DFN","GNS","DEF","90D110","GNS_DEF_90-109_0_0",NA,"NK","NK","NAO","27.3.D.30",NA,"NGI",NA,NA,NA,"COD","0.016","36.7780512059",NA,"N"
"Sweden",2013,3,"VL0812","DFN","GNS","DEF","90D110","GNS_DEF_90-109_0_0",NA,"NK","NK","NAO","27.3.D.30",NA,"NGI",NA,NA,NA,"WHF","0.021","87.3563484172",NA,"N"
"Sweden",2013,3,"VL0812","DFN","GNS","FWS","32D90","GNS_FWS_>0_0_0",NA,"NK","NK","NAO","27.3.D.30",NA,"NGI",NA,NA,NA,"FBM","0.002","0",NA,"N"
"Sweden",2013,3,"VL0812","DFN","GNS","FWS","32D90","GNS_FWS_>0_0_0",NA,"NK","NK","NAO","27.3.D.30",NA,"NGI",NA,NA,NA,"FPE","1.768","6413.4028963963",NA,"N"
"Sweden",2013,3,"VL0812","DFN","GNS","FWS","32D90","GNS_FWS_>0_0_0",NA,"NK","NK","NAO","27.3.D.30",NA,"NGI",NA,NA,NA,"FPI","0.002","4.0040514047",NA,"N"
"Sweden",2013,3,"VL0812","DFN","GNS","FWS","32D90","GNS_FWS_>0_0_0",NA,"NK","NK","NAO","27.3.D.30",NA,"NGI",NA,NA,NA,"HER","0.031","13.4599160743",NA,"N"
"Sweden",2013,3,"VL0812","DFN","GNS","FWS","32D90","GNS_FWS_>0_0_0",NA,"NK","NK","NAO","27.3.D.30",NA,"NGI",NA,NA,NA,"TRR","0.004","9.2491964761",NA,"N"
"Sweden",2013,3,"VL0812","DFN","GNS","FWS","32D90","GNS_FWS_>0_0_0",NA,"NK","NK","NAO","27.3.D.30",NA,"NGI",NA,NA,NA,"TRS","0.069","221.8988470761",NA,"N"
"Sweden",2013,3,"VL0812","DFN","GNS","FWS","32D90","GNS_FWS_>0_0_0",NA,"NK","NK","NAO","27.3.D.30",NA,"NGI",NA,NA,NA,"WHF","1.902","7911.9892709321",NA,"N"
"Sweden",2013,3,"VL0812","DFN","GNS","FWS","90D110","GNS_FWS_>0_0_0",NA,"NK","NK","NAO","27.3.D.30",NA,"NGI",NA,NA,NA,"FPE","0.2","750.3058848013",NA,"N"
"Sweden",2013,3,"VL0812","DFN","GNS","FWS","90D110","GNS_FWS_>0_0_0",NA,"NK","NK","NAO","27.3.D.30",NA,"NGI",NA,NA,NA,"HER","0.001","0.7348942156",NA,"N"
"Sweden",2013,3,"VL0812","DFN","GNS","FWS","90D110","GNS_FWS_>0_0_0",NA,"NK","NK","NAO","27.3.D.30",NA,"NGI",NA,NA,NA,"WHF","0.017","70.7170439568",NA,"N"
"Sweden",2013,3,"VL0812","DFN","GNS","SPF","16D32","GNS_SPF_16-31_0_0",NA,"NK","NK","NAO","27.3.D.30",NA,"NGI",NA,NA,NA,"HER","10.66","6658.2812877194",NA,"N"
"Sweden",2013,3,"VL0812","DFN","GNS","SPF","32D90","GNS_SPF_32-89_0_0",NA,"NK","NK","NAO","27.3.D.30",NA,"NGI",NA,NA,NA,"HER","28.004","16968.2740260238",NA,"N"
"Sweden",2013,3,"VL0812","DTS","OTB","SPF","32D90","OTB_SPF_32-89_0_0",NA,"NK","NK","NAO","27.3.D.30",NA,"NGI",NA,NA,NA,"HER","5.46","6059.1323106111",NA,"N"
"Sweden",2013,3,"VL0812","FPO","FPN","ANA","NK","FPN_ANA_>0_0_0",NA,"NK","NK","NAO","27.3.D.30",NA,"NGI",NA,NA,NA,"FPE","0.038","109.8342081532",NA,"N"
"Sweden",2013,3,"VL0812","FPO","FPN","ANA","NK","FPN_ANA_>0_0_0",NA,"NK","NK","NAO","27.3.D.30",NA,"NGI",NA,NA,NA,"FPI","0.0048","8.3242768285",NA,"N"
"Sweden",2013,3,"VL0812","FPO","FPN","ANA","NK","FPN_ANA_>0_0_0",NA,"NK","NK","NAO","27.3.D.30",NA,"NGI",NA,NA,NA,"SAL","2.4675","8410.7958781083",NA,"N"
"Sweden",2013,3,"VL0812","FPO","FPN","ANA","NK","FPN_ANA_>0_0_0",NA,"NK","NK","NAO","27.3.D.30",NA,"NGI",NA,NA,NA,"TRS","0.6325","2057.6037498647",NA,"N"
"Sweden",2013,3,"VL0812","FPO","FPN","ANA","NK","FPN_ANA_>0_0_0",NA,"NK","NK","NAO","27.3.D.30",NA,"NGI",NA,NA,NA,"WHF","0.5561","2313.2793026106",NA,"N"
"Sweden",2013,3,"VL0812","FPO","FYK","ANA","NK","FYK_ANA_>0_0_0",NA,"NK","NK","NAO","27.3.D.30",NA,"NGI",NA,NA,NA,"SAL","0.3264","1085.0222532083",NA,"N"
"Sweden",2013,3,"VL0812","FPO","FYK","ANA","NK","FYK_ANA_>0_0_0",NA,"NK","NK","NAO","27.3.D.30",NA,"NGI",NA,NA,NA,"TRS","0.0314","110.4548348787",NA,"N"
"Sweden",2013,3,"VL0812","FPO","FYK","ANA","NK","FYK_ANA_>0_0_0",NA,"NK","NK","NAO","27.3.D.30",NA,"NGI",NA,NA,NA,"WHF","0.085","353.585219784",NA,"N"
"Sweden",2013,3,"VL0812","FPO","FYK","CAT","NK","FYK_CAT_>0_0_0",NA,"NK","NK","NAO","27.3.D.30",NA,"NGI",NA,NA,NA,"ELE","0.298","2908.5717631281",NA,"N"
"Sweden",2013,3,"VL0812","FPO","FYK","FWS","NK","FYK_FWS_>0_0_0",NA,"NK","NK","NAO","27.3.D.30",NA,"NGI",NA,NA,NA,"FPE","0.062","186.5774520776",NA,"N"
"Sweden",2013,3,"VL0812","FPO","GNS","FWS","32D90","GNS_FWS_>0_0_0",NA,"NK","NK","NAO","27.3.D.30",NA,"NGI",NA,NA,NA,"FPE","0.94","2854.9811572941",NA,"N"
"Sweden",2013,3,"VL0812","FPO","GNS","FWS","32D90","GNS_FWS_>0_0_0",NA,"NK","NK","NAO","27.3.D.30",NA,"NGI",NA,NA,NA,"FPI","0.026","48.3034491757",NA,"N"
"Sweden",2013,3,"VL0812","FPO","GNS","FWS","32D90","GNS_FWS_>0_0_0",NA,"NK","NK","NAO","27.3.D.30",NA,"NGI",NA,NA,NA,"FPP","0.013","78.2400401646",NA,"N"
"Sweden",2013,3,"VL0812","FPO","GNS","FWS","32D90","GNS_FWS_>0_0_0",NA,"NK","NK","NAO","27.3.D.30",NA,"NGI",NA,NA,NA,"FVE","0.98","4076.6295928041",NA,"N"
"Sweden",2013,3,"VL0812","FPO","GNS","FWS","32D90","GNS_FWS_>0_0_0",NA,"NK","NK","NAO","27.3.D.30",NA,"NGI",NA,NA,NA,"TRS","0.034","107.8424275557",NA,"N"
"Sweden",2013,3,"VL0812","FPO","GNS","FWS","32D90","GNS_FWS_>0_0_0",NA,"NK","NK","NAO","27.3.D.30",NA,"NGI",NA,NA,NA,"WHF","0.085","353.585219784",NA,"N"
"Sweden",2013,3,"VL0812","FPO","GNS","SPF","16D32","GNS_SPF_16-31_0_0",NA,"NK","NK","NAO","27.3.D.30",NA,"NGI",NA,NA,NA,"HER","1.61","1020.5842829907",NA,"N"
"Sweden",2013,3,"VL0812","FPO","GNS","SPF","32D90","GNS_SPF_32-89_0_0",NA,"NK","NK","NAO","27.3.D.30",NA,"NGI",NA,NA,NA,"HER","0.15","61.6087790945",NA,"N"
"Sweden",2013,3,"VL1218","DTS","OTB","SPF","32D90","OTB_SPF_32-89_0_0",NA,"NK","NK","NAO","27.3.D.30",NA,"NGI",NA,NA,NA,"HER","4.105","2055.4933524834",NA,"N"
"Sweden",2013,3,"VL1218","DTS","OTM","SPF","16D32","OTM_SPF_16-31_0_0",NA,"NK","NK","NAO","27.3.D.30",NA,"NGI",NA,NA,NA,"HER","337.75","71720.188189042",NA,"N"
"Sweden",2013,3,"VL1218","DTS","OTM","SPF","16D32","OTM_SPF_16-31_0_0",NA,"NK","NK","NAO","27.3.D.30",NA,"NGI",NA,NA,NA,"SPR","0.2","42.4399380304",NA,"N"
"Sweden",2013,3,"VL1824","DTS","OTB","SPF","32D90","OTB_SPF_32-89_0_0",NA,"NK","NK","NAO","27.3.D.30",NA,"NGI",NA,NA,NA,"HER","40.2","29542.747464564",NA,"N"
"Sweden",2013,3,"VL1824","DTS","OTB","SPF","32D90","OTB_SPF_32-89_0_0",NA,"NK","NK","NAO","27.3.D.30",NA,"NGI",NA,NA,NA,"SPR","0.3","79.4725604782",NA,"N"
"Sweden",2013,3,"VL1824","TM","OTB","SPF","32D90","OTB_SPF_32-89_0_0",NA,"NK","NK","NAO","27.3.D.30",NA,"NGI",NA,NA,NA,"HER","1.14","659.005248919",NA,"N"
"Sweden",2013,3,"VL1824","TM","OTM","SPF","16D32","OTM_SPF_16-31_0_0",NA,"NK","NK","NAO","27.3.D.30",NA,"NGI",NA,NA,NA,"HER","546.6","117207.731638287",NA,"N"
"Sweden",2013,3,"VL1824","TM","OTM","SPF","16D32","OTM_SPF_16-31_0_0",NA,"NK","NK","NAO","27.3.D.30",NA,"NGI",NA,NA,NA,"SPR","3.2","714.0696794691",NA,"N"
"Sweden",2013,3,"VL1824","TM","OTM","SPF","32D90","OTM_SPF_32-89_0_0",NA,"NK","NK","NAO","27.3.D.30",NA,"NGI",NA,NA,NA,"HER","5.4","2728.5129604366",NA,"N"
"Sweden",2013,3,"VL2440","DTS","OTB","SPF","16D32","OTB_SPF_16-31_0_0",NA,"NK","NK","NAO","27.3.D.30",NA,"NGI",NA,NA,NA,"HER","207.2","44050.4437194487",NA,"N"
"Sweden",2013,3,"VL2440","DTS","OTB","SPF","16D32","OTB_SPF_16-31_0_0",NA,"NK","NK","NAO","27.3.D.30",NA,"NGI",NA,NA,NA,"SPR","1.35","286.7392536037",NA,"N"
"Sweden",2013,3,"VL2440","DTS","OTM","SPF","16D32","OTM_SPF_16-31_0_0",NA,"NK","NK","NAO","27.3.D.30",NA,"NGI",NA,NA,NA,"HER","393","83426.478417",NA,"N"
"Sweden",2013,3,"VL2440","DTS","OTM","SPF","16D32","OTM_SPF_16-31_0_0",NA,"NK","NK","NAO","27.3.D.30",NA,"NGI",NA,NA,NA,"SKB","7","1493.5044734895",NA,"N"
"Sweden",2013,3,"VL2440","TM","OTM","SPF","16D32","OTM_SPF_16-31_0_0",NA,"NK","NK","NAO","27.3.D.30",NA,"NGI",NA,NA,NA,"HER","228.5","48516.6078502555",NA,"N"
"Sweden",2013,4,"VL0008","DFN","FYK","FWS","NK","FYK_FWS_>0_0_0",NA,"NK","NK","NAO","27.3.D.30",NA,"NGI",NA,NA,NA,"FBU","0.006","9.7365399461",NA,"N"
"Sweden",2013,4,"VL0008","DFN","FYK","FWS","NK","FYK_FWS_>0_0_0",NA,"NK","NK","NAO","27.3.D.30",NA,"NGI",NA,NA,NA,"FPE","0.002","5.9133361378",NA,"N"
"Sweden",2013,4,"VL0008","DFN","FYK","FWS","NK","FYK_FWS_>0_0_0",NA,"NK","NK","NAO","27.3.D.30",NA,"NGI",NA,NA,NA,"FPI","0.013","29.4378135963",NA,"N"
"Sweden",2013,4,"VL0008","DFN","GNS","FWS","32D90","GNS_FWS_>0_0_0",NA,"NK","NK","NAO","27.3.D.30",NA,"NGI",NA,NA,NA,"FBU","0.012","19.4730798899",NA,"N"
"Sweden",2013,4,"VL0008","DFN","GNS","FWS","32D90","GNS_FWS_>0_0_0",NA,"NK","NK","NAO","27.3.D.30",NA,"NGI",NA,NA,NA,"FPE","0.383","1262.0501478091",NA,"N"
"Sweden",2013,4,"VL0008","DFN","GNS","FWS","32D90","GNS_FWS_>0_0_0",NA,"NK","NK","NAO","27.3.D.30",NA,"NGI",NA,NA,NA,"FPI","0.031","64.8642012151",NA,"N"
"Sweden",2013,4,"VL0008","DFN","GNS","FWS","32D90","GNS_FWS_>0_0_0",NA,"NK","NK","NAO","27.3.D.30",NA,"NGI",NA,NA,NA,"FPP","0.002","13.5147042223",NA,"N"
"Sweden",2013,4,"VL0008","DFN","GNS","FWS","32D90","GNS_FWS_>0_0_0",NA,"NK","NK","NAO","27.3.D.30",NA,"NGI",NA,NA,NA,"HER","0.036","15.0441784794",NA,"N"
"Sweden",2013,4,"VL0008","DFN","GNS","FWS","32D90","GNS_FWS_>0_0_0",NA,"NK","NK","NAO","27.3.D.30",NA,"NGI",NA,NA,NA,"TRS","0.0825","287.9617645166",NA,"N"
"Sweden",2013,4,"VL0008","DFN","GNS","FWS","32D90","GNS_FWS_>0_0_0",NA,"NK","NK","NAO","27.3.D.30",NA,"NGI",NA,NA,NA,"WHF","1.2935","5380.7350798899",NA,"N"
"Sweden",2013,4,"VL0008","DFN","GNS","FWS","90D110","GNS_FWS_>0_0_0",NA,"NK","NK","NAO","27.3.D.30",NA,"NGI",NA,NA,NA,"FPE","0.115","394.5269884848",NA,"N"
"Sweden",2013,4,"VL0008","DFN","GNS","FWS","90D110","GNS_FWS_>0_0_0",NA,"NK","NK","NAO","27.3.D.30",NA,"NGI",NA,NA,NA,"TRS","0.187","652.7133329479",NA,"N"
"Sweden",2013,4,"VL0008","DFN","GNS","FWS","90D110","GNS_FWS_>0_0_0",NA,"NK","NK","NAO","27.3.D.30",NA,"NGI",NA,NA,NA,"WHF","0.522","2171.4292320855",NA,"N"
"Sweden",2013,4,"VL0008","DFN","GNS","SPF","16D32","GNS_SPF_16-31_0_0",NA,"NK","NK","NAO","27.3.D.30",NA,"NGI",NA,NA,NA,"HER","1.85","789.8438149467",NA,"N"
"Sweden",2013,4,"VL0008","DFN","GNS","SPF","32D90","GNS_SPF_32-89_0_0",NA,"NK","NK","NAO","27.3.D.30",NA,"NGI",NA,NA,NA,"HER","1.055","421.2297669577",NA,"N"
"Sweden",2013,4,"VL0008","DFN","NK","NK","NK","NK",NA,"NK","NK","NAO","27.3.D.30",NA,"NGI",NA,NA,NA,"FPI","0.002","4.8589853157",NA,"N"
"Sweden",2013,4,"VL0008","FPO","FPN","ANA","NK","FPN_ANA_>0_0_0",NA,"NK","NK","NAO","27.3.D.30",NA,"NGI",NA,NA,NA,"TRS","0.084","293.1974329664",NA,"N"
"Sweden",2013,4,"VL0008","FPO","FPN","ANA","NK","FPN_ANA_>0_0_0",NA,"NK","NK","NAO","27.3.D.30",NA,"NGI",NA,NA,NA,"WHF","0.08","332.7860892085",NA,"N"
"Sweden",2013,4,"VL0008","FPO","FPO","FWS",NA,"FPO_FWS_>0_0_0",NA,"NK","NK","NAO","27.3.D.30",NA,"NGI",NA,NA,NA,"FRO","0.095","17.4344426608",NA,"N"
"Sweden",2013,4,"VL0008","FPO","GNS","ANA","90D110","GNS_ANA_90-109_0_0",NA,"NK","NK","NAO","27.3.D.30",NA,"NGI",NA,NA,NA,"TRS","0.209","729.5031367841",NA,"N"
"Sweden",2013,4,"VL0008","FPO","GNS","FWS","32D90","GNS_FWS_>0_0_0",NA,"NK","NK","NAO","27.3.D.30",NA,"NGI",NA,NA,NA,"FPE","0.0985","322.310368525",NA,"N"
"Sweden",2013,4,"VL0008","FPO","GNS","FWS","32D90","GNS_FWS_>0_0_0",NA,"NK","NK","NAO","27.3.D.30",NA,"NGI",NA,NA,NA,"FPI","0.0452","94.7792281904",NA,"N"
"Sweden",2013,4,"VL0008","FPO","GNS","FWS","32D90","GNS_FWS_>0_0_0",NA,"NK","NK","NAO","27.3.D.30",NA,"NGI",NA,NA,NA,"FPP","0.0118","79.8284445626",NA,"N"
"Sweden",2013,4,"VL0008","FPO","GNS","FWS","32D90","GNS_FWS_>0_0_0",NA,"NK","NK","NAO","27.3.D.30",NA,"NGI",NA,NA,NA,"HER","0.043","18.2139231045",NA,"N"
"Sweden",2013,4,"VL0008","FPO","GNS","FWS","32D90","GNS_FWS_>0_0_0",NA,"NK","NK","NAO","27.3.D.30",NA,"NGI",NA,NA,NA,"TRS","0.1058","369.2891476114",NA,"N"
"Sweden",2013,4,"VL0008","FPO","GNS","FWS","32D90","GNS_FWS_>0_0_0",NA,"NK","NK","NAO","27.3.D.30",NA,"NGI",NA,NA,NA,"WHF","0.209","869.4036580572",NA,"N"
"Sweden",2013,4,"VL0008","FPO","GNS","SPF","32D90","GNS_SPF_32-89_0_0",NA,"NK","NK","NAO","27.3.D.30",NA,"NGI",NA,NA,NA,"HER","0.295","126.8790060813",NA,"N"
"Sweden",2013,4,"VL0008","FPO","NK","NK","NK","NK",NA,"NK","NK","NAO","27.3.D.30",NA,"NGI",NA,NA,NA,"FBU","0.004","6.4910266307",NA,"N"
"Sweden",2013,4,"VL0008","NO","FPN","ANA","NK","FPN_ANA_>0_0_0",NA,"NK","NK","NAO","27.3.D.30",NA,"NGI",NA,NA,NA,"TRS","0.008","27.923565045",NA,"N"
"Sweden",2013,4,"VL0008","NO","FPN","ANA","NK","FPN_ANA_>0_0_0",NA,"NK","NK","NAO","27.3.D.30",NA,"NGI",NA,NA,NA,"WHF","0.099","411.8227853955",NA,"N"
"Sweden",2013,4,"VL0008","NO","FPN","FWS","NK","FPN_FWS_>0_0_0",NA,"NK","NK","NAO","27.3.D.30",NA,"NGI",NA,NA,NA,"FBM","0.22","0",NA,"N"
"Sweden",2013,4,"VL0008","NO","FPN","FWS","NK","FPN_FWS_>0_0_0",NA,"NK","NK","NAO","27.3.D.30",NA,"NGI",NA,NA,NA,"FBU","0.002","3.2455133154",NA,"N"
"Sweden",2013,4,"VL0008","NO","FPN","FWS","NK","FPN_FWS_>0_0_0",NA,"NK","NK","NAO","27.3.D.30",NA,"NGI",NA,NA,NA,"FPI","0.085","145.7151320092",NA,"N"
"Sweden",2013,4,"VL0008","NO","FYK","FWS","NK","FYK_FWS_>0_0_0",NA,"NK","NK","NAO","27.3.D.30",NA,"NGI",NA,NA,NA,"FPE","0.047","162.4708785581",NA,"N"
"Sweden",2013,4,"VL0008","NO","GNS","FWS","32D90","GNS_FWS_>0_0_0",NA,"NK","NK","NAO","27.3.D.30",NA,"NGI",NA,NA,NA,"FPE","0.328","1124.7457673133",NA,"N"
"Sweden",2013,4,"VL0008","NO","GNS","FWS","32D90","GNS_FWS_>0_0_0",NA,"NK","NK","NAO","27.3.D.30",NA,"NGI",NA,NA,NA,"FVE","0.921","3831.1998520129",NA,"N"
"Sweden",2013,4,"VL0008","NO","GNS","FWS","32D90","GNS_FWS_>0_0_0",NA,"NK","NK","NAO","27.3.D.30",NA,"NGI",NA,NA,NA,"HER","0.025","10.8722875262",NA,"N"
"Sweden",2013,4,"VL0008","NO","GNS","FWS","32D90","GNS_FWS_>0_0_0",NA,"NK","NK","NAO","27.3.D.30",NA,"NGI",NA,NA,NA,"TRS","0.029","101.222923286",NA,"N"
"Sweden",2013,4,"VL0008","NO","GNS","FWS","32D90","GNS_FWS_>0_0_0",NA,"NK","NK","NAO","27.3.D.30",NA,"NGI",NA,NA,NA,"WHF","0.328","1364.4229657549",NA,"N"
"Sweden",2013,4,"VL0008","NO","GNS","SPF","16D32","GNS_SPF_16-31_0_0",NA,"NK","NK","NAO","27.3.D.30",NA,"NGI",NA,NA,NA,"HER","0.15","63.5369410826",NA,"N"
"Sweden",2013,4,"VL0008","NO","GNS","SPF","32D90","GNS_SPF_32-89_0_0",NA,"NK","NK","NAO","27.3.D.30",NA,"NGI",NA,NA,NA,"FPE","0.065","179.2259905889",NA,"N"
"Sweden",2013,4,"VL0008","NO","GNS","SPF","32D90","GNS_SPF_32-89_0_0",NA,"NK","NK","NAO","27.3.D.30",NA,"NGI",NA,NA,NA,"HER","0.249","108.2879837665",NA,"N"
"Sweden",2013,4,"VL0008","PGP","GNS","FWS","32D90","GNS_FWS_>0_0_0",NA,"NK","NK","NAO","27.3.D.30",NA,"NGI",NA,NA,NA,"FPE","0.17","587.6606246676",NA,"N"
"Sweden",2013,4,"VL0008","PGP","GNS","FWS","32D90","GNS_FWS_>0_0_0",NA,"NK","NK","NAO","27.3.D.30",NA,"NGI",NA,NA,NA,"WHF","0.04","166.3930446043",NA,"N"
"Sweden",2013,4,"VL0812","DFN","FPN","FWS","NK","FPN_FWS_>0_0_0",NA,"NK","NK","NAO","27.3.D.30",NA,"NGI",NA,NA,NA,"FBM","0.282","0",NA,"N"
"Sweden",2013,4,"VL0812","DFN","FPN","FWS","NK","FPN_FWS_>0_0_0",NA,"NK","NK","NAO","27.3.D.30",NA,"NGI",NA,NA,NA,"FPE","0.019","65.679716874",NA,"N"
"Sweden",2013,4,"VL0812","DFN","FPN","FWS","NK","FPN_FWS_>0_0_0",NA,"NK","NK","NAO","27.3.D.30",NA,"NGI",NA,NA,NA,"FPI","0.174","366.6808712743",NA,"N"
"Sweden",2013,4,"VL0812","DFN","GNS","ANA","90D110","GNS_ANA_90-109_0_0",NA,"NK","NK","NAO","27.3.D.30",NA,"NGI",NA,NA,NA,"TRR","0.06","138.7379471408",NA,"N"
"Sweden",2013,4,"VL0812","DFN","GNS","DEF","110D157","GNS_DEF_110-156_0_0",NA,"NK","NK","NAO","27.3.D.30",NA,"NGI",NA,NA,NA,"COD","0.004","4.5648408988",NA,"N"
"Sweden",2013,4,"VL0812","DFN","GNS","DEF","90D110","GNS_DEF_90-109_0_0",NA,"NK","NK","NAO","27.3.D.30",NA,"NGI",NA,NA,NA,"COD","0.024","27.3890453904",NA,"N"
"Sweden",2013,4,"VL0812","DFN","GNS","FWS","32D90","GNS_FWS_>0_0_0",NA,"NK","NK","NAO","27.3.D.30",NA,"NGI",NA,NA,NA,"FBU","0.007","11.3592966032",NA,"N"
"Sweden",2013,4,"VL0812","DFN","GNS","FWS","32D90","GNS_FWS_>0_0_0",NA,"NK","NK","NAO","27.3.D.30",NA,"NGI",NA,NA,NA,"FPE","0.15","518.5240804946",NA,"N"
"Sweden",2013,4,"VL0812","DFN","GNS","FWS","32D90","GNS_FWS_>0_0_0",NA,"NK","NK","NAO","27.3.D.30",NA,"NGI",NA,NA,NA,"SAL","0.001","3.0968291777",NA,"N"
"Sweden",2013,4,"VL0812","DFN","GNS","FWS","32D90","GNS_FWS_>0_0_0",NA,"NK","NK","NAO","27.3.D.30",NA,"NGI",NA,NA,NA,"TRS","0.06","209.4267378662",NA,"N"
"Sweden",2013,4,"VL0812","DFN","GNS","FWS","32D90","GNS_FWS_>0_0_0",NA,"NK","NK","NAO","27.3.D.30",NA,"NGI",NA,NA,NA,"WHF","0.861","3581.6102851065",NA,"N"
"Sweden",2013,4,"VL0812","DFN","GNS","FWS","90D110","GNS_FWS_>0_0_0",NA,"NK","NK","NAO","27.3.D.30",NA,"NGI",NA,NA,NA,"TRS","0.008","27.923565045",NA,"N"
"Sweden",2013,4,"VL0812","DFN","GNS","FWS","90D110","GNS_FWS_>0_0_0",NA,"NK","NK","NAO","27.3.D.30",NA,"NGI",NA,NA,NA,"WHF","0.022","91.5161745323",NA,"N"
"Sweden",2013,4,"VL0812","DFN","GNS","SPF","16D32","GNS_SPF_16-31_0_0",NA,"NK","NK","NAO","27.3.D.30",NA,"NGI",NA,NA,NA,"HER","2.14","920.2608698869",NA,"N"
"Sweden",2013,4,"VL0812","DFN","GNS","SPF","32D90","GNS_SPF_32-89_0_0",NA,"NK","NK","NAO","27.3.D.30",NA,"NGI",NA,NA,NA,"HER","7.365","3165.55750725",NA,"N"
"Sweden",2013,4,"VL0812","DTS","OTB","SPF","32D90","OTB_SPF_32-89_0_0",NA,"NK","NK","NAO","27.3.D.30",NA,"NGI",NA,NA,NA,"HER","7.022","6092.9427143386",NA,"N"
"Sweden",2013,4,"VL0812","FPO","GNS","FWS","32D90","GNS_FWS_>0_0_0",NA,"NK","NK","NAO","27.3.D.30",NA,"NGI",NA,NA,NA,"FPE","0.397","1198.4750224293",NA,"N"
"Sweden",2013,4,"VL0812","FPO","GNS","FWS","32D90","GNS_FWS_>0_0_0",NA,"NK","NK","NAO","27.3.D.30",NA,"NGI",NA,NA,NA,"FPI","0.047","80.5918251902",NA,"N"
"Sweden",2013,4,"VL0812","FPO","GNS","FWS","32D90","GNS_FWS_>0_0_0",NA,"NK","NK","NAO","27.3.D.30",NA,"NGI",NA,NA,NA,"FPP","0.001","3.4684486785",NA,"N"
"Sweden",2013,4,"VL0812","FPO","GNS","FWS","32D90","GNS_FWS_>0_0_0",NA,"NK","NK","NAO","27.3.D.30",NA,"NGI",NA,NA,NA,"FVE","1.48","6156.5426503572",NA,"N"
"Sweden",2013,4,"VL0812","FPO","GNS","FWS","32D90","GNS_FWS_>0_0_0",NA,"NK","NK","NAO","27.3.D.30",NA,"NGI",NA,NA,NA,"WHF","0.1","415.9826115106",NA,"N"
"Sweden",2013,4,"VL0812","FPO","GNS","SPF","16D32","GNS_SPF_16-31_0_0",NA,"NK","NK","NAO","27.3.D.30",NA,"NGI",NA,NA,NA,"HER","0.825","350.3015679932",NA,"N"
"Sweden",2013,4,"VL0812","FPO","GNS","SPF","32D90","GNS_SPF_32-89_0_0",NA,"NK","NK","NAO","27.3.D.30",NA,"NGI",NA,NA,NA,"HER","0.2","86.9783002174",NA,"N"
"Sweden",2013,4,"VL1218","DFN","GNS","DEF","110D157","GNS_DEF_110-156_0_0",NA,"NK","NK","NAO","27.3.D.30",NA,"NGI",NA,NA,NA,"COD","0.004","5.5394329699",NA,"N"
"Sweden",2013,4,"VL1218","DTS","OTB","SPF","32D90","OTB_SPF_32-89_0_0",NA,"NK","NK","NAO","27.3.D.30",NA,"NGI",NA,NA,NA,"HER","23.43","10216.6358741647",NA,"N"
"Sweden",2013,4,"VL1218","DTS","OTM","SPF","16D32","OTM_SPF_16-31_0_0",NA,"NK","NK","NAO","27.3.D.30",NA,"NGI",NA,NA,NA,"HER","246.122","52440.8149319028",NA,"N"
"Sweden",2013,4,"VL1218","DTS","OTM","SPF","16D32","OTM_SPF_16-31_0_0",NA,"NK","NK","NAO","27.3.D.30",NA,"NGI",NA,NA,NA,"SKB","1.4","296.580109603",NA,"N"
"Sweden",2013,4,"VL1824","DTS","OTB","DEF","110DXX","OTB_DEF_>=120_3_120",NA,"NK","NK","NAO","27.3.D.30",NA,"NGI",NA,"T90",NA,"COD","0.003","3.4236306738",NA,"N"
"Sweden",2013,4,"VL1824","TM","OTB","SPF","32D90","OTB_SPF_32-89_0_0",NA,"NK","NK","NAO","27.3.D.30",NA,"NGI",NA,NA,NA,"HER","1.4","867.1121696303",NA,"N"
"Sweden",2013,4,"VL1824","TM","OTM","SPF","16D32","OTM_SPF_16-31_0_0",NA,"NK","NK","NAO","27.3.D.30",NA,"NGI",NA,NA,NA,"HER","392.1","79715.1060551946",NA,"N"
"Sweden",2013,4,"VL1824","TM","OTM","SPF","32D90","OTM_SPF_32-89_0_0",NA,"NK","NK","NAO","27.3.D.30",NA,"NGI",NA,NA,NA,"HER","14.16","7890.9230232155",NA,"N"
"Sweden",2013,4,"VL2440","DTS","OTB","SPF","16D32","OTB_SPF_16-31_0_0",NA,"NK","NK","NAO","27.3.D.30",NA,"NGI",NA,NA,NA,"HER","32","6356.4871228062",NA,"N"
"Sweden",2013,4,"VL2440","DTS","OTB","SPF","16D32","OTB_SPF_16-31_0_0",NA,"NK","NK","NAO","27.3.D.30",NA,"NGI",NA,NA,NA,"SPR","0.35","69.5244231276",NA,"N"
"Sweden",2013,4,"VL2440","DTS","OTM","SPF","16D32","OTM_SPF_16-31_0_0",NA,"NK","NK","NAO","27.3.D.30",NA,"NGI",NA,NA,NA,"HER","770.5","160313.503085879",NA,"N"
"Sweden",2013,4,"VL2440","TM","OTM","SPF","16D32","OTM_SPF_16-31_0_0",NA,"NK","NK","NAO","27.3.D.30",NA,"NGI",NA,NA,NA,"HER","95.5","20935.869324115",NA,"N"
"Sweden",2013,4,"VL40XX","TM","OTM","SPF","16D32","OTM_SPF_16-31_0_0",NA,"NK","NK","NAO","27.3.D.30",NA,"NGI",NA,NA,NA,"HER","563","107086.979621708",NA,"N"
"Sweden",2013,4,"VL40XX","TM","OTM","SPF","16D32","OTM_SPF_16-31_0_0",NA,"NK","NK","NAO","27.3.D.30",NA,"NGI",NA,NA,NA,"SPR","47","8946.3801463685",NA,"N"
"Sweden",2014,1,"VL0008","DFN","FYK","FWS","NK","FYK_FWS_>0_0_0",NA,"NK","NK","NAO","27.3.D.30",NA,"NGI",NA,NA,NA,"FBU","0.011","24.1843285551",NA,"N"
"Sweden",2014,1,"VL0008","DFN","FYK","FWS","NK","FYK_FWS_>0_0_0",NA,"NK","NK","NAO","27.3.D.30",NA,"NGI",NA,NA,NA,"FPI","0.001","1.360575786",NA,"N"
"Sweden",2014,1,"VL0008","DFN","GNS","FWS","32D90","GNS_FWS_>0_0_0",NA,"NK","NK","NAO","27.3.D.30",NA,"NGI",NA,NA,NA,"FBU","0.0016","3.5177205171",NA,"N"
"Sweden",2014,1,"VL0008","DFN","GNS","FWS","32D90","GNS_FWS_>0_0_0",NA,"NK","NK","NAO","27.3.D.30",NA,"NGI",NA,NA,NA,"FPE","0.2131","536.4512081413",NA,"N"
"Sweden",2014,1,"VL0008","DFN","GNS","FWS","32D90","GNS_FWS_>0_0_0",NA,"NK","NK","NAO","27.3.D.30",NA,"NGI",NA,NA,NA,"FPI","0.009","11.3264037914",NA,"N"
"Sweden",2014,1,"VL0008","DFN","GNS","FWS","32D90","GNS_FWS_>0_0_0",NA,"NK","NK","NAO","27.3.D.30",NA,"NGI",NA,NA,NA,"FPP","0.003","16.4084020425",NA,"N"
"Sweden",2014,1,"VL0008","DFN","GNS","FWS","32D90","GNS_FWS_>0_0_0",NA,"NK","NK","NAO","27.3.D.30",NA,"NGI",NA,NA,NA,"TRS","0.098","339.7100648569",NA,"N"
"Sweden",2014,1,"VL0008","DFN","GNS","FWS","32D90","GNS_FWS_>0_0_0",NA,"NK","NK","NAO","27.3.D.30",NA,"NGI",NA,NA,NA,"WHF","0.5079","1565.5522821212",NA,"N"
"Sweden",2014,1,"VL0008","DFN","GNS","FWS","90D110","GNS_FWS_>0_0_0",NA,"NK","NK","NAO","27.3.D.30",NA,"NGI",NA,NA,NA,"FPE","0.007","17.287938319",NA,"N"
"Sweden",2014,1,"VL0008","DFN","GNS","FWS","90D110","GNS_FWS_>0_0_0",NA,"NK","NK","NAO","27.3.D.30",NA,"NGI",NA,NA,NA,"TRS","0.035","142.3952135806",NA,"N"
"Sweden",2014,1,"VL0008","DFN","GNS","FWS","90D110","GNS_FWS_>0_0_0",NA,"NK","NK","NAO","27.3.D.30",NA,"NGI",NA,NA,NA,"WHF","0.062","191.108961393",NA,"N"
"Sweden",2014,1,"VL0008","DFN","GNS","SPF","16D32","GNS_SPF_16-31_0_0",NA,"NK","NK","NAO","27.3.D.30",NA,"NGI",NA,NA,NA,"HER","0.38","111.2414750242",NA,"N"
"Sweden",2014,1,"VL0008","DFN","GNS","SPF","32D90","GNS_SPF_32-89_0_0",NA,"NK","NK","NAO","27.3.D.30",NA,"NGI",NA,NA,NA,"HER","0.838","244.6399837789",NA,"N"
"Sweden",2014,1,"VL0008","DFN","NK","NK","NK","NK",NA,"NK","NK","NAO","27.3.D.30",NA,"NGI",NA,NA,NA,"FPI","0.005","6.80287893",NA,"N"
"Sweden",2014,1,"VL0008","FPO","FYK","FWS","NK","FYK_FWS_>0_0_0",NA,"NK","NK","NAO","27.3.D.30",NA,"NGI",NA,NA,NA,"FBU","0.082","147.6252369745",NA,"N"
"Sweden",2014,1,"VL0008","FPO","FYK","FWS","NK","FYK_FWS_>0_0_0",NA,"NK","NK","NAO","27.3.D.30",NA,"NGI",NA,NA,NA,"FPI","0.002","2.9875280252",NA,"N"
"Sweden",2014,1,"VL0008","FPO","GNS","FWS","32D90","GNS_FWS_>0_0_0",NA,"NK","NK","NAO","27.3.D.30",NA,"NGI",NA,NA,NA,"FPE","0.003","7.4091164245",NA,"N"
"Sweden",2014,1,"VL0008","FPO","GNS","FWS","32D90","GNS_FWS_>0_0_0",NA,"NK","NK","NAO","27.3.D.30",NA,"NGI",NA,NA,NA,"FPI","0.0014","1.7207119613",NA,"N"
"Sweden",2014,1,"VL0008","FPO","GNS","FWS","32D90","GNS_FWS_>0_0_0",NA,"NK","NK","NAO","27.3.D.30",NA,"NGI",NA,NA,NA,"FPP","0.0014","7.6572542861",NA,"N"
"Sweden",2014,1,"VL0008","FPO","GNS","FWS","32D90","GNS_FWS_>0_0_0",NA,"NK","NK","NAO","27.3.D.30",NA,"NGI",NA,NA,NA,"TRS","0.0036","13.5020329676",NA,"N"
"Sweden",2014,1,"VL0008","FPO","GNS","FWS","32D90","GNS_FWS_>0_0_0",NA,"NK","NK","NAO","27.3.D.30",NA,"NGI",NA,NA,NA,"WHF","0.0075","23.1180195233",NA,"N"
"Sweden",2014,1,"VL0008","FPO","GNS","SPF","32D90","GNS_SPF_32-89_0_0",NA,"NK","NK","NAO","27.3.D.30",NA,"NGI",NA,NA,NA,"HER","0.001","0.2460181069",NA,"N"
"Sweden",2014,1,"VL0008","NO","FPO","FWS",NA,"FPO_FWS_>0_0_0",NA,"NK","NK","NAO","27.3.D.30",NA,"NGI",NA,NA,NA,"FRO","0.045","0",NA,"N"
"Sweden",2014,1,"VL0008","NO","FYK","FWS","NK","FYK_FWS_>0_0_0",NA,"NK","NK","NAO","27.3.D.30",NA,"NGI",NA,NA,NA,"FBU","0.079","108.8275349211",NA,"N"
"Sweden",2014,1,"VL0008","NO","FYK","FWS","NK","FYK_FWS_>0_0_0",NA,"NK","NK","NAO","27.3.D.30",NA,"NGI",NA,NA,NA,"FPE","0.001","2.7753780252",NA,"N"
"Sweden",2014,1,"VL0008","NO","FYK","FWS","NK","FYK_FWS_>0_0_0",NA,"NK","NK","NAO","27.3.D.30",NA,"NGI",NA,NA,NA,"FPI","0.025","35.2130886883",NA,"N"
"Sweden",2014,1,"VL0008","NO","GNS","FWS","110D157","GNS_FWS_>0_0_0",NA,"NK","NK","NAO","27.3.D.30",NA,"NGI",NA,NA,NA,"FBU","0.003","6.5957259696",NA,"N"
"Sweden",2014,1,"VL0008","NO","GNS","FWS","32D90","GNS_FWS_>0_0_0",NA,"NK","NK","NAO","27.3.D.30",NA,"NGI",NA,NA,NA,"FBU","0.012","17.5493423109",NA,"N"
"Sweden",2014,1,"VL0008","NO","GNS","FWS","32D90","GNS_FWS_>0_0_0",NA,"NK","NK","NAO","27.3.D.30",NA,"NGI",NA,NA,NA,"FPE","0.076","190.7250082194",NA,"N"
"Sweden",2014,1,"VL0008","NO","GNS","FWS","32D90","GNS_FWS_>0_0_0",NA,"NK","NK","NAO","27.3.D.30",NA,"NGI",NA,NA,NA,"FPI","0.019","27.7155751066",NA,"N"
"Sweden",2014,1,"VL0008","NO","GNS","FWS","32D90","GNS_FWS_>0_0_0",NA,"NK","NK","NAO","27.3.D.30",NA,"NGI",NA,NA,NA,"WHF","0.109","335.9818837393",NA,"N"
"Sweden",2014,1,"VL0008","NO","NK","NK","NK","NK",NA,"NK","NK","NAO","27.3.D.30",NA,"NGI",NA,NA,NA,"FPI","0.069","93.6692024107",NA,"N"
"Sweden",2014,1,"VL0008","NO","NK","NK","NK","NK",NA,"NK","NK","NAO","27.3.D.30",NA,"NGI",NA,NA,NA,"FRO","0.1","0",NA,"N"
"Sweden",2014,1,"VL0008","PGP","FPO","FWS",NA,"FPO_FWS_>0_0_0",NA,"NK","NK","NAO","27.3.D.30",NA,"NGI",NA,NA,NA,"FRO","0.083","0",NA,"N"
"Sweden",2014,1,"VL0812","DFN","FYK","FWS","NK","FYK_FWS_>0_0_0",NA,"NK","NK","NAO","27.3.D.30",NA,"NGI",NA,NA,NA,"FBU","0.03","65.9572596957",NA,"N"
"Sweden",2014,1,"VL0812","DFN","FYK","FWS","NK","FYK_FWS_>0_0_0",NA,"NK","NK","NAO","27.3.D.30",NA,"NGI",NA,NA,NA,"FPE","0.02","55.5075605158",NA,"N"
"Sweden",2014,1,"VL0812","DFN","FYK","FWS","NK","FYK_FWS_>0_0_0",NA,"NK","NK","NAO","27.3.D.30",NA,"NGI",NA,NA,NA,"FPI","0.04","54.4230314396",NA,"N"
"Sweden",2014,1,"VL0812","DFN","GNS","SPF","16D32","GNS_SPF_16-31_0_0",NA,"NK","NK","NAO","27.3.D.30",NA,"NGI",NA,NA,NA,"HER","0.605","177.1081378067",NA,"N"
"Sweden",2014,1,"VL0812","DFN","GNS","SPF","32D90","GNS_SPF_32-89_0_0",NA,"NK","NK","NAO","27.3.D.30",NA,"NGI",NA,NA,NA,"HER","1.858","527.8331227903",NA,"N"
"Sweden",2014,1,"VL0812","DFN","OTB","SPF","32D90","OTB_SPF_32-89_0_0",NA,"NK","NK","NAO","27.3.D.30",NA,"NGI",NA,NA,NA,"HER","1.5","1648.9314923929",NA,"N"
"Sweden",2014,1,"VL0812","DTS","OTB","SPF","32D90","OTB_SPF_32-89_0_0",NA,"NK","NK","NAO","27.3.D.30",NA,"NGI",NA,NA,NA,"HER","3.5","3605.5427341922",NA,"N"
"Sweden",2014,1,"VL1218","DTS","PTB","SPF","32D90","PTB_SPF_32-89_0_0",NA,"NK","NK","NAO","27.3.D.30",NA,"NGI",NA,NA,NA,"HER","4.65","5111.6876264181",NA,"N"
"Sweden",2014,1,"VL1218","TM","OTM","SPF","16D32","OTM_SPF_16-31_0_0",NA,"NK","NK","NAO","27.3.D.30",NA,"NGI",NA,NA,NA,"HER","133.8","39168.7088217835",NA,"N"
"Sweden",2014,1,"VL1218","TM","OTM","SPF","16D32","OTM_SPF_16-31_0_0",NA,"NK","NK","NAO","27.3.D.30",NA,"NGI",NA,NA,NA,"SPR","14.9","3625.2237266401",NA,"N"
"Sweden",2014,1,"VL1824","TM","OTB","SPF","32D90","OTB_SPF_32-89_0_0",NA,"NK","NK","NAO","27.3.D.30",NA,"NGI",NA,NA,NA,"HER","2.7","1845.5311168763",NA,"N"
"Sweden",2014,1,"VL1824","TM","OTM","SPF","16D32","OTM_SPF_16-31_0_0",NA,"NK","NK","NAO","27.3.D.30",NA,"NGI",NA,NA,NA,"HER","660.3","112087.980335503",NA,"N"
"Sweden",2014,1,"VL1824","TM","OTM","SPF","16D32","OTM_SPF_16-31_0_0",NA,"NK","NK","NAO","27.3.D.30",NA,"NGI",NA,NA,NA,"SPR","15.9","2692.4803914673",NA,"N"
"Sweden",2014,1,"VL1824","TM","OTM","SPF","32D90","OTM_SPF_32-89_0_0",NA,"NK","NK","NAO","27.3.D.30",NA,"NGI",NA,NA,NA,"HER","13.95","8488.1087691276",NA,"N"
"Sweden",2014,1,"VL2440","DTS","OTB","SPF","16D32","OTB_SPF_16-31_0_0",NA,"NK","NK","NAO","27.3.D.30",NA,"NGI",NA,NA,NA,"HER","796.6","181661.907101288",NA,"N"
"Sweden",2014,1,"VL2440","DTS","OTB","SPF","16D32","OTB_SPF_16-31_0_0",NA,"NK","NK","NAO","27.3.D.30",NA,"NGI",NA,NA,NA,"SPR","4.049","860.000410596",NA,"N"
"Sweden",2014,1,"VL2440","TM","OTM","SPF","16D32","OTM_SPF_16-31_0_0",NA,"NK","NK","NAO","27.3.D.30",NA,"NGI",NA,NA,NA,"HER","888.22","236487.07760706",NA,"N"
"Sweden",2014,1,"VL2440","TM","OTM","SPF","16D32","OTM_SPF_16-31_0_0",NA,"NK","NK","NAO","27.3.D.30",NA,"NGI",NA,NA,NA,"OTH","0.2","34.9584469264",NA,"N"
"Sweden",2014,1,"VL2440","TM","OTM","SPF","16D32","OTM_SPF_16-31_0_0",NA,"NK","NK","NAO","27.3.D.30",NA,"NGI",NA,NA,NA,"SPR","38.09","9191.1544817199",NA,"N"
"Sweden",2014,1,"VL40XX","TM","OTM","SPF","16D32","OTM_SPF_16-31_0_0",NA,"NK","NK","NAO","27.3.D.30",NA,"NGI",NA,NA,NA,"HER","455","109021.832722496",NA,"N"
"Sweden",2014,1,"VL40XX","TM","OTM","SPF","16D32","OTM_SPF_16-31_0_0",NA,"NK","NK","NAO","27.3.D.30",NA,"NGI",NA,NA,NA,"OTH","1.5","262.5164564902",NA,"N"
"Sweden",2014,1,"VL40XX","TM","OTM","SPF","16D32","OTM_SPF_16-31_0_0",NA,"NK","NK","NAO","27.3.D.30",NA,"NGI",NA,NA,NA,"SPR","6.5","1521.9637674787",NA,"N"
"Sweden",2014,2,"VL0008","DFN","FPN","ANA","NK","FPN_ANA_>0_0_0",NA,"NK","NK","NAO","27.3.D.30",NA,"NGI",NA,NA,NA,"FPI","0.002","3.3252685362",NA,"N"
"Sweden",2014,2,"VL0008","DFN","FPN","ANA","NK","FPN_ANA_>0_0_0",NA,"NK","NK","NAO","27.3.D.30",NA,"NGI",NA,NA,NA,"HER","0.6","263.8290387829",NA,"N"
"Sweden",2014,2,"VL0008","DFN","FPN","ANA","NK","FPN_ANA_>0_0_0",NA,"NK","NK","NAO","27.3.D.30",NA,"NGI",NA,NA,NA,"SAL","8.6471","23813.9008400207",NA,"N"
"Sweden",2014,2,"VL0008","DFN","FPN","ANA","NK","FPN_ANA_>0_0_0",NA,"NK","NK","NAO","27.3.D.30",NA,"NGI",NA,NA,NA,"TRS","1.0241","3476.636552048",NA,"N"
"Sweden",2014,2,"VL0008","DFN","FPN","ANA","NK","FPN_ANA_>0_0_0",NA,"NK","NK","NAO","27.3.D.30",NA,"NGI",NA,NA,NA,"WHF","2.962","9130.0765104212",NA,"N"
"Sweden",2014,2,"VL0008","DFN","FPO","FWS",NA,"FPO_FWS_>0_0_0",NA,"NK","NK","NAO","27.3.D.30",NA,"NGI",NA,NA,NA,"FPE","0.8","2168.3164761235",NA,"N"
"Sweden",2014,2,"VL0008","DFN","FYK","CAT","NK","FYK_CAT_>0_0_0",NA,"NK","NK","NAO","27.3.D.30",NA,"NGI",NA,NA,NA,"ELE","0.04","285.9096763697",NA,"N"
"Sweden",2014,2,"VL0008","DFN","FYK","FWS","NK","FYK_FWS_>0_0_0",NA,"NK","NK","NAO","27.3.D.30",NA,"NGI",NA,NA,NA,"FPE","0.003","6.8821704852",NA,"N"
"Sweden",2014,2,"VL0008","DFN","FYK","FWS","NK","FYK_FWS_>0_0_0",NA,"NK","NK","NAO","27.3.D.30",NA,"NGI",NA,NA,NA,"FPI","0.043","55.9075640335",NA,"N"
"Sweden",2014,2,"VL0008","DFN","GNS","DEF","32D90","GNS_DEF_32-89_0_0",NA,"NK","NK","NAO","27.3.D.30",NA,"NGI",NA,NA,NA,"WHF","0.075","231.1801952335",NA,"N"
"Sweden",2014,2,"VL0008","DFN","GNS","FWS","32D90","GNS_FWS_>0_0_0",NA,"NK","NK","NAO","27.3.D.30",NA,"NGI",NA,NA,NA,"FPE","4.461","11742.2765482697",NA,"N"
"Sweden",2014,2,"VL0008","DFN","GNS","FWS","32D90","GNS_FWS_>0_0_0",NA,"NK","NK","NAO","27.3.D.30",NA,"NGI",NA,NA,NA,"FPI","0.193","320.4453327599",NA,"N"
"Sweden",2014,2,"VL0008","DFN","GNS","FWS","32D90","GNS_FWS_>0_0_0",NA,"NK","NK","NAO","27.3.D.30",NA,"NGI",NA,NA,NA,"FPP","0.014","61.8617535837",NA,"N"
"Sweden",2014,2,"VL0008","DFN","GNS","FWS","32D90","GNS_FWS_>0_0_0",NA,"NK","NK","NAO","27.3.D.30",NA,"NGI",NA,NA,NA,"HER","0.042","42.1560012548",NA,"N"
"Sweden",2014,2,"VL0008","DFN","GNS","FWS","32D90","GNS_FWS_>0_0_0",NA,"NK","NK","NAO","27.3.D.30",NA,"NGI",NA,NA,NA,"TRS","0.3555","1285.9939539563",NA,"N"
"Sweden",2014,2,"VL0008","DFN","GNS","FWS","32D90","GNS_FWS_>0_0_0",NA,"NK","NK","NAO","27.3.D.30",NA,"NGI",NA,NA,NA,"WHF","4.2815","13197.3067452291",NA,"N"
"Sweden",2014,2,"VL0008","DFN","GNS","FWS","90D110","GNS_FWS_>0_0_0",NA,"NK","NK","NAO","27.3.D.30",NA,"NGI",NA,NA,NA,"FPE","0.547","1439.719250033",NA,"N"
"Sweden",2014,2,"VL0008","DFN","GNS","FWS","90D110","GNS_FWS_>0_0_0",NA,"NK","NK","NAO","27.3.D.30",NA,"NGI",NA,NA,NA,"HER","0.03","9.7545306514",NA,"N"
"Sweden",2014,2,"VL0008","DFN","GNS","FWS","90D110","GNS_FWS_>0_0_0",NA,"NK","NK","NAO","27.3.D.30",NA,"NGI",NA,NA,NA,"TRS","0.243","876.8835774448",NA,"N"
"Sweden",2014,2,"VL0008","DFN","GNS","FWS","90D110","GNS_FWS_>0_0_0",NA,"NK","NK","NAO","27.3.D.30",NA,"NGI",NA,NA,NA,"WHF","1.077","3319.7476035529",NA,"N"
"Sweden",2014,2,"VL0008","DFN","GNS","SPF","16D32","GNS_SPF_16-31_0_0",NA,"NK","NK","NAO","27.3.D.30",NA,"NGI",NA,NA,NA,"HER","8.285","3583.6807513631",NA,"N"
"Sweden",2014,2,"VL0008","DFN","GNS","SPF","32D90","GNS_SPF_32-89_0_0",NA,"NK","NK","NAO","27.3.D.30",NA,"NGI",NA,NA,NA,"HER","51.192","40124.0942695009",NA,"N"
"Sweden",2014,2,"VL0008","FPO","FPN","ANA","NK","FPN_ANA_>0_0_0",NA,"NK","NK","NAO","27.3.D.30",NA,"NGI",NA,NA,NA,"FPE","0.004","11.0204825763",NA,"N"
"Sweden",2014,2,"VL0008","FPO","FPN","ANA","NK","FPN_ANA_>0_0_0",NA,"NK","NK","NAO","27.3.D.30",NA,"NGI",NA,NA,NA,"FPP","0.0015","6.6280450268",NA,"N"
"Sweden",2014,2,"VL0008","FPO","FPN","ANA","NK","FPN_ANA_>0_0_0",NA,"NK","NK","NAO","27.3.D.30",NA,"NGI",NA,NA,NA,"SAL","19.8277","58485.6320776625",NA,"N"
"Sweden",2014,2,"VL0008","FPO","FPN","ANA","NK","FPN_ANA_>0_0_0",NA,"NK","NK","NAO","27.3.D.30",NA,"NGI",NA,NA,NA,"TRR","0.0019","0",NA,"N"
"Sweden",2014,2,"VL0008","FPO","FPN","ANA","NK","FPN_ANA_>0_0_0",NA,"NK","NK","NAO","27.3.D.30",NA,"NGI",NA,NA,NA,"TRS","0.9455","3260.9149513488",NA,"N"
"Sweden",2014,2,"VL0008","FPO","FPN","ANA","NK","FPN_ANA_>0_0_0",NA,"NK","NK","NAO","27.3.D.30",NA,"NGI",NA,NA,NA,"WHF","3.0996","9554.2151086096",NA,"N"
"Sweden",2014,2,"VL0008","FPO","FYK","ANA","NK","FYK_ANA_>0_0_0",NA,"NK","NK","NAO","27.3.D.30",NA,"NGI",NA,NA,NA,"FRF","7e-04","3.2846301403",NA,"N"
"Sweden",2014,2,"VL0008","FPO","FYK","ANA","NK","FYK_ANA_>0_0_0",NA,"NK","NK","NAO","27.3.D.30",NA,"NGI",NA,NA,NA,"TRS","0.0015","5.1185424039",NA,"N"
"Sweden",2014,2,"VL0008","FPO","FYK","ANA","NK","FYK_ANA_>0_0_0",NA,"NK","NK","NAO","27.3.D.30",NA,"NGI",NA,NA,NA,"WHF","0.085","262.0042212646",NA,"N"
"Sweden",2014,2,"VL0008","FPO","FYK","CAT","NK","FYK_CAT_>0_0_0",NA,"NK","NK","NAO","27.3.D.30",NA,"NGI",NA,NA,NA,"ELE","0.053","507.6180931756",NA,"N"
"Sweden",2014,2,"VL0008","FPO","GNS","ANA","90D110","GNS_ANA_90-109_0_0",NA,"NK","NK","NAO","27.3.D.30",NA,"NGI",NA,NA,NA,"TRS","0.0214","80.262084865",NA,"N"
"Sweden",2014,2,"VL0008","FPO","GNS","FWS","32D90","GNS_FWS_>0_0_0",NA,"NK","NK","NAO","27.3.D.30",NA,"NGI",NA,NA,NA,"FBU","0.002","1.9592746078",NA,"N"
"Sweden",2014,2,"VL0008","FPO","GNS","FWS","32D90","GNS_FWS_>0_0_0",NA,"NK","NK","NAO","27.3.D.30",NA,"NGI",NA,NA,NA,"FPE","0.5955","1617.5251729048",NA,"N"
"Sweden",2014,2,"VL0008","FPO","GNS","FWS","32D90","GNS_FWS_>0_0_0",NA,"NK","NK","NAO","27.3.D.30",NA,"NGI",NA,NA,NA,"FPI","0.0118","19.6884633607",NA,"N"
"Sweden",2014,2,"VL0008","FPO","GNS","FWS","32D90","GNS_FWS_>0_0_0",NA,"NK","NK","NAO","27.3.D.30",NA,"NGI",NA,NA,NA,"FPP","0.0089","38.2402358082",NA,"N"
"Sweden",2014,2,"VL0008","FPO","GNS","FWS","32D90","GNS_FWS_>0_0_0",NA,"NK","NK","NAO","27.3.D.30",NA,"NGI",NA,NA,NA,"HER","0.0025","1.413624188",NA,"N"
"Sweden",2014,2,"VL0008","FPO","GNS","FWS","32D90","GNS_FWS_>0_0_0",NA,"NK","NK","NAO","27.3.D.30",NA,"NGI",NA,NA,NA,"SAL","0.042","118.2314919532",NA,"N"
"Sweden",2014,2,"VL0008","FPO","GNS","FWS","32D90","GNS_FWS_>0_0_0",NA,"NK","NK","NAO","27.3.D.30",NA,"NGI",NA,NA,NA,"TRS","0.04","136.4944641193",NA,"N"
"Sweden",2014,2,"VL0008","FPO","GNS","FWS","32D90","GNS_FWS_>0_0_0",NA,"NK","NK","NAO","27.3.D.30",NA,"NGI",NA,NA,NA,"WHF","0.273","841.4959106499",NA,"N"
"Sweden",2014,2,"VL0008","FPO","GNS","FWS","90D110","GNS_FWS_>0_0_0",NA,"NK","NK","NAO","27.3.D.30",NA,"NGI",NA,NA,NA,"TRS","0.021","75.1801752484",NA,"N"
"Sweden",2014,2,"VL0008","FPO","GNS","FWS","90D110","GNS_FWS_>0_0_0",NA,"NK","NK","NAO","27.3.D.30",NA,"NGI",NA,NA,NA,"WHF","0.0026","8.0142467681",NA,"N"
"Sweden",2014,2,"VL0008","FPO","GNS","SPF","32D90","GNS_SPF_32-89_0_0",NA,"NK","NK","NAO","27.3.D.30",NA,"NGI",NA,NA,NA,"HER","5.29","2340.2501134245",NA,"N"
"Sweden",2014,2,"VL0008","NO","FPN","ANA","NK","FPN_ANA_>0_0_0",NA,"NK","NK","NAO","27.3.D.30",NA,"NGI",NA,NA,NA,"FPI","0.004","6.6505370735",NA,"N"
"Sweden",2014,2,"VL0008","NO","FPN","ANA","NK","FPN_ANA_>0_0_0",NA,"NK","NK","NAO","27.3.D.30",NA,"NGI",NA,NA,NA,"SAL","0.241","678.4235607796",NA,"N"
"Sweden",2014,2,"VL0008","NO","FPN","ANA","NK","FPN_ANA_>0_0_0",NA,"NK","NK","NAO","27.3.D.30",NA,"NGI",NA,NA,NA,"TRS","0.011","37.5359776251",NA,"N"
"Sweden",2014,2,"VL0008","NO","FPN","ANA","NK","FPN_ANA_>0_0_0",NA,"NK","NK","NAO","27.3.D.30",NA,"NGI",NA,NA,NA,"WHF","0.031","95.5544806965",NA,"N"
"Sweden",2014,2,"VL0008","NO","GNS","FWS","32D90","GNS_FWS_>0_0_0",NA,"NK","NK","NAO","27.3.D.30",NA,"NGI",NA,NA,NA,"FPE","0.054","125.723324015",NA,"N"
"Sweden",2014,2,"VL0008","NO","GNS","FWS","32D90","GNS_FWS_>0_0_0",NA,"NK","NK","NAO","27.3.D.30",NA,"NGI",NA,NA,NA,"TRS","0.066","237.0442457897",NA,"N"
"Sweden",2014,2,"VL0008","NO","GNS","FWS","32D90","GNS_FWS_>0_0_0",NA,"NK","NK","NAO","27.3.D.30",NA,"NGI",NA,NA,NA,"WHF","0.081","249.6746108522",NA,"N"
"Sweden",2014,2,"VL0008","NO","GNS","SPF","16D32","GNS_SPF_16-31_0_0",NA,"NK","NK","NAO","27.3.D.30",NA,"NGI",NA,NA,NA,"HER","0.5","148.2357775262",NA,"N"
"Sweden",2014,2,"VL0008","PGP","FPN","ANA","NK","FPN_ANA_>0_0_0",NA,"NK","NK","NAO","27.3.D.30",NA,"NGI",NA,NA,NA,"SAL","0.006","16.8902131299",NA,"N"
"Sweden",2014,2,"VL0008","PGP","FPN","ANA","NK","FPN_ANA_>0_0_0",NA,"NK","NK","NAO","27.3.D.30",NA,"NGI",NA,NA,NA,"TRS","0.007","23.8865312198",NA,"N"
"Sweden",2014,2,"VL0008","PGP","FPN","ANA","NK","FPN_ANA_>0_0_0",NA,"NK","NK","NAO","27.3.D.30",NA,"NGI",NA,NA,NA,"WHF","0.03","92.4720780934",NA,"N"
"Sweden",2014,2,"VL0008","PGP","GNS","FWS","32D90","GNS_FWS_>0_0_0",NA,"NK","NK","NAO","27.3.D.30",NA,"NGI",NA,NA,NA,"WHF","0.043","132.5433119339",NA,"N"
"Sweden",2014,2,"VL0008","PGP","GNS","SPF","32D90","GNS_SPF_32-89_0_0",NA,"NK","NK","NAO","27.3.D.30",NA,"NGI",NA,NA,NA,"HER","0.4","226.1798701741",NA,"N"
"Sweden",2014,2,"VL0812","DFN","FPN","ANA","NK","FPN_ANA_>0_0_0",NA,"NK","NK","NAO","27.3.D.30",NA,"NGI",NA,NA,NA,"SAL","1.586","4464.646337998",NA,"N"
"Sweden",2014,2,"VL0812","DFN","FPN","ANA","NK","FPN_ANA_>0_0_0",NA,"NK","NK","NAO","27.3.D.30",NA,"NGI",NA,NA,NA,"TRS","0.2242","765.0514713416",NA,"N"
"Sweden",2014,2,"VL0812","DFN","FPN","ANA","NK","FPN_ANA_>0_0_0",NA,"NK","NK","NAO","27.3.D.30",NA,"NGI",NA,NA,NA,"WHF","0.68","2096.033770117",NA,"N"
"Sweden",2014,2,"VL0812","DFN","FYK","ANA","NK","FYK_ANA_>0_0_0",NA,"NK","NK","NAO","27.3.D.30",NA,"NGI",NA,NA,NA,"SAL","0.1255","353.2869580512",NA,"N"
"Sweden",2014,2,"VL0812","DFN","FYK","CAT","NK","FYK_CAT_>0_0_0",NA,"NK","NK","NAO","27.3.D.30",NA,"NGI",NA,NA,NA,"ELE","0.366","2793.7581626396",NA,"N"
"Sweden",2014,2,"VL0812","DFN","FYK","FWS","NK","FYK_FWS_>0_0_0",NA,"NK","NK","NAO","27.3.D.30",NA,"NGI",NA,NA,NA,"FBM","0.104","99.7327934438",NA,"N"
"Sweden",2014,2,"VL0812","DFN","FYK","FWS","NK","FYK_FWS_>0_0_0",NA,"NK","NK","NAO","27.3.D.30",NA,"NGI",NA,NA,NA,"FPE","0.312","845.6434257101",NA,"N"
"Sweden",2014,2,"VL0812","DFN","FYK","FWS","NK","FYK_FWS_>0_0_0",NA,"NK","NK","NAO","27.3.D.30",NA,"NGI",NA,NA,NA,"FPI","0.09","167.7081241755",NA,"N"
"Sweden",2014,2,"VL0812","DFN","FYK","FWS","NK","FYK_FWS_>0_0_0",NA,"NK","NK","NAO","27.3.D.30",NA,"NGI",NA,NA,NA,"WHF","0.008","24.6592208249",NA,"N"
"Sweden",2014,2,"VL0812","DFN","GNS","DEF","110D157","GNS_DEF_110-156_0_0",NA,"NK","NK","NAO","27.3.D.30",NA,"NGI",NA,NA,NA,"COD","0.185","278.110382772",NA,"N"
"Sweden",2014,2,"VL0812","DFN","GNS","FWS","32D90","GNS_FWS_>0_0_0",NA,"NK","NK","NAO","27.3.D.30",NA,"NGI",NA,NA,NA,"FPE","1.42","3816.8417134047",NA,"N"
"Sweden",2014,2,"VL0812","DFN","GNS","FWS","32D90","GNS_FWS_>0_0_0",NA,"NK","NK","NAO","27.3.D.30",NA,"NGI",NA,NA,NA,"HER","0.015","4.4470733269",NA,"N"
"Sweden",2014,2,"VL0812","DFN","GNS","FWS","32D90","GNS_FWS_>0_0_0",NA,"NK","NK","NAO","27.3.D.30",NA,"NGI",NA,NA,NA,"TRR","0.016","0",NA,"N"
"Sweden",2014,2,"VL0812","DFN","GNS","FWS","32D90","GNS_FWS_>0_0_0",NA,"NK","NK","NAO","27.3.D.30",NA,"NGI",NA,NA,NA,"TRS","0.08","287.3087323454",NA,"N"
"Sweden",2014,2,"VL0812","DFN","GNS","FWS","32D90","GNS_FWS_>0_0_0",NA,"NK","NK","NAO","27.3.D.30",NA,"NGI",NA,NA,NA,"WHF","2.569","7918.6922873978",NA,"N"
"Sweden",2014,2,"VL0812","DFN","GNS","FWS","90D110","GNS_FWS_>0_0_0",NA,"NK","NK","NAO","27.3.D.30",NA,"NGI",NA,NA,NA,"FPE","0.405","1106.8788514093",NA,"N"
"Sweden",2014,2,"VL0812","DFN","GNS","FWS","90D110","GNS_FWS_>0_0_0",NA,"NK","NK","NAO","27.3.D.30",NA,"NGI",NA,NA,NA,"FPP","0.435","1816.4724592164",NA,"N"
"Sweden",2014,2,"VL0812","DFN","GNS","FWS","90D110","GNS_FWS_>0_0_0",NA,"NK","NK","NAO","27.3.D.30",NA,"NGI",NA,NA,NA,"WHF","0.835","2573.8061735995",NA,"N"
"Sweden",2014,2,"VL0812","DFN","GNS","SPF","16D32","GNS_SPF_16-31_0_0",NA,"NK","NK","NAO","27.3.D.30",NA,"NGI",NA,NA,NA,"HER","17.47","7653.513946014",NA,"N"
"Sweden",2014,2,"VL0812","DFN","GNS","SPF","32D90","GNS_SPF_32-89_0_0",NA,"NK","NK","NAO","27.3.D.30",NA,"NGI",NA,NA,NA,"COD","0.7","743.8043709876",NA,"N"
"Sweden",2014,2,"VL0812","DFN","GNS","SPF","32D90","GNS_SPF_32-89_0_0",NA,"NK","NK","NAO","27.3.D.30",NA,"NGI",NA,NA,NA,"FPE","0.035","94.8638458359",NA,"N"
"Sweden",2014,2,"VL0812","DFN","GNS","SPF","32D90","GNS_SPF_32-89_0_0",NA,"NK","NK","NAO","27.3.D.30",NA,"NGI",NA,NA,NA,"HER","152.43","131374.256818596",NA,"N"
"Sweden",2014,2,"VL0812","DFN","GNS","SPF","32D90","GNS_SPF_32-89_0_0",NA,"NK","NK","NAO","27.3.D.30",NA,"NGI",NA,NA,NA,"TRS","0.012","40.9483392292",NA,"N"
"Sweden",2014,2,"VL0812","DFN","GNS","SPF","32D90","GNS_SPF_32-89_0_0",NA,"NK","NK","NAO","27.3.D.30",NA,"NGI",NA,NA,NA,"WHF","0.055","169.5321431712",NA,"N"
"Sweden",2014,2,"VL0812","DFN","OTB","SPF","32D90","OTB_SPF_32-89_0_0",NA,"NK","NK","NAO","27.3.D.30",NA,"NGI",NA,NA,NA,"HER","15.15","16654.2080731686",NA,"N"
"Sweden",2014,2,"VL0812","DTS","GNS","SPF","32D90","GNS_SPF_32-89_0_0",NA,"NK","NK","NAO","27.3.D.30",NA,"NGI",NA,NA,NA,"HER","38.52","42002.094118811",NA,"N"
"Sweden",2014,2,"VL0812","DTS","OTB","SPF","32D90","OTB_SPF_32-89_0_0",NA,"NK","NK","NAO","27.3.D.30",NA,"NGI",NA,NA,NA,"HER","22.85","25118.7230674523",NA,"N"
"Sweden",2014,2,"VL0812","FPO","FPN","ANA","NK","FPN_ANA_>0_0_0",NA,"NK","NK","NAO","27.3.D.30",NA,"NGI",NA,NA,NA,"SAL","1.159","3411.3370285045",NA,"N"
"Sweden",2014,2,"VL0812","FPO","FPN","ANA","NK","FPN_ANA_>0_0_0",NA,"NK","NK","NAO","27.3.D.30",NA,"NGI",NA,NA,NA,"TRS","0.0083","27.7954808141",NA,"N"
"Sweden",2014,2,"VL0812","FPO","FPN","ANA","NK","FPN_ANA_>0_0_0",NA,"NK","NK","NAO","27.3.D.30",NA,"NGI",NA,NA,NA,"WHF","0.0122","37.605311758",NA,"N"
"Sweden",2014,2,"VL1218","DFN","GNS","SPF","32D90","GNS_SPF_32-89_0_0",NA,"NK","NK","NAO","27.3.D.30",NA,"NGI",NA,NA,NA,"HER","24.3","34726.4972297951",NA,"N"
"Sweden",2014,2,"VL1218","DTS","GNS","SPF","32D90","GNS_SPF_32-89_0_0",NA,"NK","NK","NAO","27.3.D.30",NA,"NGI",NA,NA,NA,"FVE","2.4","7397.7662474716",NA,"N"
"Sweden",2014,2,"VL1218","DTS","GNS","SPF","32D90","GNS_SPF_32-89_0_0",NA,"NK","NK","NAO","27.3.D.30",NA,"NGI",NA,NA,NA,"HER","88.5","96923.4072721836",NA,"N"
"Sweden",2014,2,"VL1218","DTS","OTB","SPF","32D90","OTB_SPF_32-89_0_0",NA,"NK","NK","NAO","27.3.D.30",NA,"NGI",NA,NA,NA,"FVE","6.8","20960.3377011696",NA,"N"
"Sweden",2014,2,"VL1218","DTS","OTB","SPF","32D90","OTB_SPF_32-89_0_0",NA,"NK","NK","NAO","27.3.D.30",NA,"NGI",NA,NA,NA,"HER","11.6","12751.7368745053",NA,"N"
"Sweden",2014,2,"VL1218","DTS","PTB","SPF","32D90","PTB_SPF_32-89_0_0",NA,"NK","NK","NAO","27.3.D.30",NA,"NGI",NA,NA,NA,"HER","19.65","21601.0025503474",NA,"N"
"Sweden",2014,2,"VL1218","DTS","PTM","SPF","32D90","PTM_SPF_32-89_0_0",NA,"NK","NK","NAO","27.3.D.30",NA,"NGI",NA,NA,NA,"HER","30.6","33638.2024448158",NA,"N"
"Sweden",2014,2,"VL1218","TM","OTM","SPF","16D32","OTM_SPF_16-31_0_0",NA,"NK","NK","NAO","27.3.D.30",NA,"NGI",NA,NA,NA,"HER","848.79","344325.027611578",NA,"N"
"Sweden",2014,2,"VL1218","TM","OTM","SPF","16D32","OTM_SPF_16-31_0_0",NA,"NK","NK","NAO","27.3.D.30",NA,"NGI",NA,NA,NA,"SPR","35.255","7911.501995361",NA,"N"
"Sweden",2014,2,"VL1824","TM","OTB","SPF","32D90","OTB_SPF_32-89_0_0",NA,"NK","NK","NAO","27.3.D.30",NA,"NGI",NA,NA,NA,"HER","2.3","1046.2273078445",NA,"N"
"Sweden",2014,2,"VL1824","TM","OTM","SPF","16D32","OTM_SPF_16-31_0_0",NA,"NK","NK","NAO","27.3.D.30",NA,"NGI",NA,NA,NA,"HER","601.4","235617.811532297",NA,"N"
"Sweden",2014,2,"VL1824","TM","OTM","SPF","16D32","OTM_SPF_16-31_0_0",NA,"NK","NK","NAO","27.3.D.30",NA,"NGI",NA,NA,NA,"SPR","19.7","5230.0228285881",NA,"N"
"Sweden",2014,2,"VL1824","TM","OTM","SPF","32D90","OTM_SPF_32-89_0_0",NA,"NK","NK","NAO","27.3.D.30",NA,"NGI",NA,NA,NA,"HER","20.45","11397.4047072047",NA,"N"
"Sweden",2014,2,"VL2440","DTS","OTB","SPF","16D32","OTB_SPF_16-31_0_0",NA,"NK","NK","NAO","27.3.D.30",NA,"NGI",NA,NA,NA,"HER","631.6","217598.008906198",NA,"N"
"Sweden",2014,2,"VL2440","DTS","OTB","SPF","16D32","OTB_SPF_16-31_0_0",NA,"NK","NK","NAO","27.3.D.30",NA,"NGI",NA,NA,NA,"SPR","7.925","2426.131809149",NA,"N"
"Sweden",2014,2,"VL2440","TM","OTM","SPF","16D32","OTM_SPF_16-31_0_0",NA,"NK","NK","NAO","27.3.D.30",NA,"NGI",NA,NA,NA,"HER","2072.6","740722.601200862",NA,"N"
"Sweden",2014,2,"VL2440","TM","OTM","SPF","16D32","OTM_SPF_16-31_0_0",NA,"NK","NK","NAO","27.3.D.30",NA,"NGI",NA,NA,NA,"SPR","27.4","6661.265732407",NA,"N"
"Sweden",2014,2,"VL40XX","TM","OTM","SPF","16D32","OTM_SPF_16-31_0_0",NA,"NK","NK","NAO","27.3.D.30",NA,"NGI",NA,NA,NA,"HER","3403","701169.589365491",NA,"N"
"Sweden",2014,2,"VL40XX","TM","OTM","SPF","16D32","OTM_SPF_16-31_0_0",NA,"NK","NK","NAO","27.3.D.30",NA,"NGI",NA,NA,NA,"OTH","2.5","437.527427491",NA,"N"
"Sweden",2014,2,"VL40XX","TM","OTM","SPF","16D32","OTM_SPF_16-31_0_0",NA,"NK","NK","NAO","27.3.D.30",NA,"NGI",NA,NA,NA,"SPR","61","13930.619118811",NA,"N"
"Sweden",2014,3,"VL0008","DFN","FPN","ANA","NK","FPN_ANA_>0_0_0",NA,"NK","NK","NAO","27.3.D.30",NA,"NGI",NA,NA,NA,"FPI","0.003","8.7966926051",NA,"N"
"Sweden",2014,3,"VL0008","DFN","FPN","ANA","NK","FPN_ANA_>0_0_0",NA,"NK","NK","NAO","27.3.D.30",NA,"NGI",NA,NA,NA,"SAL","4.1256","12079.920353875",NA,"N"
"Sweden",2014,3,"VL0008","DFN","FPN","ANA","NK","FPN_ANA_>0_0_0",NA,"NK","NK","NAO","27.3.D.30",NA,"NGI",NA,NA,NA,"TRS","0.7081","2365.5395173424",NA,"N"
"Sweden",2014,3,"VL0008","DFN","FPN","ANA","NK","FPN_ANA_>0_0_0",NA,"NK","NK","NAO","27.3.D.30",NA,"NGI",NA,NA,NA,"WHF","0.668","2059.0449388796",NA,"N"
"Sweden",2014,3,"VL0008","DFN","FPO","FWS",NA,"FPO_FWS_>0_0_0",NA,"NK","NK","NAO","27.3.D.30",NA,"NGI",NA,NA,NA,"FPE","1.2","3369.2013477267",NA,"N"
"Sweden",2014,3,"VL0008","DFN","FYK","CAT","NK","FYK_CAT_>0_0_0",NA,"NK","NK","NAO","27.3.D.30",NA,"NGI",NA,NA,NA,"ELE","0.038","266.6478213218",NA,"N"
"Sweden",2014,3,"VL0008","DFN","GNS","FWS","32D90","GNS_FWS_>0_0_0",NA,"NK","NK","NAO","27.3.D.30",NA,"NGI",NA,NA,NA,"FBM","0.345","323.9512506343",NA,"N"
"Sweden",2014,3,"VL0008","DFN","GNS","FWS","32D90","GNS_FWS_>0_0_0",NA,"NK","NK","NAO","27.3.D.30",NA,"NGI",NA,NA,NA,"FPE","15.0439","44706.8849342384",NA,"N"
"Sweden",2014,3,"VL0008","DFN","GNS","FWS","32D90","GNS_FWS_>0_0_0",NA,"NK","NK","NAO","27.3.D.30",NA,"NGI",NA,NA,NA,"FPI","0.393","1276.062987633",NA,"N"
"Sweden",2014,3,"VL0008","DFN","GNS","FWS","32D90","GNS_FWS_>0_0_0",NA,"NK","NK","NAO","27.3.D.30",NA,"NGI",NA,NA,NA,"FPP","0.122","980.662029351",NA,"N"
"Sweden",2014,3,"VL0008","DFN","GNS","FWS","32D90","GNS_FWS_>0_0_0",NA,"NK","NK","NAO","27.3.D.30",NA,"NGI",NA,NA,NA,"FTE","0.02","0",NA,"N"
"Sweden",2014,3,"VL0008","DFN","GNS","FWS","32D90","GNS_FWS_>0_0_0",NA,"NK","NK","NAO","27.3.D.30",NA,"NGI",NA,NA,NA,"FVE","0.097","298.993052502",NA,"N"
"Sweden",2014,3,"VL0008","DFN","GNS","FWS","32D90","GNS_FWS_>0_0_0",NA,"NK","NK","NAO","27.3.D.30",NA,"NGI",NA,NA,NA,"HER","0.482","171.7954296742",NA,"N"
"Sweden",2014,3,"VL0008","DFN","GNS","FWS","32D90","GNS_FWS_>0_0_0",NA,"NK","NK","NAO","27.3.D.30",NA,"NGI",NA,NA,NA,"TRS","0.338","1176.5334570585",NA,"N"
"Sweden",2014,3,"VL0008","DFN","GNS","FWS","32D90","GNS_FWS_>0_0_0",NA,"NK","NK","NAO","27.3.D.30",NA,"NGI",NA,NA,NA,"WHF","7.503","23127.2667311582",NA,"N"
"Sweden",2014,3,"VL0008","DFN","GNS","FWS","90D110","GNS_FWS_>0_0_0",NA,"NK","NK","NAO","27.3.D.30",NA,"NGI",NA,NA,NA,"FPE","1.555","4321.8890664849",NA,"N"
"Sweden",2014,3,"VL0008","DFN","GNS","FWS","90D110","GNS_FWS_>0_0_0",NA,"NK","NK","NAO","27.3.D.30",NA,"NGI",NA,NA,NA,"FPI","0.007","20.5256160738",NA,"N"
"Sweden",2014,3,"VL0008","DFN","GNS","FWS","90D110","GNS_FWS_>0_0_0",NA,"NK","NK","NAO","27.3.D.30",NA,"NGI",NA,NA,NA,"TRS","0.139","499.1987964845",NA,"N"
"Sweden",2014,3,"VL0008","DFN","GNS","FWS","90D110","GNS_FWS_>0_0_0",NA,"NK","NK","NAO","27.3.D.30",NA,"NGI",NA,NA,NA,"WHF","1.241","3825.2616304635",NA,"N"
"Sweden",2014,3,"VL0008","DFN","GNS","SPF","16D32","GNS_SPF_16-31_0_0",NA,"NK","NK","NAO","27.3.D.30",NA,"NGI",NA,NA,NA,"HER","7.84","3537.4533927535",NA,"N"
"Sweden",2014,3,"VL0008","DFN","GNS","SPF","32D90","GNS_SPF_32-89_0_0",NA,"NK","NK","NAO","27.3.D.30",NA,"NGI",NA,NA,NA,"FPE","0.095","309.1685317914",NA,"N"
"Sweden",2014,3,"VL0008","DFN","GNS","SPF","32D90","GNS_SPF_32-89_0_0",NA,"NK","NK","NAO","27.3.D.30",NA,"NGI",NA,NA,NA,"HER","19.148","9550.6957049039",NA,"N"
"Sweden",2014,3,"VL0008","FPO","FPN","ANA","NK","FPN_ANA_>0_0_0",NA,"NK","NK","NAO","27.3.D.30",NA,"NGI",NA,NA,NA,"SAL","9.1777","28278.1833051458",NA,"N"
"Sweden",2014,3,"VL0008","FPO","FPN","ANA","NK","FPN_ANA_>0_0_0",NA,"NK","NK","NAO","27.3.D.30",NA,"NGI",NA,NA,NA,"TRR","0.0029","0",NA,"N"
"Sweden",2014,3,"VL0008","FPO","FPN","ANA","NK","FPN_ANA_>0_0_0",NA,"NK","NK","NAO","27.3.D.30",NA,"NGI",NA,NA,NA,"TRS","1.2609","4601.045458093",NA,"N"
"Sweden",2014,3,"VL0008","FPO","FPN","ANA","NK","FPN_ANA_>0_0_0",NA,"NK","NK","NAO","27.3.D.30",NA,"NGI",NA,NA,NA,"WHF","1.3765","4242.9271831853",NA,"N"
"Sweden",2014,3,"VL0008","FPO","FYK","ANA","NK","FYK_ANA_>0_0_0",NA,"NK","NK","NAO","27.3.D.30",NA,"NGI",NA,NA,NA,"SAL","0.194","510.4675877122",NA,"N"
"Sweden",2014,3,"VL0008","FPO","FYK","ANA","NK","FYK_ANA_>0_0_0",NA,"NK","NK","NAO","27.3.D.30",NA,"NGI",NA,NA,NA,"TRS","0.0515","175.7423095044",NA,"N"
"Sweden",2014,3,"VL0008","FPO","FYK","FWS","NK","FYK_FWS_>0_0_0",NA,"NK","NK","NAO","27.3.D.30",NA,"NGI",NA,NA,NA,"FBM","0.011","10.548660845",NA,"N"
"Sweden",2014,3,"VL0008","FPO","FYK","FWS","NK","FYK_FWS_>0_0_0",NA,"NK","NK","NAO","27.3.D.30",NA,"NGI",NA,NA,NA,"FPE","0.018","52.8979534869",NA,"N"
"Sweden",2014,3,"VL0008","FPO","FYK","FWS","NK","FYK_FWS_>0_0_0",NA,"NK","NK","NAO","27.3.D.30",NA,"NGI",NA,NA,NA,"FPI","0.131","290.7865137917",NA,"N"
"Sweden",2014,3,"VL0008","FPO","FYK","FWS","NK","FYK_FWS_>0_0_0",NA,"NK","NK","NAO","27.3.D.30",NA,"NGI",NA,NA,NA,"FRO","0.145","0",NA,"N"
"Sweden",2014,3,"VL0008","FPO","FYK","FWS","NK","FYK_FWS_>0_0_0",NA,"NK","NK","NAO","27.3.D.30",NA,"NGI",NA,NA,NA,"HER","0.035","12.6927458535",NA,"N"
"Sweden",2014,3,"VL0008","FPO","FYK","FWS","NK","FYK_FWS_>0_0_0",NA,"NK","NK","NAO","27.3.D.30",NA,"NGI",NA,NA,NA,"WHF","0.001","3.0824026031",NA,"N"
"Sweden",2014,3,"VL0008","FPO","GNS","ANA","90D110","GNS_ANA_90-109_0_0",NA,"NK","NK","NAO","27.3.D.30",NA,"NGI",NA,NA,NA,"TRS","0.0252","81.3970219418",NA,"N"
"Sweden",2014,3,"VL0008","FPO","GNS","ANA","90D110","GNS_ANA_90-109_0_0",NA,"NK","NK","NAO","27.3.D.30",NA,"NGI",NA,NA,NA,"WHF","0.0075","23.1180195233",NA,"N"
"Sweden",2014,3,"VL0008","FPO","GNS","FWS","32D90","GNS_FWS_>0_0_0",NA,"NK","NK","NAO","27.3.D.30",NA,"NGI",NA,NA,NA,"FBU","0.0039","3.820585485",NA,"N"
"Sweden",2014,3,"VL0008","FPO","GNS","FWS","32D90","GNS_FWS_>0_0_0",NA,"NK","NK","NAO","27.3.D.30",NA,"NGI",NA,NA,NA,"FLE","5e-04","0.5687642084",NA,"N"
"Sweden",2014,3,"VL0008","FPO","GNS","FWS","32D90","GNS_FWS_>0_0_0",NA,"NK","NK","NAO","27.3.D.30",NA,"NGI",NA,NA,NA,"FPE","1.6475","5123.5114453126",NA,"N"
"Sweden",2014,3,"VL0008","FPO","GNS","FWS","32D90","GNS_FWS_>0_0_0",NA,"NK","NK","NAO","27.3.D.30",NA,"NGI",NA,NA,NA,"FPI","0.0092","26.9765239865",NA,"N"
"Sweden",2014,3,"VL0008","FPO","GNS","FWS","32D90","GNS_FWS_>0_0_0",NA,"NK","NK","NAO","27.3.D.30",NA,"NGI",NA,NA,NA,"FPP","0.0831","660.5174400284",NA,"N"
"Sweden",2014,3,"VL0008","FPO","GNS","FWS","32D90","GNS_FWS_>0_0_0",NA,"NK","NK","NAO","27.3.D.30",NA,"NGI",NA,NA,NA,"SME","0.0015","0",NA,"N"
"Sweden",2014,3,"VL0008","FPO","GNS","FWS","32D90","GNS_FWS_>0_0_0",NA,"NK","NK","NAO","27.3.D.30",NA,"NGI",NA,NA,NA,"TRS","0.2713","865.4798699423",NA,"N"
"Sweden",2014,3,"VL0008","FPO","GNS","FWS","32D90","GNS_FWS_>0_0_0",NA,"NK","NK","NAO","27.3.D.30",NA,"NGI",NA,NA,NA,"WHF","1.359","4188.9851376308",NA,"N"
"Sweden",2014,3,"VL0008","FPO","GNS","FWS","90D110","GNS_FWS_>0_0_0",NA,"NK","NK","NAO","27.3.D.30",NA,"NGI",NA,NA,NA,"WHF","0.615","1895.6776009146",NA,"N"
"Sweden",2014,3,"VL0008","FPO","GNS","SPF","32D90","GNS_SPF_32-89_0_0",NA,"NK","NK","NAO","27.3.D.30",NA,"NGI",NA,NA,NA,"HER","3.576","1826.5309700224",NA,"N"
"Sweden",2014,3,"VL0008","NO","FPN","ANA","NK","FPN_ANA_>0_0_0",NA,"NK","NK","NAO","27.3.D.30",NA,"NGI",NA,NA,NA,"SAL","6.522","17538.1777657528",NA,"N"
"Sweden",2014,3,"VL0008","NO","FPN","ANA","NK","FPN_ANA_>0_0_0",NA,"NK","NK","NAO","27.3.D.30",NA,"NGI",NA,NA,NA,"TRS","0.436","1753.9889602388",NA,"N"
"Sweden",2014,3,"VL0008","NO","FPN","ANA","NK","FPN_ANA_>0_0_0",NA,"NK","NK","NAO","27.3.D.30",NA,"NGI",NA,NA,NA,"WHF","0.243","749.0238325565",NA,"N"
"Sweden",2014,3,"VL0008","NO","FYK","ANA","NK","FYK_ANA_>0_0_0",NA,"NK","NK","NAO","27.3.D.30",NA,"NGI",NA,NA,NA,"WHF","0.025","77.0600650778",NA,"N"
"Sweden",2014,3,"VL0008","NO","GNS","FWS","32D90","GNS_FWS_>0_0_0",NA,"NK","NK","NAO","27.3.D.30",NA,"NGI",NA,NA,NA,"FPE","1.687","5383.6569820157",NA,"N"
"Sweden",2014,3,"VL0008","NO","GNS","FWS","32D90","GNS_FWS_>0_0_0",NA,"NK","NK","NAO","27.3.D.30",NA,"NGI",NA,NA,NA,"FPI","0.017","49.8479247648",NA,"N"
"Sweden",2014,3,"VL0008","NO","GNS","FWS","32D90","GNS_FWS_>0_0_0",NA,"NK","NK","NAO","27.3.D.30",NA,"NGI",NA,NA,NA,"FPP","0.011","105.3635779945",NA,"N"
"Sweden",2014,3,"VL0008","NO","GNS","FWS","32D90","GNS_FWS_>0_0_0",NA,"NK","NK","NAO","27.3.D.30",NA,"NGI",NA,NA,NA,"TRS","0.028","115.8142641588",NA,"N"
"Sweden",2014,3,"VL0008","NO","GNS","FWS","32D90","GNS_FWS_>0_0_0",NA,"NK","NK","NAO","27.3.D.30",NA,"NGI",NA,NA,NA,"WHF","0.208","641.1397414475",NA,"N"
"Sweden",2014,3,"VL0008","NO","GNS","SPF","16D32","GNS_SPF_16-31_0_0",NA,"NK","NK","NAO","27.3.D.30",NA,"NGI",NA,NA,NA,"HER","1.3","471.2368350409",NA,"N"
"Sweden",2014,3,"VL0008","PGP","GNS","FWS","32D90","GNS_FWS_>0_0_0",NA,"NK","NK","NAO","27.3.D.30",NA,"NGI",NA,NA,NA,"FPE","0.119","367.7446349266",NA,"N"
"Sweden",2014,3,"VL0812","DFN","FPN","ANA","NK","FPN_ANA_>0_0_0",NA,"NK","NK","NAO","27.3.D.30",NA,"NGI",NA,NA,NA,"SAL","0.61","1605.0784977025",NA,"N"
"Sweden",2014,3,"VL0812","DFN","FPN","ANA","NK","FPN_ANA_>0_0_0",NA,"NK","NK","NAO","27.3.D.30",NA,"NGI",NA,NA,NA,"TRS","0.21","748.3266645051",NA,"N"
"Sweden",2014,3,"VL0812","DFN","FPN","ANA","NK","FPN_ANA_>0_0_0",NA,"NK","NK","NAO","27.3.D.30",NA,"NGI",NA,NA,NA,"WHF","0.285","878.4847418873",NA,"N"
"Sweden",2014,3,"VL0812","DFN","FYK","ANA","NK","FYK_ANA_>0_0_0",NA,"NK","NK","NAO","27.3.D.30",NA,"NGI",NA,NA,NA,"TRS","0.156","532.3456365975",NA,"N"
"Sweden",2014,3,"VL0812","DFN","FYK","ANA","NK","FYK_ANA_>0_0_0",NA,"NK","NK","NAO","27.3.D.30",NA,"NGI",NA,NA,NA,"WHF","0.145","446.9483774514",NA,"N"
"Sweden",2014,3,"VL0812","DFN","FYK","CAT","NK","FYK_CAT_>0_0_0",NA,"NK","NK","NAO","27.3.D.30",NA,"NGI",NA,NA,NA,"ELE","0.456","3519.5149617008",NA,"N"
"Sweden",2014,3,"VL0812","DFN","FYK","FWS","NK","FYK_FWS_>0_0_0",NA,"NK","NK","NAO","27.3.D.30",NA,"NGI",NA,NA,NA,"FBM","0.025","23.1374740238",NA,"N"
"Sweden",2014,3,"VL0812","DFN","FYK","FWS","NK","FYK_FWS_>0_0_0",NA,"NK","NK","NAO","27.3.D.30",NA,"NGI",NA,NA,NA,"FPE","0.003","7.4657080666",NA,"N"
"Sweden",2014,3,"VL0812","DFN","FYK","FWS","NK","FYK_FWS_>0_0_0",NA,"NK","NK","NAO","27.3.D.30",NA,"NGI",NA,NA,NA,"FPI","0.048","144.4045595154",NA,"N"
"Sweden",2014,3,"VL0812","DFN","GNS","DEF","110D157","GNS_DEF_110-156_0_0",NA,"NK","NK","NAO","27.3.D.30",NA,"NGI",NA,NA,NA,"COD","0.0645","99.7050726849",NA,"N"
"Sweden",2014,3,"VL0812","DFN","GNS","FWS","32D90","GNS_FWS_>0_0_0",NA,"NK","NK","NAO","27.3.D.30",NA,"NGI",NA,NA,NA,"FPE","3.551","10201.161424413",NA,"N"
"Sweden",2014,3,"VL0812","DFN","GNS","FWS","32D90","GNS_FWS_>0_0_0",NA,"NK","NK","NAO","27.3.D.30",NA,"NGI",NA,NA,NA,"FPI","0.006","18.0505699477",NA,"N"
"Sweden",2014,3,"VL0812","DFN","GNS","FWS","32D90","GNS_FWS_>0_0_0",NA,"NK","NK","NAO","27.3.D.30",NA,"NGI",NA,NA,NA,"TRR","0.014","0",NA,"N"
"Sweden",2014,3,"VL0812","DFN","GNS","FWS","32D90","GNS_FWS_>0_0_0",NA,"NK","NK","NAO","27.3.D.30",NA,"NGI",NA,NA,NA,"TRS","0.116","418.6107395348",NA,"N"
"Sweden",2014,3,"VL0812","DFN","GNS","FWS","32D90","GNS_FWS_>0_0_0",NA,"NK","NK","NAO","27.3.D.30",NA,"NGI",NA,NA,NA,"WHF","3.25","10017.8084601178",NA,"N"
"Sweden",2014,3,"VL0812","DFN","GNS","FWS","90D110","GNS_FWS_>0_0_0",NA,"NK","NK","NAO","27.3.D.30",NA,"NGI",NA,NA,NA,"FPE","0.21","681.6497544411",NA,"N"
"Sweden",2014,3,"VL0812","DFN","GNS","FWS","90D110","GNS_FWS_>0_0_0",NA,"NK","NK","NAO","27.3.D.30",NA,"NGI",NA,NA,NA,"TRS","0.01","43.7330652537",NA,"N"
"Sweden",2014,3,"VL0812","DFN","GNS","FWS","90D110","GNS_FWS_>0_0_0",NA,"NK","NK","NAO","27.3.D.30",NA,"NGI",NA,NA,NA,"WHF","0.043","132.5433119339",NA,"N"
"Sweden",2014,3,"VL0812","DFN","GNS","SPF","16D32","GNS_SPF_16-31_0_0",NA,"NK","NK","NAO","27.3.D.30",NA,"NGI",NA,NA,NA,"HER","13.515","6888.8443370086",NA,"N"
"Sweden",2014,3,"VL0812","DFN","GNS","SPF","32D90","GNS_SPF_32-89_0_0",NA,"NK","NK","NAO","27.3.D.30",NA,"NGI",NA,NA,NA,"HER","36.348","16418.7479557372",NA,"N"
"Sweden",2014,3,"VL0812","DTS","GNS","SPF","32D90","GNS_SPF_32-89_0_0",NA,"NK","NK","NAO","27.3.D.30",NA,"NGI",NA,NA,NA,"HER","0.59","518.863776273",NA,"N"
"Sweden",2014,3,"VL0812","DTS","GNS","SPF","32D90","GNS_SPF_32-89_0_0",NA,"NK","NK","NAO","27.3.D.30",NA,"NGI",NA,NA,NA,"WHF","0.14","431.5363644358",NA,"N"
"Sweden",2014,3,"VL0812","DTS","OTB","SPF","32D90","OTB_SPF_32-89_0_0",NA,"NK","NK","NAO","27.3.D.30",NA,"NGI",NA,NA,NA,"HER","2.943","2768.5028006662",NA,"N"
"Sweden",2014,3,"VL0812","FPO","FPN","ANA","NK","FPN_ANA_>0_0_0",NA,"NK","NK","NAO","27.3.D.30",NA,"NGI",NA,NA,NA,"SAL","0.159","418.3729198619",NA,"N"
"Sweden",2014,3,"VL0812","FPO","GNS","FWS","32D90","GNS_FWS_>0_0_0",NA,"NK","NK","NAO","27.3.D.30",NA,"NGI",NA,NA,NA,"FPE","0.29","859.5356365975",NA,"N"
"Sweden",2014,3,"VL0812","FPO","GNS","FWS","32D90","GNS_FWS_>0_0_0",NA,"NK","NK","NAO","27.3.D.30",NA,"NGI",NA,NA,NA,"FPI","0.012","35.567757695",NA,"N"
"Sweden",2014,3,"VL0812","FPO","GNS","FWS","32D90","GNS_FWS_>0_0_0",NA,"NK","NK","NAO","27.3.D.30",NA,"NGI",NA,NA,NA,"FPP","0.006","57.4710425424",NA,"N"
"Sweden",2014,3,"VL0812","FPO","GNS","FWS","32D90","GNS_FWS_>0_0_0",NA,"NK","NK","NAO","27.3.D.30",NA,"NGI",NA,NA,NA,"WHF","0.03","92.4720780934",NA,"N"
"Sweden",2014,3,"VL0812","PGP","GNS","DEF","157DXX","GNS_DEF_>=157_0_0",NA,"NK","NK","NAO","27.3.D.30",NA,"NGI",NA,NA,NA,"TUR","0.004","21.2424410232",NA,"N"
"Sweden",2014,3,"VL1218","TM","OTM","SPF","16D32","OTM_SPF_16-31_0_0",NA,"NK","NK","NAO","27.3.D.30",NA,"NGI",NA,NA,NA,"HER","55.8","9814.4402427227",NA,"N"
"Sweden",2014,3,"VL1218","TM","OTM","SPF","16D32","OTM_SPF_16-31_0_0",NA,"NK","NK","NAO","27.3.D.30",NA,"NGI",NA,NA,NA,"SPR","0.2","35.177205171",NA,"N"
"Sweden",2014,3,"VL1824","TM","OTB","SPF","32D90","OTB_SPF_32-89_0_0",NA,"NK","NK","NAO","27.3.D.30",NA,"NGI",NA,NA,NA,"HER","0.45","192.3753407792",NA,"N"
"Sweden",2014,3,"VL1824","TM","OTM","SPF","16D32","OTM_SPF_16-31_0_0",NA,"NK","NK","NAO","27.3.D.30",NA,"NGI",NA,NA,NA,"HER","25.5","15333.7766478322",NA,"N"
"Sweden",2014,3,"VL2440","TM","OTM","SPF","16D32","OTM_SPF_16-31_0_0",NA,"NK","NK","NAO","27.3.D.30",NA,"NGI",NA,NA,NA,"HER","106","18643.9187406561",NA,"N"
"Sweden",2014,4,"VL0008","DFN","FYK","FWS","NK","FYK_FWS_>0_0_0",NA,"NK","NK","NAO","27.3.D.30",NA,"NGI",NA,NA,NA,"FPI","0.002","3.5729966483",NA,"N"
"Sweden",2014,4,"VL0008","DFN","GNS","ANA","90D110","GNS_ANA_90-109_0_0",NA,"NK","NK","NAO","27.3.D.30",NA,"NGI",NA,NA,NA,"TRS","0.057","213.7821886817",NA,"N"
"Sweden",2014,4,"VL0008","DFN","GNS","FWS","16D32","GNS_FWS_>0_0_0",NA,"NK","NK","NAO","27.3.D.30",NA,"NGI",NA,NA,NA,"FVE","0.55","1695.3214317122",NA,"N"
"Sweden",2014,4,"VL0008","DFN","GNS","FWS","16D32","GNS_FWS_>0_0_0",NA,"NK","NK","NAO","27.3.D.30",NA,"NGI",NA,NA,NA,"HER","0.11","38.2462115579",NA,"N"
"Sweden",2014,4,"VL0008","DFN","GNS","FWS","32D90","GNS_FWS_>0_0_0",NA,"NK","NK","NAO","27.3.D.30",NA,"NGI",NA,NA,NA,"FBU","0.014","13.714922254",NA,"N"
"Sweden",2014,4,"VL0008","DFN","GNS","FWS","32D90","GNS_FWS_>0_0_0",NA,"NK","NK","NAO","27.3.D.30",NA,"NGI",NA,NA,NA,"FPE","1.595","4107.0111116469",NA,"N"
"Sweden",2014,4,"VL0008","DFN","GNS","FWS","32D90","GNS_FWS_>0_0_0",NA,"NK","NK","NAO","27.3.D.30",NA,"NGI",NA,NA,NA,"FPI","0.117","247.9711701444",NA,"N"
"Sweden",2014,4,"VL0008","DFN","GNS","FWS","32D90","GNS_FWS_>0_0_0",NA,"NK","NK","NAO","27.3.D.30",NA,"NGI",NA,NA,NA,"FVE","0.634","1954.2432503738",NA,"N"
"Sweden",2014,4,"VL0008","DFN","GNS","FWS","32D90","GNS_FWS_>0_0_0",NA,"NK","NK","NAO","27.3.D.30",NA,"NGI",NA,NA,NA,"HER","0.15","50.6673666806",NA,"N"
"Sweden",2014,4,"VL0008","DFN","GNS","FWS","32D90","GNS_FWS_>0_0_0",NA,"NK","NK","NAO","27.3.D.30",NA,"NGI",NA,NA,NA,"OTH","0.017","0",NA,"N"
"Sweden",2014,4,"VL0008","DFN","GNS","FWS","32D90","GNS_FWS_>0_0_0",NA,"NK","NK","NAO","27.3.D.30",NA,"NGI",NA,NA,NA,"TRS","0.186","653.2921237314",NA,"N"
"Sweden",2014,4,"VL0008","DFN","GNS","FWS","32D90","GNS_FWS_>0_0_0",NA,"NK","NK","NAO","27.3.D.30",NA,"NGI",NA,NA,NA,"WHF","3.4985","10783.7855069915",NA,"N"
"Sweden",2014,4,"VL0008","DFN","GNS","FWS","90D110","GNS_FWS_>0_0_0",NA,"NK","NK","NAO","27.3.D.30",NA,"NGI",NA,NA,NA,"FPE","0.14","356.2398704599",NA,"N"
"Sweden",2014,4,"VL0008","DFN","GNS","FWS","90D110","GNS_FWS_>0_0_0",NA,"NK","NK","NAO","27.3.D.30",NA,"NGI",NA,NA,NA,"TRS","0.072","247.7632141742",NA,"N"
"Sweden",2014,4,"VL0008","DFN","GNS","FWS","90D110","GNS_FWS_>0_0_0",NA,"NK","NK","NAO","27.3.D.30",NA,"NGI",NA,NA,NA,"WHF","0.36","1109.6649371207",NA,"N"
"Sweden",2014,4,"VL0008","DFN","GNS","SPF","16D32","GNS_SPF_16-31_0_0",NA,"NK","NK","NAO","27.3.D.30",NA,"NGI",NA,NA,NA,"HER","4.78","1514.1816889675",NA,"N"
"Sweden",2014,4,"VL0008","DFN","GNS","SPF","32D90","GNS_SPF_32-89_0_0",NA,"NK","NK","NAO","27.3.D.30",NA,"NGI",NA,NA,NA,"HER","3.161","1007.8888501165",NA,"N"
"Sweden",2014,4,"VL0008","DFN","GNS","SPF","32D90","GNS_SPF_32-89_0_0",NA,"NK","NK","NAO","27.3.D.30",NA,"NGI",NA,NA,NA,"LIL","5e-04","0",NA,"N"
"Sweden",2014,4,"VL0008","DFN","GNS","SPF","32D90","GNS_SPF_32-89_0_0",NA,"NK","NK","NAO","27.3.D.30",NA,"NGI",NA,NA,NA,"OTH","0.001","0",NA,"N"
"Sweden",2014,4,"VL0008","FPO","FYK","FWS","NK","FYK_FWS_>0_0_0",NA,"NK","NK","NAO","27.3.D.30",NA,"NGI",NA,NA,NA,"FBM","0.127","121.7890842901",NA,"N"
"Sweden",2014,4,"VL0008","FPO","FYK","FWS","NK","FYK_FWS_>0_0_0",NA,"NK","NK","NAO","27.3.D.30",NA,"NGI",NA,NA,NA,"FPE","0.041","104.0094398041",NA,"N"
"Sweden",2014,4,"VL0008","FPO","FYK","FWS","NK","FYK_FWS_>0_0_0",NA,"NK","NK","NAO","27.3.D.30",NA,"NGI",NA,NA,NA,"FPI","0.137","288.4037368525",NA,"N"
"Sweden",2014,4,"VL0008","FPO","FYK","FWS","NK","FYK_FWS_>0_0_0",NA,"NK","NK","NAO","27.3.D.30",NA,"NGI",NA,NA,NA,"FRO","0.26","0",NA,"N"
"Sweden",2014,4,"VL0008","FPO","FYK","FWS","NK","FYK_FWS_>0_0_0",NA,"NK","NK","NAO","27.3.D.30",NA,"NGI",NA,NA,NA,"HER","0.01","3.4769283242",NA,"N"
"Sweden",2014,4,"VL0008","FPO","GNS","ANA","90D110","GNS_ANA_90-109_0_0",NA,"NK","NK","NAO","27.3.D.30",NA,"NGI",NA,NA,NA,"TRS","0.021","69.7651984214",NA,"N"
"Sweden",2014,4,"VL0008","FPO","GNS","FWS","32D90","GNS_FWS_>0_0_0",NA,"NK","NK","NAO","27.3.D.30",NA,"NGI",NA,NA,NA,"FPE","0.207","518.1414218846",NA,"N"
"Sweden",2014,4,"VL0008","FPO","GNS","FWS","32D90","GNS_FWS_>0_0_0",NA,"NK","NK","NAO","27.3.D.30",NA,"NGI",NA,NA,NA,"FPI","0.0042","7.5032929624",NA,"N"
"Sweden",2014,4,"VL0008","FPO","GNS","FWS","32D90","GNS_FWS_>0_0_0",NA,"NK","NK","NAO","27.3.D.30",NA,"NGI",NA,NA,NA,"FPP","0.0092","60.8695165553",NA,"N"
"Sweden",2014,4,"VL0008","FPO","GNS","FWS","32D90","GNS_FWS_>0_0_0",NA,"NK","NK","NAO","27.3.D.30",NA,"NGI",NA,NA,NA,"TRS","0.086","319.8313291597",NA,"N"
"Sweden",2014,4,"VL0008","FPO","GNS","FWS","32D90","GNS_FWS_>0_0_0",NA,"NK","NK","NAO","27.3.D.30",NA,"NGI",NA,NA,NA,"WHF","0.25","770.6006507783",NA,"N"
"Sweden",2014,4,"VL0008","FPO","GNS","FWS","90D110","GNS_FWS_>0_0_0",NA,"NK","NK","NAO","27.3.D.30",NA,"NGI",NA,NA,NA,"TRS","0.095","417.7293114062",NA,"N"
"Sweden",2014,4,"VL0008","FPO","GNS","FWS","90D110","GNS_FWS_>0_0_0",NA,"NK","NK","NAO","27.3.D.30",NA,"NGI",NA,NA,NA,"WHF","0.311","958.6272095682",NA,"N"
"Sweden",2014,4,"VL0008","FPO","GNS","SPF","32D90","GNS_SPF_32-89_0_0",NA,"NK","NK","NAO","27.3.D.30",NA,"NGI",NA,NA,NA,"HER","0.405","122.135787035",NA,"N"
"Sweden",2014,4,"VL0008","NO","FYK","FWS","NK","FYK_FWS_>0_0_0",NA,"NK","NK","NAO","27.3.D.30",NA,"NGI",NA,NA,NA,"FBU","0.003","2.9389119119",NA,"N"
"Sweden",2014,4,"VL0008","NO","FYK","FWS","NK","FYK_FWS_>0_0_0",NA,"NK","NK","NAO","27.3.D.30",NA,"NGI",NA,NA,NA,"FPE","0.002","6.0557042136",NA,"N"
"Sweden",2014,4,"VL0008","NO","GNS","FWS","32D90","GNS_FWS_>0_0_0",NA,"NK","NK","NAO","27.3.D.30",NA,"NGI",NA,NA,NA,"FPE","0.159","398.3378836954",NA,"N"
"Sweden",2014,4,"VL0008","NO","GNS","FWS","32D90","GNS_FWS_>0_0_0",NA,"NK","NK","NAO","27.3.D.30",NA,"NGI",NA,NA,NA,"FPI","0.006","14.1502923446",NA,"N"
"Sweden",2014,4,"VL0008","NO","GNS","FWS","32D90","GNS_FWS_>0_0_0",NA,"NK","NK","NAO","27.3.D.30",NA,"NGI",NA,NA,NA,"TRS","0.02","66.4430461151",NA,"N"
"Sweden",2014,4,"VL0008","NO","GNS","FWS","32D90","GNS_FWS_>0_0_0",NA,"NK","NK","NAO","27.3.D.30",NA,"NGI",NA,NA,NA,"WHF","0.23","708.952598716",NA,"N"
"Sweden",2014,4,"VL0008","NO","GNS","SPF","16D32","GNS_SPF_16-31_0_0",NA,"NK","NK","NAO","27.3.D.30",NA,"NGI",NA,NA,NA,"HER","2","649.2626768754",NA,"N"
"Sweden",2014,4,"VL0008","PGP","FPO","FWS",NA,"FPO_FWS_>0_0_0",NA,"NK","NK","NAO","27.3.D.30",NA,"NGI",NA,NA,NA,"FRO","0.138","0",NA,"N"
"Sweden",2014,4,"VL0008","PGP","GNS","FWS","32D90","GNS_FWS_>0_0_0",NA,"NK","NK","NAO","27.3.D.30",NA,"NGI",NA,NA,NA,"FPE","0.023","58.5251215702",NA,"N"
"Sweden",2014,4,"VL0008","PGP","GNS","FWS","32D90","GNS_FWS_>0_0_0",NA,"NK","NK","NAO","27.3.D.30",NA,"NGI",NA,NA,NA,"WHF","0.011","33.9064286342",NA,"N"
"Sweden",2014,4,"VL0812","DFN","GNS","DEF","110D157","GNS_DEF_110-156_0_0",NA,"NK","NK","NAO","27.3.D.30",NA,"NGI",NA,NA,NA,"COD","0.017","27.9985545401",NA,"N"
"Sweden",2014,4,"VL0812","DFN","GNS","DEF","110D157","GNS_DEF_110-156_0_0",NA,"NK","NK","NAO","27.3.D.30",NA,"NGI",NA,NA,NA,"OTH","0.001","0",NA,"N"
"Sweden",2014,4,"VL0812","DFN","GNS","DEF","157DXX","GNS_DEF_>=157_0_0",NA,"NK","NK","NAO","27.3.D.30",NA,"NGI",NA,NA,NA,"COD","0.05","70.9131428964",NA,"N"
"Sweden",2014,4,"VL0812","DFN","GNS","FWS","32D90","GNS_FWS_>0_0_0",NA,"NK","NK","NAO","27.3.D.30",NA,"NGI",NA,NA,NA,"FPE","0.275","703.3771570398",NA,"N"
"Sweden",2014,4,"VL0812","DFN","GNS","FWS","32D90","GNS_FWS_>0_0_0",NA,"NK","NK","NAO","27.3.D.30",NA,"NGI",NA,NA,NA,"FVE","0.825","2542.9821475684",NA,"N"
"Sweden",2014,4,"VL0812","DFN","GNS","FWS","32D90","GNS_FWS_>0_0_0",NA,"NK","NK","NAO","27.3.D.30",NA,"NGI",NA,NA,NA,"OTH","0.001","0",NA,"N"
"Sweden",2014,4,"VL0812","DFN","GNS","FWS","32D90","GNS_FWS_>0_0_0",NA,"NK","NK","NAO","27.3.D.30",NA,"NGI",NA,NA,NA,"TRS","0.078","276.2643761103",NA,"N"
"Sweden",2014,4,"VL0812","DFN","GNS","FWS","32D90","GNS_FWS_>0_0_0",NA,"NK","NK","NAO","27.3.D.30",NA,"NGI",NA,NA,NA,"WHF","1.201","3701.9655263389",NA,"N"
"Sweden",2014,4,"VL0812","DFN","GNS","FWS","90D110","GNS_FWS_>0_0_0",NA,"NK","NK","NAO","27.3.D.30",NA,"NGI",NA,NA,NA,"COD","0.005","7.0913142896",NA,"N"
"Sweden",2014,4,"VL0812","DFN","GNS","FWS","90D110","GNS_FWS_>0_0_0",NA,"NK","NK","NAO","27.3.D.30",NA,"NGI",NA,NA,NA,"FPE","0.05","127.2285251517",NA,"N"
"Sweden",2014,4,"VL0812","DFN","GNS","FWS","90D110","GNS_FWS_>0_0_0",NA,"NK","NK","NAO","27.3.D.30",NA,"NGI",NA,NA,NA,"WHF","0.285","878.4847418873",NA,"N"
"Sweden",2014,4,"VL0812","DFN","GNS","SPF","32D90","GNS_SPF_32-89_0_0",NA,"NK","NK","NAO","27.3.D.30",NA,"NGI",NA,NA,NA,"FPE","0.225","572.5283631607",NA,"N"
"Sweden",2014,4,"VL0812","DFN","GNS","SPF","32D90","GNS_SPF_32-89_0_0",NA,"NK","NK","NAO","27.3.D.30",NA,"NGI",NA,NA,NA,"HER","16.996","5552.6204983469",NA,"N"
"Sweden",2014,4,"VL0812","DFN","OTB","SPF","00D16","OTB_SPF_<16_0_0",NA,"NK","NK","NAO","27.3.D.30",NA,"NGI",NA,NA,NA,"GTA","0.11","25.8379034606",NA,"N"
"Sweden",2014,4,"VL0812","DFN","OTB","SPF","00D16","OTB_SPF_<16_0_0",NA,"NK","NK","NAO","27.3.D.30",NA,"NGI",NA,NA,NA,"HER","0.09","27.1412860127",NA,"N"
"Sweden",2014,4,"VL0812","DFN","OTB","SPF","32D90","OTB_SPF_32-89_0_0",NA,"NK","NK","NAO","27.3.D.30",NA,"NGI",NA,NA,NA,"HER","2.4","710.5416716867",NA,"N"
"Sweden",2014,4,"VL0812","DFN","OTB","SPF","32D90","OTB_SPF_32-89_0_0",NA,"NK","NK","NAO","27.3.D.30",NA,"NGI",NA,NA,NA,"SPR","1.2","314.0989407264",NA,"N"
"Sweden",2014,4,"VL0812","DTS","OTB","SPF","32D90","OTB_SPF_32-89_0_0",NA,"NK","NK","NAO","27.3.D.30",NA,"NGI",NA,NA,NA,"HER","3.96","2966.6826904516",NA,"N"
"Sweden",2014,4,"VL0812","DTS","OTM","SPF","32D90","OTM_SPF_32-89_0_0",NA,"NK","NK","NAO","27.3.D.30",NA,"NGI",NA,NA,NA,"HER","0.354","106.7557249582",NA,"N"
"Sweden",2014,4,"VL0812","FPO","GNS","FWS","16D32","GNS_FWS_>0_0_0",NA,"NK","NK","NAO","27.3.D.30",NA,"NGI",NA,NA,NA,"FVE","0.07","215.7681822179",NA,"N"
"Sweden",2014,4,"VL0812","FPO","GNS","FWS","16D32","GNS_FWS_>0_0_0",NA,"NK","NK","NAO","27.3.D.30",NA,"NGI",NA,NA,NA,"HER","0.1","34.7692832315",NA,"N"
"Sweden",2014,4,"VL0812","FPO","GNS","FWS","32D90","GNS_FWS_>0_0_0",NA,"NK","NK","NAO","27.3.D.30",NA,"NGI",NA,NA,NA,"FPE","0.32","814.2625610105",NA,"N"
"Sweden",2014,4,"VL0812","FPO","GNS","FWS","32D90","GNS_FWS_>0_0_0",NA,"NK","NK","NAO","27.3.D.30",NA,"NGI",NA,NA,NA,"FPI","0.035","75.8132789552",NA,"N"
"Sweden",2014,4,"VL1218","TM","OTM","SPF","16D32","OTM_SPF_16-31_0_0",NA,"NK","NK","NAO","27.3.D.30",NA,"NGI",NA,NA,NA,"HER","457.5","82113.7224221704",NA,"N"
"Sweden",2014,4,"VL1218","TM","OTM","SPF","16D32","OTM_SPF_16-31_0_0",NA,"NK","NK","NAO","27.3.D.30",NA,"NGI",NA,NA,NA,"SPR","1.65","314.8909507079",NA,"N"
"Sweden",2014,4,"VL1824","TM","OTM","SPF","32D90","OTM_SPF_32-89_0_0",NA,"NK","NK","NAO","27.3.D.30",NA,"NGI",NA,NA,NA,"HER","11.8","5152.9109137279",NA,"N"
"Sweden",2014,4,"VL1824","TM","SDN","DEF","32D90","SDN_DEF_32-89_0_0",NA,"NK","NK","NAO","27.3.D.30",NA,"NGI",NA,NA,NA,"FVE","1.3","4007.1233840471",NA,"N"
"Sweden",2014,4,"VL1824","TM","SDN","DEF","32D90","SDN_DEF_32-89_0_0",NA,"NK","NK","NAO","27.3.D.30",NA,"NGI",NA,NA,NA,"HER","0.3","151.5105168411",NA,"N"
"Sweden",2014,4,"VL2440","DTS","OTB","SPF","16D32","OTB_SPF_16-31_0_0",NA,"NK","NK","NAO","27.3.D.30",NA,"NGI",NA,NA,NA,"HER","380","113211.448357115",NA,"N"
"Sweden",2014,4,"VL2440","DTS","OTB","SPF","16D32","OTB_SPF_16-31_0_0",NA,"NK","NK","NAO","27.3.D.30",NA,"NGI",NA,NA,NA,"SPR","14.855","3888.1251915992",NA,"N"
"Sweden",2014,4,"VL2440","TM","OTM","SPF","16D32","OTM_SPF_16-31_0_0",NA,"NK","NK","NAO","27.3.D.30",NA,"NGI",NA,NA,NA,"HER","562","98847.9465306481",NA,"N"
"Sweden",2014,4,"VL2440","TM","OTM","SPF","16D32","OTM_SPF_16-31_0_0",NA,"NK","NK","NAO","27.3.D.30",NA,"NGI",NA,NA,NA,"SPR","0.5","87.9430129276",NA,"N"
"Sweden",2015,1,"VL0008","DFN","FYK","FWS","NK","FYK_FWS_>0_0_0",NA,"NK","NK","NAO","27.3.D.30",NA,"NGI",NA,NA,NA,"FBU","0.01","15.2594180787",NA,"N"
"Sweden",2015,1,"VL0008","DFN","GNS","FWS","32D90","GNS_FWS_>0_0_0",NA,"NK","NK","NAO","27.3.D.30",NA,"NGI",NA,NA,NA,"FLE","0.02","101.3404382356",NA,"N"
"Sweden",2015,1,"VL0008","DFN","GNS","FWS","32D90","GNS_FWS_>0_0_0",NA,"NK","NK","NAO","27.3.D.30",NA,"NGI",NA,NA,NA,"FPE","0.025","67.8442785101",NA,"N"
"Sweden",2015,1,"VL0008","DFN","GNS","FWS","32D90","GNS_FWS_>0_0_0",NA,"NK","NK","NAO","27.3.D.30",NA,"NGI",NA,NA,NA,"FPI","0.002","3.2741394152",NA,"N"
"Sweden",2015,1,"VL0008","DFN","GNS","FWS","32D90","GNS_FWS_>0_0_0",NA,"NK","NK","NAO","27.3.D.30",NA,"NGI",NA,NA,NA,"FVE","0.3344","1202.3274406276",NA,"N"
"Sweden",2015,1,"VL0008","DFN","GNS","FWS","32D90","GNS_FWS_>0_0_0",NA,"NK","NK","NAO","27.3.D.30",NA,"NGI",NA,NA,NA,"TRS","0.0774","215.8066773672",NA,"N"
"Sweden",2015,1,"VL0008","DFN","GNS","SPF","32D90","GNS_SPF_32-89_0_0",NA,"NK","NK","NAO","27.3.D.30",NA,"NGI",NA,NA,NA,"HER","1.795","353.6974663285",NA,"N"
"Sweden",2015,1,"VL0008","FPO","GNS","ANA","90D110","GNS_ANA_90-109_0_0",NA,"NK","NK","NAO","27.3.D.30",NA,"NGI",NA,NA,NA,"TRS","0.0028","7.8069599048",NA,"N"
"Sweden",2015,1,"VL0008","FPO","GNS","FWS","32D90","GNS_FWS_>0_0_0",NA,"NK","NK","NAO","27.3.D.30",NA,"NGI",NA,NA,NA,"FPE","0.004","10.8959627991",NA,"N"
"Sweden",2015,1,"VL0008","FPO","GNS","FWS","32D90","GNS_FWS_>0_0_0",NA,"NK","NK","NAO","27.3.D.30",NA,"NGI",NA,NA,NA,"FVE","0.039","140.2235950493",NA,"N"
"Sweden",2015,1,"VL0008","FPO","GNS","FWS","32D90","GNS_FWS_>0_0_0",NA,"NK","NK","NAO","27.3.D.30",NA,"NGI",NA,NA,NA,"TRS","0.0295","82.2518989965",NA,"N"
"Sweden",2015,1,"VL0008","FPO","NK","NK","NK","NK",NA,"NK","NK","NAO","27.3.D.30",NA,"NGI",NA,NA,NA,"FPI","0.074","121.1431583633",NA,"N"
"Sweden",2015,1,"VL0008","NO","FYK","FWS","NK","FYK_FWS_>0_0_0",NA,"NK","NK","NAO","27.3.D.30",NA,"NGI",NA,NA,NA,"FBU","0.05","109.0346905644",NA,"N"
"Sweden",2015,1,"VL0008","NO","FYK","FWS","NK","FYK_FWS_>0_0_0",NA,"NK","NK","NAO","27.3.D.30",NA,"NGI",NA,NA,NA,"FPE","0.002","5.4479813996",NA,"N"
"Sweden",2015,1,"VL0008","NO","GNS","FWS","32D90","GNS_FWS_>0_0_0",NA,"NK","NK","NAO","27.3.D.30",NA,"NGI",NA,NA,NA,"FPE","0.003","7.7887386226",NA,"N"
"Sweden",2015,1,"VL0008","NO","GNS","FWS","32D90","GNS_FWS_>0_0_0",NA,"NK","NK","NAO","27.3.D.30",NA,"NGI",NA,NA,NA,"FPI","0.003","5.9772761298",NA,"N"
"Sweden",2015,1,"VL0008","NO","GNS","FWS","32D90","GNS_FWS_>0_0_0",NA,"NK","NK","NAO","27.3.D.30",NA,"NGI",NA,NA,NA,"FVE","0.016","57.5276287382",NA,"N"
"Sweden",2015,1,"VL0008","NO","GNS","FWS","32D90","GNS_FWS_>0_0_0",NA,"NK","NK","NAO","27.3.D.30",NA,"NGI",NA,NA,NA,"TRS","0.03","83.6459989795",NA,"N"
"Sweden",2015,1,"VL0008","NO","GNS","SPF","32D90","GNS_SPF_32-89_0_0",NA,"NK","NK","NAO","27.3.D.30",NA,"NGI",NA,NA,NA,"HER","0.12","24.0463066308",NA,"N"
"Sweden",2015,1,"VL0008","PGP","FPO","FWS",NA,"FPO_FWS_>0_0_0",NA,"NK","NK","NAO","27.3.D.30",NA,"NGI",NA,NA,NA,"FRO","0.183","0.1955922276",NA,"N"
"Sweden",2015,1,"VL0008","PGP","GNS","FWS","32D90","GNS_FWS_>0_0_0",NA,"NK","NK","NAO","27.3.D.30",NA,"NGI",NA,NA,NA,"FVE","0.051","183.3693166029",NA,"N"
"Sweden",2015,1,"VL0812","DFN","GNS","FWS","32D90","GNS_FWS_>0_0_0",NA,"NK","NK","NAO","27.3.D.30",NA,"NGI",NA,NA,NA,"FVE","0.075","269.6607597101",NA,"N"
"Sweden",2015,1,"VL0812","DFN","GNS","SPF","16D32","GNS_SPF_16-31_0_0",NA,"NK","NK","NAO","27.3.D.30",NA,"NGI",NA,NA,NA,"HER","0.25","49.2091125752",NA,"N"
"Sweden",2015,1,"VL0812","DFN","GNS","SPF","32D90","GNS_SPF_32-89_0_0",NA,"NK","NK","NAO","27.3.D.30",NA,"NGI",NA,NA,NA,"HER","6.625","2048.2431314866",NA,"N"
"Sweden",2015,1,"VL0812","DTS","OTB","SPF","32D90","OTB_SPF_32-89_0_0",NA,"NK","NK","NAO","27.3.D.30",NA,"NGI",NA,NA,NA,"HER","6.6","7310.5831798541",NA,"N"
"Sweden",2015,1,"VL0812","HOK","GNS","SPF","32D90","GNS_SPF_32-89_0_0",NA,"NK","NK","NAO","27.3.D.30",NA,"NGI",NA,NA,NA,"HER","1.23","242.0997687487",NA,"N"
"Sweden",2015,1,"VL1218","DTS","OTB","SPF","16D32","OTB_SPF_16-31_0_0",NA,"NK","NK","NAO","27.3.D.30",NA,"NGI",NA,NA,NA,"HER","47.233","8504.5764350376",NA,"N"
"Sweden",2015,1,"VL1218","DTS","OTB","SPF","16D32","OTB_SPF_16-31_0_0",NA,"NK","NK","NAO","27.3.D.30",NA,"NGI",NA,NA,NA,"SPR","1.093","196.4731885373",NA,"N"
"Sweden",2015,1,"VL1218","DTS","OTB","SPF","32D90","OTB_SPF_32-89_0_0",NA,"NK","NK","NAO","27.3.D.30",NA,"NGI",NA,NA,NA,"HER","4.41","773.1835229494",NA,"N"
"Sweden",2015,1,"VL1218","DTS","OTB","SPF","32D90","OTB_SPF_32-89_0_0",NA,"NK","NK","NAO","27.3.D.30",NA,"NGI",NA,NA,NA,"SPR","0.09","15.7788418375",NA,"N"
"Sweden",2015,1,"VL1218","TM","OTM","SPF","16D32","OTM_SPF_16-31_0_0",NA,"NK","NK","NAO","27.3.D.30",NA,"NGI",NA,NA,NA,"HER","546.1","109064.164295902",NA,"N"
"Sweden",2015,1,"VL1218","TM","OTM","SPF","16D32","OTM_SPF_16-31_0_0",NA,"NK","NK","NAO","27.3.D.30",NA,"NGI",NA,NA,NA,"SPR","1.7","335.1788119108",NA,"N"
"Sweden",2015,1,"VL1824","TM","OTM","SPF","32D90","OTM_SPF_32-89_0_0",NA,"NK","NK","NAO","27.3.D.30",NA,"NGI",NA,NA,NA,"HER","8.2","3823.5404890671",NA,"N"
"Sweden",2015,1,"VL2440","DTS","OTB","SPF","16D32","OTB_SPF_16-31_0_0",NA,"NK","NK","NAO","27.3.D.30",NA,"NGI",NA,NA,NA,"HER","865.4","163060.755728798",NA,"N"
"Sweden",2015,1,"VL2440","DTS","OTB","SPF","16D32","OTB_SPF_16-31_0_0",NA,"NK","NK","NAO","27.3.D.30",NA,"NGI",NA,NA,NA,"SPR","19.25","3636.9724503321",NA,"N"
"Sweden",2015,1,"VL2440","TM","OTM","SPF","16D32","OTM_SPF_16-31_0_0",NA,"NK","NK","NAO","27.3.D.30",NA,"NGI",NA,NA,NA,"HER","1499.4","299137.702920352",NA,"N"
"Sweden",2015,1,"VL2440","TM","OTM","SPF","16D32","OTM_SPF_16-31_0_0",NA,"NK","NK","NAO","27.3.D.30",NA,"NGI",NA,NA,NA,"SPR","21.6","4206.9999928746",NA,"N"
"Sweden",2015,1,"VL40XX","TM","OTM","SPF","16D32","OTM_SPF_16-31_0_0",NA,"NK","NK","NAO","27.3.D.30",NA,"NGI",NA,NA,NA,"HER","1271","253621.90286675",NA,"N"
"Sweden",2015,1,"VL40XX","TM","OTM","SPF","16D32","OTM_SPF_16-31_0_0",NA,"NK","NK","NAO","27.3.D.30",NA,"NGI",NA,NA,NA,"SPR","42","10064.35418161",NA,"N"
"Sweden",2015,2,"VL0008","DFN","FPN","ANA","NK","FPN_ANA_>0_0_0",NA,"NK","NK","NAO","27.3.D.30",NA,"NGI",NA,NA,NA,"FVE","2.4707","8883.3445202112",NA,"N"
"Sweden",2015,2,"VL0008","DFN","FPN","ANA","NK","FPN_ANA_>0_0_0",NA,"NK","NK","NAO","27.3.D.30",NA,"NGI",NA,NA,NA,"HER","0.4","171.0095979137",NA,"N"
"Sweden",2015,2,"VL0008","DFN","FPN","ANA","NK","FPN_ANA_>0_0_0",NA,"NK","NK","NAO","27.3.D.30",NA,"NGI",NA,NA,NA,"SAL","10.7401","32598.1166572238",NA,"N"
"Sweden",2015,2,"VL0008","DFN","FPN","ANA","NK","FPN_ANA_>0_0_0",NA,"NK","NK","NAO","27.3.D.30",NA,"NGI",NA,NA,NA,"TRR","0.001","0",NA,"N"
"Sweden",2015,2,"VL0008","DFN","FPN","ANA","NK","FPN_ANA_>0_0_0",NA,"NK","NK","NAO","27.3.D.30",NA,"NGI",NA,NA,NA,"TRS","0.5336","1933.0842039323",NA,"N"
"Sweden",2015,2,"VL0008","DFN","FPO","FWS",NA,"FPO_FWS_>0_0_0",NA,"NK","NK","NAO","27.3.D.30",NA,"NGI",NA,NA,NA,"FPE","0.74","1946.0483596607",NA,"N"
"Sweden",2015,2,"VL0008","DFN","FYK","ANA","NK","FYK_ANA_>0_0_0",NA,"NK","NK","NAO","27.3.D.30",NA,"NGI",NA,NA,NA,"SAL","0.2215","786.5909376781",NA,"N"
"Sweden",2015,2,"VL0008","DFN","FYK","CAT","NK","FYK_CAT_>0_0_0",NA,"NK","NK","NAO","27.3.D.30",NA,"NGI",NA,NA,NA,"ELE","0.098","701.2098326459",NA,"N"
"Sweden",2015,2,"VL0008","DFN","FYK","FWS","NK","FYK_FWS_>0_0_0",NA,"NK","NK","NAO","27.3.D.30",NA,"NGI",NA,NA,NA,"FBU","0.012","20.2187122335",NA,"N"
"Sweden",2015,2,"VL0008","DFN","FYK","FWS","NK","FYK_FWS_>0_0_0",NA,"NK","NK","NAO","27.3.D.30",NA,"NGI",NA,NA,NA,"FPI","0.002","3.925697536",NA,"N"
"Sweden",2015,2,"VL0008","DFN","GNS","ANA","157DXX","GNS_ANA_>=157_0_0",NA,"NK","NK","NAO","27.3.D.30",NA,"NGI",NA,NA,NA,"TRS","0.04","128.2571984353",NA,"N"
"Sweden",2015,2,"VL0008","DFN","GNS","FWS","32D90","GNS_FWS_>0_0_0",NA,"NK","NK","NAO","27.3.D.30",NA,"NGI",NA,NA,NA,"FPE","4.1201","10715.9912327944",NA,"N"
"Sweden",2015,2,"VL0008","DFN","GNS","FWS","32D90","GNS_FWS_>0_0_0",NA,"NK","NK","NAO","27.3.D.30",NA,"NGI",NA,NA,NA,"FPI","0.128","289.0661665012",NA,"N"
"Sweden",2015,2,"VL0008","DFN","GNS","FWS","32D90","GNS_FWS_>0_0_0",NA,"NK","NK","NAO","27.3.D.30",NA,"NGI",NA,NA,NA,"FPP","0.018","149.0503825289",NA,"N"
"Sweden",2015,2,"VL0008","DFN","GNS","FWS","32D90","GNS_FWS_>0_0_0",NA,"NK","NK","NAO","27.3.D.30",NA,"NGI",NA,NA,NA,"FVE","5.1374","18471.4024924649",NA,"N"
"Sweden",2015,2,"VL0008","DFN","GNS","FWS","32D90","GNS_FWS_>0_0_0",NA,"NK","NK","NAO","27.3.D.30",NA,"NGI",NA,NA,NA,"HER","2.75","857.4616623761",NA,"N"
"Sweden",2015,2,"VL0008","DFN","GNS","FWS","32D90","GNS_FWS_>0_0_0",NA,"NK","NK","NAO","27.3.D.30",NA,"NGI",NA,NA,NA,"TRS","0.5545","1903.9355260286",NA,"N"
"Sweden",2015,2,"VL0008","DFN","GNS","FWS","90D110","GNS_FWS_>0_0_0",NA,"NK","NK","NAO","27.3.D.30",NA,"NGI",NA,NA,NA,"FPE","0.627","1517.0337894603",NA,"N"
"Sweden",2015,2,"VL0008","DFN","GNS","FWS","90D110","GNS_FWS_>0_0_0",NA,"NK","NK","NAO","27.3.D.30",NA,"NGI",NA,NA,NA,"FVE","0.928","3336.6024668135",NA,"N"
"Sweden",2015,2,"VL0008","DFN","GNS","FWS","90D110","GNS_FWS_>0_0_0",NA,"NK","NK","NAO","27.3.D.30",NA,"NGI",NA,NA,NA,"TRS","0.151","501.4439353609",NA,"N"
"Sweden",2015,2,"VL0008","DFN","GNS","SPF","16D32","GNS_SPF_16-31_0_0",NA,"NK","NK","NAO","27.3.D.30",NA,"NGI",NA,NA,NA,"HER","5.91","1269.4025420629",NA,"N"
"Sweden",2015,2,"VL0008","DFN","GNS","SPF","32D90","GNS_SPF_32-89_0_0",NA,"NK","NK","NAO","27.3.D.30",NA,"NGI",NA,NA,NA,"FVE","0.023","82.6959663111",NA,"N"
"Sweden",2015,2,"VL0008","DFN","GNS","SPF","32D90","GNS_SPF_32-89_0_0",NA,"NK","NK","NAO","27.3.D.30",NA,"NGI",NA,NA,NA,"HER","48.944","27740.3830486013",NA,"N"
"Sweden",2015,2,"VL0008","DFN","GNS","SPF","32D90","GNS_SPF_32-89_0_0",NA,"NK","NK","NAO","27.3.D.30",NA,"NGI",NA,NA,NA,"TRS","0.0108","34.6294435775",NA,"N"
"Sweden",2015,2,"VL0008","FPO","FPN","ANA","NK","FPN_ANA_>0_0_0",NA,"NK","NK","NAO","27.3.D.30",NA,"NGI",NA,NA,NA,"FVE","0.7997","2875.3027938693",NA,"N"
"Sweden",2015,2,"VL0008","FPO","FPN","ANA","NK","FPN_ANA_>0_0_0",NA,"NK","NK","NAO","27.3.D.30",NA,"NGI",NA,NA,NA,"SAL","19.6867","61421.6291299349",NA,"N"
"Sweden",2015,2,"VL0008","FPO","FPN","ANA","NK","FPN_ANA_>0_0_0",NA,"NK","NK","NAO","27.3.D.30",NA,"NGI",NA,NA,NA,"TRS","0.4212","1487.4219371187",NA,"N"
"Sweden",2015,2,"VL0008","FPO","GNS","ANA","90D110","GNS_ANA_90-109_0_0",NA,"NK","NK","NAO","27.3.D.30",NA,"NGI",NA,NA,NA,"TRS","0.0382","132.4544158182",NA,"N"
"Sweden",2015,2,"VL0008","FPO","GNS","FWS","32D90","GNS_FWS_>0_0_0",NA,"NK","NK","NAO","27.3.D.30",NA,"NGI",NA,NA,NA,"FPE","0.4207","1686.8091978073",NA,"N"
"Sweden",2015,2,"VL0008","FPO","GNS","FWS","32D90","GNS_FWS_>0_0_0",NA,"NK","NK","NAO","27.3.D.30",NA,"NGI",NA,NA,NA,"FPI","0.0276","39.8391806079",NA,"N"
"Sweden",2015,2,"VL0008","FPO","GNS","FWS","32D90","GNS_FWS_>0_0_0",NA,"NK","NK","NAO","27.3.D.30",NA,"NGI",NA,NA,NA,"FPP","0.015","133.4343676957",NA,"N"
"Sweden",2015,2,"VL0008","FPO","GNS","FWS","32D90","GNS_FWS_>0_0_0",NA,"NK","NK","NAO","27.3.D.30",NA,"NGI",NA,NA,NA,"FVE","0.264","949.2058741797",NA,"N"
"Sweden",2015,2,"VL0008","FPO","GNS","FWS","32D90","GNS_FWS_>0_0_0",NA,"NK","NK","NAO","27.3.D.30",NA,"NGI",NA,NA,NA,"TRS","0.0015","5.4409634923",NA,"N"
"Sweden",2015,2,"VL0008","FPO","GNS","FWS","90D110","GNS_FWS_>0_0_0",NA,"NK","NK","NAO","27.3.D.30",NA,"NGI",NA,NA,NA,"FVE","0.061","219.3240845642",NA,"N"
"Sweden",2015,2,"VL0008","FPO","GNS","FWS","90D110","GNS_FWS_>0_0_0",NA,"NK","NK","NAO","27.3.D.30",NA,"NGI",NA,NA,NA,"TRS","0.0184","66.7424855055",NA,"N"
"Sweden",2015,2,"VL0008","FPO","GNS","SPF","32D90","GNS_SPF_32-89_0_0",NA,"NK","NK","NAO","27.3.D.30",NA,"NGI",NA,NA,NA,"HER","0.593","119.4719267321",NA,"N"
"Sweden",2015,2,"VL0008","NO","FYK","ANA","NK","FYK_ANA_>0_0_0",NA,"NK","NK","NAO","27.3.D.30",NA,"NGI",NA,NA,NA,"FVE","0.005","17.9773839807",NA,"N"
"Sweden",2015,2,"VL0008","NO","FYK","ANA","NK","FYK_ANA_>0_0_0",NA,"NK","NK","NAO","27.3.D.30",NA,"NGI",NA,NA,NA,"SAL","0.0873","247.6888509815",NA,"N"
"Sweden",2015,2,"VL0008","NO","GNS","SPF","32D90","GNS_SPF_32-89_0_0",NA,"NK","NK","NAO","27.3.D.30",NA,"NGI",NA,NA,NA,"HER","1.07","322.3906286129",NA,"N"
"Sweden",2015,2,"VL0008","PGP","FPN","ANA","NK","FPN_ANA_>0_0_0",NA,"NK","NK","NAO","27.3.D.30",NA,"NGI",NA,NA,NA,"FVE","0.369","1326.7309377739",NA,"N"
"Sweden",2015,2,"VL0008","PGP","FPN","ANA","NK","FPN_ANA_>0_0_0",NA,"NK","NK","NAO","27.3.D.30",NA,"NGI",NA,NA,NA,"SAL","0.4524","1283.5559700346",NA,"N"
"Sweden",2015,2,"VL0008","PGP","FPN","ANA","NK","FPN_ANA_>0_0_0",NA,"NK","NK","NAO","27.3.D.30",NA,"NGI",NA,NA,NA,"TRS","0.04","138.3582952509",NA,"N"
"Sweden",2015,2,"VL0008","PGP","FYK","CAT","NK","FYK_CAT_>0_0_0",NA,"NK","NK","NAO","27.3.D.30",NA,"NGI",NA,NA,NA,"ELE","0.022","157.4144522266",NA,"N"
"Sweden",2015,2,"VL0008","PGP","GNS","FWS","32D90","GNS_FWS_>0_0_0",NA,"NK","NK","NAO","27.3.D.30",NA,"NGI",NA,NA,NA,"FPE","0.015","39.9909118251",NA,"N"
"Sweden",2015,2,"VL0008","PGP","GNS","FWS","32D90","GNS_FWS_>0_0_0",NA,"NK","NK","NAO","27.3.D.30",NA,"NGI",NA,NA,NA,"FVE","0.28","1006.7335029179",NA,"N"
"Sweden",2015,2,"VL0008","PGP","GNS","FWS","32D90","GNS_FWS_>0_0_0",NA,"NK","NK","NAO","27.3.D.30",NA,"NGI",NA,NA,NA,"TRS","0.034","115.550729134",NA,"N"
"Sweden",2015,2,"VL0008","PGP","GNS","SPF","16D32","GNS_SPF_16-31_0_0",NA,"NK","NK","NAO","27.3.D.30",NA,"NGI",NA,NA,NA,"HER","0.2","38.4383650788",NA,"N"
"Sweden",2015,2,"VL0008","PGP","GNS","SPF","32D90","GNS_SPF_32-89_0_0",NA,"NK","NK","NAO","27.3.D.30",NA,"NGI",NA,NA,NA,"HER","0.48","127.1681776713",NA,"N"
"Sweden",2015,2,"VL0812","DFN","FPN","ANA","NK","FPN_ANA_>0_0_0",NA,"NK","NK","NAO","27.3.D.30",NA,"NGI",NA,NA,NA,"FVE","0.389","1398.6404736966",NA,"N"
"Sweden",2015,2,"VL0812","DFN","FPN","ANA","NK","FPN_ANA_>0_0_0",NA,"NK","NK","NAO","27.3.D.30",NA,"NGI",NA,NA,NA,"HER","1.72","330.5671305526",NA,"N"
"Sweden",2015,2,"VL0812","DFN","FPN","ANA","NK","FPN_ANA_>0_0_0",NA,"NK","NK","NAO","27.3.D.30",NA,"NGI",NA,NA,NA,"SAL","1.69","4794.8929915086",NA,"N"
"Sweden",2015,2,"VL0812","DFN","FPN","ANA","NK","FPN_ANA_>0_0_0",NA,"NK","NK","NAO","27.3.D.30",NA,"NGI",NA,NA,NA,"TRS","0.17","616.6425291271",NA,"N"
"Sweden",2015,2,"VL0812","DFN","FYK","CAT","NK","FYK_CAT_>0_0_0",NA,"NK","NK","NAO","27.3.D.30",NA,"NGI",NA,NA,NA,"ELE","0.175","1248.939270836",NA,"N"
"Sweden",2015,2,"VL0812","DFN","GNS","FWS","32D90","GNS_FWS_>0_0_0",NA,"NK","NK","NAO","27.3.D.30",NA,"NGI",NA,NA,NA,"FPE","1.05","2735.0376008211",NA,"N"
"Sweden",2015,2,"VL0812","DFN","GNS","FWS","32D90","GNS_FWS_>0_0_0",NA,"NK","NK","NAO","27.3.D.30",NA,"NGI",NA,NA,NA,"FVE","3.378","12145.5206173446",NA,"N"
"Sweden",2015,2,"VL0812","DFN","GNS","FWS","32D90","GNS_FWS_>0_0_0",NA,"NK","NK","NAO","27.3.D.30",NA,"NGI",NA,NA,NA,"TRS","0.023","80.6200969664",NA,"N"
"Sweden",2015,2,"VL0812","DFN","GNS","FWS","90D110","GNS_FWS_>0_0_0",NA,"NK","NK","NAO","27.3.D.30",NA,"NGI",NA,NA,NA,"FPE","0.54","1439.6728257043",NA,"N"
"Sweden",2015,2,"VL0812","DFN","GNS","FWS","90D110","GNS_FWS_>0_0_0",NA,"NK","NK","NAO","27.3.D.30",NA,"NGI",NA,NA,NA,"FVE","0.405","1456.1681024347",NA,"N"
"Sweden",2015,2,"VL0812","DFN","GNS","SPF","16D32","GNS_SPF_16-31_0_0",NA,"NK","NK","NAO","27.3.D.30",NA,"NGI",NA,NA,NA,"HER","22.255","6756.6609642104",NA,"N"
"Sweden",2015,2,"VL0812","DFN","GNS","SPF","32D90","GNS_SPF_32-89_0_0",NA,"NK","NK","NAO","27.3.D.30",NA,"NGI",NA,NA,NA,"FVE","0.001","3.5954767961",NA,"N"
"Sweden",2015,2,"VL0812","DFN","GNS","SPF","32D90","GNS_SPF_32-89_0_0",NA,"NK","NK","NAO","27.3.D.30",NA,"NGI",NA,NA,NA,"HER","146.287","101906.688293913",NA,"N"
"Sweden",2015,2,"VL0812","DFN","OTB","SPF","32D90","OTB_SPF_32-89_0_0",NA,"NK","NK","NAO","27.3.D.30",NA,"NGI",NA,NA,NA,"HER","1.775","1698.1090719567",NA,"N"
"Sweden",2015,2,"VL0812","DTS","GNS","SPF","32D90","GNS_SPF_32-89_0_0",NA,"NK","NK","NAO","27.3.D.30",NA,"NGI",NA,NA,NA,"HER","67.75","60766.759356182",NA,"N"
"Sweden",2015,2,"VL0812","DTS","OTB","SPF","32D90","OTB_SPF_32-89_0_0",NA,"NK","NK","NAO","27.3.D.30",NA,"NGI",NA,NA,NA,"HER","48.1","51300.7561572395",NA,"N"
"Sweden",2015,2,"VL0812","FPO","FPN","ANA","NK","FPN_ANA_>0_0_0",NA,"NK","NK","NAO","27.3.D.30",NA,"NGI",NA,NA,NA,"FVE","0.006","21.5728607768",NA,"N"
"Sweden",2015,2,"VL0812","FPO","FPN","ANA","NK","FPN_ANA_>0_0_0",NA,"NK","NK","NAO","27.3.D.30",NA,"NGI",NA,NA,NA,"SAL","0.7342","2083.0830972578",NA,"N"
"Sweden",2015,2,"VL0812","HOK","GNS","SPF","32D90","GNS_SPF_32-89_0_0",NA,"NK","NK","NAO","27.3.D.30",NA,"NGI",NA,NA,NA,"HER","2.585","751.3421835133",NA,"N"
"Sweden",2015,2,"VL0812","PGP","FPN","ANA","NK","FPN_ANA_>0_0_0",NA,"NK","NK","NAO","27.3.D.30",NA,"NGI",NA,NA,NA,"FVE","0.12","431.4572155362",NA,"N"
"Sweden",2015,2,"VL0812","PGP","FPN","ANA","NK","FPN_ANA_>0_0_0",NA,"NK","NK","NAO","27.3.D.30",NA,"NGI",NA,NA,NA,"SAL","0.4","1134.88591515",NA,"N"
"Sweden",2015,2,"VL0812","PGP","FPN","ANA","NK","FPN_ANA_>0_0_0",NA,"NK","NK","NAO","27.3.D.30",NA,"NGI",NA,NA,NA,"TRS","0.11","399.0039894352",NA,"N"
"Sweden",2015,2,"VL0812","PGP","FYK","FWS","NK","FYK_FWS_>0_0_0",NA,"NK","NK","NAO","27.3.D.30",NA,"NGI",NA,NA,NA,"FBM","0.02","15.4248714027",NA,"N"
"Sweden",2015,2,"VL0812","PGP","FYK","FWS","NK","FYK_FWS_>0_0_0",NA,"NK","NK","NAO","27.3.D.30",NA,"NGI",NA,NA,NA,"FPE","0.1","226.7582212693",NA,"N"
"Sweden",2015,2,"VL0812","PGP","FYK","FWS","NK","FYK_FWS_>0_0_0",NA,"NK","NK","NAO","27.3.D.30",NA,"NGI",NA,NA,NA,"FPI","0.02","27.8796377498",NA,"N"
"Sweden",2015,2,"VL0812","PGP","FYK","FWS","NK","FYK_FWS_>0_0_0",NA,"NK","NK","NAO","27.3.D.30",NA,"NGI",NA,NA,NA,"FRO","0.12","0.1282571984",NA,"N"
"Sweden",2015,2,"VL0812","PGP","FYK","FWS","NK","FYK_FWS_>0_0_0",NA,"NK","NK","NAO","27.3.D.30",NA,"NGI",NA,NA,NA,"FVE","0.005","17.9773839807",NA,"N"
"Sweden",2015,2,"VL0812","PGP","GNS","FWS","32D90","GNS_FWS_>0_0_0",NA,"NK","NK","NAO","27.3.D.30",NA,"NGI",NA,NA,NA,"FPE","0.04","106.6424315336",NA,"N"
"Sweden",2015,2,"VL0812","PGP","GNS","FWS","32D90","GNS_FWS_>0_0_0",NA,"NK","NK","NAO","27.3.D.30",NA,"NGI",NA,NA,NA,"FVE","0.05","179.7738398068",NA,"N"
"Sweden",2015,2,"VL0812","PGP","GNS","SPF","32D90","GNS_SPF_32-89_0_0",NA,"NK","NK","NAO","27.3.D.30",NA,"NGI",NA,NA,NA,"HER","2.78","656.590377612",NA,"N"
"Sweden",2015,2,"VL1218","DFN","GNS","SPF","16D32","GNS_SPF_16-31_0_0",NA,"NK","NK","NAO","27.3.D.30",NA,"NGI",NA,NA,NA,"HER","33","45851.9484406062",NA,"N"
"Sweden",2015,2,"VL1218","DTS","GNS","SPF","32D90","GNS_SPF_32-89_0_0",NA,"NK","NK","NAO","27.3.D.30",NA,"NGI",NA,NA,NA,"HER","64.48","62263.525790385",NA,"N"
"Sweden",2015,2,"VL1218","DTS","OTB","SPF","16D32","OTB_SPF_16-31_0_0",NA,"NK","NK","NAO","27.3.D.30",NA,"NGI",NA,NA,NA,"HER","37.148","6663.8706075236",NA,"N"
"Sweden",2015,2,"VL1218","DTS","OTB","SPF","16D32","OTB_SPF_16-31_0_0",NA,"NK","NK","NAO","27.3.D.30",NA,"NGI",NA,NA,NA,"SPR","0.191","32.862976723",NA,"N"
"Sweden",2015,2,"VL1218","DTS","PTB","SPF","32D90","PTB_SPF_32-89_0_0",NA,"NK","NK","NAO","27.3.D.30",NA,"NGI",NA,NA,NA,"HER","104.4","107851.924392382",NA,"N"
"Sweden",2015,2,"VL1218","PMP","GNS","SPF","32D90","GNS_SPF_32-89_0_0",NA,"NK","NK","NAO","27.3.D.30",NA,"NGI",NA,NA,NA,"HER","32.5","45157.2219490819",NA,"N"
"Sweden",2015,2,"VL1218","TM","OTM","SPF","16D32","OTM_SPF_16-31_0_0",NA,"NK","NK","NAO","27.3.D.30",NA,"NGI",NA,NA,NA,"HER","681.7","120769.097454178",NA,"N"
"Sweden",2015,2,"VL1218","TM","OTM","SPF","16D32","OTM_SPF_16-31_0_0",NA,"NK","NK","NAO","27.3.D.30",NA,"NGI",NA,NA,NA,"SPR","7","1221.8635770933",NA,"N"
"Sweden",2015,2,"VL2440","DTS","OTB","SPF","16D32","OTB_SPF_16-31_0_0",NA,"NK","NK","NAO","27.3.D.30",NA,"NGI",NA,NA,NA,"HER","587.5","109246.909621884",NA,"N"
"Sweden",2015,2,"VL2440","DTS","OTB","SPF","16D32","OTB_SPF_16-31_0_0",NA,"NK","NK","NAO","27.3.D.30",NA,"NGI",NA,NA,NA,"SPR","17.1","3113.0925171869",NA,"N"
"Sweden",2015,2,"VL2440","TM","OTM","SPF","16D32","OTM_SPF_16-31_0_0",NA,"NK","NK","NAO","27.3.D.30",NA,"NGI",NA,NA,NA,"HER","1347.5","238713.687377692",NA,"N"
"Sweden",2015,2,"VL2440","TM","OTM","SPF","16D32","OTM_SPF_16-31_0_0",NA,"NK","NK","NAO","27.3.D.30",NA,"NGI",NA,NA,NA,"SPR","18","3269.9386503067",NA,"N"
"Sweden",2015,2,"VL40XX","TM","OTM","SPF","16D32","OTM_SPF_16-31_0_0",NA,"NK","NK","NAO","27.3.D.30",NA,"NGI",NA,NA,NA,"GTA","0.1","26.6083632291",NA,"N"
"Sweden",2015,2,"VL40XX","TM","OTM","SPF","16D32","OTM_SPF_16-31_0_0",NA,"NK","NK","NAO","27.3.D.30",NA,"NGI",NA,NA,NA,"HER","4376","840220.354130439",NA,"N"
"Sweden",2015,2,"VL40XX","TM","OTM","SPF","16D32","OTM_SPF_16-31_0_0",NA,"NK","NK","NAO","27.3.D.30",NA,"NGI",NA,NA,NA,"SPR","18.6","3278.3651482439",NA,"N"
"Sweden",2015,2,"VL40XX","TM","PTM","SPF","16D32","PTM_SPF_16-31_0_0",NA,"NK","NK","NAO","27.3.D.30",NA,"NGI",NA,NA,NA,"HER","560","95508.2575021574",NA,"N"
"Sweden",2015,2,"VL40XX","TM","PTM","SPF","16D32","PTM_SPF_16-31_0_0",NA,"NK","NK","NAO","27.3.D.30",NA,"NGI",NA,NA,NA,"SPR","3","510.1761398859",NA,"N"
"Sweden",2015,3,"VL0008","DFN","FPN","ANA","NK","FPN_ANA_>0_0_0",NA,"NK","NK","NAO","27.3.D.30",NA,"NGI",NA,NA,NA,"FPE","0.007","25.863428554",NA,"N"
"Sweden",2015,3,"VL0008","DFN","FPN","ANA","NK","FPN_ANA_>0_0_0",NA,"NK","NK","NAO","27.3.D.30",NA,"NGI",NA,NA,NA,"FVE","2.0212","7267.1777003484",NA,"N"
"Sweden",2015,3,"VL0008","DFN","FPN","ANA","NK","FPN_ANA_>0_0_0",NA,"NK","NK","NAO","27.3.D.30",NA,"NGI",NA,NA,NA,"SAL","4.8924","13574.6050853455",NA,"N"
"Sweden",2015,3,"VL0008","DFN","FPN","ANA","NK","FPN_ANA_>0_0_0",NA,"NK","NK","NAO","27.3.D.30",NA,"NGI",NA,NA,NA,"TRS","1.6462","4334.0300296907",NA,"N"
"Sweden",2015,3,"VL0008","DFN","FPO","FWS",NA,"FPO_FWS_>0_0_0",NA,"NK","NK","NAO","27.3.D.30",NA,"NGI",NA,NA,NA,"FPE","0.25","997.6908001855",NA,"N"
"Sweden",2015,3,"VL0008","DFN","FYK","ANA","NK","FYK_ANA_>0_0_0",NA,"NK","NK","NAO","27.3.D.30",NA,"NGI",NA,NA,NA,"FPE","0.08","344.1108569872",NA,"N"
"Sweden",2015,3,"VL0008","DFN","FYK","ANA","NK","FYK_ANA_>0_0_0",NA,"NK","NK","NAO","27.3.D.30",NA,"NGI",NA,NA,NA,"FVE","0.15","539.3215194203",NA,"N"
"Sweden",2015,3,"VL0008","DFN","FYK","ANA","NK","FYK_ANA_>0_0_0",NA,"NK","NK","NAO","27.3.D.30",NA,"NGI",NA,NA,NA,"SAL","0.41","1147.0006718637",NA,"N"
"Sweden",2015,3,"VL0008","DFN","FYK","ANA","NK","FYK_ANA_>0_0_0",NA,"NK","NK","NAO","27.3.D.30",NA,"NGI",NA,NA,NA,"TRS","0.125","310.9090452074",NA,"N"
"Sweden",2015,3,"VL0008","DFN","FYK","CAT","NK","FYK_CAT_>0_0_0",NA,"NK","NK","NAO","27.3.D.30",NA,"NGI",NA,NA,NA,"ELE","0.517","3998.8357254107",NA,"N"
"Sweden",2015,3,"VL0008","DFN","FYK","FWS","NK","FYK_FWS_>0_0_0",NA,"NK","NK","NAO","27.3.D.30",NA,"NGI",NA,NA,NA,"FPE","0.01","39.6607797221",NA,"N"
"Sweden",2015,3,"VL0008","DFN","FYK","FWS","NK","FYK_FWS_>0_0_0",NA,"NK","NK","NAO","27.3.D.30",NA,"NGI",NA,NA,NA,"FRO","0.2","0.2137619974",NA,"N"
"Sweden",2015,3,"VL0008","DFN","GNS","FWS","32D90","GNS_FWS_>0_0_0",NA,"NK","NK","NAO","27.3.D.30",NA,"NGI",NA,NA,NA,"FPE","12.1502","49104.8286462838",NA,"N"
"Sweden",2015,3,"VL0008","DFN","GNS","FWS","32D90","GNS_FWS_>0_0_0",NA,"NK","NK","NAO","27.3.D.30",NA,"NGI",NA,NA,NA,"FPI","0.167","542.8200466471",NA,"N"
"Sweden",2015,3,"VL0008","DFN","GNS","FWS","32D90","GNS_FWS_>0_0_0",NA,"NK","NK","NAO","27.3.D.30",NA,"NGI",NA,NA,NA,"FPP","0.022","193.4893698674",NA,"N"
"Sweden",2015,3,"VL0008","DFN","GNS","FWS","32D90","GNS_FWS_>0_0_0",NA,"NK","NK","NAO","27.3.D.30",NA,"NGI",NA,NA,NA,"FRF","9e-04","38.4771595306",NA,"N"
"Sweden",2015,3,"VL0008","DFN","GNS","FWS","32D90","GNS_FWS_>0_0_0",NA,"NK","NK","NAO","27.3.D.30",NA,"NGI",NA,NA,NA,"FRO","0.2","0.2137619974",NA,"N"
"Sweden",2015,3,"VL0008","DFN","GNS","FWS","32D90","GNS_FWS_>0_0_0",NA,"NK","NK","NAO","27.3.D.30",NA,"NGI",NA,NA,NA,"FVE","5.8577","21061.2244287211",NA,"N"
"Sweden",2015,3,"VL0008","DFN","GNS","FWS","32D90","GNS_FWS_>0_0_0",NA,"NK","NK","NAO","27.3.D.30",NA,"NGI",NA,NA,NA,"HER","0.326","230.3147610934",NA,"N"
"Sweden",2015,3,"VL0008","DFN","GNS","FWS","32D90","GNS_FWS_>0_0_0",NA,"NK","NK","NAO","27.3.D.30",NA,"NGI",NA,NA,NA,"TRS","0.721","2001.9111945503",NA,"N"
"Sweden",2015,3,"VL0008","DFN","GNS","FWS","90D110","GNS_FWS_>0_0_0",NA,"NK","NK","NAO","27.3.D.30",NA,"NGI",NA,NA,NA,"FPE","1.502","4511.4332938597",NA,"N"
"Sweden",2015,3,"VL0008","DFN","GNS","FWS","90D110","GNS_FWS_>0_0_0",NA,"NK","NK","NAO","27.3.D.30",NA,"NGI",NA,NA,NA,"FPI","1.292","3120.0804278113",NA,"N"
"Sweden",2015,3,"VL0008","DFN","GNS","FWS","90D110","GNS_FWS_>0_0_0",NA,"NK","NK","NAO","27.3.D.30",NA,"NGI",NA,NA,NA,"FVE","1.228","4415.245505654",NA,"N"
"Sweden",2015,3,"VL0008","DFN","GNS","FWS","90D110","GNS_FWS_>0_0_0",NA,"NK","NK","NAO","27.3.D.30",NA,"NGI",NA,NA,NA,"TRS","0.243","705.7504098961",NA,"N"
"Sweden",2015,3,"VL0008","DFN","GNS","SPF","16D32","GNS_SPF_16-31_0_0",NA,"NK","NK","NAO","27.3.D.30",NA,"NGI",NA,NA,NA,"HER","12.219","7549.6320549955",NA,"N"
"Sweden",2015,3,"VL0008","DFN","GNS","SPF","32D90","GNS_SPF_32-89_0_0",NA,"NK","NK","NAO","27.3.D.30",NA,"NGI",NA,NA,NA,"HER","16.2915","7283.3061222802",NA,"N"
"Sweden",2015,3,"VL0008","DFN","NK","NK","NK","NK",NA,"NK","NK","NAO","27.3.D.30",NA,"NGI",NA,NA,NA,"FPE","0.01","45.0257035642",NA,"N"
"Sweden",2015,3,"VL0008","FPO","FPN","ANA","NK","FPN_ANA_>0_0_0",NA,"NK","NK","NAO","27.3.D.30",NA,"NGI",NA,NA,NA,"FPE","0.068","269.6933021104",NA,"N"
"Sweden",2015,3,"VL0008","FPO","FPN","ANA","NK","FPN_ANA_>0_0_0",NA,"NK","NK","NAO","27.3.D.30",NA,"NGI",NA,NA,NA,"FVE","1.4784","5315.5528954063",NA,"N"
"Sweden",2015,3,"VL0008","FPO","FPN","ANA","NK","FPN_ANA_>0_0_0",NA,"NK","NK","NAO","27.3.D.30",NA,"NGI",NA,NA,NA,"SAL","7.8275","22967.1947147204",NA,"N"
"Sweden",2015,3,"VL0008","FPO","FPN","ANA","NK","FPN_ANA_>0_0_0",NA,"NK","NK","NAO","27.3.D.30",NA,"NGI",NA,NA,NA,"TRS","1.1656","2901.1520435517",NA,"N"
"Sweden",2015,3,"VL0008","FPO","GNS","FWS","32D90","GNS_FWS_>0_0_0",NA,"NK","NK","NAO","27.3.D.30",NA,"NGI",NA,NA,NA,"FBM","0.064","47.8826874158",NA,"N"
"Sweden",2015,3,"VL0008","FPO","GNS","FWS","32D90","GNS_FWS_>0_0_0",NA,"NK","NK","NAO","27.3.D.30",NA,"NGI",NA,NA,NA,"FBU","0.012","25.6514396871",NA,"N"
"Sweden",2015,3,"VL0008","FPO","GNS","FWS","32D90","GNS_FWS_>0_0_0",NA,"NK","NK","NAO","27.3.D.30",NA,"NGI",NA,NA,NA,"FPE","5.033","23843.9628360363",NA,"N"
"Sweden",2015,3,"VL0008","FPO","GNS","FWS","32D90","GNS_FWS_>0_0_0",NA,"NK","NK","NAO","27.3.D.30",NA,"NGI",NA,NA,NA,"FPI","0.148","827.6016238524",NA,"N"
"Sweden",2015,3,"VL0008","FPO","GNS","FWS","32D90","GNS_FWS_>0_0_0",NA,"NK","NK","NAO","27.3.D.30",NA,"NGI",NA,NA,NA,"FPP","0.0252","200.7395085254",NA,"N"
"Sweden",2015,3,"VL0008","FPO","GNS","FWS","32D90","GNS_FWS_>0_0_0",NA,"NK","NK","NAO","27.3.D.30",NA,"NGI",NA,NA,NA,"FVE","1.3347","4798.8828798016",NA,"N"
"Sweden",2015,3,"VL0008","FPO","GNS","FWS","32D90","GNS_FWS_>0_0_0",NA,"NK","NK","NAO","27.3.D.30",NA,"NGI",NA,NA,NA,"HER","0.003","2.2910459237",NA,"N"
"Sweden",2015,3,"VL0008","FPO","GNS","FWS","32D90","GNS_FWS_>0_0_0",NA,"NK","NK","NAO","27.3.D.30",NA,"NGI",NA,NA,NA,"SAL","0.116","324.517263259",NA,"N"
"Sweden",2015,3,"VL0008","FPO","GNS","FWS","32D90","GNS_FWS_>0_0_0",NA,"NK","NK","NAO","27.3.D.30",NA,"NGI",NA,NA,NA,"TRS","0.1237","402.0533898498",NA,"N"
"Sweden",2015,3,"VL0008","FPO","GNS","FWS","90D110","GNS_FWS_>0_0_0",NA,"NK","NK","NAO","27.3.D.30",NA,"NGI",NA,NA,NA,"FPE","0.02","72.9911686058",NA,"N"
"Sweden",2015,3,"VL0008","FPO","GNS","FWS","90D110","GNS_FWS_>0_0_0",NA,"NK","NK","NAO","27.3.D.30",NA,"NGI",NA,NA,NA,"FVE","0.014","50.3366751459",NA,"N"
"Sweden",2015,3,"VL0008","FPO","GNS","SPF","32D90","GNS_SPF_32-89_0_0",NA,"NK","NK","NAO","27.3.D.30",NA,"NGI",NA,NA,NA,"HER","0.2","106.8809986961",NA,"N"
"Sweden",2015,3,"VL0008","NO","FPN","ANA","NK","FPN_ANA_>0_0_0",NA,"NK","NK","NAO","27.3.D.30",NA,"NGI",NA,NA,NA,"FVE","0.107","384.7160171865",NA,"N"
"Sweden",2015,3,"VL0008","NO","FPN","ANA","NK","FPN_ANA_>0_0_0",NA,"NK","NK","NAO","27.3.D.30",NA,"NGI",NA,NA,NA,"SAL","0.049","137.0805681008",NA,"N"
"Sweden",2015,3,"VL0008","NO","FPN","ANA","NK","FPN_ANA_>0_0_0",NA,"NK","NK","NAO","27.3.D.30",NA,"NGI",NA,NA,NA,"TRS","0.104","258.6763256126",NA,"N"
"Sweden",2015,3,"VL0008","NO","FYK","ANA","NK","FYK_ANA_>0_0_0",NA,"NK","NK","NAO","27.3.D.30",NA,"NGI",NA,NA,NA,"FVE","0.005","17.9773839807",NA,"N"
"Sweden",2015,3,"VL0008","NO","FYK","ANA","NK","FYK_ANA_>0_0_0",NA,"NK","NK","NAO","27.3.D.30",NA,"NGI",NA,NA,NA,"SAL","0.1108","309.9699376646",NA,"N"
"Sweden",2015,3,"VL0008","NO","FYK","CAT","NK","FYK_CAT_>0_0_0",NA,"NK","NK","NAO","27.3.D.30",NA,"NGI",NA,NA,NA,"ELE","0.046","357.5157532382",NA,"N"
"Sweden",2015,3,"VL0008","NO","GNS","FWS","32D90","GNS_FWS_>0_0_0",NA,"NK","NK","NAO","27.3.D.30",NA,"NGI",NA,NA,NA,"FPE","0.223","917.591494328",NA,"N"
"Sweden",2015,3,"VL0008","NO","GNS","FWS","32D90","GNS_FWS_>0_0_0",NA,"NK","NK","NAO","27.3.D.30",NA,"NGI",NA,NA,NA,"FPI","0.006","24.909522784",NA,"N"
"Sweden",2015,3,"VL0008","NO","GNS","FWS","32D90","GNS_FWS_>0_0_0",NA,"NK","NK","NAO","27.3.D.30",NA,"NGI",NA,NA,NA,"FVE","0.05","179.7738398068",NA,"N"
"Sweden",2015,3,"VL0008","NO","GNS","FWS","32D90","GNS_FWS_>0_0_0",NA,"NK","NK","NAO","27.3.D.30",NA,"NGI",NA,NA,NA,"TRS","0.005","17.3360537595",NA,"N"
"Sweden",2015,3,"VL0008","PGP","FPN","ANA","NK","FPN_ANA_>0_0_0",NA,"NK","NK","NAO","27.3.D.30",NA,"NGI",NA,NA,NA,"FVE","0.191","686.7360680618",NA,"N"
"Sweden",2015,3,"VL0008","PGP","FPN","ANA","NK","FPN_ANA_>0_0_0",NA,"NK","NK","NAO","27.3.D.30",NA,"NGI",NA,NA,NA,"SAL","0.156","436.4197678311",NA,"N"
"Sweden",2015,3,"VL0008","PGP","FPN","ANA","NK","FPN_ANA_>0_0_0",NA,"NK","NK","NAO","27.3.D.30",NA,"NGI",NA,NA,NA,"TRS","0.075","206.1441949294",NA,"N"
"Sweden",2015,3,"VL0008","PGP","GNS","FWS","32D90","GNS_FWS_>0_0_0",NA,"NK","NK","NAO","27.3.D.30",NA,"NGI",NA,NA,NA,"FPE","0.948","3889.8365442449",NA,"N"
"Sweden",2015,3,"VL0008","PGP","GNS","FWS","32D90","GNS_FWS_>0_0_0",NA,"NK","NK","NAO","27.3.D.30",NA,"NGI",NA,NA,NA,"FPI","0.035","122.0469285242",NA,"N"
"Sweden",2015,3,"VL0008","PGP","GNS","FWS","32D90","GNS_FWS_>0_0_0",NA,"NK","NK","NAO","27.3.D.30",NA,"NGI",NA,NA,NA,"FPP","0.016","150.6357160104",NA,"N"
"Sweden",2015,3,"VL0008","PGP","GNS","FWS","32D90","GNS_FWS_>0_0_0",NA,"NK","NK","NAO","27.3.D.30",NA,"NGI",NA,NA,NA,"FVE","0.355","1276.394262628",NA,"N"
"Sweden",2015,3,"VL0008","PGP","GNS","FWS","32D90","GNS_FWS_>0_0_0",NA,"NK","NK","NAO","27.3.D.30",NA,"NGI",NA,NA,NA,"TRS","0.042","116.2246998727",NA,"N"
"Sweden",2015,3,"VL0008","PGP","GNS","SPF","32D90","GNS_SPF_32-89_0_0",NA,"NK","NK","NAO","27.3.D.30",NA,"NGI",NA,NA,NA,"HER","0.215","106.8955999339",NA,"N"
"Sweden",2015,3,"VL0812","DFN","FPN","ANA","NK","FPN_ANA_>0_0_0",NA,"NK","NK","NAO","27.3.D.30",NA,"NGI",NA,NA,NA,"FVE","0.417","1499.3138239884",NA,"N"
"Sweden",2015,3,"VL0812","DFN","FPN","ANA","NK","FPN_ANA_>0_0_0",NA,"NK","NK","NAO","27.3.D.30",NA,"NGI",NA,NA,NA,"HER","0.6","423.2487548364",NA,"N"
"Sweden",2015,3,"VL0812","DFN","FPN","ANA","NK","FPN_ANA_>0_0_0",NA,"NK","NK","NAO","27.3.D.30",NA,"NGI",NA,NA,NA,"SAL","0.133","372.0758277021",NA,"N"
"Sweden",2015,3,"VL0812","DFN","FPN","ANA","NK","FPN_ANA_>0_0_0",NA,"NK","NK","NAO","27.3.D.30",NA,"NGI",NA,NA,NA,"TRS","0.56","1430.1101813588",NA,"N"
"Sweden",2015,3,"VL0812","DFN","FYK","CAT","NK","FYK_CAT_>0_0_0",NA,"NK","NK","NAO","27.3.D.30",NA,"NGI",NA,NA,NA,"ELE","0.178","1373.7921309126",NA,"N"
"Sweden",2015,3,"VL0812","DFN","GNS","DEF","110D157","GNS_DEF_110-156_0_0",NA,"NK","NK","NAO","27.3.D.30",NA,"NGI",NA,NA,NA,"COD","0.003","3.7075759835",NA,"N"
"Sweden",2015,3,"VL0812","DFN","GNS","DEF","110D157","GNS_DEF_110-156_0_0",NA,"NK","NK","NAO","27.3.D.30",NA,"NGI",NA,NA,NA,"OTH","0.002","0",NA,"N"
"Sweden",2015,3,"VL0812","DFN","GNS","FWS","32D90","GNS_FWS_>0_0_0",NA,"NK","NK","NAO","27.3.D.30",NA,"NGI",NA,NA,NA,"COD","0.001","1.2380044514",NA,"N"
"Sweden",2015,3,"VL0812","DFN","GNS","FWS","32D90","GNS_FWS_>0_0_0",NA,"NK","NK","NAO","27.3.D.30",NA,"NGI",NA,NA,NA,"FLE","0.053","270.5585727788",NA,"N"
"Sweden",2015,3,"VL0812","DFN","GNS","FWS","32D90","GNS_FWS_>0_0_0",NA,"NK","NK","NAO","27.3.D.30",NA,"NGI",NA,NA,NA,"FPE","1.915","7786.0602230405",NA,"N"
"Sweden",2015,3,"VL0812","DFN","GNS","FWS","32D90","GNS_FWS_>0_0_0",NA,"NK","NK","NAO","27.3.D.30",NA,"NGI",NA,NA,NA,"FVE","2.875","10336.9957888887",NA,"N"
"Sweden",2015,3,"VL0812","DFN","GNS","FWS","32D90","GNS_FWS_>0_0_0",NA,"NK","NK","NAO","27.3.D.30",NA,"NGI",NA,NA,NA,"OTH","0.001","0",NA,"N"
"Sweden",2015,3,"VL0812","DFN","GNS","FWS","32D90","GNS_FWS_>0_0_0",NA,"NK","NK","NAO","27.3.D.30",NA,"NGI",NA,NA,NA,"TRS","0.036","102.1608235103",NA,"N"
"Sweden",2015,3,"VL0812","DFN","GNS","FWS","90D110","GNS_FWS_>0_0_0",NA,"NK","NK","NAO","27.3.D.30",NA,"NGI",NA,NA,NA,"FPE","0.011","31.8451551151",NA,"N"
"Sweden",2015,3,"VL0812","DFN","GNS","FWS","90D110","GNS_FWS_>0_0_0",NA,"NK","NK","NAO","27.3.D.30",NA,"NGI",NA,NA,NA,"FPP","0.003","35.404093749",NA,"N"
"Sweden",2015,3,"VL0812","DFN","GNS","FWS","90D110","GNS_FWS_>0_0_0",NA,"NK","NK","NAO","27.3.D.30",NA,"NGI",NA,NA,NA,"FVE","0.036","129.4371646609",NA,"N"
"Sweden",2015,3,"VL0812","DFN","GNS","SPF","16D32","GNS_SPF_16-31_0_0",NA,"NK","NK","NAO","27.3.D.30",NA,"NGI",NA,NA,NA,"HER","9.65","2244.9970259871",NA,"N"
"Sweden",2015,3,"VL0812","DFN","GNS","SPF","32D90","GNS_SPF_32-89_0_0",NA,"NK","NK","NAO","27.3.D.30",NA,"NGI",NA,NA,NA,"HER","49.2194","29288.5501511691",NA,"N"
"Sweden",2015,3,"VL0812","DTS","OTB","SPF","00D16","OTB_SPF_<16_0_0",NA,"NK","NK","NAO","27.3.D.30",NA,"NGI",NA,NA,NA,"GTA","1.14","303.3353408117",NA,"N"
"Sweden",2015,3,"VL0812","DTS","OTB","SPF","00D16","OTB_SPF_<16_0_0",NA,"NK","NK","NAO","27.3.D.30",NA,"NGI",NA,NA,NA,"HER","1.177","926.145229901",NA,"N"
"Sweden",2015,3,"VL0812","DTS","OTB","SPF","32D90","OTB_SPF_32-89_0_0",NA,"NK","NK","NAO","27.3.D.30",NA,"NGI",NA,NA,NA,"HER","0.117","89.3507910228",NA,"N"
"Sweden",2015,3,"VL0812","FPO","FPN","ANA","NK","FPN_ANA_>0_0_0",NA,"NK","NK","NAO","27.3.D.30",NA,"NGI",NA,NA,NA,"FVE","0.048","172.5828862145",NA,"N"
"Sweden",2015,3,"VL0812","FPO","FPN","ANA","NK","FPN_ANA_>0_0_0",NA,"NK","NK","NAO","27.3.D.30",NA,"NGI",NA,NA,NA,"SAL","0.4959","1387.3113004323",NA,"N"
"Sweden",2015,3,"VL0812","FPO","FPN","ANA","NK","FPN_ANA_>0_0_0",NA,"NK","NK","NAO","27.3.D.30",NA,"NGI",NA,NA,NA,"TRS","0.0046","11.4414528636",NA,"N"
"Sweden",2015,3,"VL0812","FPO","FYK","ANA","NK","FYK_ANA_>0_0_0",NA,"NK","NK","NAO","27.3.D.30",NA,"NGI",NA,NA,NA,"SAL","0.0167","46.7192956588",NA,"N"
"Sweden",2015,3,"VL0812","FPO","FYK","ANA","NK","FYK_ANA_>0_0_0",NA,"NK","NK","NAO","27.3.D.30",NA,"NGI",NA,NA,NA,"TRS","0.0017","4.2283630148",NA,"N"
"Sweden",2015,3,"VL0812","FPO","GNS","FWS","16D32","GNS_FWS_>0_0_0",NA,"NK","NK","NAO","27.3.D.30",NA,"NGI",NA,NA,NA,"FVE","0.02","71.9095359227",NA,"N"
"Sweden",2015,3,"VL0812","FPO","GNS","FWS","16D32","GNS_FWS_>0_0_0",NA,"NK","NK","NAO","27.3.D.30",NA,"NGI",NA,NA,NA,"HER","0.04","30.5472789822",NA,"N"
"Sweden",2015,3,"VL0812","HOK","GNS","SPF","32D90","GNS_SPF_32-89_0_0",NA,"NK","NK","NAO","27.3.D.30",NA,"NGI",NA,NA,NA,"HER","0.0523","9.3477884733",NA,"N"
"Sweden",2015,3,"VL0812","PGP","FYK","FWS","NK","FYK_FWS_>0_0_0",NA,"NK","NK","NAO","27.3.D.30",NA,"NGI",NA,NA,NA,"FBM","0.02","14.9633398174",NA,"N"
"Sweden",2015,3,"VL0812","PGP","FYK","FWS","NK","FYK_FWS_>0_0_0",NA,"NK","NK","NAO","27.3.D.30",NA,"NGI",NA,NA,NA,"FPE","0.02","72.9911686058",NA,"N"
"Sweden",2015,3,"VL0812","PGP","FYK","FWS","NK","FYK_FWS_>0_0_0",NA,"NK","NK","NAO","27.3.D.30",NA,"NGI",NA,NA,NA,"FPI","0.02","61.4592600413",NA,"N"
"Sweden",2015,3,"VL0812","PGP","GNS","SPF","32D90","GNS_SPF_32-89_0_0",NA,"NK","NK","NAO","27.3.D.30",NA,"NGI",NA,NA,NA,"HER","0.5","89.3686746456",NA,"N"
"Sweden",2015,4,"VL0008","DFN","FPN","ANA","NK","FPN_ANA_>0_0_0",NA,"NK","NK","NAO","27.3.D.30",NA,"NGI",NA,NA,NA,"FVE","0.075","269.6607597101",NA,"N"
"Sweden",2015,4,"VL0008","DFN","FPN","ANA","NK","FPN_ANA_>0_0_0",NA,"NK","NK","NAO","27.3.D.30",NA,"NGI",NA,NA,NA,"TRS","0.002","6.3077310706",NA,"N"
"Sweden",2015,4,"VL0008","DFN","GNS","ANA","157DXX","GNS_ANA_>=157_0_0",NA,"NK","NK","NAO","27.3.D.30",NA,"NGI",NA,NA,NA,"TRS","0.063","269.3401167141",NA,"N"
"Sweden",2015,4,"VL0008","DFN","GNS","ANA","32D90","GNS_ANA_>0_0_0",NA,"NK","NK","NAO","27.3.D.30",NA,"NGI",NA,NA,NA,"TRS","0.045","141.9239490882",NA,"N"
"Sweden",2015,4,"VL0008","DFN","GNS","FWS","157DXX","GNS_FWS_>0_0_0",NA,"NK","NK","NAO","27.3.D.30",NA,"NGI",NA,NA,NA,"FVE","0.089","319.997434856",NA,"N"
"Sweden",2015,4,"VL0008","DFN","GNS","FWS","157DXX","GNS_FWS_>0_0_0",NA,"NK","NK","NAO","27.3.D.30",NA,"NGI",NA,NA,NA,"TRS","0.004","15.5859245939",NA,"N"
"Sweden",2015,4,"VL0008","DFN","GNS","FWS","16D32","GNS_FWS_>0_0_0",NA,"NK","NK","NAO","27.3.D.30",NA,"NGI",NA,NA,NA,"FVE","0.33","1186.5073427246",NA,"N"
"Sweden",2015,4,"VL0008","DFN","GNS","FWS","32D90","GNS_FWS_>0_0_0",NA,"NK","NK","NAO","27.3.D.30",NA,"NGI",NA,NA,NA,"FBU","0.02","36.6930042768",NA,"N"
"Sweden",2015,4,"VL0008","DFN","GNS","FWS","32D90","GNS_FWS_>0_0_0",NA,"NK","NK","NAO","27.3.D.30",NA,"NGI",NA,NA,NA,"FPE","0.96","4273.965682415",NA,"N"
"Sweden",2015,4,"VL0008","DFN","GNS","FWS","32D90","GNS_FWS_>0_0_0",NA,"NK","NK","NAO","27.3.D.30",NA,"NGI",NA,NA,NA,"FPI","0.048","79.5699227473",NA,"N"
"Sweden",2015,4,"VL0008","DFN","GNS","FWS","32D90","GNS_FWS_>0_0_0",NA,"NK","NK","NAO","27.3.D.30",NA,"NGI",NA,NA,NA,"FVE","3.4565","12427.7655458413",NA,"N"
"Sweden",2015,4,"VL0008","DFN","GNS","FWS","32D90","GNS_FWS_>0_0_0",NA,"NK","NK","NAO","27.3.D.30",NA,"NGI",NA,NA,NA,"HER","0.078","15.2777907779",NA,"N"
"Sweden",2015,4,"VL0008","DFN","GNS","FWS","32D90","GNS_FWS_>0_0_0",NA,"NK","NK","NAO","27.3.D.30",NA,"NGI",NA,NA,NA,"OTH","0.001","0",NA,"N"
"Sweden",2015,4,"VL0008","DFN","GNS","FWS","32D90","GNS_FWS_>0_0_0",NA,"NK","NK","NAO","27.3.D.30",NA,"NGI",NA,NA,NA,"TRS","0.6856","2514.2758081908",NA,"N"
"Sweden",2015,4,"VL0008","DFN","GNS","FWS","90D110","GNS_FWS_>0_0_0",NA,"NK","NK","NAO","27.3.D.30",NA,"NGI",NA,NA,NA,"FPE","0.134","559.3158640752",NA,"N"
"Sweden",2015,4,"VL0008","DFN","GNS","FWS","90D110","GNS_FWS_>0_0_0",NA,"NK","NK","NAO","27.3.D.30",NA,"NGI",NA,NA,NA,"FPI","0.003","4.6584965849",NA,"N"
"Sweden",2015,4,"VL0008","DFN","GNS","FWS","90D110","GNS_FWS_>0_0_0",NA,"NK","NK","NAO","27.3.D.30",NA,"NGI",NA,NA,NA,"FVE","0.715","2570.7659092367",NA,"N"
"Sweden",2015,4,"VL0008","DFN","GNS","FWS","90D110","GNS_FWS_>0_0_0",NA,"NK","NK","NAO","27.3.D.30",NA,"NGI",NA,NA,NA,"TRS","0.229","832.1299000119",NA,"N"
"Sweden",2015,4,"VL0008","DFN","GNS","SPF","16D32","GNS_SPF_16-31_0_0",NA,"NK","NK","NAO","27.3.D.30",NA,"NGI",NA,NA,NA,"HER","5.8","1107.4598492214",NA,"N"
"Sweden",2015,4,"VL0008","DFN","GNS","SPF","32D90","GNS_SPF_32-89_0_0",NA,"NK","NK","NAO","27.3.D.30",NA,"NGI",NA,NA,NA,"HER","3.383","656.5064180206",NA,"N"
"Sweden",2015,4,"VL0008","DFN","GNS","SPF","32D90","GNS_SPF_32-89_0_0",NA,"NK","NK","NAO","27.3.D.30",NA,"NGI",NA,NA,NA,"OTH","0.003","0",NA,"N"
"Sweden",2015,4,"VL0008","DFN","GNS","SPF","32D90","GNS_SPF_32-89_0_0",NA,"NK","NK","NAO","27.3.D.30",NA,"NGI",NA,NA,NA,"SME","0.002","1.7100959791",NA,"N"
"Sweden",2015,4,"VL0008","FPO","FPN","ANA","NK","FPN_ANA_>0_0_0",NA,"NK","NK","NAO","27.3.D.30",NA,"NGI",NA,NA,NA,"FPE","0.006","24.4764423888",NA,"N"
"Sweden",2015,4,"VL0008","FPO","FPN","ANA","NK","FPN_ANA_>0_0_0",NA,"NK","NK","NAO","27.3.D.30",NA,"NGI",NA,NA,NA,"FVE","0.335","1204.4847267053",NA,"N"
"Sweden",2015,4,"VL0008","FPO","FPN","ANA","NK","FPN_ANA_>0_0_0",NA,"NK","NK","NAO","27.3.D.30",NA,"NGI",NA,NA,NA,"TRS","0.141","459.54735274",NA,"N"
"Sweden",2015,4,"VL0008","FPO","FPO","FWS",NA,"FPO_FWS_>0_0_0",NA,"NK","NK","NAO","27.3.D.30",NA,"NGI",NA,NA,NA,"FRO","0.193","0.2062803275",NA,"N"
"Sweden",2015,4,"VL0008","FPO","GNS","ANA","90D110","GNS_ANA_90-109_0_0",NA,"NK","NK","NAO","27.3.D.30",NA,"NGI",NA,NA,NA,"TRS","0.0176","71.2072751968",NA,"N"
"Sweden",2015,4,"VL0008","FPO","GNS","FWS","32D90","GNS_FWS_>0_0_0",NA,"NK","NK","NAO","27.3.D.30",NA,"NGI",NA,NA,NA,"FPE","0.133","577.7859518247",NA,"N"
"Sweden",2015,4,"VL0008","FPO","GNS","FWS","32D90","GNS_FWS_>0_0_0",NA,"NK","NK","NAO","27.3.D.30",NA,"NGI",NA,NA,NA,"FPP","0.0032","27.4148462504",NA,"N"
"Sweden",2015,4,"VL0008","FPO","GNS","FWS","32D90","GNS_FWS_>0_0_0",NA,"NK","NK","NAO","27.3.D.30",NA,"NGI",NA,NA,NA,"FVE","0.24","862.9144310724",NA,"N"
"Sweden",2015,4,"VL0008","FPO","GNS","FWS","32D90","GNS_FWS_>0_0_0",NA,"NK","NK","NAO","27.3.D.30",NA,"NGI",NA,NA,NA,"TRS","0.0339","127.5320693707",NA,"N"
"Sweden",2015,4,"VL0008","PGP","GNS","FWS","32D90","GNS_FWS_>0_0_0",NA,"NK","NK","NAO","27.3.D.30",NA,"NGI",NA,NA,NA,"FPE","0.12","489.5288477762",NA,"N"
"Sweden",2015,4,"VL0008","PGP","GNS","FWS","32D90","GNS_FWS_>0_0_0",NA,"NK","NK","NAO","27.3.D.30",NA,"NGI",NA,NA,NA,"FPI","0.004","6.7024485251",NA,"N"
"Sweden",2015,4,"VL0008","PGP","GNS","FWS","32D90","GNS_FWS_>0_0_0",NA,"NK","NK","NAO","27.3.D.30",NA,"NGI",NA,NA,NA,"FPP","0.002","13.9952172123",NA,"N"
"Sweden",2015,4,"VL0812","DFN","GNS","DEF","110D157","GNS_DEF_110-156_0_0",NA,"NK","NK","NAO","27.3.D.30",NA,"NGI",NA,NA,NA,"COD","0.22","252.3362642819",NA,"N"
"Sweden",2015,4,"VL0812","DFN","GNS","DEF","110D157","GNS_DEF_110-156_0_0",NA,"NK","NK","NAO","27.3.D.30",NA,"NGI",NA,NA,NA,"OTH","0.001","0",NA,"N"
"Sweden",2015,4,"VL0812","DFN","GNS","FWS","32D90","GNS_FWS_>0_0_0",NA,"NK","NK","NAO","27.3.D.30",NA,"NGI",NA,NA,NA,"FPE","0.325","1325.8072960607",NA,"N"
"Sweden",2015,4,"VL0812","DFN","GNS","FWS","32D90","GNS_FWS_>0_0_0",NA,"NK","NK","NAO","27.3.D.30",NA,"NGI",NA,NA,NA,"FVE","1.816","6529.3858617815",NA,"N"
"Sweden",2015,4,"VL0812","DFN","GNS","FWS","32D90","GNS_FWS_>0_0_0",NA,"NK","NK","NAO","27.3.D.30",NA,"NGI",NA,NA,NA,"OTH","0.005","0",NA,"N"
"Sweden",2015,4,"VL0812","DFN","GNS","FWS","32D90","GNS_FWS_>0_0_0",NA,"NK","NK","NAO","27.3.D.30",NA,"NGI",NA,NA,NA,"TRS","0.021","66.2311762412",NA,"N"
"Sweden",2015,4,"VL0812","DFN","GNS","SPF","16D32","GNS_SPF_16-31_0_0",NA,"NK","NK","NAO","27.3.D.30",NA,"NGI",NA,NA,NA,"HER","0.34","67.235372711",NA,"N"
"Sweden",2015,4,"VL0812","DFN","GNS","SPF","32D90","GNS_SPF_32-89_0_0",NA,"NK","NK","NAO","27.3.D.30",NA,"NGI",NA,NA,NA,"HER","19.283","6913.2155540151",NA,"N"
"Sweden",2015,4,"VL0812","DTS","OTB","SPF","00D16","OTB_SPF_<16_0_0",NA,"NK","NK","NAO","27.3.D.30",NA,"NGI",NA,NA,NA,"GTA","0.418","102.7553921464",NA,"N"
"Sweden",2015,4,"VL0812","DTS","OTB","SPF","00D16","OTB_SPF_<16_0_0",NA,"NK","NK","NAO","27.3.D.30",NA,"NGI",NA,NA,NA,"HER","0.0055","6.1723776747",NA,"N"
"Sweden",2015,4,"VL0812","DTS","OTB","SPF","32D90","OTB_SPF_32-89_0_0",NA,"NK","NK","NAO","27.3.D.30",NA,"NGI",NA,NA,NA,"HER","9.372","7332.3910725285",NA,"N"
"Sweden",2015,4,"VL0812","FPO","GNS","FWS","16D32","GNS_FWS_>0_0_0",NA,"NK","NK","NAO","27.3.D.30",NA,"NGI",NA,NA,NA,"FVE","0.05","179.7738398068",NA,"N"
"Sweden",2015,4,"VL0812","FPO","GNS","FWS","16D32","GNS_FWS_>0_0_0",NA,"NK","NK","NAO","27.3.D.30",NA,"NGI",NA,NA,NA,"HER","0.03","5.9346566384",NA,"N"
"Sweden",2015,4,"VL0812","PGP","GNS","DEF","110D157","GNS_DEF_110-156_0_0",NA,"NK","NK","NAO","27.3.D.30",NA,"NGI",NA,NA,NA,"COD","0.05","59.4874552019",NA,"N"
"Sweden",2015,4,"VL1218","DFN","GNS","DEF","110D157","GNS_DEF_110-156_0_0",NA,"NK","NK","NAO","27.3.D.30",NA,"NGI",NA,NA,NA,"COD","0.4892","538.6663795474",NA,"N"
"Sweden",2015,4,"VL1218","TM","OTM","SPF","16D32","OTM_SPF_16-31_0_0",NA,"NK","NK","NAO","27.3.D.30",NA,"NGI",NA,NA,NA,"HER","382.15","71478.0038904684",NA,"N"
"Sweden",2015,4,"VL1218","TM","OTM","SPF","16D32","OTM_SPF_16-31_0_0",NA,"NK","NK","NAO","27.3.D.30",NA,"NGI",NA,NA,NA,"SPR","12.7","2375.4301960197",NA,"N"
"Sweden",2015,4,"VL2440","DTS","OTB","SPF","16D32","OTB_SPF_16-31_0_0",NA,"NK","NK","NAO","27.3.D.30",NA,"NGI",NA,NA,NA,"HER","311","59479.3355400768",NA,"N"
"Sweden",2015,4,"VL2440","DTS","OTB","SPF","16D32","OTB_SPF_16-31_0_0",NA,"NK","NK","NAO","27.3.D.30",NA,"NGI",NA,NA,NA,"SPR","2.05","461.5733890098",NA,"N"
"Sweden",2015,4,"VL2440","TM","OTM","SPF","16D32","OTM_SPF_16-31_0_0",NA,"NK","NK","NAO","27.3.D.30",NA,"NGI",NA,NA,NA,"HER","741.9","138892.078475679",NA,"N"
"Sweden",2015,4,"VL2440","TM","OTM","SPF","16D32","OTM_SPF_16-31_0_0",NA,"NK","NK","NAO","27.3.D.30",NA,"NGI",NA,NA,NA,"SPR","17.1","3230.2804019636",NA,"N"
"Sweden",2016,1,"VL0008","DFN","GNS","FWS","110D157","GNS_FWS_>0_0_0",NA,"NK","NK","NAO","27.3.D.30",NA,"NGI",NA,NA,NA,"FBU","0.001","1.2671059301",NA,"N"
"Sweden",2016,1,"VL0008","DFN","GNS","FWS","32D90","GNS_FWS_>0_0_0",NA,"NK","NK","NAO","27.3.D.30",NA,"NGI",NA,NA,NA,"FPE","0.044","88.0392623226",NA,"N"
"Sweden",2016,1,"VL0008","DFN","GNS","FWS","32D90","GNS_FWS_>0_0_0",NA,"NK","NK","NAO","27.3.D.30",NA,"NGI",NA,NA,NA,"FPI","0.022","32.9167022966",NA,"N"
"Sweden",2016,1,"VL0008","DFN","GNS","FWS","32D90","GNS_FWS_>0_0_0",NA,"NK","NK","NAO","27.3.D.30",NA,"NGI",NA,NA,NA,"TRS","0.057","150.4688291941",NA,"N"
"Sweden",2016,1,"VL0008","DFN","GNS","FWS","32D90","GNS_FWS_>0_0_0",NA,"NK","NK","NAO","27.3.D.30",NA,"NGI",NA,NA,NA,"WHF","0.347","993.2172163689",NA,"N"
"Sweden",2016,1,"VL0008","DFN","GNS","FWS","90D110","GNS_FWS_>0_0_0",NA,"NK","NK","NAO","27.3.D.30",NA,"NGI",NA,NA,NA,"TRS","0.02","52.796080419",NA,"N"
"Sweden",2016,1,"VL0008","DFN","GNS","FWS","90D110","GNS_FWS_>0_0_0",NA,"NK","NK","NAO","27.3.D.30",NA,"NGI",NA,NA,NA,"WHF","0.005","13.8344551867",NA,"N"
"Sweden",2016,1,"VL0008","DFN","GNS","SPF","32D90","GNS_SPF_32-89_0_0",NA,"NK","NK","NAO","27.3.D.30",NA,"NGI",NA,NA,NA,"HER","1.02","251.2135412876",NA,"N"
"Sweden",2016,1,"VL0008","FPO","FPO","FWS",NA,"FPO_FWS_>0_0_0",NA,"NK","NK","NAO","27.3.D.30",NA,"NGI",NA,NA,NA,"FRO","0.174","0",NA,"N"
"Sweden",2016,1,"VL0008","FPO","GNS","FWS","32D90","GNS_FWS_>0_0_0",NA,"NK","NK","NAO","27.3.D.30",NA,"NGI",NA,NA,NA,"FPE","0.01","20.0089232556",NA,"N"
"Sweden",2016,1,"VL0008","FPO","GNS","FWS","32D90","GNS_FWS_>0_0_0",NA,"NK","NK","NAO","27.3.D.30",NA,"NGI",NA,NA,NA,"FRO","0.09","0",NA,"N"
"Sweden",2016,1,"VL0008","FPO","GNS","FWS","32D90","GNS_FWS_>0_0_0",NA,"NK","NK","NAO","27.3.D.30",NA,"NGI",NA,NA,NA,"TRS","0.012","31.6776482514",NA,"N"
"Sweden",2016,1,"VL0008","FPO","GNS","FWS","32D90","GNS_FWS_>0_0_0",NA,"NK","NK","NAO","27.3.D.30",NA,"NGI",NA,NA,NA,"WHF","0.028","80.3251605529",NA,"N"
"Sweden",2016,1,"VL0008","FPO","NK","NK","NK","NK",NA,"NK","NK","NAO","27.3.D.30",NA,"NGI",NA,NA,NA,"FBU","0.016","20.2736948809",NA,"N"
"Sweden",2016,1,"VL0008","FPO","NK","NK","NK","NK",NA,"NK","NK","NAO","27.3.D.30",NA,"NGI",NA,NA,NA,"FPI","0.0413","63.8777734415",NA,"N"
"Sweden",2016,1,"VL0008","NO","GNS","FWS","32D90","GNS_FWS_>0_0_0",NA,"NK","NK","NAO","27.3.D.30",NA,"NGI",NA,NA,NA,"FBU","0.019","24.0750126711",NA,"N"
"Sweden",2016,1,"VL0008","NO","GNS","FWS","32D90","GNS_FWS_>0_0_0",NA,"NK","NK","NAO","27.3.D.30",NA,"NGI",NA,NA,NA,"TRS","0.012","31.6776482514",NA,"N"
"Sweden",2016,1,"VL0008","NO","GNS","FWS","32D90","GNS_FWS_>0_0_0",NA,"NK","NK","NAO","27.3.D.30",NA,"NGI",NA,NA,NA,"WHF","0.025","78.4122971363",NA,"N"
"Sweden",2016,1,"VL0812","DFN","GNS","SPF","32D90","GNS_SPF_32-89_0_0",NA,"NK","NK","NAO","27.3.D.30",NA,"NGI",NA,NA,NA,"HER","4.611","3830.5462630947",NA,"N"
"Sweden",2016,1,"VL0812","DFN","OTB","SPF","32D90","OTB_SPF_32-89_0_0",NA,"NK","NK","NAO","27.3.D.30",NA,"NGI",NA,NA,NA,"HER","3.805","4419.5598918736",NA,"N"
"Sweden",2016,1,"VL1218","TM","OTM","SPF","16D32","OTM_SPF_16-31_0_0",NA,"NK","NK","NAO","27.3.D.30",NA,"NGI",NA,NA,NA,"HER","762.1","147075.181119699",NA,"N"
"Sweden",2016,1,"VL1218","TM","OTM","SPF","16D32","OTM_SPF_16-31_0_0",NA,"NK","NK","NAO","27.3.D.30",NA,"NGI",NA,NA,NA,"SPR","2.17","414.7890671249",NA,"N"
"Sweden",2016,1,"VL2440","DTS","OTB","SPF","16D32","OTB_SPF_16-31_0_0",NA,"NK","NK","NAO","27.3.D.30",NA,"NGI",NA,NA,NA,"HER","1055.5","201581.747115645",NA,"N"
"Sweden",2016,1,"VL2440","DTS","OTB","SPF","16D32","OTB_SPF_16-31_0_0",NA,"NK","NK","NAO","27.3.D.30",NA,"NGI",NA,NA,NA,"SPR","6.47","1252.0981154038",NA,"N"
"Sweden",2016,1,"VL2440","TM","OTM","SPF","16D32","OTM_SPF_16-31_0_0",NA,"NK","NK","NAO","27.3.D.30",NA,"NGI",NA,NA,NA,"HER","2678.18","601266.118959917",NA,"N"
"Sweden",2016,1,"VL2440","TM","OTM","SPF","16D32","OTM_SPF_16-31_0_0",NA,"NK","NK","NAO","27.3.D.30",NA,"NGI",NA,NA,NA,"SPR","113.88","26336.2343287876",NA,"N"
"Sweden",2016,1,"VL40XX","TM","OTM","SPF","16D32","OTM_SPF_16-31_0_0",NA,"NK","NK","NAO","27.3.D.30",NA,"NGI",NA,NA,NA,"HER","1609","333466.926581771",NA,"N"
"Sweden",2016,1,"VL40XX","TM","OTM","SPF","16D32","OTM_SPF_16-31_0_0",NA,"NK","NK","NAO","27.3.D.30",NA,"NGI",NA,NA,NA,"OTH","4","793.7518823915",NA,"N"
"Sweden",2016,1,"VL40XX","TM","OTM","SPF","16D32","OTM_SPF_16-31_0_0",NA,"NK","NK","NAO","27.3.D.30",NA,"NGI",NA,NA,NA,"SPR","74.5","15441.0665269999",NA,"N"
"Sweden",2016,2,"VL0008","DFN","FPN","ANA","NK","FPN_ANA_>0_0_0",NA,"NK","NK","NAO","27.3.D.30",NA,"NGI",NA,NA,NA,"SAL","8.6704","31672.3652909381",NA,"N"
"Sweden",2016,2,"VL0008","DFN","FPN","ANA","NK","FPN_ANA_>0_0_0",NA,"NK","NK","NAO","27.3.D.30",NA,"NGI",NA,NA,NA,"TRS","1.028","3757.2977440763",NA,"N"
"Sweden",2016,2,"VL0008","DFN","FPN","ANA","NK","FPN_ANA_>0_0_0",NA,"NK","NK","NAO","27.3.D.30",NA,"NGI",NA,NA,NA,"WHF","1.751","4975.8632113089",NA,"N"
"Sweden",2016,2,"VL0008","DFN","FPO","FWS",NA,"FPO_FWS_>0_0_0",NA,"NK","NK","NAO","27.3.D.30",NA,"NGI",NA,NA,NA,"FPE","0.36","817.4231163414",NA,"N"
"Sweden",2016,2,"VL0008","DFN","FYK","ANA","NK","FYK_ANA_>0_0_0",NA,"NK","NK","NAO","27.3.D.30",NA,"NGI",NA,NA,NA,"FPE","0.04","88.7534460424",NA,"N"
"Sweden",2016,2,"VL0008","DFN","FYK","ANA","NK","FYK_ANA_>0_0_0",NA,"NK","NK","NAO","27.3.D.30",NA,"NGI",NA,NA,NA,"HER","0.05","10.7914159571",NA,"N"
"Sweden",2016,2,"VL0008","DFN","FYK","ANA","NK","FYK_ANA_>0_0_0",NA,"NK","NK","NAO","27.3.D.30",NA,"NGI",NA,NA,NA,"SAL","0.1975","696.7055293229",NA,"N"
"Sweden",2016,2,"VL0008","DFN","FYK","ANA","NK","FYK_ANA_>0_0_0",NA,"NK","NK","NAO","27.3.D.30",NA,"NGI",NA,NA,NA,"TRS","0.023","88.026413879",NA,"N"
"Sweden",2016,2,"VL0008","DFN","FYK","ANA","NK","FYK_ANA_>0_0_0",NA,"NK","NK","NAO","27.3.D.30",NA,"NGI",NA,NA,NA,"WHF","0.02","55.5277001077",NA,"N"
"Sweden",2016,2,"VL0008","DFN","FYK","CAT","NK","FYK_CAT_>0_0_0",NA,"NK","NK","NAO","27.3.D.30",NA,"NGI",NA,NA,NA,"ELE","0.066","449.0736524434",NA,"N"
"Sweden",2016,2,"VL0008","DFN","GNS","ANA","90D110","GNS_ANA_90-109_0_0",NA,"NK","NK","NAO","27.3.D.30",NA,"NGI",NA,NA,NA,"TRS","0.025","102.4819688714",NA,"N"
"Sweden",2016,2,"VL0008","DFN","GNS","FWS","110D157","GNS_FWS_>0_0_0",NA,"NK","NK","NAO","27.3.D.30",NA,"NGI",NA,NA,NA,"FPE","0.006","12.9135432928",NA,"N"
"Sweden",2016,2,"VL0008","DFN","GNS","FWS","110D157","GNS_FWS_>0_0_0",NA,"NK","NK","NAO","27.3.D.30",NA,"NGI",NA,NA,NA,"FPI","0.011","24.66007534",NA,"N"
"Sweden",2016,2,"VL0008","DFN","GNS","FWS","32D90","GNS_FWS_>0_0_0",NA,"NK","NK","NAO","27.3.D.30",NA,"NGI",NA,NA,NA,"FPE","4.34","14655.2749095973",NA,"N"
"Sweden",2016,2,"VL0008","DFN","GNS","FWS","32D90","GNS_FWS_>0_0_0",NA,"NK","NK","NAO","27.3.D.30",NA,"NGI",NA,NA,NA,"FPI","0.143","222.3863712568",NA,"N"
"Sweden",2016,2,"VL0008","DFN","GNS","FWS","32D90","GNS_FWS_>0_0_0",NA,"NK","NK","NAO","27.3.D.30",NA,"NGI",NA,NA,NA,"FRO","0.185","0",NA,"N"
"Sweden",2016,2,"VL0008","DFN","GNS","FWS","32D90","GNS_FWS_>0_0_0",NA,"NK","NK","NAO","27.3.D.30",NA,"NGI",NA,NA,NA,"HER","0.017","6.878310147",NA,"N"
"Sweden",2016,2,"VL0008","DFN","GNS","FWS","32D90","GNS_FWS_>0_0_0",NA,"NK","NK","NAO","27.3.D.30",NA,"NGI",NA,NA,NA,"SAL","0.01","60.9160714753",NA,"N"
"Sweden",2016,2,"VL0008","DFN","GNS","FWS","32D90","GNS_FWS_>0_0_0",NA,"NK","NK","NAO","27.3.D.30",NA,"NGI",NA,NA,NA,"TRS","0.757","2381.486043278",NA,"N"
"Sweden",2016,2,"VL0008","DFN","GNS","FWS","32D90","GNS_FWS_>0_0_0",NA,"NK","NK","NAO","27.3.D.30",NA,"NGI",NA,NA,NA,"WHF","4.981","13747.8131206105",NA,"N"
"Sweden",2016,2,"VL0008","DFN","GNS","FWS","90D110","GNS_FWS_>0_0_0",NA,"NK","NK","NAO","27.3.D.30",NA,"NGI",NA,NA,NA,"FPE","0.699","2073.4806935293",NA,"N"
"Sweden",2016,2,"VL0008","DFN","GNS","FWS","90D110","GNS_FWS_>0_0_0",NA,"NK","NK","NAO","27.3.D.30",NA,"NGI",NA,NA,NA,"TRS","0.295","938.7338408114",NA,"N"
"Sweden",2016,2,"VL0008","DFN","GNS","FWS","90D110","GNS_FWS_>0_0_0",NA,"NK","NK","NAO","27.3.D.30",NA,"NGI",NA,NA,NA,"WHF","0.76","2094.5980620143",NA,"N"
"Sweden",2016,2,"VL0008","DFN","GNS","SPF","16D32","GNS_SPF_16-31_0_0",NA,"NK","NK","NAO","27.3.D.30",NA,"NGI",NA,NA,NA,"HER","9.893","2238.3629325477",NA,"N"
"Sweden",2016,2,"VL0008","DFN","GNS","SPF","32D90","GNS_SPF_32-89_0_0",NA,"NK","NK","NAO","27.3.D.30",NA,"NGI",NA,NA,NA,"HER","53.863","32300.5404409663",NA,"N"
"Sweden",2016,2,"VL0008","FPO","FPN","ANA","NK","FPN_ANA_>0_0_0",NA,"NK","NK","NAO","27.3.D.30",NA,"NGI",NA,NA,NA,"FPE","3e-04","0.6456771646",NA,"N"
"Sweden",2016,2,"VL0008","FPO","FPN","ANA","NK","FPN_ANA_>0_0_0",NA,"NK","NK","NAO","27.3.D.30",NA,"NGI",NA,NA,NA,"SAL","25.7828","99525.364553588",NA,"N"
"Sweden",2016,2,"VL0008","FPO","FPN","ANA","NK","FPN_ANA_>0_0_0",NA,"NK","NK","NAO","27.3.D.30",NA,"NGI",NA,NA,NA,"TRS","0.5526","2148.1241096638",NA,"N"
"Sweden",2016,2,"VL0008","FPO","FPN","ANA","NK","FPN_ANA_>0_0_0",NA,"NK","NK","NAO","27.3.D.30",NA,"NGI",NA,NA,NA,"WHF","2.0857","5906.0004758268",NA,"N"
"Sweden",2016,2,"VL0008","FPO","GNS","FWS","16D32","GNS_FWS_>0_0_0",NA,"NK","NK","NAO","27.3.D.30",NA,"NGI",NA,NA,NA,"HER","0.017","4.4700796993",NA,"N"
"Sweden",2016,2,"VL0008","FPO","GNS","FWS","32D90","GNS_FWS_>0_0_0",NA,"NK","NK","NAO","27.3.D.30",NA,"NGI",NA,NA,NA,"FBU","0.0078","18.1680629678",NA,"N"
"Sweden",2016,2,"VL0008","FPO","GNS","FWS","32D90","GNS_FWS_>0_0_0",NA,"NK","NK","NAO","27.3.D.30",NA,"NGI",NA,NA,NA,"FPE","0.8256","2455.0822279872",NA,"N"
"Sweden",2016,2,"VL0008","FPO","GNS","FWS","32D90","GNS_FWS_>0_0_0",NA,"NK","NK","NAO","27.3.D.30",NA,"NGI",NA,NA,NA,"FPI","0.0115","21.0356202388",NA,"N"
"Sweden",2016,2,"VL0008","FPO","GNS","FWS","32D90","GNS_FWS_>0_0_0",NA,"NK","NK","NAO","27.3.D.30",NA,"NGI",NA,NA,NA,"FPP","0.0041","29.4515510855",NA,"N"
"Sweden",2016,2,"VL0008","FPO","GNS","FWS","32D90","GNS_FWS_>0_0_0",NA,"NK","NK","NAO","27.3.D.30",NA,"NGI",NA,NA,NA,"FRO","0.032","0",NA,"N"
"Sweden",2016,2,"VL0008","FPO","GNS","FWS","32D90","GNS_FWS_>0_0_0",NA,"NK","NK","NAO","27.3.D.30",NA,"NGI",NA,NA,NA,"HER","0.0744","15.7044435424",NA,"N"
"Sweden",2016,2,"VL0008","FPO","GNS","FWS","32D90","GNS_FWS_>0_0_0",NA,"NK","NK","NAO","27.3.D.30",NA,"NGI",NA,NA,NA,"TRS","0.0907","207.3200978269",NA,"N"
"Sweden",2016,2,"VL0008","FPO","GNS","FWS","32D90","GNS_FWS_>0_0_0",NA,"NK","NK","NAO","27.3.D.30",NA,"NGI",NA,NA,NA,"WHF","0.8016","2222.6413480033",NA,"N"
"Sweden",2016,2,"VL0008","FPO","GNS","SPF","16D32","GNS_SPF_16-31_0_0",NA,"NK","NK","NAO","27.3.D.30",NA,"NGI",NA,NA,NA,"HER","4","849.3592339394",NA,"N"
"Sweden",2016,2,"VL0008","FPO","GNS","SPF","32D90","GNS_SPF_32-89_0_0",NA,"NK","NK","NAO","27.3.D.30",NA,"NGI",NA,NA,NA,"HER","0.74","237.2907599616",NA,"N"
"Sweden",2016,2,"VL0008","PGP","FPN","ANA","NK","FPN_ANA_>0_0_0",NA,"NK","NK","NAO","27.3.D.30",NA,"NGI",NA,NA,NA,"FPE","0.03","64.5677164639",NA,"N"
"Sweden",2016,2,"VL0008","PGP","FPN","ANA","NK","FPN_ANA_>0_0_0",NA,"NK","NK","NAO","27.3.D.30",NA,"NGI",NA,NA,NA,"HER","0.845","170.6540543377",NA,"N"
"Sweden",2016,2,"VL0008","PGP","FPN","ANA","NK","FPN_ANA_>0_0_0",NA,"NK","NK","NAO","27.3.D.30",NA,"NGI",NA,NA,NA,"SAL","0.4911","1732.4156224341",NA,"N"
"Sweden",2016,2,"VL0008","PGP","FPN","ANA","NK","FPN_ANA_>0_0_0",NA,"NK","NK","NAO","27.3.D.30",NA,"NGI",NA,NA,NA,"TRS","0.4715","1705.8734474785",NA,"N"
"Sweden",2016,2,"VL0008","PGP","FPN","ANA","NK","FPN_ANA_>0_0_0",NA,"NK","NK","NAO","27.3.D.30",NA,"NGI",NA,NA,NA,"WHF","0.407","1165.1329374155",NA,"N"
"Sweden",2016,2,"VL0008","PGP","GNS","FWS","32D90","GNS_FWS_>0_0_0",NA,"NK","NK","NAO","27.3.D.30",NA,"NGI",NA,NA,NA,"WHF","0.21","601.1742429042",NA,"N"
"Sweden",2016,2,"VL0008","PGP","GNS","SPF","32D90","GNS_SPF_32-89_0_0",NA,"NK","NK","NAO","27.3.D.30",NA,"NGI",NA,NA,NA,"HER","6.342","1280.8100806724",NA,"N"
"Sweden",2016,2,"VL0812","DFN","FPN","ANA","NK","FPN_ANA_>0_0_0",NA,"NK","NK","NAO","27.3.D.30",NA,"NGI",NA,NA,NA,"SAL","0.43","1516.8778613153",NA,"N"
"Sweden",2016,2,"VL0812","DFN","FPN","ANA","NK","FPN_ANA_>0_0_0",NA,"NK","NK","NAO","27.3.D.30",NA,"NGI",NA,NA,NA,"TRS","0.075","271.3478442304",NA,"N"
"Sweden",2016,2,"VL0812","DFN","FPN","ANA","NK","FPN_ANA_>0_0_0",NA,"NK","NK","NAO","27.3.D.30",NA,"NGI",NA,NA,NA,"WHF","0.279","798.7029226643",NA,"N"
"Sweden",2016,2,"VL0812","DFN","FYK","CAT","NK","FYK_CAT_>0_0_0",NA,"NK","NK","NAO","27.3.D.30",NA,"NGI",NA,NA,NA,"ELE","0.284","1871.100603417",NA,"N"
"Sweden",2016,2,"VL0812","DFN","GNS","FWS","32D90","GNS_FWS_>0_0_0",NA,"NK","NK","NAO","27.3.D.30",NA,"NGI",NA,NA,NA,"FPE","1.385","3379.5760633173",NA,"N"
"Sweden",2016,2,"VL0812","DFN","GNS","FWS","32D90","GNS_FWS_>0_0_0",NA,"NK","NK","NAO","27.3.D.30",NA,"NGI",NA,NA,NA,"HER","0.015","3.2384620322",NA,"N"
"Sweden",2016,2,"VL0812","DFN","GNS","FWS","32D90","GNS_FWS_>0_0_0",NA,"NK","NK","NAO","27.3.D.30",NA,"NGI",NA,NA,NA,"TRS","0.064","246.9520003875",NA,"N"
"Sweden",2016,2,"VL0812","DFN","GNS","FWS","32D90","GNS_FWS_>0_0_0",NA,"NK","NK","NAO","27.3.D.30",NA,"NGI",NA,NA,NA,"WHF","3.749","10463.1240125961",NA,"N"
"Sweden",2016,2,"VL0812","DFN","GNS","SPF","16D32","GNS_SPF_16-31_0_0",NA,"NK","NK","NAO","27.3.D.30",NA,"NGI",NA,NA,NA,"HER","10.19","2243.3753481162",NA,"N"
"Sweden",2016,2,"VL0812","DFN","GNS","SPF","32D90","GNS_SPF_32-89_0_0",NA,"NK","NK","NAO","27.3.D.30",NA,"NGI",NA,NA,NA,"HER","214.123","160411.674092291",NA,"N"
"Sweden",2016,2,"VL0812","DFN","GNS","SPF","32D90","GNS_SPF_32-89_0_0",NA,"NK","NK","NAO","27.3.D.30",NA,"NGI",NA,NA,NA,"WHF","0.002","5.7254689802",NA,"N"
"Sweden",2016,2,"VL0812","DFN","OTB","SPF","32D90","OTB_SPF_32-89_0_0",NA,"NK","NK","NAO","27.3.D.30",NA,"NGI",NA,NA,NA,"HER","30.2","23946.2092245312",NA,"N"
"Sweden",2016,2,"VL0812","DTS","GNS","SPF","32D90","GNS_SPF_32-89_0_0",NA,"NK","NK","NAO","27.3.D.30",NA,"NGI",NA,NA,NA,"HER","0.2","40.391945525",NA,"N"
"Sweden",2016,2,"VL0812","DTS","OTB","SPF","32D90","OTB_SPF_32-89_0_0",NA,"NK","NK","NAO","27.3.D.30",NA,"NGI",NA,NA,NA,"HER","0.632","166.1706963803",NA,"N"
"Sweden",2016,2,"VL0812","FPO","FPN","ANA","NK","FPN_ANA_>0_0_0",NA,"NK","NK","NAO","27.3.D.30",NA,"NGI",NA,NA,NA,"SAL","0.0793","279.7404986062",NA,"N"
"Sweden",2016,2,"VL0812","FPO","GNS","ANA","16D32","GNS_ANA_>0_0_0",NA,"NK","NK","NAO","27.3.D.30",NA,"NGI",NA,NA,NA,"SAL","0.164","578.530161028",NA,"N"
"Sweden",2016,2,"VL0812","PGP","FPN","ANA","NK","FPN_ANA_>0_0_0",NA,"NK","NK","NAO","27.3.D.30",NA,"NGI",NA,NA,NA,"SAL","0.062","218.7126218534",NA,"N"
"Sweden",2016,2,"VL0812","PGP","FPN","ANA","NK","FPN_ANA_>0_0_0",NA,"NK","NK","NAO","27.3.D.30",NA,"NGI",NA,NA,NA,"TRS","0.108","390.7408957383",NA,"N"
"Sweden",2016,2,"VL0812","PGP","FPN","ANA","NK","FPN_ANA_>0_0_0",NA,"NK","NK","NAO","27.3.D.30",NA,"NGI",NA,NA,NA,"WHF","0.27","739.2620132201",NA,"N"
"Sweden",2016,2,"VL0812","PGP","FPN","FWS","NK","FPN_FWS_>0_0_0",NA,"NK","NK","NAO","27.3.D.30",NA,"NGI",NA,NA,NA,"FPE","0.005","10.7612860808",NA,"N"
"Sweden",2016,2,"VL0812","PGP","FYK","FWS","NK","FYK_FWS_>0_0_0",NA,"NK","NK","NAO","27.3.D.30",NA,"NGI",NA,NA,NA,"FPE","0.023","49.5019159592",NA,"N"
"Sweden",2016,2,"VL0812","PGP","FYK","FWS","NK","FYK_FWS_>0_0_0",NA,"NK","NK","NAO","27.3.D.30",NA,"NGI",NA,NA,NA,"FPI","0.01","22.4182503062",NA,"N"
"Sweden",2016,2,"VL0812","PGP","FYK","FWS","NK","FYK_FWS_>0_0_0",NA,"NK","NK","NAO","27.3.D.30",NA,"NGI",NA,NA,NA,"HER","0.065","13.1269497709",NA,"N"
"Sweden",2016,2,"VL1218","DFN","GNS","DEF","110D157","GNS_DEF_110-156_0_0",NA,"NK","NK","NAO","27.3.D.30",NA,"NGI",NA,NA,NA,"COD","0.1931","172.6775952968",NA,"N"
"Sweden",2016,2,"VL1218","DTS","GNS","SPF","32D90","GNS_SPF_32-89_0_0",NA,"NK","NK","NAO","27.3.D.30",NA,"NGI",NA,NA,NA,"HER","201.2","189554.865954754",NA,"N"
"Sweden",2016,2,"VL1218","DTS","OTB","SPF","32D90","OTB_SPF_32-89_0_0",NA,"NK","NK","NAO","27.3.D.30",NA,"NGI",NA,NA,NA,"HER","12.9","8086.2234968956",NA,"N"
"Sweden",2016,2,"VL1218","DTS","OTB","SPF","32D90","OTB_SPF_32-89_0_0",NA,"NK","NK","NAO","27.3.D.30",NA,"NGI",NA,NA,NA,"SPR","0.003","0.5657627978",NA,"N"
"Sweden",2016,2,"VL1218","DTS","PTB","SPF","32D90","PTB_SPF_32-89_0_0",NA,"NK","NK","NAO","27.3.D.30",NA,"NGI",NA,NA,NA,"HER","67.25","53258.0461226559",NA,"N"
"Sweden",2016,2,"VL1218","DTS","PTM","SPF","32D90","PTM_SPF_32-89_0_0",NA,"NK","NK","NAO","27.3.D.30",NA,"NGI",NA,NA,NA,"HER","15.8","12512.6710593006",NA,"N"
"Sweden",2016,2,"VL1218","TM","OTM","SPF","16D32","OTM_SPF_16-31_0_0",NA,"NK","NK","NAO","27.3.D.30",NA,"NGI",NA,NA,NA,"HER","1109.3","211942.916799924",NA,"N"
"Sweden",2016,2,"VL1218","TM","OTM","SPF","16D32","OTM_SPF_16-31_0_0",NA,"NK","NK","NAO","27.3.D.30",NA,"NGI",NA,NA,NA,"SPR","3.93","735.8752507286",NA,"N"
"Sweden",2016,2,"VL2440","DTS","OTB","SPF","16D32","OTB_SPF_16-31_0_0",NA,"NK","NK","NAO","27.3.D.30",NA,"NGI",NA,NA,NA,"HER","754.4","140787.972244404",NA,"N"
"Sweden",2016,2,"VL2440","DTS","OTB","SPF","16D32","OTB_SPF_16-31_0_0",NA,"NK","NK","NAO","27.3.D.30",NA,"NGI",NA,NA,NA,"SPR","1.525","291.8911348623",NA,"N"
"Sweden",2016,2,"VL2440","TM","OTM","SPF","16D32","OTM_SPF_16-31_0_0",NA,"NK","NK","NAO","27.3.D.30",NA,"NGI",NA,NA,NA,"HER","1428.1","283868.962152391",NA,"N"
"Sweden",2016,2,"VL2440","TM","OTM","SPF","16D32","OTM_SPF_16-31_0_0",NA,"NK","NK","NAO","27.3.D.30",NA,"NGI",NA,NA,NA,"SPR","1.3","232.740961311",NA,"N"
"Sweden",2016,2,"VL40XX","TM","OTM","SPF","16D32","OTM_SPF_16-31_0_0",NA,"NK","NK","NAO","27.3.D.30",NA,"NGI",NA,NA,NA,"FRF","1.1","279.6427363997",NA,"N"
"Sweden",2016,2,"VL40XX","TM","OTM","SPF","16D32","OTM_SPF_16-31_0_0",NA,"NK","NK","NAO","27.3.D.30",NA,"NGI",NA,NA,NA,"GTA","13","3431.7452272343",NA,"N"
"Sweden",2016,2,"VL40XX","TM","OTM","SPF","16D32","OTM_SPF_16-31_0_0",NA,"NK","NK","NAO","27.3.D.30",NA,"NGI",NA,NA,NA,"HER","7368","1403945.51246621",NA,"N"
"Sweden",2016,2,"VL40XX","TM","OTM","SPF","16D32","OTM_SPF_16-31_0_0",NA,"NK","NK","NAO","27.3.D.30",NA,"NGI",NA,NA,NA,"OTH","1.27","252.0162226611",NA,"N"
"Sweden",2016,2,"VL40XX","TM","OTM","SPF","16D32","OTM_SPF_16-31_0_0",NA,"NK","NK","NAO","27.3.D.30",NA,"NGI",NA,NA,NA,"SPR","167.645","32232.6500817822",NA,"N"
"Sweden",2016,2,"VL40XX","TM","OTM","SPF","32D90","OTM_SPF_32-89_0_0",NA,"NK","NK","NAO","27.3.D.30",NA,"NGI",NA,NA,NA,"HER","13","2805.4120283198",NA,"N"
"Sweden",2016,2,"VL40XX","TM","PTM","SPF","16D32","PTM_SPF_16-31_0_0",NA,"NK","NK","NAO","27.3.D.30",NA,"NGI",NA,NA,NA,"HER","1170","222998.085460487",NA,"N"
"Sweden",2016,2,"VL40XX","TM","PTM","SPF","16D32","PTM_SPF_16-31_0_0",NA,"NK","NK","NAO","27.3.D.30",NA,"NGI",NA,NA,NA,"SPR","60","11313.4797177522",NA,"N"
"Sweden",2016,3,"VL0008","DFN","FPN","ANA","NK","FPN_ANA_>0_0_0",NA,"NK","NK","NAO","27.3.D.30",NA,"NGI",NA,NA,NA,"SAL","4.1992","17483.0201265416",NA,"N"
"Sweden",2016,3,"VL0008","DFN","FPN","ANA","NK","FPN_ANA_>0_0_0",NA,"NK","NK","NAO","27.3.D.30",NA,"NGI",NA,NA,NA,"TRR","0.0105","0",NA,"N"
"Sweden",2016,3,"VL0008","DFN","FPN","ANA","NK","FPN_ANA_>0_0_0",NA,"NK","NK","NAO","27.3.D.30",NA,"NGI",NA,NA,NA,"TRS","0.7503","2858.1689219589",NA,"N"
"Sweden",2016,3,"VL0008","DFN","FPN","ANA","NK","FPN_ANA_>0_0_0",NA,"NK","NK","NAO","27.3.D.30",NA,"NGI",NA,NA,NA,"WHF","1.4549","4246.81058597",NA,"N"
"Sweden",2016,3,"VL0008","DFN","FPO","FWS",NA,"FPO_FWS_>0_0_0",NA,"NK","NK","NAO","27.3.D.30",NA,"NGI",NA,NA,NA,"FPE","0.3","980.6090676212",NA,"N"
"Sweden",2016,3,"VL0008","DFN","FYK","ANA","NK","FYK_ANA_>0_0_0",NA,"NK","NK","NAO","27.3.D.30",NA,"NGI",NA,NA,NA,"FPE","0.09","294.4834680689",NA,"N"
"Sweden",2016,3,"VL0008","DFN","FYK","ANA","NK","FYK_ANA_>0_0_0",NA,"NK","NK","NAO","27.3.D.30",NA,"NGI",NA,NA,NA,"FRO","0.19","0",NA,"N"
"Sweden",2016,3,"VL0008","DFN","FYK","ANA","NK","FYK_ANA_>0_0_0",NA,"NK","NK","NAO","27.3.D.30",NA,"NGI",NA,NA,NA,"TRS","0.05","188.1376967182",NA,"N"
"Sweden",2016,3,"VL0008","DFN","FYK","ANA","NK","FYK_ANA_>0_0_0",NA,"NK","NK","NAO","27.3.D.30",NA,"NGI",NA,NA,NA,"WHF","0.02","60.4230356479",NA,"N"
"Sweden",2016,3,"VL0008","DFN","FYK","CAT","NK","FYK_CAT_>0_0_0",NA,"NK","NK","NAO","27.3.D.30",NA,"NGI",NA,NA,NA,"ELE","0.225","1939.0069056217",NA,"N"
"Sweden",2016,3,"VL0008","DFN","GNS","ANA","157DXX","GNS_ANA_>=157_0_0",NA,"NK","NK","NAO","27.3.D.30",NA,"NGI",NA,NA,NA,"TRS","0.06","194.5620311075",NA,"N"
"Sweden",2016,3,"VL0008","DFN","GNS","DEF","32D90","GNS_DEF_32-89_0_0",NA,"NK","NK","NAO","27.3.D.30",NA,"NGI",NA,NA,NA,"HER","0.78","249.471394978",NA,"N"
"Sweden",2016,3,"VL0008","DFN","GNS","FWS","110D157","GNS_FWS_>0_0_0",NA,"NK","NK","NAO","27.3.D.30",NA,"NGI",NA,NA,NA,"FPE","0.003","7.3559408209",NA,"N"
"Sweden",2016,3,"VL0008","DFN","GNS","FWS","110D157","GNS_FWS_>0_0_0",NA,"NK","NK","NAO","27.3.D.30",NA,"NGI",NA,NA,NA,"FPI","0.01","34.018238406",NA,"N"
"Sweden",2016,3,"VL0008","DFN","GNS","FWS","32D90","GNS_FWS_>0_0_0",NA,"NK","NK","NAO","27.3.D.30",NA,"NGI",NA,NA,NA,"FBM","0.022","16.261192769",NA,"N"
"Sweden",2016,3,"VL0008","DFN","GNS","FWS","32D90","GNS_FWS_>0_0_0",NA,"NK","NK","NAO","27.3.D.30",NA,"NGI",NA,NA,NA,"FPE","10.6113","33104.2964240613",NA,"N"
"Sweden",2016,3,"VL0008","DFN","GNS","FWS","32D90","GNS_FWS_>0_0_0",NA,"NK","NK","NAO","27.3.D.30",NA,"NGI",NA,NA,NA,"FPI","0.3965","1329.7066219357",NA,"N"
"Sweden",2016,3,"VL0008","DFN","GNS","FWS","32D90","GNS_FWS_>0_0_0",NA,"NK","NK","NAO","27.3.D.30",NA,"NGI",NA,NA,NA,"FPP","0.012","125.0404039956",NA,"N"
"Sweden",2016,3,"VL0008","DFN","GNS","FWS","32D90","GNS_FWS_>0_0_0",NA,"NK","NK","NAO","27.3.D.30",NA,"NGI",NA,NA,NA,"FRO","1.185","0",NA,"N"
"Sweden",2016,3,"VL0008","DFN","GNS","FWS","32D90","GNS_FWS_>0_0_0",NA,"NK","NK","NAO","27.3.D.30",NA,"NGI",NA,NA,NA,"FTE","0.02","10.5592160838",NA,"N"
"Sweden",2016,3,"VL0008","DFN","GNS","FWS","32D90","GNS_FWS_>0_0_0",NA,"NK","NK","NAO","27.3.D.30",NA,"NGI",NA,NA,NA,"HER","0.026","7.691954341",NA,"N"
"Sweden",2016,3,"VL0008","DFN","GNS","FWS","32D90","GNS_FWS_>0_0_0",NA,"NK","NK","NAO","27.3.D.30",NA,"NGI",NA,NA,NA,"TRS","0.7146","2491.4129907998",NA,"N"
"Sweden",2016,3,"VL0008","DFN","GNS","FWS","32D90","GNS_FWS_>0_0_0",NA,"NK","NK","NAO","27.3.D.30",NA,"NGI",NA,NA,NA,"WHF","6.1501","19463.9479556883",NA,"N"
"Sweden",2016,3,"VL0008","DFN","GNS","FWS","90D110","GNS_FWS_>0_0_0",NA,"NK","NK","NAO","27.3.D.30",NA,"NGI",NA,NA,NA,"FPE","1.456","3562.7113604494",NA,"N"
"Sweden",2016,3,"VL0008","DFN","GNS","FWS","90D110","GNS_FWS_>0_0_0",NA,"NK","NK","NAO","27.3.D.30",NA,"NGI",NA,NA,NA,"FPI","0.099","327.049418768",NA,"N"
"Sweden",2016,3,"VL0008","DFN","GNS","FWS","90D110","GNS_FWS_>0_0_0",NA,"NK","NK","NAO","27.3.D.30",NA,"NGI",NA,NA,NA,"TRS","0.156","557.6734274582",NA,"N"
"Sweden",2016,3,"VL0008","DFN","GNS","FWS","90D110","GNS_FWS_>0_0_0",NA,"NK","NK","NAO","27.3.D.30",NA,"NGI",NA,NA,NA,"WHF","0.985","3173.0577422474",NA,"N"
"Sweden",2016,3,"VL0008","DFN","GNS","SPF","16D32","GNS_SPF_16-31_0_0",NA,"NK","NK","NAO","27.3.D.30",NA,"NGI",NA,NA,NA,"HER","11.57","3565.9748719167",NA,"N"
"Sweden",2016,3,"VL0008","DFN","GNS","SPF","32D90","GNS_SPF_32-89_0_0",NA,"NK","NK","NAO","27.3.D.30",NA,"NGI",NA,NA,NA,"HER","14.7887","4575.3399661847",NA,"N"
"Sweden",2016,3,"VL0008","FPO","FPN","ANA","NK","FPN_ANA_>0_0_0",NA,"NK","NK","NAO","27.3.D.30",NA,"NGI",NA,NA,NA,"FPE","0.04","130.9666013051",NA,"N"
"Sweden",2016,3,"VL0008","FPO","FPN","ANA","NK","FPN_ANA_>0_0_0",NA,"NK","NK","NAO","27.3.D.30",NA,"NGI",NA,NA,NA,"SAL","11.5614","53001.5815944828",NA,"N"
"Sweden",2016,3,"VL0008","FPO","FPN","ANA","NK","FPN_ANA_>0_0_0",NA,"NK","NK","NAO","27.3.D.30",NA,"NGI",NA,NA,NA,"TRS","0.8641","3159.6122038467",NA,"N"
"Sweden",2016,3,"VL0008","FPO","FPN","ANA","NK","FPN_ANA_>0_0_0",NA,"NK","NK","NAO","27.3.D.30",NA,"NGI",NA,NA,NA,"WHF","1.022","3230.2566472293",NA,"N"
"Sweden",2016,3,"VL0008","FPO","FYK","FWS","NK","FYK_FWS_>0_0_0",NA,"NK","NK","NAO","27.3.D.30",NA,"NGI",NA,NA,NA,"FPE","0.011","36.0158153689",NA,"N"
"Sweden",2016,3,"VL0008","FPO","FYK","FWS","NK","FYK_FWS_>0_0_0",NA,"NK","NK","NAO","27.3.D.30",NA,"NGI",NA,NA,NA,"FRO","0.14","0",NA,"N"
"Sweden",2016,3,"VL0008","FPO","GNS","FWS","32D90","GNS_FWS_>0_0_0",NA,"NK","NK","NAO","27.3.D.30",NA,"NGI",NA,NA,NA,"FBU","0.008","25.3421186011",NA,"N"
"Sweden",2016,3,"VL0008","FPO","GNS","FWS","32D90","GNS_FWS_>0_0_0",NA,"NK","NK","NAO","27.3.D.30",NA,"NGI",NA,NA,NA,"FPE","4.643","15320.7289097821",NA,"N"
"Sweden",2016,3,"VL0008","FPO","GNS","FWS","32D90","GNS_FWS_>0_0_0",NA,"NK","NK","NAO","27.3.D.30",NA,"NGI",NA,NA,NA,"FPI","0.039","166.5001679971",NA,"N"
"Sweden",2016,3,"VL0008","FPO","GNS","FWS","32D90","GNS_FWS_>0_0_0",NA,"NK","NK","NAO","27.3.D.30",NA,"NGI",NA,NA,NA,"FPP","0.007","72.9402356289",NA,"N"
"Sweden",2016,3,"VL0008","FPO","GNS","FWS","32D90","GNS_FWS_>0_0_0",NA,"NK","NK","NAO","27.3.D.30",NA,"NGI",NA,NA,NA,"FRO","0.321","0",NA,"N"
"Sweden",2016,3,"VL0008","FPO","GNS","FWS","32D90","GNS_FWS_>0_0_0",NA,"NK","NK","NAO","27.3.D.30",NA,"NGI",NA,NA,NA,"SAL","0.288","1406.1896734034",NA,"N"
"Sweden",2016,3,"VL0008","FPO","GNS","FWS","32D90","GNS_FWS_>0_0_0",NA,"NK","NK","NAO","27.3.D.30",NA,"NGI",NA,NA,NA,"TRS","0.137","505.6330624842",NA,"N"
"Sweden",2016,3,"VL0008","FPO","GNS","FWS","32D90","GNS_FWS_>0_0_0",NA,"NK","NK","NAO","27.3.D.30",NA,"NGI",NA,NA,NA,"WHF","1.1525","3698.7447411598",NA,"N"
"Sweden",2016,3,"VL0008","FPO","GNS","FWS","90D110","GNS_FWS_>0_0_0",NA,"NK","NK","NAO","27.3.D.30",NA,"NGI",NA,NA,NA,"FPE","0.411","852.3686513347",NA,"N"
"Sweden",2016,3,"VL0008","FPO","GNS","FWS","90D110","GNS_FWS_>0_0_0",NA,"NK","NK","NAO","27.3.D.30",NA,"NGI",NA,NA,NA,"FPP","7e-04","7.0429716401",NA,"N"
"Sweden",2016,3,"VL0008","FPO","GNS","FWS","90D110","GNS_FWS_>0_0_0",NA,"NK","NK","NAO","27.3.D.30",NA,"NGI",NA,NA,NA,"TRS","0.027","95.6444651546",NA,"N"
"Sweden",2016,3,"VL0008","FPO","GNS","FWS","90D110","GNS_FWS_>0_0_0",NA,"NK","NK","NAO","27.3.D.30",NA,"NGI",NA,NA,NA,"WHF","0.16","498.5311619045",NA,"N"
"Sweden",2016,3,"VL0008","FPO","GNS","SPF","16D32","GNS_SPF_16-31_0_0",NA,"NK","NK","NAO","27.3.D.30",NA,"NGI",NA,NA,NA,"HER","1","319.8365395865",NA,"N"
"Sweden",2016,3,"VL0008","FPO","GNS","SPF","32D90","GNS_SPF_32-89_0_0",NA,"NK","NK","NAO","27.3.D.30",NA,"NGI",NA,NA,NA,"HER","0.0232","7.4206058143",NA,"N"
"Sweden",2016,3,"VL0008","PGP","FPN","ANA","NK","FPN_ANA_>0_0_0",NA,"NK","NK","NAO","27.3.D.30",NA,"NGI",NA,NA,NA,"FPE","0.07","229.1915523104",NA,"N"
"Sweden",2016,3,"VL0008","PGP","FPN","ANA","NK","FPN_ANA_>0_0_0",NA,"NK","NK","NAO","27.3.D.30",NA,"NGI",NA,NA,NA,"TRS","0.3873","1468.3650396815",NA,"N"
"Sweden",2016,3,"VL0008","PGP","FPN","ANA","NK","FPN_ANA_>0_0_0",NA,"NK","NK","NAO","27.3.D.30",NA,"NGI",NA,NA,NA,"WHF","0.563","1637.1295061455",NA,"N"
"Sweden",2016,3,"VL0008","PGP","GNS","FWS","32D90","GNS_FWS_>0_0_0",NA,"NK","NK","NAO","27.3.D.30",NA,"NGI",NA,NA,NA,"FPE","0.17","555.6784716591",NA,"N"
"Sweden",2016,3,"VL0008","PGP","GNS","SPF","16D32","GNS_SPF_16-31_0_0",NA,"NK","NK","NAO","27.3.D.30",NA,"NGI",NA,NA,NA,"HER","7.4","2397.2846224024",NA,"N"
"Sweden",2016,3,"VL0008","PGP","GNS","SPF","32D90","GNS_SPF_32-89_0_0",NA,"NK","NK","NAO","27.3.D.30",NA,"NGI",NA,NA,NA,"HER","0.98","316.4497081221",NA,"N"
"Sweden",2016,3,"VL0812","DFN","FPN","ANA","NK","FPN_ANA_>0_0_0",NA,"NK","NK","NAO","27.3.D.30",NA,"NGI",NA,NA,NA,"SAL","0.2767","1152.017448376",NA,"N"
"Sweden",2016,3,"VL0812","DFN","FPN","ANA","NK","FPN_ANA_>0_0_0",NA,"NK","NK","NAO","27.3.D.30",NA,"NGI",NA,NA,NA,"TRS","0.141","539.9411793694",NA,"N"
"Sweden",2016,3,"VL0812","DFN","FPN","ANA","NK","FPN_ANA_>0_0_0",NA,"NK","NK","NAO","27.3.D.30",NA,"NGI",NA,NA,NA,"WHF","0.1635","475.7637088402",NA,"N"
"Sweden",2016,3,"VL0812","DFN","FYK","CAT","NK","FYK_CAT_>0_0_0",NA,"NK","NK","NAO","27.3.D.30",NA,"NGI",NA,NA,NA,"ELE","0.181","1459.5965784972",NA,"N"
"Sweden",2016,3,"VL0812","DFN","GNS","DEF","110D157","GNS_DEF_110-156_0_0",NA,"NK","NK","NAO","27.3.D.30",NA,"NGI",NA,NA,NA,"COD","0.08","97.1895352995",NA,"N"
"Sweden",2016,3,"VL0812","DFN","GNS","DEF","110D157","GNS_DEF_110-156_0_0",NA,"NK","NK","NAO","27.3.D.30",NA,"NGI",NA,NA,NA,"OTH","0.004","0",NA,"N"
"Sweden",2016,3,"VL0812","DFN","GNS","FWS","32D90","GNS_FWS_>0_0_0",NA,"NK","NK","NAO","27.3.D.30",NA,"NGI",NA,NA,NA,"FPE","2.982","9315.7406066724",NA,"N"
"Sweden",2016,3,"VL0812","DFN","GNS","FWS","32D90","GNS_FWS_>0_0_0",NA,"NK","NK","NAO","27.3.D.30",NA,"NGI",NA,NA,NA,"FRO","0.2","0",NA,"N"
"Sweden",2016,3,"VL0812","DFN","GNS","FWS","32D90","GNS_FWS_>0_0_0",NA,"NK","NK","NAO","27.3.D.30",NA,"NGI",NA,NA,NA,"FVE","0.22","813.9888494678",NA,"N"
"Sweden",2016,3,"VL0812","DFN","GNS","FWS","32D90","GNS_FWS_>0_0_0",NA,"NK","NK","NAO","27.3.D.30",NA,"NGI",NA,NA,NA,"TRR","0.006","0",NA,"N"
"Sweden",2016,3,"VL0812","DFN","GNS","FWS","32D90","GNS_FWS_>0_0_0",NA,"NK","NK","NAO","27.3.D.30",NA,"NGI",NA,NA,NA,"TRS","0.124","461.6999697056",NA,"N"
"Sweden",2016,3,"VL0812","DFN","GNS","FWS","32D90","GNS_FWS_>0_0_0",NA,"NK","NK","NAO","27.3.D.30",NA,"NGI",NA,NA,NA,"WHF","4.115","12656.8971562447",NA,"N"
"Sweden",2016,3,"VL0812","DFN","GNS","SPF","16D32","GNS_SPF_16-31_0_0",NA,"NK","NK","NAO","27.3.D.30",NA,"NGI",NA,NA,NA,"HER","6.23","1995.9229903647",NA,"N"
"Sweden",2016,3,"VL0812","DFN","GNS","SPF","32D90","GNS_SPF_32-89_0_0",NA,"NK","NK","NAO","27.3.D.30",NA,"NGI",NA,NA,NA,"HER","46.985","17425.106821215",NA,"N"
"Sweden",2016,3,"VL0812","DFN","OTB","SPF","32D90","OTB_SPF_32-89_0_0",NA,"NK","NK","NAO","27.3.D.30",NA,"NGI",NA,NA,NA,"HER","1.1","351.8220365771",NA,"N"
"Sweden",2016,3,"VL0812","FPO","GNS","ANA","16D32","GNS_ANA_>0_0_0",NA,"NK","NK","NAO","27.3.D.30",NA,"NGI",NA,NA,NA,"SAL","0.2039","848.9207001499",NA,"N"
"Sweden",2016,3,"VL0812","PGP","FYK","FWS","NK","FYK_FWS_>0_0_0",NA,"NK","NK","NAO","27.3.D.30",NA,"NGI",NA,NA,NA,"FPE","0.04","98.079210952",NA,"N"
"Sweden",2016,3,"VL0812","PGP","FYK","FWS","NK","FYK_FWS_>0_0_0",NA,"NK","NK","NAO","27.3.D.30",NA,"NGI",NA,NA,NA,"WHF","0.035","126.6898272512",NA,"N"
"Sweden",2016,3,"VL0812","PGP","GNS","FWS","32D90","GNS_FWS_>0_0_0",NA,"NK","NK","NAO","27.3.D.30",NA,"NGI",NA,NA,NA,"FPE","0.06","196.4499020105",NA,"N"
"Sweden",2016,3,"VL0812","PGP","GNS","FWS","32D90","GNS_FWS_>0_0_0",NA,"NK","NK","NAO","27.3.D.30",NA,"NGI",NA,NA,NA,"FPI","0.11","374.2006224658",NA,"N"
"Sweden",2016,3,"VL0812","PGP","GNS","SPF","32D90","GNS_SPF_32-89_0_0",NA,"NK","NK","NAO","27.3.D.30",NA,"NGI",NA,NA,NA,"FPE","0.03","98.2249510052",NA,"N"
"Sweden",2016,3,"VL0812","PGP","GNS","SPF","32D90","GNS_SPF_32-89_0_0",NA,"NK","NK","NAO","27.3.D.30",NA,"NGI",NA,NA,NA,"HER","0.95","265.3043484562",NA,"N"
"Sweden",2016,3,"VL1218","DFN","GNS","DEF","110D157","GNS_DEF_110-156_0_0",NA,"NK","NK","NAO","27.3.D.30",NA,"NGI",NA,NA,NA,"COD","0.1041","121.2745373076",NA,"N"
"Sweden",2016,3,"VL1218","DFN","GNS","FWS","90D110","GNS_FWS_>0_0_0",NA,"NK","NK","NAO","27.3.D.30",NA,"NGI",NA,NA,NA,"WHF","0.0069","19.9459989652",NA,"N"
"Sweden",2016,3,"VL1218","TM","OTM","SPF","16D32","OTM_SPF_16-31_0_0",NA,"NK","NK","NAO","27.3.D.30",NA,"NGI",NA,NA,NA,"HER","16","3264.7137322605",NA,"N"
"Sweden",2016,3,"VL2440","DTS","OTB","SPF","16D32","OTB_SPF_16-31_0_0",NA,"NK","NK","NAO","27.3.D.30",NA,"NGI",NA,NA,NA,"HER","415","98920.6543208312",NA,"N"
"Sweden",2016,3,"VL2440","DTS","OTB","SPF","16D32","OTB_SPF_16-31_0_0",NA,"NK","NK","NAO","27.3.D.30",NA,"NGI",NA,NA,NA,"SPR","0.36","67.1268302449",NA,"N"
"Sweden",2016,3,"VL2440","TM","OTM","SPF","16D32","OTM_SPF_16-31_0_0",NA,"NK","NK","NAO","27.3.D.30",NA,"NGI",NA,NA,NA,"GTA","25","6599.5100523737",NA,"N"
"Sweden",2016,3,"VL2440","TM","OTM","SPF","16D32","OTM_SPF_16-31_0_0",NA,"NK","NK","NAO","27.3.D.30",NA,"NGI",NA,NA,NA,"HER","764","189509.994267507",NA,"N"
"Sweden",2016,4,"VL0008","DFN","GNS","ANA","110D157","GNS_ANA_110-156_0_0",NA,"NK","NK","NAO","27.3.D.30",NA,"NGI",NA,NA,NA,"TRS","0.052","358.0951541329",NA,"N"
"Sweden",2016,4,"VL0008","DFN","GNS","ANA","157DXX","GNS_ANA_>=157_0_0",NA,"NK","NK","NAO","27.3.D.30",NA,"NGI",NA,NA,NA,"TRS","0.042","289.2307014487",NA,"N"
"Sweden",2016,4,"VL0008","DFN","GNS","ANA","32D90","GNS_ANA_>0_0_0",NA,"NK","NK","NAO","27.3.D.30",NA,"NGI",NA,NA,NA,"TRS","0.016","110.1831243664",NA,"N"
"Sweden",2016,4,"VL0008","DFN","GNS","FWS","110D157","GNS_FWS_>0_0_0",NA,"NK","NK","NAO","27.3.D.30",NA,"NGI",NA,NA,NA,"FBU","0.008","25.3421186011",NA,"N"
"Sweden",2016,4,"VL0008","DFN","GNS","FWS","110D157","GNS_FWS_>0_0_0",NA,"NK","NK","NAO","27.3.D.30",NA,"NGI",NA,NA,NA,"FPE","0.006","16.1212302543",NA,"N"
"Sweden",2016,4,"VL0008","DFN","GNS","FWS","110D157","GNS_FWS_>0_0_0",NA,"NK","NK","NAO","27.3.D.30",NA,"NGI",NA,NA,NA,"FPI","0.067","101.5041074939",NA,"N"
"Sweden",2016,4,"VL0008","DFN","GNS","FWS","16D32","GNS_FWS_>0_0_0",NA,"NK","NK","NAO","27.3.D.30",NA,"NGI",NA,NA,NA,"FVE","0.21","776.9893563102",NA,"N"
"Sweden",2016,4,"VL0008","DFN","GNS","FWS","16D32","GNS_FWS_>0_0_0",NA,"NK","NK","NAO","27.3.D.30",NA,"NGI",NA,NA,NA,"HER","0.06","16.4223524962",NA,"N"
"Sweden",2016,4,"VL0008","DFN","GNS","FWS","32D90","GNS_FWS_>0_0_0",NA,"NK","NK","NAO","27.3.D.30",NA,"NGI",NA,NA,NA,"FPE","0.688","2013.022137614",NA,"N"
"Sweden",2016,4,"VL0008","DFN","GNS","FWS","32D90","GNS_FWS_>0_0_0",NA,"NK","NK","NAO","27.3.D.30",NA,"NGI",NA,NA,NA,"FPI","0.092","140.2564509757",NA,"N"
"Sweden",2016,4,"VL0008","DFN","GNS","FWS","32D90","GNS_FWS_>0_0_0",NA,"NK","NK","NAO","27.3.D.30",NA,"NGI",NA,NA,NA,"FRO","0.1","0",NA,"N"
"Sweden",2016,4,"VL0008","DFN","GNS","FWS","32D90","GNS_FWS_>0_0_0",NA,"NK","NK","NAO","27.3.D.30",NA,"NGI",NA,NA,NA,"FVE","1.116","4129.1434363913",NA,"N"
"Sweden",2016,4,"VL0008","DFN","GNS","FWS","32D90","GNS_FWS_>0_0_0",NA,"NK","NK","NAO","27.3.D.30",NA,"NGI",NA,NA,NA,"HER","0.019","5.2009887668",NA,"N"
"Sweden",2016,4,"VL0008","DFN","GNS","FWS","32D90","GNS_FWS_>0_0_0",NA,"NK","NK","NAO","27.3.D.30",NA,"NGI",NA,NA,NA,"OTH","0.05","0",NA,"N"
"Sweden",2016,4,"VL0008","DFN","GNS","FWS","32D90","GNS_FWS_>0_0_0",NA,"NK","NK","NAO","27.3.D.30",NA,"NGI",NA,NA,NA,"TRS","0.623","4290.2554048298",NA,"N"
"Sweden",2016,4,"VL0008","DFN","GNS","FWS","32D90","GNS_FWS_>0_0_0",NA,"NK","NK","NAO","27.3.D.30",NA,"NGI",NA,NA,NA,"WHF","2.0135","7726.9671104325",NA,"N"
"Sweden",2016,4,"VL0008","DFN","GNS","FWS","90D110","GNS_FWS_>0_0_0",NA,"NK","NK","NAO","27.3.D.30",NA,"NGI",NA,NA,NA,"FPE","0.12","322.4246050431",NA,"N"
"Sweden",2016,4,"VL0008","DFN","GNS","FWS","90D110","GNS_FWS_>0_0_0",NA,"NK","NK","NAO","27.3.D.30",NA,"NGI",NA,NA,NA,"FPP","0.0045","41.2952923002",NA,"N"
"Sweden",2016,4,"VL0008","DFN","GNS","FWS","90D110","GNS_FWS_>0_0_0",NA,"NK","NK","NAO","27.3.D.30",NA,"NGI",NA,NA,NA,"TRS","0.036","247.9120297981",NA,"N"
"Sweden",2016,4,"VL0008","DFN","GNS","FWS","90D110","GNS_FWS_>0_0_0",NA,"NK","NK","NAO","27.3.D.30",NA,"NGI",NA,NA,NA,"WHF","0.3","1058.5192015121",NA,"N"
"Sweden",2016,4,"VL0008","DFN","GNS","SPF","16D32","GNS_SPF_16-31_0_0",NA,"NK","NK","NAO","27.3.D.30",NA,"NGI",NA,NA,NA,"HER","4.48","1349.7186795383",NA,"N"
"Sweden",2016,4,"VL0008","DFN","GNS","SPF","32D90","GNS_SPF_32-89_0_0",NA,"NK","NK","NAO","27.3.D.30",NA,"NGI",NA,NA,NA,"FRO","0.007","0",NA,"N"
"Sweden",2016,4,"VL0008","DFN","GNS","SPF","32D90","GNS_SPF_32-89_0_0",NA,"NK","NK","NAO","27.3.D.30",NA,"NGI",NA,NA,NA,"HER","3.864","1136.9689122857",NA,"N"
"Sweden",2016,4,"VL0008","FPO","FPN","ANA","NK","FPN_ANA_>0_0_0",NA,"NK","NK","NAO","27.3.D.30",NA,"NGI",NA,NA,NA,"TRS","0.079","544.029176529",NA,"N"
"Sweden",2016,4,"VL0008","FPO","FPN","ANA","NK","FPN_ANA_>0_0_0",NA,"NK","NK","NAO","27.3.D.30",NA,"NGI",NA,NA,NA,"WHF","0.251","885.6277319754",NA,"N"
"Sweden",2016,4,"VL0008","FPO","FPO","FWS",NA,"FPO_FWS_>0_0_0",NA,"NK","NK","NAO","27.3.D.30",NA,"NGI",NA,NA,NA,"FRO","0.211","0",NA,"N"
"Sweden",2016,4,"VL0008","FPO","GNS","ANA","90D110","GNS_ANA_90-109_0_0",NA,"NK","NK","NAO","27.3.D.30",NA,"NGI",NA,NA,NA,"TRS","0.0043","29.6117146689",NA,"N"
"Sweden",2016,4,"VL0008","FPO","GNS","FWS","32D90","GNS_FWS_>0_0_0",NA,"NK","NK","NAO","27.3.D.30",NA,"NGI",NA,NA,NA,"FBU","0.006","19.0065889508",NA,"N"
"Sweden",2016,4,"VL0008","FPO","GNS","FWS","32D90","GNS_FWS_>0_0_0",NA,"NK","NK","NAO","27.3.D.30",NA,"NGI",NA,NA,NA,"FPE","0.122","337.8128439559",NA,"N"
"Sweden",2016,4,"VL0008","FPO","GNS","FWS","32D90","GNS_FWS_>0_0_0",NA,"NK","NK","NAO","27.3.D.30",NA,"NGI",NA,NA,NA,"FRO","0.163","0",NA,"N"
"Sweden",2016,4,"VL0008","FPO","GNS","FWS","32D90","GNS_FWS_>0_0_0",NA,"NK","NK","NAO","27.3.D.30",NA,"NGI",NA,NA,NA,"TRS","0.1022","703.7947068762",NA,"N"
"Sweden",2016,4,"VL0008","FPO","GNS","FWS","32D90","GNS_FWS_>0_0_0",NA,"NK","NK","NAO","27.3.D.30",NA,"NGI",NA,NA,NA,"WHF","0.5235","1853.9567452589",NA,"N"
"Sweden",2016,4,"VL0008","FPO","GNS","FWS","90D110","GNS_FWS_>0_0_0",NA,"NK","NK","NAO","27.3.D.30",NA,"NGI",NA,NA,NA,"FPE","0.0105","28.2121529397",NA,"N"
"Sweden",2016,4,"VL0008","FPO","GNS","FWS","90D110","GNS_FWS_>0_0_0",NA,"NK","NK","NAO","27.3.D.30",NA,"NGI",NA,NA,NA,"TRS","0.0113","77.8168315805",NA,"N"
"Sweden",2016,4,"VL0008","FPO","GNS","FWS","90D110","GNS_FWS_>0_0_0",NA,"NK","NK","NAO","27.3.D.30",NA,"NGI",NA,NA,NA,"WHF","0.0476","152.7883944184",NA,"N"
"Sweden",2016,4,"VL0008","NO","GNS","FWS","32D90","GNS_FWS_>0_0_0",NA,"NK","NK","NAO","27.3.D.30",NA,"NGI",NA,NA,NA,"FBU","0.001","3.1677648251",NA,"N"
"Sweden",2016,4,"VL0008","NO","GNS","FWS","32D90","GNS_FWS_>0_0_0",NA,"NK","NK","NAO","27.3.D.30",NA,"NGI",NA,NA,NA,"FPE","0.015","81.6875207974",NA,"N"
"Sweden",2016,4,"VL0008","NO","GNS","FWS","32D90","GNS_FWS_>0_0_0",NA,"NK","NK","NAO","27.3.D.30",NA,"NGI",NA,NA,NA,"FPI","0.008","19.1287057928",NA,"N"
"Sweden",2016,4,"VL0008","NO","GNS","FWS","32D90","GNS_FWS_>0_0_0",NA,"NK","NK","NAO","27.3.D.30",NA,"NGI",NA,NA,NA,"FRO","0.084","0",NA,"N"
"Sweden",2016,4,"VL0008","NO","GNS","FWS","32D90","GNS_FWS_>0_0_0",NA,"NK","NK","NAO","27.3.D.30",NA,"NGI",NA,NA,NA,"TRS","0.001","6.8864452716",NA,"N"
"Sweden",2016,4,"VL0008","NO","GNS","FWS","32D90","GNS_FWS_>0_0_0",NA,"NK","NK","NAO","27.3.D.30",NA,"NGI",NA,NA,NA,"WHF","0.01","53.8609772417",NA,"N"
"Sweden",2016,4,"VL0812","DFN","GNS","DEF","110D157","GNS_DEF_110-156_0_0",NA,"NK","NK","NAO","27.3.D.30",NA,"NGI",NA,NA,NA,"COD","0.188","201.6577453126",NA,"N"
"Sweden",2016,4,"VL0812","DFN","GNS","DEF","110D157","GNS_DEF_110-156_0_0",NA,"NK","NK","NAO","27.3.D.30",NA,"NGI",NA,NA,NA,"OTH","0.001","0",NA,"N"
"Sweden",2016,4,"VL0812","DFN","GNS","FWS","32D90","GNS_FWS_>0_0_0",NA,"NK","NK","NAO","27.3.D.30",NA,"NGI",NA,NA,NA,"FPE","0.354","992.8111255702",NA,"N"
"Sweden",2016,4,"VL0812","DFN","GNS","FWS","32D90","GNS_FWS_>0_0_0",NA,"NK","NK","NAO","27.3.D.30",NA,"NGI",NA,NA,NA,"FVE","0.68","2515.9655347187",NA,"N"
"Sweden",2016,4,"VL0812","DFN","GNS","FWS","32D90","GNS_FWS_>0_0_0",NA,"NK","NK","NAO","27.3.D.30",NA,"NGI",NA,NA,NA,"OTH","0.001","0",NA,"N"
"Sweden",2016,4,"VL0812","DFN","GNS","FWS","32D90","GNS_FWS_>0_0_0",NA,"NK","NK","NAO","27.3.D.30",NA,"NGI",NA,NA,NA,"TRS","0.078","537.1427311729",NA,"N"
"Sweden",2016,4,"VL0812","DFN","GNS","FWS","32D90","GNS_FWS_>0_0_0",NA,"NK","NK","NAO","27.3.D.30",NA,"NGI",NA,NA,NA,"WHF","1.084","3996.7370970181",NA,"N"
"Sweden",2016,4,"VL0812","DFN","GNS","SPF","16D32","GNS_SPF_16-31_0_0",NA,"NK","NK","NAO","27.3.D.30",NA,"NGI",NA,NA,NA,"HER","0.39","106.742694089",NA,"N"
"Sweden",2016,4,"VL0812","DFN","GNS","SPF","32D90","GNS_SPF_32-89_0_0",NA,"NK","NK","NAO","27.3.D.30",NA,"NGI",NA,NA,NA,"COD","0.22","229.3093693946",NA,"N"
"Sweden",2016,4,"VL0812","DFN","GNS","SPF","32D90","GNS_SPF_32-89_0_0",NA,"NK","NK","NAO","27.3.D.30",NA,"NGI",NA,NA,NA,"HER","21.342","8229.9319218159",NA,"N"
"Sweden",2016,4,"VL0812","DFN","OTB","SPF","32D90","OTB_SPF_32-89_0_0",NA,"NK","NK","NAO","27.3.D.30",NA,"NGI",NA,NA,NA,"HER","44.45","33631.4287543419",NA,"N"
"Sweden",2016,4,"VL0812","DTS","OTB","SPF","32D90","OTB_SPF_32-89_0_0",NA,"NK","NK","NAO","27.3.D.30",NA,"NGI",NA,NA,NA,"HER","0.822","254.8769347187",NA,"N"
"Sweden",2016,4,"VL0812","FPO","GNS","FWS","16D32","GNS_FWS_>0_0_0",NA,"NK","NK","NAO","27.3.D.30",NA,"NGI",NA,NA,NA,"FVE","0.1","369.9949315763",NA,"N"
"Sweden",2016,4,"VL0812","FPO","GNS","FWS","16D32","GNS_FWS_>0_0_0",NA,"NK","NK","NAO","27.3.D.30",NA,"NGI",NA,NA,NA,"HER","0.02","5.4744060701",NA,"N"
"Sweden",2016,4,"VL0812","PGP","FYK","FWS","NK","FYK_FWS_>0_0_0",NA,"NK","NK","NAO","27.3.D.30",NA,"NGI",NA,NA,NA,"FBM","0.015","6.3355296503",NA,"N"
"Sweden",2016,4,"VL0812","PGP","FYK","FWS","NK","FYK_FWS_>0_0_0",NA,"NK","NK","NAO","27.3.D.30",NA,"NGI",NA,NA,NA,"FPE","0.022","59.1111775849",NA,"N"
"Sweden",2016,4,"VL0812","PGP","FYK","FWS","NK","FYK_FWS_>0_0_0",NA,"NK","NK","NAO","27.3.D.30",NA,"NGI",NA,NA,NA,"FPI","0.02","30.2131095413",NA,"N"
"Sweden",2016,4,"VL0812","PGP","GNS","SPF","32D90","GNS_SPF_32-89_0_0",NA,"NK","NK","NAO","27.3.D.30",NA,"NGI",NA,NA,NA,"HER","0.82","224.4342003231",NA,"N"
"Sweden",2016,4,"VL1218","DFN","GNS","DEF","110D157","GNS_DEF_110-156_0_0",NA,"NK","NK","NAO","27.3.D.30",NA,"NGI",NA,NA,NA,"COD","0.1288","149.5691602281",NA,"N"
"Sweden",2016,4,"VL1218","TM","OTM","SPF","16D32","OTM_SPF_16-31_0_0",NA,"NK","NK","NAO","27.3.D.30",NA,"NGI",NA,NA,NA,"HER","543.5","137851.478628147",NA,"N"
"Sweden",2016,4,"VL1218","TM","OTM","SPF","16D32","OTM_SPF_16-31_0_0",NA,"NK","NK","NAO","27.3.D.30",NA,"NGI",NA,NA,NA,"SPR","1.36","294.4001864899",NA,"N"
"Sweden",2016,4,"VL2440","DTS","OTB","SPF","16D32","OTB_SPF_16-31_0_0",NA,"NK","NK","NAO","27.3.D.30",NA,"NGI",NA,NA,NA,"HER","512","129182.155361653",NA,"N"
"Sweden",2016,4,"VL2440","DTS","OTB","SPF","16D32","OTB_SPF_16-31_0_0",NA,"NK","NK","NAO","27.3.D.30",NA,"NGI",NA,NA,NA,"SPR","0.7","150.2267262636",NA,"N"
"Sweden",2016,4,"VL2440","TM","OTM","SPF","16D32","OTM_SPF_16-31_0_0",NA,"NK","NK","NAO","27.3.D.30",NA,"NGI",NA,NA,NA,"GTA","37","9767.2748775131",NA,"N"
"Sweden",2016,4,"VL2440","TM","OTM","SPF","16D32","OTM_SPF_16-31_0_0",NA,"NK","NK","NAO","27.3.D.30",NA,"NGI",NA,NA,NA,"HER","1062","276158.950528742",NA,"N"
"Sweden",2016,4,"VL2440","TM","OTM","SPF","16D32","OTM_SPF_16-31_0_0",NA,"NK","NK","NAO","27.3.D.30",NA,"NGI",NA,NA,NA,"SPR","1.15","254.3440548034",NA,"N"
"Sweden",2017,1,"VL0008","DFN","FPO","FWS",NA,"FPO_FWS_>0_0_0",NA,"NK","NK","NAO","27.3.D.30",NA,"NGI",NA,NA,NA,"FRO","0.213","0",NA,"N"
"Sweden",2017,1,"VL0008","DFN","FYK","FWS","NK","FYK_FWS_>0_0_0",NA,"NK","NK","NAO","27.3.D.30",NA,"NGI",NA,NA,NA,"FPI","0.02","21.6655578141",NA,"N"
"Sweden",2017,1,"VL0008","DFN","GNS","FWS","110D157","GNS_FWS_>0_0_0",NA,"NK","NK","NAO","27.3.D.30",NA,"NGI",NA,NA,NA,"FBU","0.004","8.3051304944",NA,"N"
"Sweden",2017,1,"VL0008","DFN","GNS","FWS","32D90","GNS_FWS_>0_0_0",NA,"NK","NK","NAO","27.3.D.30",NA,"NGI",NA,NA,NA,"FPE","0.118","367.5020243756",NA,"N"
"Sweden",2017,1,"VL0008","DFN","GNS","FWS","32D90","GNS_FWS_>0_0_0",NA,"NK","NK","NAO","27.3.D.30",NA,"NGI",NA,NA,NA,"FPI","0.002","4.1525652472",NA,"N"
"Sweden",2017,1,"VL0008","DFN","GNS","FWS","32D90","GNS_FWS_>0_0_0",NA,"NK","NK","NAO","27.3.D.30",NA,"NGI",NA,NA,NA,"TRS","0.0434","156.7142015198",NA,"N"
"Sweden",2017,1,"VL0008","DFN","GNS","FWS","32D90","GNS_FWS_>0_0_0",NA,"NK","NK","NAO","27.3.D.30",NA,"NGI",NA,NA,NA,"WHF","0.269","977.4100450553",NA,"N"
"Sweden",2017,1,"VL0008","DFN","GNS","FWS","90D110","GNS_FWS_>0_0_0",NA,"NK","NK","NAO","27.3.D.30",NA,"NGI",NA,NA,NA,"FPE","0.049","152.6067728339",NA,"N"
"Sweden",2017,1,"VL0008","DFN","GNS","FWS","90D110","GNS_FWS_>0_0_0",NA,"NK","NK","NAO","27.3.D.30",NA,"NGI",NA,NA,NA,"TRS","0.129","465.8094929718",NA,"N"
"Sweden",2017,1,"VL0008","DFN","GNS","FWS","90D110","GNS_FWS_>0_0_0",NA,"NK","NK","NAO","27.3.D.30",NA,"NGI",NA,NA,NA,"WHF","0.037","134.4392998775",NA,"N"
"Sweden",2017,1,"VL0008","DFN","GNS","SPF","32D90","GNS_SPF_32-89_0_0",NA,"NK","NK","NAO","27.3.D.30",NA,"NGI",NA,NA,NA,"HER","0.6","308.2631123061",NA,"N"
"Sweden",2017,1,"VL0008","FPO","GNS","FWS","32D90","GNS_FWS_>0_0_0",NA,"NK","NK","NAO","27.3.D.30",NA,"NGI",NA,NA,NA,"FPI","0.0016","3.3220521977",NA,"N"
"Sweden",2017,1,"VL0008","FPO","GNS","FWS","32D90","GNS_FWS_>0_0_0",NA,"NK","NK","NAO","27.3.D.30",NA,"NGI",NA,NA,NA,"TRS","0.0042","15.1658904657",NA,"N"
"Sweden",2017,1,"VL0008","FPO","GNS","FWS","32D90","GNS_FWS_>0_0_0",NA,"NK","NK","NAO","27.3.D.30",NA,"NGI",NA,NA,NA,"WHF","0.026","94.4708593734",NA,"N"
"Sweden",2017,1,"VL0008","NO","GNS","FWS","32D90","GNS_FWS_>0_0_0",NA,"NK","NK","NAO","27.3.D.30",NA,"NGI",NA,NA,NA,"FBU","0.0275","57.0977721487",NA,"N"
"Sweden",2017,1,"VL0008","NO","GNS","FWS","32D90","GNS_FWS_>0_0_0",NA,"NK","NK","NAO","27.3.D.30",NA,"NGI",NA,NA,NA,"FPE","0.059","183.7510121878",NA,"N"
"Sweden",2017,1,"VL0008","NO","GNS","FWS","32D90","GNS_FWS_>0_0_0",NA,"NK","NK","NAO","27.3.D.30",NA,"NGI",NA,NA,NA,"FPI","0.006","12.8959061448",NA,"N"
"Sweden",2017,1,"VL0008","NO","GNS","FWS","32D90","GNS_FWS_>0_0_0",NA,"NK","NK","NAO","27.3.D.30",NA,"NGI",NA,NA,NA,"FRO","0.004","0",NA,"N"
"Sweden",2017,1,"VL0008","NO","GNS","FWS","32D90","GNS_FWS_>0_0_0",NA,"NK","NK","NAO","27.3.D.30",NA,"NGI",NA,NA,NA,"TRS","0.006","21.6655578131",NA,"N"
"Sweden",2017,1,"VL0008","NO","GNS","FWS","32D90","GNS_FWS_>0_0_0",NA,"NK","NK","NAO","27.3.D.30",NA,"NGI",NA,NA,NA,"WHF","0.065","236.1771484334",NA,"N"
"Sweden",2017,1,"VL0812","DFN","GNS","SPF","32D90","GNS_SPF_32-89_0_0",NA,"NK","NK","NAO","27.3.D.30",NA,"NGI",NA,NA,NA,"HER","6.996","4185.444017638",NA,"N"
"Sweden",2017,1,"VL0812","DFN","OTB","SPF","32D90","OTB_SPF_32-89_0_0",NA,"NK","NK","NAO","27.3.D.30",NA,"NGI",NA,NA,NA,"HER","16.6","15382.6685363246",NA,"N"
"Sweden",2017,1,"VL0812","FPO","FYK","FWS","NK","FYK_FWS_>0_0_0",NA,"NK","NK","NAO","27.3.D.30",NA,"NGI",NA,NA,NA,"FPI","0.01","10.832778907",NA,"N"
"Sweden",2017,1,"VL0812","FPO","GNS","FWS","32D90","GNS_FWS_>0_0_0",NA,"NK","NK","NAO","27.3.D.30",NA,"NGI",NA,NA,NA,"WHF","0.03","109.0048377385",NA,"N"
"Sweden",2017,1,"VL1218","DFN","GNS","DEF","110D157","GNS_DEF_110-156_0_0",NA,"NK","NK","NAO","27.3.D.30",NA,"NGI",NA,NA,NA,"COD","0.0059","7.8526073594",NA,"N"
"Sweden",2017,1,"VL1218","DTS","OTM","SPF","16D32","OTM_SPF_16-31_0_0",NA,"NK","NK","NAO","27.3.D.30",NA,"NGI",NA,NA,NA,"HER","774.4","171789.990089592",NA,"N"
"Sweden",2017,1,"VL1218","DTS","OTM","SPF","16D32","OTM_SPF_16-31_0_0",NA,"NK","NK","NAO","27.3.D.30",NA,"NGI",NA,NA,NA,"SPR","2","436.0193509541",NA,"N"
"Sweden",2017,1,"VL1218","DTS","PTB","SPF","32D90","PTB_SPF_32-89_0_0",NA,"NK","NK","NAO","27.3.D.30",NA,"NGI",NA,NA,NA,"HER","29.55","30.6770757636",NA,"N"
"Sweden",2017,1,"VL2440","DTS","OTB","SPF","16D32","OTB_SPF_16-31_0_0",NA,"NK","NK","NAO","27.3.D.30",NA,"NGI",NA,NA,NA,"HER","1493","1374207.72261902",NA,"N"
"Sweden",2017,1,"VL2440","DTS","OTB","SPF","16D32","OTB_SPF_16-31_0_0",NA,"NK","NK","NAO","27.3.D.30",NA,"NGI",NA,NA,NA,"SPR","2.22","477.9646657924",NA,"N"
"Sweden",2017,1,"VL2440","DTS","OTM","SPF","16D32","OTM_SPF_16-31_0_0",NA,"NK","NK","NAO","27.3.D.30",NA,"NGI",NA,NA,NA,"HER","1115","247347.415995681",NA,"N"
"Sweden",2017,1,"VL2440","DTS","OTM","SPF","16D32","OTM_SPF_16-31_0_0",NA,"NK","NK","NAO","27.3.D.30",NA,"NGI",NA,NA,NA,"SPR","2.99","651.8489296763",NA,"N"
"Sweden",2017,1,"VL2440","TM","OTM","SPF","16D32","OTM_SPF_16-31_0_0",NA,"NK","NK","NAO","27.3.D.30",NA,"NGI",NA,NA,NA,"GTA","36.8","8364.294568237",NA,"N"
"Sweden",2017,1,"VL2440","TM","OTM","SPF","16D32","OTM_SPF_16-31_0_0",NA,"NK","NK","NAO","27.3.D.30",NA,"NGI",NA,NA,NA,"HER","2119.4","470159.743025767",NA,"N"
"Sweden",2017,1,"VL2440","TM","OTM","SPF","16D32","OTM_SPF_16-31_0_0",NA,"NK","NK","NAO","27.3.D.30",NA,"NGI",NA,NA,NA,"OTH","5.375","0",NA,"N"
"Sweden",2017,1,"VL2440","TM","OTM","SPF","16D32","OTM_SPF_16-31_0_0",NA,"NK","NK","NAO","27.3.D.30",NA,"NGI",NA,NA,NA,"SPR","0.33","71.9431929074",NA,"N"
"Sweden",2017,1,"VL40XX","TM","OTM","SPF","16D32","OTM_SPF_16-31_0_0",NA,"NK","NK","NAO","27.3.D.30",NA,"NGI",NA,NA,NA,"HER","466.5","103486.609483421",NA,"N"
"Sweden",2017,1,"VL40XX","TM","OTM","SPF","16D32","OTM_SPF_16-31_0_0",NA,"NK","NK","NAO","27.3.D.30",NA,"NGI",NA,NA,NA,"SPR","28.1","6126.0718809044",NA,"N"
"Sweden",2017,2,"VL0008","DFN","FPN","ANA","NK","FPN_ANA_>0_0_0",NA,"NK","NK","NAO","27.3.D.30",NA,"NGI",NA,NA,NA,"SAL","8.7577","35025.4608193011",NA,"N"
"Sweden",2017,2,"VL0008","DFN","FPN","ANA","NK","FPN_ANA_>0_0_0",NA,"NK","NK","NAO","27.3.D.30",NA,"NGI",NA,NA,NA,"TRR","0.015","84.8152155804",NA,"N"
"Sweden",2017,2,"VL0008","DFN","FPN","ANA","NK","FPN_ANA_>0_0_0",NA,"NK","NK","NAO","27.3.D.30",NA,"NGI",NA,NA,NA,"TRS","0.6655","2365.4173445373",NA,"N"
"Sweden",2017,2,"VL0008","DFN","FPN","ANA","NK","FPN_ANA_>0_0_0",NA,"NK","NK","NAO","27.3.D.30",NA,"NGI",NA,NA,NA,"WHF","1.9583","5420.7493666964",NA,"N"
"Sweden",2017,2,"VL0008","DFN","FYK","CAT","NK","FYK_CAT_>0_0_0",NA,"NK","NK","NAO","27.3.D.30",NA,"NGI",NA,NA,NA,"ELE","0.145","1542.1570458651",NA,"N"
"Sweden",2017,2,"VL0008","DFN","GNS","ANA","90D110","GNS_ANA_90-109_0_0",NA,"NK","NK","NAO","27.3.D.30",NA,"NGI",NA,NA,NA,"TRS","0.032","115.5496416336",NA,"N"
"Sweden",2017,2,"VL0008","DFN","GNS","FWS","32D90","GNS_FWS_>0_0_0",NA,"NK","NK","NAO","27.3.D.30",NA,"NGI",NA,NA,NA,"FPE","4.654","13158.1336504952",NA,"N"
"Sweden",2017,2,"VL0008","DFN","GNS","FWS","32D90","GNS_FWS_>0_0_0",NA,"NK","NK","NAO","27.3.D.30",NA,"NGI",NA,NA,NA,"FPI","0.2595","419.520569734",NA,"N"
"Sweden",2017,2,"VL0008","DFN","GNS","FWS","32D90","GNS_FWS_>0_0_0",NA,"NK","NK","NAO","27.3.D.30",NA,"NGI",NA,NA,NA,"FPP","0.001","3.1144239354",NA,"N"
"Sweden",2017,2,"VL0008","DFN","GNS","FWS","32D90","GNS_FWS_>0_0_0",NA,"NK","NK","NAO","27.3.D.30",NA,"NGI",NA,NA,NA,"FRO","1.083","0",NA,"N"
"Sweden",2017,2,"VL0008","DFN","GNS","FWS","32D90","GNS_FWS_>0_0_0",NA,"NK","NK","NAO","27.3.D.30",NA,"NGI",NA,NA,NA,"HER","0.019","20.2303470766",NA,"N"
"Sweden",2017,2,"VL0008","DFN","GNS","FWS","32D90","GNS_FWS_>0_0_0",NA,"NK","NK","NAO","27.3.D.30",NA,"NGI",NA,NA,NA,"SAL","0.0185","58.3027576044",NA,"N"
"Sweden",2017,2,"VL0008","DFN","GNS","FWS","32D90","GNS_FWS_>0_0_0",NA,"NK","NK","NAO","27.3.D.30",NA,"NGI",NA,NA,NA,"TRS","0.6359","2296.1880352304",NA,"N"
"Sweden",2017,2,"VL0008","DFN","GNS","FWS","32D90","GNS_FWS_>0_0_0",NA,"NK","NK","NAO","27.3.D.30",NA,"NGI",NA,NA,NA,"WHF","4.5557","12177.0192108174",NA,"N"
"Sweden",2017,2,"VL0008","DFN","GNS","FWS","90D110","GNS_FWS_>0_0_0",NA,"NK","NK","NAO","27.3.D.30",NA,"NGI",NA,NA,NA,"FPE","0.406","1209.3763041131",NA,"N"
"Sweden",2017,2,"VL0008","DFN","GNS","FWS","90D110","GNS_FWS_>0_0_0",NA,"NK","NK","NAO","27.3.D.30",NA,"NGI",NA,NA,NA,"FPI","0.099","166.645275585",NA,"N"
"Sweden",2017,2,"VL0008","DFN","GNS","FWS","90D110","GNS_FWS_>0_0_0",NA,"NK","NK","NAO","27.3.D.30",NA,"NGI",NA,NA,NA,"TRS","0.294","1061.6123327035",NA,"N"
"Sweden",2017,2,"VL0008","DFN","GNS","FWS","90D110","GNS_FWS_>0_0_0",NA,"NK","NK","NAO","27.3.D.30",NA,"NGI",NA,NA,NA,"WHF","0.848","1964.4949013143",NA,"N"
"Sweden",2017,2,"VL0008","DFN","GNS","SPF","16D32","GNS_SPF_>0_0_0",NA,"NK","NK","NAO","27.3.D.30",NA,"NGI",NA,NA,NA,"HER","1.2","1278.5864844383",NA,"N"
"Sweden",2017,2,"VL0008","DFN","GNS","SPF","16D32","GNS_SPF_16-31_0_0",NA,"NK","NK","NAO","27.3.D.30",NA,"NGI",NA,NA,NA,"HER","21.67","20594.1387381392",NA,"N"
"Sweden",2017,2,"VL0008","DFN","GNS","SPF","32D90","GNS_SPF_32-89_0_0",NA,"NK","NK","NAO","27.3.D.30",NA,"NGI",NA,NA,NA,"HER","46.159","46512.2645471742",NA,"N"
"Sweden",2017,2,"VL0008","DFN","GNS","SPF","32D90","GNS_SPF_32-89_0_0",NA,"NK","NK","NAO","27.3.D.30",NA,"NGI",NA,NA,NA,"SAL","0.0463","145.9144689907",NA,"N"
"Sweden",2017,2,"VL0008","DFN","GNS","SPF","32D90","GNS_SPF_32-89_0_0",NA,"NK","NK","NAO","27.3.D.30",NA,"NGI",NA,NA,NA,"TRS","0.018","64.9966734319",NA,"N"
"Sweden",2017,2,"VL0008","DFN","GNS","SPF","32D90","GNS_SPF_32-89_0_0",NA,"NK","NK","NAO","27.3.D.30",NA,"NGI",NA,NA,NA,"WHF","0.071","234.9723098644",NA,"N"
"Sweden",2017,2,"VL0008","FPO","FPN","ANA","NK","FPN_ANA_>0_0_0",NA,"NK","NK","NAO","27.3.D.30",NA,"NGI",NA,NA,NA,"HER","1.392","1878.6205178249",NA,"N"
"Sweden",2017,2,"VL0008","FPO","FPN","ANA","NK","FPN_ANA_>0_0_0",NA,"NK","NK","NAO","27.3.D.30",NA,"NGI",NA,NA,NA,"SAL","15.7991","69661.9415791583",NA,"N"
"Sweden",2017,2,"VL0008","FPO","FPN","ANA","NK","FPN_ANA_>0_0_0",NA,"NK","NK","NAO","27.3.D.30",NA,"NGI",NA,NA,NA,"TRR","0.003","16.963043114",NA,"N"
"Sweden",2017,2,"VL0008","FPO","FPN","ANA","NK","FPN_ANA_>0_0_0",NA,"NK","NK","NAO","27.3.D.30",NA,"NGI",NA,NA,NA,"TRS","0.3596","1266.6587746361",NA,"N"
"Sweden",2017,2,"VL0008","FPO","FPN","ANA","NK","FPN_ANA_>0_0_0",NA,"NK","NK","NAO","27.3.D.30",NA,"NGI",NA,NA,NA,"WHF","2.9399","8260.9555724446",NA,"N"
"Sweden",2017,2,"VL0008","FPO","GNS","FWS","32D90","GNS_FWS_>0_0_0",NA,"NK","NK","NAO","27.3.D.30",NA,"NGI",NA,NA,NA,"FBU","0.001","2.0762826236",NA,"N"
"Sweden",2017,2,"VL0008","FPO","GNS","FWS","32D90","GNS_FWS_>0_0_0",NA,"NK","NK","NAO","27.3.D.30",NA,"NGI",NA,NA,NA,"FPE","0.262","698.6561966613",NA,"N"
"Sweden",2017,2,"VL0008","FPO","GNS","FWS","32D90","GNS_FWS_>0_0_0",NA,"NK","NK","NAO","27.3.D.30",NA,"NGI",NA,NA,NA,"FPP","0.0024","7.4746174449",NA,"N"
"Sweden",2017,2,"VL0008","FPO","GNS","FWS","32D90","GNS_FWS_>0_0_0",NA,"NK","NK","NAO","27.3.D.30",NA,"NGI",NA,NA,NA,"TRR","0.021","87.2038701908",NA,"N"
"Sweden",2017,2,"VL0008","FPO","GNS","FWS","32D90","GNS_FWS_>0_0_0",NA,"NK","NK","NAO","27.3.D.30",NA,"NGI",NA,NA,NA,"TRS","0.0473","170.7968140855",NA,"N"
"Sweden",2017,2,"VL0008","FPO","GNS","FWS","32D90","GNS_FWS_>0_0_0",NA,"NK","NK","NAO","27.3.D.30",NA,"NGI",NA,NA,NA,"WHF","0.757","2380.2971744275",NA,"N"
"Sweden",2017,2,"VL0008","FPO","GNS","SPF","32D90","GNS_SPF_32-89_0_0",NA,"NK","NK","NAO","27.3.D.30",NA,"NGI",NA,NA,NA,"HER","0.873","928.3265563192",NA,"N"
"Sweden",2017,2,"VL0008","NO","FPN","ANA","NK","FPN_ANA_>0_0_0",NA,"NK","NK","NAO","27.3.D.30",NA,"NGI",NA,NA,NA,"SAL","0.1114","445.4508005108",NA,"N"
"Sweden",2017,2,"VL0812","DFN","FYK","CAT","NK","FYK_CAT_>0_0_0",NA,"NK","NK","NAO","27.3.D.30",NA,"NGI",NA,NA,NA,"ELE","0.065","691.3117791666",NA,"N"
"Sweden",2017,2,"VL0812","DFN","GNS","DEF","110D157","GNS_DEF_110-156_0_0",NA,"NK","NK","NAO","27.3.D.30",NA,"NGI",NA,NA,NA,"COD","0.486","643.9350985404",NA,"N"
"Sweden",2017,2,"VL0812","DFN","GNS","FWS","32D90","GNS_FWS_>0_0_0",NA,"NK","NK","NAO","27.3.D.30",NA,"NGI",NA,NA,NA,"FPE","1.298","3508.3434652015",NA,"N"
"Sweden",2017,2,"VL0812","DFN","GNS","FWS","32D90","GNS_FWS_>0_0_0",NA,"NK","NK","NAO","27.3.D.30",NA,"NGI",NA,NA,NA,"HER","1.64","1681.6193164878",NA,"N"
"Sweden",2017,2,"VL0812","DFN","GNS","FWS","32D90","GNS_FWS_>0_0_0",NA,"NK","NK","NAO","27.3.D.30",NA,"NGI",NA,NA,NA,"TRS","0.0182","65.7188586986",NA,"N"
"Sweden",2017,2,"VL0812","DFN","GNS","FWS","32D90","GNS_FWS_>0_0_0",NA,"NK","NK","NAO","27.3.D.30",NA,"NGI",NA,NA,NA,"WHF","2.188","6438.4264900857",NA,"N"
"Sweden",2017,2,"VL0812","DFN","GNS","FWS","90D110","GNS_FWS_>0_0_0",NA,"NK","NK","NAO","27.3.D.30",NA,"NGI",NA,NA,NA,"FPE","0.006","18.6865436123",NA,"N"
"Sweden",2017,2,"VL0812","DFN","GNS","FWS","90D110","GNS_FWS_>0_0_0",NA,"NK","NK","NAO","27.3.D.30",NA,"NGI",NA,NA,NA,"WHF","0.025","90.8373647821",NA,"N"
"Sweden",2017,2,"VL0812","DFN","GNS","SPF","16D32","GNS_SPF_16-31_0_0",NA,"NK","NK","NAO","27.3.D.30",NA,"NGI",NA,NA,NA,"HER","2.525","2570.8279675269",NA,"N"
"Sweden",2017,2,"VL0812","DFN","GNS","SPF","32D90","GNS_SPF_32-89_0_0",NA,"NK","NK","NAO","27.3.D.30",NA,"NGI",NA,NA,NA,"HER","204.8981","204172.582611953",NA,"N"
"Sweden",2017,2,"VL0812","DFN","OTB","SPF","32D90","OTB_SPF_32-89_0_0",NA,"NK","NK","NAO","27.3.D.30",NA,"NGI",NA,NA,NA,"HER","31.95","38060.6223345722",NA,"N"
"Sweden",2017,2,"VL0812","FPO","FPN","ANA","NK","FPN_ANA_>0_0_0",NA,"NK","NK","NAO","27.3.D.30",NA,"NGI",NA,NA,NA,"HER","0.41","553.3293191869",NA,"N"
"Sweden",2017,2,"VL0812","FPO","FPN","ANA","NK","FPN_ANA_>0_0_0",NA,"NK","NK","NAO","27.3.D.30",NA,"NGI",NA,NA,NA,"SAL","0.285","1139.6182957872",NA,"N"
"Sweden",2017,2,"VL0812","FPO","FPN","ANA","NK","FPN_ANA_>0_0_0",NA,"NK","NK","NAO","27.3.D.30",NA,"NGI",NA,NA,NA,"WHF","0.252","696.7003702635",NA,"N"
"Sweden",2017,2,"VL0812","FPO","GNS","ANA","16D32","GNS_ANA_>0_0_0",NA,"NK","NK","NAO","27.3.D.30",NA,"NGI",NA,NA,NA,"SAL","0.2873","1148.8152151652",NA,"N"
"Sweden",2017,2,"VL0812","FPO","GNS","FWS","32D90","GNS_FWS_>0_0_0",NA,"NK","NK","NAO","27.3.D.30",NA,"NGI",NA,NA,NA,"FPE","0.01","31.1442393539",NA,"N"
"Sweden",2017,2,"VL0812","FPO","GNS","SPF","32D90","GNS_SPF_32-89_0_0",NA,"NK","NK","NAO","27.3.D.30",NA,"NGI",NA,NA,NA,"HER","2.7","2543.0591263003",NA,"N"
"Sweden",2017,2,"VL1218","DTS","GNS","SPF","16D32","GNS_SPF_>=157_0_0",NA,"NK","NK","NAO","27.3.D.30",NA,"NGI",NA,NA,NA,"HER","19.4","26181.923883479",NA,"N"
"Sweden",2017,2,"VL1218","DTS","GNS","SPF","32D90","GNS_SPF_32-89_0_0",NA,"NK","NK","NAO","27.3.D.30",NA,"NGI",NA,NA,NA,"HER","170.45","164694.39560451",NA,"N"
"Sweden",2017,2,"VL1218","DTS","PTB","SPF","32D90","PTB_SPF_32-89_0_0",NA,"NK","NK","NAO","27.3.D.30",NA,"NGI",NA,NA,NA,"HER","52.65","55614.5413189585",NA,"N"
"Sweden",2017,2,"VL1218","DTS","PTM","SPF","32D90","PTM_SPF_32-89_0_0",NA,"NK","NK","NAO","27.3.D.30",NA,"NGI",NA,NA,NA,"HER","3.28","3304.5816228225",NA,"N"
"Sweden",2017,2,"VL2440","DTS","OTB","SPF","16D32","OTB_SPF_16-31_0_0",NA,"NK","NK","NAO","27.3.D.30",NA,"NGI",NA,NA,NA,"HER","651","755666.269313581",NA,"N"
"Sweden",2017,2,"VL2440","DTS","OTB","SPF","16D32","OTB_SPF_16-31_0_0",NA,"NK","NK","NAO","27.3.D.30",NA,"NGI",NA,NA,NA,"SPR","1.23","264.8166922678",NA,"N"
"Sweden",2017,2,"VL2440","TM","OTM","SPF","16D32","OTM_SPF_16-31_0_0",NA,"NK","NK","NAO","27.3.D.30",NA,"NGI",NA,NA,NA,"GTA","6","1363.7436794842",NA,"N"
"Sweden",2017,2,"VL2440","TM","OTM","SPF","16D32","OTM_SPF_16-31_0_0",NA,"NK","NK","NAO","27.3.D.30",NA,"NGI",NA,NA,NA,"HER","545.07","118830.533812263",NA,"N"
"Sweden",2017,2,"VL2440","TM","OTM","SPF","16D32","OTM_SPF_16-31_0_0",NA,"NK","NK","NAO","27.3.D.30",NA,"NGI",NA,NA,NA,"OTH","1.35","0",NA,"N"
"Sweden",2017,2,"VL2440","TM","OTM","SPF","16D32","OTM_SPF_16-31_0_0",NA,"NK","NK","NAO","27.3.D.30",NA,"NGI",NA,NA,NA,"SPR","0.13","28.341257812",NA,"N"
"Sweden",2017,2,"VL40XX","TM","OTM","SPF","16D32","OTM_SPF_16-31_0_0",NA,"NK","NK","NAO","27.3.D.30",NA,"NGI",NA,NA,NA,"FRF","0.06","0",NA,"N"
"Sweden",2017,2,"VL40XX","TM","OTM","SPF","16D32","OTM_SPF_16-31_0_0",NA,"NK","NK","NAO","27.3.D.30",NA,"NGI",NA,NA,NA,"GTA","0.3","68.1871839794",NA,"N"
"Sweden",2017,2,"VL40XX","TM","OTM","SPF","16D32","OTM_SPF_16-31_0_0",NA,"NK","NK","NAO","27.3.D.30",NA,"NGI",NA,NA,NA,"HER","1268.2","276479.870439964",NA,"N"
"Sweden",2017,2,"VL40XX","TM","OTM","SPF","16D32","OTM_SPF_16-31_0_0",NA,"NK","NK","NAO","27.3.D.30",NA,"NGI",NA,NA,NA,"OTH","2.2","0",NA,"N"
"Sweden",2017,2,"VL40XX","TM","OTM","SPF","16D32","OTM_SPF_16-31_0_0",NA,"NK","NK","NAO","27.3.D.30",NA,"NGI",NA,NA,NA,"SAN","2.4","368.7477939497",NA,"N"
"Sweden",2017,2,"VL40XX","TM","OTM","SPF","16D32","OTM_SPF_16-31_0_0",NA,"NK","NK","NAO","27.3.D.30",NA,"NGI",NA,NA,NA,"SPR","11.95","2605.2156219505",NA,"N"
"Sweden",2017,3,"VL0008","DFN","FPN","ANA","NK","FPN_ANA_>0_0_0",NA,"NK","NK","NAO","27.3.D.30",NA,"NGI",NA,NA,NA,"SAL","4.9405","20073.6740560347",NA,"N"
"Sweden",2017,3,"VL0008","DFN","FPN","ANA","NK","FPN_ANA_>0_0_0",NA,"NK","NK","NAO","27.3.D.30",NA,"NGI",NA,NA,NA,"TRR","0.0216","106.6205287773",NA,"N"
"Sweden",2017,3,"VL0008","DFN","FPN","ANA","NK","FPN_ANA_>0_0_0",NA,"NK","NK","NAO","27.3.D.30",NA,"NGI",NA,NA,NA,"TRS","1.1203","4984.8610736271",NA,"N"
"Sweden",2017,3,"VL0008","DFN","FPN","ANA","NK","FPN_ANA_>0_0_0",NA,"NK","NK","NAO","27.3.D.30",NA,"NGI",NA,NA,NA,"WHF","2.7175","7627.6067243382",NA,"N"
"Sweden",2017,3,"VL0008","DFN","FYK","ANA","NK","FYK_ANA_>0_0_0",NA,"NK","NK","NAO","27.3.D.30",NA,"NGI",NA,NA,NA,"FPE","0.17","254.4954385317",NA,"N"
"Sweden",2017,3,"VL0008","DFN","FYK","ANA","NK","FYK_ANA_>0_0_0",NA,"NK","NK","NAO","27.3.D.30",NA,"NGI",NA,NA,NA,"FRO","0.09","0",NA,"N"
"Sweden",2017,3,"VL0008","DFN","FYK","ANA","NK","FYK_ANA_>0_0_0",NA,"NK","NK","NAO","27.3.D.30",NA,"NGI",NA,NA,NA,"WHF","0.031","84.534359852",NA,"N"
"Sweden",2017,3,"VL0008","DFN","FYK","CAT","NK","FYK_CAT_>0_0_0",NA,"NK","NK","NAO","27.3.D.30",NA,"NGI",NA,NA,NA,"ELE","0.172","1829.3173232564",NA,"N"
"Sweden",2017,3,"VL0008","DFN","FYK","FWS","NK","FYK_FWS_>0_0_0",NA,"NK","NK","NAO","27.3.D.30",NA,"NGI",NA,NA,NA,"FPE","0.007","10.7196712165",NA,"N"
"Sweden",2017,3,"VL0008","DFN","FYK","FWS","NK","FYK_FWS_>0_0_0",NA,"NK","NK","NAO","27.3.D.30",NA,"NGI",NA,NA,NA,"FPI","0.012","17.4544686689",NA,"N"
"Sweden",2017,3,"VL0008","DFN","FYK","FWS","NK","FYK_FWS_>0_0_0",NA,"NK","NK","NAO","27.3.D.30",NA,"NGI",NA,NA,NA,"FRO","0.03","0",NA,"N"
"Sweden",2017,3,"VL0008","DFN","GNS","ANA","16D32","GNS_ANA_>0_0_0",NA,"NK","NK","NAO","27.3.D.30",NA,"NGI",NA,NA,NA,"FPE","0.003","4.2996178083",NA,"N"
"Sweden",2017,3,"VL0008","DFN","GNS","ANA","16D32","GNS_ANA_>0_0_0",NA,"NK","NK","NAO","27.3.D.30",NA,"NGI",NA,NA,NA,"TRS","0.002","8.9178384424",NA,"N"
"Sweden",2017,3,"VL0008","DFN","GNS","ANA","16D32","GNS_ANA_>0_0_0",NA,"NK","NK","NAO","27.3.D.30",NA,"NGI",NA,NA,NA,"WHF","0.034","119.0850801964",NA,"N"
"Sweden",2017,3,"VL0008","DFN","GNS","FWS","110D157","GNS_FWS_>0_0_0",NA,"NK","NK","NAO","27.3.D.30",NA,"NGI",NA,NA,NA,"FPE","0.001","3.0036501474",NA,"N"
"Sweden",2017,3,"VL0008","DFN","GNS","FWS","110D157","GNS_FWS_>0_0_0",NA,"NK","NK","NAO","27.3.D.30",NA,"NGI",NA,NA,NA,"FPI","0.03","59.3271783319",NA,"N"
"Sweden",2017,3,"VL0008","DFN","GNS","FWS","32D90","GNS_FWS_>0_0_0",NA,"NK","NK","NAO","27.3.D.30",NA,"NGI",NA,NA,NA,"FBM","0.063","26.1611610572",NA,"N"
"Sweden",2017,3,"VL0008","DFN","GNS","FWS","32D90","GNS_FWS_>0_0_0",NA,"NK","NK","NAO","27.3.D.30",NA,"NGI",NA,NA,NA,"FPE","10.0611","31371.6091551097",NA,"N"
"Sweden",2017,3,"VL0008","DFN","GNS","FWS","32D90","GNS_FWS_>0_0_0",NA,"NK","NK","NAO","27.3.D.30",NA,"NGI",NA,NA,NA,"FPI","0.191","410.6353344372",NA,"N"
"Sweden",2017,3,"VL0008","DFN","GNS","FWS","32D90","GNS_FWS_>0_0_0",NA,"NK","NK","NAO","27.3.D.30",NA,"NGI",NA,NA,NA,"FPP","0.1415","440.6909868571",NA,"N"
"Sweden",2017,3,"VL0008","DFN","GNS","FWS","32D90","GNS_FWS_>0_0_0",NA,"NK","NK","NAO","27.3.D.30",NA,"NGI",NA,NA,NA,"FRO","1.752","0",NA,"N"
"Sweden",2017,3,"VL0008","DFN","GNS","FWS","32D90","GNS_FWS_>0_0_0",NA,"NK","NK","NAO","27.3.D.30",NA,"NGI",NA,NA,NA,"HER","0.01","9.9349007257",NA,"N"
"Sweden",2017,3,"VL0008","DFN","GNS","FWS","32D90","GNS_FWS_>0_0_0",NA,"NK","NK","NAO","27.3.D.30",NA,"NGI",NA,NA,NA,"TRS","0.6778","2447.4858473714",NA,"N"
"Sweden",2017,3,"VL0008","DFN","GNS","FWS","32D90","GNS_FWS_>0_0_0",NA,"NK","NK","NAO","27.3.D.30",NA,"NGI",NA,NA,NA,"WHF","5.7622","18501.5739676775",NA,"N"
"Sweden",2017,3,"VL0008","DFN","GNS","FWS","90D110","GNS_FWS_>0_0_0",NA,"NK","NK","NAO","27.3.D.30",NA,"NGI",NA,NA,NA,"FPE","0.514","1621.3333938916",NA,"N"
"Sweden",2017,3,"VL0008","DFN","GNS","FWS","90D110","GNS_FWS_>0_0_0",NA,"NK","NK","NAO","27.3.D.30",NA,"NGI",NA,NA,NA,"FPI","0.084","202.5675822634",NA,"N"
"Sweden",2017,3,"VL0008","DFN","GNS","FWS","90D110","GNS_FWS_>0_0_0",NA,"NK","NK","NAO","27.3.D.30",NA,"NGI",NA,NA,NA,"TRS","0.162","584.9700609389",NA,"N"
"Sweden",2017,3,"VL0008","DFN","GNS","FWS","90D110","GNS_FWS_>0_0_0",NA,"NK","NK","NAO","27.3.D.30",NA,"NGI",NA,NA,NA,"WHF","1.15","3644.8634756348",NA,"N"
"Sweden",2017,3,"VL0008","DFN","GNS","SPF","16D32","GNS_SPF_16-31_0_0",NA,"NK","NK","NAO","27.3.D.30",NA,"NGI",NA,NA,NA,"HER","11.49","10992.8002109503",NA,"N"
"Sweden",2017,3,"VL0008","DFN","GNS","SPF","32D90","GNS_SPF_32-89_0_0",NA,"NK","NK","NAO","27.3.D.30",NA,"NGI",NA,NA,NA,"HER","18.493","16269.8957553059",NA,"N"
"Sweden",2017,3,"VL0008","FPO","FPN","ANA","NK","FPN_ANA_>0_0_0",NA,"NK","NK","NAO","27.3.D.30",NA,"NGI",NA,NA,NA,"HER","0.87","1174.1378236406",NA,"N"
"Sweden",2017,3,"VL0008","FPO","FPN","ANA","NK","FPN_ANA_>0_0_0",NA,"NK","NK","NAO","27.3.D.30",NA,"NGI",NA,NA,NA,"SAL","10.3292","47001.5867820557",NA,"N"
"Sweden",2017,3,"VL0008","FPO","FPN","ANA","NK","FPN_ANA_>0_0_0",NA,"NK","NK","NAO","27.3.D.30",NA,"NGI",NA,NA,NA,"TRR","0.0026","14.7013040301",NA,"N"
"Sweden",2017,3,"VL0008","FPO","FPN","ANA","NK","FPN_ANA_>0_0_0",NA,"NK","NK","NAO","27.3.D.30",NA,"NGI",NA,NA,NA,"TRS","1.042","4565.975837398",NA,"N"
"Sweden",2017,3,"VL0008","FPO","FPN","ANA","NK","FPN_ANA_>0_0_0",NA,"NK","NK","NAO","27.3.D.30",NA,"NGI",NA,NA,NA,"WHF","1.6192","4944.8850537238",NA,"N"
"Sweden",2017,3,"VL0008","FPO","GNS","FWS","32D90","GNS_FWS_>0_0_0",NA,"NK","NK","NAO","27.3.D.30",NA,"NGI",NA,NA,NA,"FPE","3.0544","9544.0508567832",NA,"N"
"Sweden",2017,3,"VL0008","FPO","GNS","FWS","32D90","GNS_FWS_>0_0_0",NA,"NK","NK","NAO","27.3.D.30",NA,"NGI",NA,NA,NA,"FPI","0.047","100.1824850362",NA,"N"
"Sweden",2017,3,"VL0008","FPO","GNS","FWS","32D90","GNS_FWS_>0_0_0",NA,"NK","NK","NAO","27.3.D.30",NA,"NGI",NA,NA,NA,"FPP","0.0044","13.7034653157",NA,"N"
"Sweden",2017,3,"VL0008","FPO","GNS","FWS","32D90","GNS_FWS_>0_0_0",NA,"NK","NK","NAO","27.3.D.30",NA,"NGI",NA,NA,NA,"TRS","0.0286","103.272492244",NA,"N"
"Sweden",2017,3,"VL0008","FPO","GNS","FWS","32D90","GNS_FWS_>0_0_0",NA,"NK","NK","NAO","27.3.D.30",NA,"NGI",NA,NA,NA,"TUR","5e-04","3.9546731194",NA,"N"
"Sweden",2017,3,"VL0008","FPO","GNS","FWS","32D90","GNS_FWS_>0_0_0",NA,"NK","NK","NAO","27.3.D.30",NA,"NGI",NA,NA,NA,"WHF","0.9216","2832.9080822384",NA,"N"
"Sweden",2017,3,"VL0008","FPO","GNS","FWS","90D110","GNS_FWS_>0_0_0",NA,"NK","NK","NAO","27.3.D.30",NA,"NGI",NA,NA,NA,"FPE","0.1","299.9504208625",NA,"N"
"Sweden",2017,3,"VL0008","FPO","GNS","SPF","32D90","GNS_SPF_32-89_0_0",NA,"NK","NK","NAO","27.3.D.30",NA,"NGI",NA,NA,NA,"HER","0.32","332.2052197745",NA,"N"
"Sweden",2017,3,"VL0008","NO","FPN","ANA","NK","FPN_ANA_>0_0_0",NA,"NK","NK","NAO","27.3.D.30",NA,"NGI",NA,NA,NA,"SAL","0.229","925.220820931",NA,"N"
"Sweden",2017,3,"VL0008","NO","FPN","ANA","NK","FPN_ANA_>0_0_0",NA,"NK","NK","NAO","27.3.D.30",NA,"NGI",NA,NA,NA,"TRS","0.041","179.6237704773",NA,"N"
"Sweden",2017,3,"VL0008","NO","FPN","ANA","NK","FPN_ANA_>0_0_0",NA,"NK","NK","NAO","27.3.D.30",NA,"NGI",NA,NA,NA,"WHF","0.06","169.0681602226",NA,"N"
"Sweden",2017,3,"VL0008","NO","GNS","FWS","32D90","GNS_FWS_>0_0_0",NA,"NK","NK","NAO","27.3.D.30",NA,"NGI",NA,NA,NA,"FPE","0.252","756.6005999211",NA,"N"
"Sweden",2017,3,"VL0008","NO","GNS","FWS","32D90","GNS_FWS_>0_0_0",NA,"NK","NK","NAO","27.3.D.30",NA,"NGI",NA,NA,NA,"WHF","0.047","142.9780458858",NA,"N"
"Sweden",2017,3,"VL0812","DFN","FYK","CAT","NK","FYK_CAT_>0_0_0",NA,"NK","NK","NAO","27.3.D.30",NA,"NGI",NA,NA,NA,"ELE","0.174","1846.7761642755",NA,"N"
"Sweden",2017,3,"VL0812","DFN","GNS","FWS","32D90","GNS_FWS_>0_0_0",NA,"NK","NK","NAO","27.3.D.30",NA,"NGI",NA,NA,NA,"FPE","1.813","5668.7940488134",NA,"N"
"Sweden",2017,3,"VL0812","DFN","GNS","FWS","32D90","GNS_FWS_>0_0_0",NA,"NK","NK","NAO","27.3.D.30",NA,"NGI",NA,NA,NA,"TRS","0.012","43.3311156271",NA,"N"
"Sweden",2017,3,"VL0812","DFN","GNS","FWS","32D90","GNS_FWS_>0_0_0",NA,"NK","NK","NAO","27.3.D.30",NA,"NGI",NA,NA,NA,"WHF","2.822","9138.5690948446",NA,"N"
"Sweden",2017,3,"VL0812","DFN","GNS","FWS","90D110","GNS_FWS_>0_0_0",NA,"NK","NK","NAO","27.3.D.30",NA,"NGI",NA,NA,NA,"FBM","0.021","8.7203870191",NA,"N"
"Sweden",2017,3,"VL0812","DFN","GNS","FWS","90D110","GNS_FWS_>0_0_0",NA,"NK","NK","NAO","27.3.D.30",NA,"NGI",NA,NA,NA,"FPE","0.021","65.4029026431",NA,"N"
"Sweden",2017,3,"VL0812","DFN","GNS","FWS","90D110","GNS_FWS_>0_0_0",NA,"NK","NK","NAO","27.3.D.30",NA,"NGI",NA,NA,NA,"WHF","0.035","127.1723106949",NA,"N"
"Sweden",2017,3,"VL0812","DFN","GNS","SPF","16D32","GNS_SPF_16-31_0_0",NA,"NK","NK","NAO","27.3.D.30",NA,"NGI",NA,NA,NA,"HER","1.795","1656.9516732762",NA,"N"
"Sweden",2017,3,"VL0812","DFN","GNS","SPF","32D90","GNS_SPF_32-89_0_0",NA,"NK","NK","NAO","27.3.D.30",NA,"NGI",NA,NA,NA,"HER","54.843","53195.6891903526",NA,"N"
"Sweden",2017,3,"VL0812","DTS","OTM","SPF","32D90","OTM_SPF_32-89_0_0",NA,"NK","NK","NAO","27.3.D.30",NA,"NGI",NA,NA,NA,"HER","1.5","1245.7695741544",NA,"N"
"Sweden",2017,3,"VL0812","FPO","FPN","ANA","NK","FPN_ANA_>0_0_0",NA,"NK","NK","NAO","27.3.D.30",NA,"NGI",NA,NA,NA,"FPE","0.002","3.0484448384",NA,"N"
"Sweden",2017,3,"VL0812","FPO","FPN","ANA","NK","FPN_ANA_>0_0_0",NA,"NK","NK","NAO","27.3.D.30",NA,"NGI",NA,NA,NA,"SAL","0.141","573.8903216266",NA,"N"
"Sweden",2017,3,"VL0812","FPO","FPN","ANA","NK","FPN_ANA_>0_0_0",NA,"NK","NK","NAO","27.3.D.30",NA,"NGI",NA,NA,NA,"TRS","0.1","443.2039915391",NA,"N"
"Sweden",2017,3,"VL0812","FPO","FPN","ANA","NK","FPN_ANA_>0_0_0",NA,"NK","NK","NAO","27.3.D.30",NA,"NGI",NA,NA,NA,"WHF","0.153","445.8336259992",NA,"N"
"Sweden",2017,3,"VL0812","FPO","GNS","ANA","16D32","GNS_ANA_>0_0_0",NA,"NK","NK","NAO","27.3.D.30",NA,"NGI",NA,NA,NA,"SAL","0.2198","894.6176786018",NA,"N"
"Sweden",2017,3,"VL0812","FPO","GNS","FWS","32D90","GNS_FWS_>0_0_0",NA,"NK","NK","NAO","27.3.D.30",NA,"NGI",NA,NA,NA,"FPE","0.03","89.9851262795",NA,"N"
"Sweden",2017,3,"VL0812","FPO","GNS","FWS","32D90","GNS_FWS_>0_0_0",NA,"NK","NK","NAO","27.3.D.30",NA,"NGI",NA,NA,NA,"FVE","0.04","253.3064800781",NA,"N"
"Sweden",2017,3,"VL0812","FPO","GNS","FWS","32D90","GNS_FWS_>0_0_0",NA,"NK","NK","NAO","27.3.D.30",NA,"NGI",NA,NA,NA,"WHF","0.032","100.2898259452",NA,"N"
"Sweden",2017,3,"VL0812","FPO","GNS","FWS","90D110","GNS_FWS_>0_0_0",NA,"NK","NK","NAO","27.3.D.30",NA,"NGI",NA,NA,NA,"FPE","0.09","281.4407887798",NA,"N"
"Sweden",2017,3,"VL0812","FPO","GNS","FWS","90D110","GNS_FWS_>0_0_0",NA,"NK","NK","NAO","27.3.D.30",NA,"NGI",NA,NA,NA,"FPI","0.004","10.1369280786",NA,"N"
"Sweden",2017,3,"VL0812","FPO","GNS","FWS","90D110","GNS_FWS_>0_0_0",NA,"NK","NK","NAO","27.3.D.30",NA,"NGI",NA,NA,NA,"TRS","0.004","14.4437052094",NA,"N"
"Sweden",2017,3,"VL0812","FPO","GNS","FWS","90D110","GNS_FWS_>0_0_0",NA,"NK","NK","NAO","27.3.D.30",NA,"NGI",NA,NA,NA,"WHF","0.012","36.8155405155",NA,"N"
"Sweden",2017,3,"VL0812","FPO","GNS","SPF","32D90","GNS_SPF_32-89_0_0",NA,"NK","NK","NAO","27.3.D.30",NA,"NGI",NA,NA,NA,"HER","1.22","1244.2067807861",NA,"N"
"Sweden",2017,3,"VL0812","FPO","GNS","SPF","32D90","GNS_SPF_32-89_0_0",NA,"NK","NK","NAO","27.3.D.30",NA,"NGI",NA,NA,NA,"SAL","0.026","81.9390106825",NA,"N"
"Sweden",2017,3,"VL0812","FPO","GNS","SPF","32D90","GNS_SPF_32-89_0_0",NA,"NK","NK","NAO","27.3.D.30",NA,"NGI",NA,NA,NA,"WHF","0.045","149.9554401719",NA,"N"
"Sweden",2017,3,"VL1218","DFN","GNS","DEF","110D157","GNS_DEF_110-156_0_0",NA,"NK","NK","NAO","27.3.D.30",NA,"NGI",NA,NA,NA,"COD","0.0047","7.4407661026",NA,"N"
"Sweden",2017,3,"VL2440","DTS","OTB","SPF","16D32","OTB_SPF_16-31_0_0",NA,"NK","NK","NAO","27.3.D.30",NA,"NGI",NA,NA,NA,"HER","67","78836.036100326",NA,"N"
"Sweden",2017,3,"VL2440","DTS","OTB","SPF","16D32","OTB_SPF_16-31_0_0",NA,"NK","NK","NAO","27.3.D.30",NA,"NGI",NA,NA,NA,"SPR","0.1","21.5305673058",NA,"N"
"Sweden",2017,4,"VL0008","DFN","FPO","FWS",NA,"FPO_FWS_>0_0_0",NA,"NK","NK","NAO","27.3.D.30",NA,"NGI",NA,NA,NA,"FRO","0.048","0",NA,"N"
"Sweden",2017,4,"VL0008","DFN","GNS","FWS","110D157","GNS_FWS_>0_0_0",NA,"NK","NK","NAO","27.3.D.30",NA,"NGI",NA,NA,NA,"FBM","0.003","1.2457695742",NA,"N"
"Sweden",2017,4,"VL0008","DFN","GNS","FWS","110D157","GNS_FWS_>0_0_0",NA,"NK","NK","NAO","27.3.D.30",NA,"NGI",NA,NA,NA,"FBU","0.004","8.3051304944",NA,"N"
"Sweden",2017,4,"VL0008","DFN","GNS","FWS","110D157","GNS_FWS_>0_0_0",NA,"NK","NK","NAO","27.3.D.30",NA,"NGI",NA,NA,NA,"FPE","0.003","9.350611376",NA,"N"
"Sweden",2017,4,"VL0008","DFN","GNS","FWS","110D157","GNS_FWS_>0_0_0",NA,"NK","NK","NAO","27.3.D.30",NA,"NGI",NA,NA,NA,"FPI","0.026","58.375377437",NA,"N"
"Sweden",2017,4,"VL0008","DFN","GNS","FWS","32D90","GNS_FWS_>0_0_0",NA,"NK","NK","NAO","27.3.D.30",NA,"NGI",NA,NA,NA,"FBU","0.002","4.1525652472",NA,"N"
"Sweden",2017,4,"VL0008","DFN","GNS","FWS","32D90","GNS_FWS_>0_0_0",NA,"NK","NK","NAO","27.3.D.30",NA,"NGI",NA,NA,NA,"FPE","0.5412","1686.2288752569",NA,"N"
"Sweden",2017,4,"VL0008","DFN","GNS","FWS","32D90","GNS_FWS_>0_0_0",NA,"NK","NK","NAO","27.3.D.30",NA,"NGI",NA,NA,NA,"FPI","0.069","148.1623028539",NA,"N"
"Sweden",2017,4,"VL0008","DFN","GNS","FWS","32D90","GNS_FWS_>0_0_0",NA,"NK","NK","NAO","27.3.D.30",NA,"NGI",NA,NA,NA,"FRO","0.28","0",NA,"N"
"Sweden",2017,4,"VL0008","DFN","GNS","FWS","32D90","GNS_FWS_>0_0_0",NA,"NK","NK","NAO","27.3.D.30",NA,"NGI",NA,NA,NA,"FVE","0.431","2729.3773228412",NA,"N"
"Sweden",2017,4,"VL0008","DFN","GNS","FWS","32D90","GNS_FWS_>0_0_0",NA,"NK","NK","NAO","27.3.D.30",NA,"NGI",NA,NA,NA,"HER","0.018","18.6865436123",NA,"N"
"Sweden",2017,4,"VL0008","DFN","GNS","FWS","32D90","GNS_FWS_>0_0_0",NA,"NK","NK","NAO","27.3.D.30",NA,"NGI",NA,NA,NA,"OTH","0.072","0",NA,"N"
"Sweden",2017,4,"VL0008","DFN","GNS","FWS","32D90","GNS_FWS_>0_0_0",NA,"NK","NK","NAO","27.3.D.30",NA,"NGI",NA,NA,NA,"TRS","0.7059","2548.952876184",NA,"N"
"Sweden",2017,4,"VL0008","DFN","GNS","FWS","32D90","GNS_FWS_>0_0_0",NA,"NK","NK","NAO","27.3.D.30",NA,"NGI",NA,NA,NA,"WHF","1.4603","4276.4002294624",NA,"N"
"Sweden",2017,4,"VL0008","DFN","GNS","FWS","90D110","GNS_FWS_>0_0_0",NA,"NK","NK","NAO","27.3.D.30",NA,"NGI",NA,NA,NA,"FPE","0.027","84.1555023773",NA,"N"
"Sweden",2017,4,"VL0008","DFN","GNS","FWS","90D110","GNS_FWS_>0_0_0",NA,"NK","NK","NAO","27.3.D.30",NA,"NGI",NA,NA,NA,"TRS","0.02","72.2185260366",NA,"N"
"Sweden",2017,4,"VL0008","DFN","GNS","FWS","90D110","GNS_FWS_>0_0_0",NA,"NK","NK","NAO","27.3.D.30",NA,"NGI",NA,NA,NA,"WHF","0.303","866.2365579387",NA,"N"
"Sweden",2017,4,"VL0008","DFN","GNS","SPF","16D32","GNS_SPF_16-31_0_0",NA,"NK","NK","NAO","27.3.D.30",NA,"NGI",NA,NA,NA,"HER","7.55","7837.966904055",NA,"N"
"Sweden",2017,4,"VL0008","DFN","GNS","SPF","32D90","GNS_SPF_32-89_0_0",NA,"NK","NK","NAO","27.3.D.30",NA,"NGI",NA,NA,NA,"HER","2.135","2216.4317006831",NA,"N"
"Sweden",2017,4,"VL0008","FPO","FPN","ANA","NK","FPN_ANA_>0_0_0",NA,"NK","NK","NAO","27.3.D.30",NA,"NGI",NA,NA,NA,"TRS","0.012","47.6993455972",NA,"N"
"Sweden",2017,4,"VL0008","FPO","FPN","ANA","NK","FPN_ANA_>0_0_0",NA,"NK","NK","NAO","27.3.D.30",NA,"NGI",NA,NA,NA,"WHF","0.112","884.6094680045",NA,"N"
"Sweden",2017,4,"VL0008","FPO","GNS","ANA","90D110","GNS_ANA_90-109_0_0",NA,"NK","NK","NAO","27.3.D.30",NA,"NGI",NA,NA,NA,"TRS","0.0136","49.1085977099",NA,"N"
"Sweden",2017,4,"VL0008","FPO","GNS","FWS","32D90","GNS_FWS_>0_0_0",NA,"NK","NK","NAO","27.3.D.30",NA,"NGI",NA,NA,NA,"FPE","0.1106","344.6610398293",NA,"N"
"Sweden",2017,4,"VL0008","FPO","GNS","FWS","32D90","GNS_FWS_>0_0_0",NA,"NK","NK","NAO","27.3.D.30",NA,"NGI",NA,NA,NA,"FPP","0.003","9.3432718062",NA,"N"
"Sweden",2017,4,"VL0008","FPO","GNS","FWS","32D90","GNS_FWS_>0_0_0",NA,"NK","NK","NAO","27.3.D.30",NA,"NGI",NA,NA,NA,"TRS","0.0976","352.426407077",NA,"N"
"Sweden",2017,4,"VL0008","FPO","GNS","FWS","32D90","GNS_FWS_>0_0_0",NA,"NK","NK","NAO","27.3.D.30",NA,"NGI",NA,NA,NA,"WHF","0.6811","2023.5199673089",NA,"N"
"Sweden",2017,4,"VL0812","DFN","GNS","DEF","110D157","GNS_DEF_110-156_0_0",NA,"NK","NK","NAO","27.3.D.30",NA,"NGI",NA,NA,NA,"COD","0.22","373.2528816518",NA,"N"
"Sweden",2017,4,"VL0812","DFN","GNS","FWS","32D90","GNS_FWS_>0_0_0",NA,"NK","NK","NAO","27.3.D.30",NA,"NGI",NA,NA,NA,"FPE","0.034","105.956469925",NA,"N"
"Sweden",2017,4,"VL0812","DFN","GNS","FWS","32D90","GNS_FWS_>0_0_0",NA,"NK","NK","NAO","27.3.D.30",NA,"NGI",NA,NA,NA,"OTH","0.004","0",NA,"N"
"Sweden",2017,4,"VL0812","DFN","GNS","FWS","32D90","GNS_FWS_>0_0_0",NA,"NK","NK","NAO","27.3.D.30",NA,"NGI",NA,NA,NA,"TRS","0.029","104.7168627577",NA,"N"
"Sweden",2017,4,"VL0812","DFN","GNS","FWS","32D90","GNS_FWS_>0_0_0",NA,"NK","NK","NAO","27.3.D.30",NA,"NGI",NA,NA,NA,"WHF","0.108","311.3879168553",NA,"N"
"Sweden",2017,4,"VL0812","DFN","GNS","SPF","16D32","GNS_SPF_16-31_0_0",NA,"NK","NK","NAO","27.3.D.30",NA,"NGI",NA,NA,NA,"HER","0.709","736.0421900629",NA,"N"
"Sweden",2017,4,"VL0812","DFN","GNS","SPF","32D90","GNS_SPF_32-89_0_0",NA,"NK","NK","NAO","27.3.D.30",NA,"NGI",NA,NA,NA,"HER","15.4565","16046.031185765",NA,"N"
"Sweden",2017,4,"VL0812","DFN","OTB","SPF","32D90","OTB_SPF_32-89_0_0",NA,"NK","NK","NAO","27.3.D.30",NA,"NGI",NA,NA,NA,"HER","16.3","22868.2518621141",NA,"N"
"Sweden",2017,4,"VL0812","FPO","GNS","FWS","32D90","GNS_FWS_>0_0_0",NA,"NK","NK","NAO","27.3.D.30",NA,"NGI",NA,NA,NA,"FVE","0.38","2406.4115607417",NA,"N"
"Sweden",2017,4,"VL0812","FPO","GNS","SPF","32D90","GNS_SPF_32-89_0_0",NA,"NK","NK","NAO","27.3.D.30",NA,"NGI",NA,NA,NA,"HER","0.28","290.6795673027",NA,"N"
"Sweden",2017,4,"VL0812","MGP","OTB","SPF","32D90","OTB_SPF_32-89_0_0",NA,"NK","NK","NAO","27.3.D.30",NA,"NGI",NA,NA,NA,"HER","0.532","730.7618816311",NA,"N"
"Sweden",2017,4,"VL0812","MGP","OTM","SPF","32D90","OTM_SPF_32-89_0_0",NA,"NK","NK","NAO","27.3.D.30",NA,"NGI",NA,NA,NA,"HER","1.034","229.3786799514",NA,"N"
"Sweden",2017,4,"VL1218","DTS","OTM","SPF","16D32","OTM_SPF_16-31_0_0",NA,"NK","NK","NAO","27.3.D.30",NA,"NGI",NA,NA,NA,"GTA","0.05","11.3645306667",NA,"N"
"Sweden",2017,4,"VL1218","DTS","OTM","SPF","16D32","OTM_SPF_16-31_0_0",NA,"NK","NK","NAO","27.3.D.30",NA,"NGI",NA,NA,NA,"HER","288","63888.8392905342",NA,"N"
"Sweden",2017,4,"VL1218","DTS","OTM","SPF","16D32","OTM_SPF_16-31_0_0",NA,"NK","NK","NAO","27.3.D.30",NA,"NGI",NA,NA,NA,"SPR","0.55","119.9053215124",NA,"N"
"Sweden",2017,4,"VL1218","DTS","PTB","FWS","16D32","PTB_FWS_>0_0_0",NA,"NK","NK","NAO","27.3.D.30",NA,"NGI",NA,NA,NA,"FVE","1","6332.6620019517",NA,"N"
"Sweden",2017,4,"VL1218","DTS","PTB","FWS","16D32","PTB_FWS_>0_0_0",NA,"NK","NK","NAO","27.3.D.30",NA,"NGI",NA,NA,NA,"HER","0.4","555.3872601374",NA,"N"
"Sweden",2017,4,"VL2440","DTS","OTM","SPF","16D32","OTM_SPF_16-31_0_0",NA,"NK","NK","NAO","27.3.D.30",NA,"NGI",NA,NA,NA,"HER","485.9","107790.232668231",NA,"N"
"Sweden",2017,4,"VL2440","DTS","OTM","SPF","16D32","OTM_SPF_16-31_0_0",NA,"NK","NK","NAO","27.3.D.30",NA,"NGI",NA,NA,NA,"OTH","0.9","0",NA,"N"
"Sweden",2017,4,"VL2440","DTS","OTM","SPF","16D32","OTM_SPF_16-31_0_0",NA,"NK","NK","NAO","27.3.D.30",NA,"NGI",NA,NA,NA,"SPR","1","218.009675477",NA,"N"
"Sweden",2017,4,"VL40XX","TM","OTM","SPF","16D32","OTM_SPF_16-31_0_0",NA,"NK","NK","NAO","27.3.D.30",NA,"NGI",NA,NA,NA,"FRF","0.05","0",NA,"N"
"Sweden",2017,4,"VL40XX","TM","OTM","SPF","16D32","OTM_SPF_16-31_0_0",NA,"NK","NK","NAO","27.3.D.30",NA,"NGI",NA,NA,NA,"GTA","4","909.1624530656",NA,"N"
"Sweden",2017,4,"VL40XX","TM","OTM","SPF","16D32","OTM_SPF_16-31_0_0",NA,"NK","NK","NAO","27.3.D.30",NA,"NGI",NA,NA,NA,"HER","648.5","143860.806543405",NA,"N"
"Sweden",2017,4,"VL40XX","TM","OTM","SPF","16D32","OTM_SPF_16-31_0_0",NA,"NK","NK","NAO","27.3.D.30",NA,"NGI",NA,NA,NA,"SPR","1.5","327.0145132155",NA,"N"
"Sweden",2018,1,"VL0008","DFN","FPO","FWS",NA,"FPO_FWS_>0_0_0",NA,"NK","NK","NAO","27.3.D.30",NA,"NGI",NA,NA,NA,"FRO","0.096","0",NA,"N"
"Sweden",2018,1,"VL0008","DFN","GNS","FWS","90D110","GNS_FWS_>0_0_0",NA,"NK","NK","NAO","27.3.D.30",NA,"NGI",NA,NA,NA,"FBU","0.002","4.8748622851",NA,"N"
"Sweden",2018,1,"VL0008","DFN","GNS","SPF","32D90","GNS_SPF_32-89_0_0",NA,"NK","NK","NAO","27.3.D.30",NA,"NGI",NA,NA,NA,"FRO","0.015","0",NA,"N"
"Sweden",2018,1,"VL0008","FPO","GNS","ANA","90D110","GNS_ANA_90-109_0_0",NA,"NK","NK","NAO","27.3.D.30",NA,"NGI",NA,NA,NA,"TRS","0.0036","26.3442644702",NA,"N"
"Sweden",2018,1,"VL0008","FPO","GNS","FWS","32D90","GNS_FWS_>0_0_0",NA,"NK","NK","NAO","27.3.D.30",NA,"NGI",NA,NA,NA,"WHF","0.017","41.7966453317",NA,"N"
"Sweden",2018,1,"VL0008","NO","GNS","FWS","32D90","GNS_FWS_>0_0_0",NA,"NK","NK","NAO","27.3.D.30",NA,"NGI",NA,NA,NA,"FBU","0.0022","5.3623485137",NA,"N"
"Sweden",2018,1,"VL0008","NO","GNS","FWS","32D90","GNS_FWS_>0_0_0",NA,"NK","NK","NAO","27.3.D.30",NA,"NGI",NA,NA,NA,"FPE","0.0015","2.9249173711",NA,"N"
"Sweden",2018,1,"VL0008","NO","GNS","FWS","32D90","GNS_FWS_>0_0_0",NA,"NK","NK","NAO","27.3.D.30",NA,"NGI",NA,NA,NA,"TRS","0.0182","133.1848925992",NA,"N"
"Sweden",2018,1,"VL0008","NO","GNS","FWS","32D90","GNS_FWS_>0_0_0",NA,"NK","NK","NAO","27.3.D.30",NA,"NGI",NA,NA,NA,"WHF","0.003","7.375878588",NA,"N"
"Sweden",2018,1,"VL0008","NO","GNS","SPF","32D90","GNS_SPF_32-89_0_0",NA,"NK","NK","NAO","27.3.D.30",NA,"NGI",NA,NA,NA,"HER","0.007","4.1323501577",NA,"N"
"Sweden",2018,1,"VL0008","NO","GNS","SPF","32D90","GNS_SPF_32-89_0_0",NA,"NK","NK","NAO","27.3.D.30",NA,"NGI",NA,NA,NA,"SME","0.049","95.5473007888",NA,"N"
"Sweden",2018,1,"VL0812","DFN","GNS","SPF","32D90","GNS_SPF_32-89_0_0",NA,"NK","NK","NAO","27.3.D.30",NA,"NGI",NA,NA,NA,"HER","0.4","179.7080141577",NA,"N"
"Sweden",2018,1,"VL1218","TM","OTM","SPF","16D32","OTM_SPF_16-31_0_0",NA,"NK","NK","NAO","27.3.D.30",NA,"NGI",NA,NA,NA,"GTA","2.05","272.344158776",NA,"N"
"Sweden",2018,1,"VL1218","TM","OTM","SPF","16D32","OTM_SPF_16-31_0_0",NA,"NK","NK","NAO","27.3.D.30",NA,"NGI",NA,NA,NA,"HER","706","93286.0819907498",NA,"N"
"Sweden",2018,1,"VL1218","TM","OTM","SPF","16D32","OTM_SPF_16-31_0_0",NA,"NK","NK","NAO","27.3.D.30",NA,"NGI",NA,NA,NA,"OTH","0.45","88.0826679146",NA,"N"
"Sweden",2018,1,"VL1218","TM","OTM","SPF","16D32","OTM_SPF_16-31_0_0",NA,"NK","NK","NAO","27.3.D.30",NA,"NGI",NA,NA,NA,"SPR","1.95","263.1508730204",NA,"N"
"Sweden",2018,1,"VL2440","TM","OTM","SPF","16D32","OTM_SPF_16-31_0_0",NA,"NK","NK","NAO","27.3.D.30",NA,"NGI",NA,NA,NA,"GTA","111.5","17401.7921411902",NA,"N"
"Sweden",2018,1,"VL2440","TM","OTM","SPF","16D32","OTM_SPF_16-31_0_0",NA,"NK","NK","NAO","27.3.D.30",NA,"NGI",NA,NA,NA,"HER","5378.742","862294.109359349",NA,"N"
"Sweden",2018,1,"VL2440","TM","OTM","SPF","16D32","OTM_SPF_16-31_0_0",NA,"NK","NK","NAO","27.3.D.30",NA,"NGI",NA,NA,NA,"OTH","49.66","9720.4117525346",NA,"N"
"Sweden",2018,1,"VL2440","TM","OTM","SPF","16D32","OTM_SPF_16-31_0_0",NA,"NK","NK","NAO","27.3.D.30",NA,"NGI",NA,NA,NA,"SKB","118","18923.8712728658",NA,"N"
"Sweden",2018,1,"VL2440","TM","OTM","SPF","16D32","OTM_SPF_16-31_0_0",NA,"NK","NK","NAO","27.3.D.30",NA,"NGI",NA,NA,NA,"SPR","7.38","1197.7757658267",NA,"N"
"Sweden",2018,2,"VL0008","DFN","FPN","ANA","NK","FPN_ANA_>0_0_0",NA,"NK","NK","NAO","27.3.D.30",NA,"NGI",NA,NA,NA,"SAL","7.5356","29400.6354835442",NA,"N"
"Sweden",2018,2,"VL0008","DFN","FPN","ANA","NK","FPN_ANA_>0_0_0",NA,"NK","NK","NAO","27.3.D.30",NA,"NGI",NA,NA,NA,"TRR","0.0053","19.2273638037",NA,"N"
"Sweden",2018,2,"VL0008","DFN","FPN","ANA","NK","FPN_ANA_>0_0_0",NA,"NK","NK","NAO","27.3.D.30",NA,"NGI",NA,NA,NA,"TRS","1.1818","5480.8152248394",NA,"N"
"Sweden",2018,2,"VL0008","DFN","FPN","ANA","NK","FPN_ANA_>0_0_0",NA,"NK","NK","NAO","27.3.D.30",NA,"NGI",NA,NA,NA,"WHF","1.5214","4561.7333785898",NA,"N"
"Sweden",2018,2,"VL0008","DFN","FPO","FWS",NA,"FPO_FWS_>0_0_0",NA,"NK","NK","NAO","27.3.D.30",NA,"NGI",NA,NA,NA,"FRO","0.015","0",NA,"N"
"Sweden",2018,2,"VL0008","DFN","FYK","CAT","NK","FYK_CAT_>0_0_0",NA,"NK","NK","NAO","27.3.D.30",NA,"NGI",NA,NA,NA,"ELE","0.098","814.9492476509",NA,"N"
"Sweden",2018,2,"VL0008","DFN","GNS","ANA","16D32","GNS_ANA_>0_0_0",NA,"NK","NK","NAO","27.3.D.30",NA,"NGI",NA,NA,NA,"WHF","0.045","135.2230367295",NA,"N"
"Sweden",2018,2,"VL0008","DFN","GNS","FWS","32D90","GNS_FWS_>0_0_0",NA,"NK","NK","NAO","27.3.D.30",NA,"NGI",NA,NA,NA,"FPE","4.61","16331.8839776511",NA,"N"
"Sweden",2018,2,"VL0008","DFN","GNS","FWS","32D90","GNS_FWS_>0_0_0",NA,"NK","NK","NAO","27.3.D.30",NA,"NGI",NA,NA,NA,"FPI","0.038","51.4875947898",NA,"N"
"Sweden",2018,2,"VL0008","DFN","GNS","FWS","32D90","GNS_FWS_>0_0_0",NA,"NK","NK","NAO","27.3.D.30",NA,"NGI",NA,NA,NA,"FRO","0.986","0",NA,"N"
"Sweden",2018,2,"VL0008","DFN","GNS","FWS","32D90","GNS_FWS_>0_0_0",NA,"NK","NK","NAO","27.3.D.30",NA,"NGI",NA,NA,NA,"HER","0.048","48.5141419755",NA,"N"
"Sweden",2018,2,"VL0008","DFN","GNS","FWS","32D90","GNS_FWS_>0_0_0",NA,"NK","NK","NAO","27.3.D.30",NA,"NGI",NA,NA,NA,"TRR","0.003","12.1646909097",NA,"N"
"Sweden",2018,2,"VL0008","DFN","GNS","FWS","32D90","GNS_FWS_>0_0_0",NA,"NK","NK","NAO","27.3.D.30",NA,"NGI",NA,NA,NA,"TRS","0.4455","2015.1057623314",NA,"N"
"Sweden",2018,2,"VL0008","DFN","GNS","FWS","32D90","GNS_FWS_>0_0_0",NA,"NK","NK","NAO","27.3.D.30",NA,"NGI",NA,NA,NA,"WHF","4.103","13301.5100301598",NA,"N"
"Sweden",2018,2,"VL0008","DFN","GNS","FWS","90D110","GNS_FWS_>0_0_0",NA,"NK","NK","NAO","27.3.D.30",NA,"NGI",NA,NA,NA,"FBM","0.02","10.9905986065",NA,"N"
"Sweden",2018,2,"VL0008","DFN","GNS","FWS","90D110","GNS_FWS_>0_0_0",NA,"NK","NK","NAO","27.3.D.30",NA,"NGI",NA,NA,NA,"FPE","0.369","1380.5585259524",NA,"N"
"Sweden",2018,2,"VL0008","DFN","GNS","FWS","90D110","GNS_FWS_>0_0_0",NA,"NK","NK","NAO","27.3.D.30",NA,"NGI",NA,NA,NA,"FPI","0.01","14.347361178",NA,"N"
"Sweden",2018,2,"VL0008","DFN","GNS","FWS","90D110","GNS_FWS_>0_0_0",NA,"NK","NK","NAO","27.3.D.30",NA,"NGI",NA,NA,NA,"TRS","0.23","974.9724570281",NA,"N"
"Sweden",2018,2,"VL0008","DFN","GNS","FWS","90D110","GNS_FWS_>0_0_0",NA,"NK","NK","NAO","27.3.D.30",NA,"NGI",NA,NA,NA,"WHF","0.56","1839.8127286286",NA,"N"
"Sweden",2018,2,"VL0008","DFN","GNS","SPF","16D32","GNS_SPF_16-31_0_0",NA,"NK","NK","NAO","27.3.D.30",NA,"NGI",NA,NA,NA,"HER","14.165","14661.5797897927",NA,"N"
"Sweden",2018,2,"VL0008","DFN","GNS","SPF","32D90","GNS_SPF_32-89_0_0",NA,"NK","NK","NAO","27.3.D.30",NA,"NGI",NA,NA,NA,"HER","47.236","47994.2682582469",NA,"N"
"Sweden",2018,2,"VL0008","FPO","FPN","ANA","NK","FPN_ANA_>0_0_0",NA,"NK","NK","NAO","27.3.D.30",NA,"NGI",NA,NA,NA,"FBM","0.002","1.5599559312",NA,"N"
"Sweden",2018,2,"VL0008","FPO","FPN","ANA","NK","FPN_ANA_>0_0_0",NA,"NK","NK","NAO","27.3.D.30",NA,"NGI",NA,NA,NA,"FPE","0.026","29.3091345385",NA,"N"
"Sweden",2018,2,"VL0008","FPO","FPN","ANA","NK","FPN_ANA_>0_0_0",NA,"NK","NK","NAO","27.3.D.30",NA,"NGI",NA,NA,NA,"SAL","17.9894","70042.514379833",NA,"N"
"Sweden",2018,2,"VL0008","FPO","FPN","ANA","NK","FPN_ANA_>0_0_0",NA,"NK","NK","NAO","27.3.D.30",NA,"NGI",NA,NA,NA,"TRR","0.0053","19.2273638037",NA,"N"
"Sweden",2018,2,"VL0008","FPO","FPN","ANA","NK","FPN_ANA_>0_0_0",NA,"NK","NK","NAO","27.3.D.30",NA,"NGI",NA,NA,NA,"TRS","0.4234","1963.595503636",NA,"N"
"Sweden",2018,2,"VL0008","FPO","FPN","ANA","NK","FPN_ANA_>0_0_0",NA,"NK","NK","NAO","27.3.D.30",NA,"NGI",NA,NA,NA,"WHF","2.1048","6266.4784468012",NA,"N"
"Sweden",2018,2,"VL0008","FPO","GNS","FWS","32D90","GNS_FWS_>0_0_0",NA,"NK","NK","NAO","27.3.D.30",NA,"NGI",NA,NA,NA,"FBU","0.003","7.3122934277",NA,"N"
"Sweden",2018,2,"VL0008","FPO","GNS","FWS","32D90","GNS_FWS_>0_0_0",NA,"NK","NK","NAO","27.3.D.30",NA,"NGI",NA,NA,NA,"FPE","0.344","1334.1963460202",NA,"N"
"Sweden",2018,2,"VL0008","FPO","GNS","FWS","32D90","GNS_FWS_>0_0_0",NA,"NK","NK","NAO","27.3.D.30",NA,"NGI",NA,NA,NA,"FPI","0.052","70.1148385035",NA,"N"
"Sweden",2018,2,"VL0008","FPO","GNS","FWS","32D90","GNS_FWS_>0_0_0",NA,"NK","NK","NAO","27.3.D.30",NA,"NGI",NA,NA,NA,"FPP","0.0033","26.8952766406",NA,"N"
"Sweden",2018,2,"VL0008","FPO","GNS","FWS","32D90","GNS_FWS_>0_0_0",NA,"NK","NK","NAO","27.3.D.30",NA,"NGI",NA,NA,NA,"HER","0.011","10.6548266253",NA,"N"
"Sweden",2018,2,"VL0008","FPO","GNS","FWS","32D90","GNS_FWS_>0_0_0",NA,"NK","NK","NAO","27.3.D.30",NA,"NGI",NA,NA,NA,"TRS","0.0719","370.1853697281",NA,"N"
"Sweden",2018,2,"VL0008","FPO","GNS","FWS","32D90","GNS_FWS_>0_0_0",NA,"NK","NK","NAO","27.3.D.30",NA,"NGI",NA,NA,NA,"WHF","0.667","2087.0452476312",NA,"N"
"Sweden",2018,2,"VL0008","FPO","GNS","FWS","90D110","GNS_FWS_>0_0_0",NA,"NK","NK","NAO","27.3.D.30",NA,"NGI",NA,NA,NA,"FPI","0.014","27.9408773369",NA,"N"
"Sweden",2018,2,"VL0008","FPO","GNS","SPF","32D90","GNS_SPF_32-89_0_0",NA,"NK","NK","NAO","27.3.D.30",NA,"NGI",NA,NA,NA,"HER","1.4895","1663.85925818",NA,"N"
"Sweden",2018,2,"VL0008","FPO","GNS","SPF","32D90","GNS_SPF_32-89_0_0",NA,"NK","NK","NAO","27.3.D.30",NA,"NGI",NA,NA,NA,"WHF","0.07","232.8556224813",NA,"N"
"Sweden",2018,2,"VL0008","NO","GNS","FWS","32D90","GNS_FWS_>0_0_0",NA,"NK","NK","NAO","27.3.D.30",NA,"NGI",NA,NA,NA,"FPE","0.0015","3.8482845796",NA,"N"
"Sweden",2018,2,"VL0008","NO","GNS","FWS","32D90","GNS_FWS_>0_0_0",NA,"NK","NK","NAO","27.3.D.30",NA,"NGI",NA,NA,NA,"WHF","0.005","14.3582828333",NA,"N"
"Sweden",2018,2,"VL0812","DFN","FPN","ANA","NK","FPN_ANA_>0_0_0",NA,"NK","NK","NAO","27.3.D.30",NA,"NGI",NA,NA,NA,"FPE","0.025","31.8047415595",NA,"N"
"Sweden",2018,2,"VL0812","DFN","FPN","ANA","NK","FPN_ANA_>0_0_0",NA,"NK","NK","NAO","27.3.D.30",NA,"NGI",NA,NA,NA,"SAL","0.127","494.9538860147",NA,"N"
"Sweden",2018,2,"VL0812","DFN","FPN","ANA","NK","FPN_ANA_>0_0_0",NA,"NK","NK","NAO","27.3.D.30",NA,"NGI",NA,NA,NA,"TRS","0.816","3784.3503329404",NA,"N"
"Sweden",2018,2,"VL0812","DFN","FPN","ANA","NK","FPN_ANA_>0_0_0",NA,"NK","NK","NAO","27.3.D.30",NA,"NGI",NA,NA,NA,"WHF","0.233","700.1548346214",NA,"N"
"Sweden",2018,2,"VL0812","DFN","FYK","CAT","NK","FYK_CAT_>0_0_0",NA,"NK","NK","NAO","27.3.D.30",NA,"NGI",NA,NA,NA,"ELE","0.148","1203.2214799387",NA,"N"
"Sweden",2018,2,"VL0812","DFN","GNS","FWS","32D90","GNS_FWS_>0_0_0",NA,"NK","NK","NAO","27.3.D.30",NA,"NGI",NA,NA,NA,"FPE","0.5","1765.3965965029",NA,"N"
"Sweden",2018,2,"VL0812","DFN","GNS","FWS","32D90","GNS_FWS_>0_0_0",NA,"NK","NK","NAO","27.3.D.30",NA,"NGI",NA,NA,NA,"TRS","0.007","29.6730747791",NA,"N"
"Sweden",2018,2,"VL0812","DFN","GNS","FWS","32D90","GNS_FWS_>0_0_0",NA,"NK","NK","NAO","27.3.D.30",NA,"NGI",NA,NA,NA,"WHF","2.284","7536.1634252752",NA,"N"
"Sweden",2018,2,"VL0812","DFN","GNS","FWS","90D110","GNS_FWS_>0_0_0",NA,"NK","NK","NAO","27.3.D.30",NA,"NGI",NA,NA,NA,"FBM","0.01","4.8748622851",NA,"N"
"Sweden",2018,2,"VL0812","DFN","GNS","FWS","90D110","GNS_FWS_>0_0_0",NA,"NK","NK","NAO","27.3.D.30",NA,"NGI",NA,NA,NA,"FPE","0.02","59.933293136",NA,"N"
"Sweden",2018,2,"VL0812","DFN","GNS","FWS","90D110","GNS_FWS_>0_0_0",NA,"NK","NK","NAO","27.3.D.30",NA,"NGI",NA,NA,NA,"WHF","0.01","33.2650889259",NA,"N"
"Sweden",2018,2,"VL0812","DFN","GNS","SPF","16D32","GNS_SPF_16-31_0_0",NA,"NK","NK","NAO","27.3.D.30",NA,"NGI",NA,NA,NA,"HER","4.32","4511.2672053184",NA,"N"
"Sweden",2018,2,"VL0812","DFN","GNS","SPF","32D90","GNS_SPF_32-89_0_0",NA,"NK","NK","NAO","27.3.D.30",NA,"NGI",NA,NA,NA,"HER","174.6305","183394.288050837",NA,"N"
"Sweden",2018,2,"VL0812","DFN","OTB","SPF","32D90","OTB_SPF_32-89_0_0",NA,"NK","NK","NAO","27.3.D.30",NA,"NGI",NA,NA,NA,"HER","35.1","37691.5900917362",NA,"N"
"Sweden",2018,2,"VL0812","FPO","FPN","ANA","NK","FPN_ANA_>0_0_0",NA,"NK","NK","NAO","27.3.D.30",NA,"NGI",NA,NA,NA,"SAL","0.139","541.721182331",NA,"N"
"Sweden",2018,2,"VL0812","FPO","FPN","ANA","NK","FPN_ANA_>0_0_0",NA,"NK","NK","NAO","27.3.D.30",NA,"NGI",NA,NA,NA,"TRS","0.01","46.3768423154",NA,"N"
"Sweden",2018,2,"VL0812","FPO","FPN","ANA","NK","FPN_ANA_>0_0_0",NA,"NK","NK","NAO","27.3.D.30",NA,"NGI",NA,NA,NA,"WHF","0.385","1148.9789649598",NA,"N"
"Sweden",2018,2,"VL0812","FPO","GNS","SPF","32D90","GNS_SPF_32-89_0_0",NA,"NK","NK","NAO","27.3.D.30",NA,"NGI",NA,NA,NA,"HER","0.34","349.9365339902",NA,"N"
"Sweden",2018,2,"VL1218","DTS","GNS","SPF","32D90","GNS_SPF_32-89_0_0",NA,"NK","NK","NAO","27.3.D.30",NA,"NGI",NA,NA,NA,"HER","248.2","236490.985557851",NA,"N"
"Sweden",2018,2,"VL1218","DTS","OTM","SPF","16D32","OTM_SPF_16-31_0_0",NA,"NK","NK","NAO","27.3.D.30",NA,"NGI",NA,NA,NA,"HER","179.4","21572.9351992553",NA,"N"
"Sweden",2018,2,"VL1218","DTS","OTM","SPF","16D32","OTM_SPF_16-31_0_0",NA,"NK","NK","NAO","27.3.D.30",NA,"NGI",NA,NA,NA,"OTH","0.12","23.4887114439",NA,"N"
"Sweden",2018,2,"VL1218","DTS","OTM","SPF","16D32","OTM_SPF_16-31_0_0",NA,"NK","NK","NAO","27.3.D.30",NA,"NGI",NA,NA,NA,"SKB","0.14","17.1731648581",NA,"N"
"Sweden",2018,2,"VL1218","DTS","OTM","SPF","16D32","OTM_SPF_16-31_0_0",NA,"NK","NK","NAO","27.3.D.30",NA,"NGI",NA,NA,NA,"SPR","0.42","50.607895327",NA,"N"
"Sweden",2018,2,"VL1218","DTS","PTB","SPF","32D90","PTB_SPF_32-89_0_0",NA,"NK","NK","NAO","27.3.D.30",NA,"NGI",NA,NA,NA,"HER","65.7","73664.0439907573",NA,"N"
"Sweden",2018,2,"VL1218","TM","OTM","SPF","16D32","OTM_SPF_16-31_0_0",NA,"NK","NK","NAO","27.3.D.30",NA,"NGI",NA,NA,NA,"GTA","2","327.2926807364",NA,"N"
"Sweden",2018,2,"VL1218","TM","OTM","SPF","16D32","OTM_SPF_16-31_0_0",NA,"NK","NK","NAO","27.3.D.30",NA,"NGI",NA,NA,NA,"HER","883","141077.207978043",NA,"N"
"Sweden",2018,2,"VL1218","TM","OTM","SPF","16D32","OTM_SPF_16-31_0_0",NA,"NK","NK","NAO","27.3.D.30",NA,"NGI",NA,NA,NA,"OTH","0.05","9.7869631016",NA,"N"
"Sweden",2018,2,"VL1218","TM","OTM","SPF","16D32","OTM_SPF_16-31_0_0",NA,"NK","NK","NAO","27.3.D.30",NA,"NGI",NA,NA,NA,"SPR","4.12","597.5774340738",NA,"N"
"Sweden",2018,2,"VL2440","TM","OTM","SPF","16D32","OTM_SPF_16-31_0_0",NA,"NK","NK","NAO","27.3.D.30",NA,"NGI",NA,NA,NA,"GTA","33.51","5331.3094324626",NA,"N"
"Sweden",2018,2,"VL2440","TM","OTM","SPF","16D32","OTM_SPF_16-31_0_0",NA,"NK","NK","NAO","27.3.D.30",NA,"NGI",NA,NA,NA,"HER","3672.2","578200.524900694",NA,"N"
"Sweden",2018,2,"VL2440","TM","OTM","SPF","16D32","OTM_SPF_16-31_0_0",NA,"NK","NK","NAO","27.3.D.30",NA,"NGI",NA,NA,NA,"OTH","25.43","4977.6494334868",NA,"N"
"Sweden",2018,2,"VL2440","TM","OTM","SPF","16D32","OTM_SPF_16-31_0_0",NA,"NK","NK","NAO","27.3.D.30",NA,"NGI",NA,NA,NA,"SKB","77.7","12089.5758912202",NA,"N"
"Sweden",2018,2,"VL2440","TM","OTM","SPF","16D32","OTM_SPF_16-31_0_0",NA,"NK","NK","NAO","27.3.D.30",NA,"NGI",NA,NA,NA,"SPR","4.97","776.5587372157",NA,"N"
"Sweden",2018,2,"VL40XX","TM","OTM","SPF","16D32","OTM_SPF_16-31_0_0",NA,"NK","NK","NAO","27.3.D.30",NA,"NGI",NA,NA,NA,"HER","1698.5","291498.964326581",NA,"N"
"Sweden",2018,2,"VL40XX","TM","OTM","SPF","16D32","OTM_SPF_16-31_0_0",NA,"NK","NK","NAO","27.3.D.30",NA,"NGI",NA,NA,NA,"SPR","27.9","4912.0024401648",NA,"N"
"Sweden",2018,3,"VL0008","DFN","FPN","ANA","NK","FPN_ANA_>0_0_0",NA,"NK","NK","NAO","27.3.D.30",NA,"NGI",NA,NA,NA,"SAL","4.235","16446.1336565215",NA,"N"
"Sweden",2018,3,"VL0008","DFN","FPN","ANA","NK","FPN_ANA_>0_0_0",NA,"NK","NK","NAO","27.3.D.30",NA,"NGI",NA,NA,NA,"TRR","0.001","3.8998898281",NA,"N"
"Sweden",2018,3,"VL0008","DFN","FPN","ANA","NK","FPN_ANA_>0_0_0",NA,"NK","NK","NAO","27.3.D.30",NA,"NGI",NA,NA,NA,"TRS","0.7629","3071.7840872258",NA,"N"
"Sweden",2018,3,"VL0008","DFN","FPN","ANA","NK","FPN_ANA_>0_0_0",NA,"NK","NK","NAO","27.3.D.30",NA,"NGI",NA,NA,NA,"WHF","0.8889","2642.8207658502",NA,"N"
"Sweden",2018,3,"VL0008","DFN","FYK","CAT","NK","FYK_CAT_>0_0_0",NA,"NK","NK","NAO","27.3.D.30",NA,"NGI",NA,NA,NA,"ELE","0.17","1518.8073523469",NA,"N"
"Sweden",2018,3,"VL0008","DFN","GNS","ANA","16D32","GNS_ANA_>0_0_0",NA,"NK","NK","NAO","27.3.D.30",NA,"NGI",NA,NA,NA,"FPE","0.001","1.4068048176",NA,"N"
"Sweden",2018,3,"VL0008","DFN","GNS","ANA","16D32","GNS_ANA_>0_0_0",NA,"NK","NK","NAO","27.3.D.30",NA,"NGI",NA,NA,NA,"WHF","0.007","23.7384598233",NA,"N"
"Sweden",2018,3,"VL0008","DFN","GNS","ANA","90D110","GNS_ANA_90-109_0_0",NA,"NK","NK","NAO","27.3.D.30",NA,"NGI",NA,NA,NA,"TRS","0.035","237.3845982329",NA,"N"
"Sweden",2018,3,"VL0008","DFN","GNS","FWS","32D90","GNS_FWS_>0_0_0",NA,"NK","NK","NAO","27.3.D.30",NA,"NGI",NA,NA,NA,"FBM","0.084","85.31008999",NA,"N"
"Sweden",2018,3,"VL0008","DFN","GNS","FWS","32D90","GNS_FWS_>0_0_0",NA,"NK","NK","NAO","27.3.D.30",NA,"NGI",NA,NA,NA,"FPE","12.7402","52602.8774943419",NA,"N"
"Sweden",2018,3,"VL0008","DFN","GNS","FWS","32D90","GNS_FWS_>0_0_0",NA,"NK","NK","NAO","27.3.D.30",NA,"NGI",NA,NA,NA,"FPI","0.1937","624.1446650937",NA,"N"
"Sweden",2018,3,"VL0008","DFN","GNS","FWS","32D90","GNS_FWS_>0_0_0",NA,"NK","NK","NAO","27.3.D.30",NA,"NGI",NA,NA,NA,"FPP","0.0335","277.6234071387",NA,"N"
"Sweden",2018,3,"VL0008","DFN","GNS","FWS","32D90","GNS_FWS_>0_0_0",NA,"NK","NK","NAO","27.3.D.30",NA,"NGI",NA,NA,NA,"FRO","1.25","0",NA,"N"
"Sweden",2018,3,"VL0008","DFN","GNS","FWS","32D90","GNS_FWS_>0_0_0",NA,"NK","NK","NAO","27.3.D.30",NA,"NGI",NA,NA,NA,"HER","0.039","26.0859752138",NA,"N"
"Sweden",2018,3,"VL0008","DFN","GNS","FWS","32D90","GNS_FWS_>0_0_0",NA,"NK","NK","NAO","27.3.D.30",NA,"NGI",NA,NA,NA,"TRS","0.2913","1579.0408565214",NA,"N"
"Sweden",2018,3,"VL0008","DFN","GNS","FWS","32D90","GNS_FWS_>0_0_0",NA,"NK","NK","NAO","27.3.D.30",NA,"NGI",NA,NA,NA,"WHF","5.1551","16780.0758252497",NA,"N"
"Sweden",2018,3,"VL0008","DFN","GNS","FWS","90D110","GNS_FWS_>0_0_0",NA,"NK","NK","NAO","27.3.D.30",NA,"NGI",NA,NA,NA,"FPE","1.077","4212.606786505",NA,"N"
"Sweden",2018,3,"VL0008","DFN","GNS","FWS","90D110","GNS_FWS_>0_0_0",NA,"NK","NK","NAO","27.3.D.30",NA,"NGI",NA,NA,NA,"TRS","0.066","350.5086492417",NA,"N"
"Sweden",2018,3,"VL0008","DFN","GNS","FWS","90D110","GNS_FWS_>0_0_0",NA,"NK","NK","NAO","27.3.D.30",NA,"NGI",NA,NA,NA,"WHF","0.725","2346.7305450835",NA,"N"
"Sweden",2018,3,"VL0008","DFN","GNS","SPF","16D32","GNS_SPF_16-31_0_0",NA,"NK","NK","NAO","27.3.D.30",NA,"NGI",NA,NA,NA,"HER","10.76","6548.7255415233",NA,"N"
"Sweden",2018,3,"VL0008","DFN","GNS","SPF","32D90","GNS_SPF_32-89_0_0",NA,"NK","NK","NAO","27.3.D.30",NA,"NGI",NA,NA,NA,"HER","14.137","10726.3554209955",NA,"N"
"Sweden",2018,3,"VL0008","FPO","FPN","ANA","NK","FPN_ANA_>0_0_0",NA,"NK","NK","NAO","27.3.D.30",NA,"NGI",NA,NA,NA,"SAL","10.1048","39051.6618506463",NA,"N"
"Sweden",2018,3,"VL0008","FPO","FPN","ANA","NK","FPN_ANA_>0_0_0",NA,"NK","NK","NAO","27.3.D.30",NA,"NGI",NA,NA,NA,"TRR","0.01","38.9988982811",NA,"N"
"Sweden",2018,3,"VL0008","FPO","FPN","ANA","NK","FPN_ANA_>0_0_0",NA,"NK","NK","NAO","27.3.D.30",NA,"NGI",NA,NA,NA,"TRS","1.0531","4225.141391534",NA,"N"
"Sweden",2018,3,"VL0008","FPO","FPN","ANA","NK","FPN_ANA_>0_0_0",NA,"NK","NK","NAO","27.3.D.30",NA,"NGI",NA,NA,NA,"WHF","1.4923","4639.9581624265",NA,"N"
"Sweden",2018,3,"VL0008","FPO","GNS","FWS","32D90","GNS_FWS_>0_0_0",NA,"NK","NK","NAO","27.3.D.30",NA,"NGI",NA,NA,NA,"FBU","0.002","4.8748622851",NA,"N"
"Sweden",2018,3,"VL0008","FPO","GNS","FWS","32D90","GNS_FWS_>0_0_0",NA,"NK","NK","NAO","27.3.D.30",NA,"NGI",NA,NA,NA,"FPE","2.431","9733.8872927196",NA,"N"
"Sweden",2018,3,"VL0008","FPO","GNS","FWS","32D90","GNS_FWS_>0_0_0",NA,"NK","NK","NAO","27.3.D.30",NA,"NGI",NA,NA,NA,"FPI","0.104","216.8589781831",NA,"N"
"Sweden",2018,3,"VL0008","FPO","GNS","FWS","32D90","GNS_FWS_>0_0_0",NA,"NK","NK","NAO","27.3.D.30",NA,"NGI",NA,NA,NA,"FPP","0.0152","125.966441448",NA,"N"
"Sweden",2018,3,"VL0008","FPO","GNS","FWS","32D90","GNS_FWS_>0_0_0",NA,"NK","NK","NAO","27.3.D.30",NA,"NGI",NA,NA,NA,"HER","0.004","2.9637853839",NA,"N"
"Sweden",2018,3,"VL0008","FPO","GNS","FWS","32D90","GNS_FWS_>0_0_0",NA,"NK","NK","NAO","27.3.D.30",NA,"NGI",NA,NA,NA,"TRS","0.0686","398.5851714188",NA,"N"
"Sweden",2018,3,"VL0008","FPO","GNS","FWS","32D90","GNS_FWS_>0_0_0",NA,"NK","NK","NAO","27.3.D.30",NA,"NGI",NA,NA,NA,"WHF","0.601","1976.6433011891",NA,"N"
"Sweden",2018,3,"VL0008","FPO","GNS","FWS","90D110","GNS_FWS_>0_0_0",NA,"NK","NK","NAO","27.3.D.30",NA,"NGI",NA,NA,NA,"FPE","0.418","1695.0003788338",NA,"N"
"Sweden",2018,3,"VL0008","FPO","GNS","FWS","90D110","GNS_FWS_>0_0_0",NA,"NK","NK","NAO","27.3.D.30",NA,"NGI",NA,NA,NA,"TRS","0.006","26.0000146971",NA,"N"
"Sweden",2018,3,"VL0008","FPO","GNS","FWS","90D110","GNS_FWS_>0_0_0",NA,"NK","NK","NAO","27.3.D.30",NA,"NGI",NA,NA,NA,"WHF","0.052","175.2050066003",NA,"N"
"Sweden",2018,3,"VL0008","FPO","GNS","SPF","16D32","GNS_SPF_16-31_0_0",NA,"NK","NK","NAO","27.3.D.30",NA,"NGI",NA,NA,NA,"HER","0.793","641.9379962082",NA,"N"
"Sweden",2018,3,"VL0008","FPO","GNS","SPF","32D90","GNS_SPF_32-89_0_0",NA,"NK","NK","NAO","27.3.D.30",NA,"NGI",NA,NA,NA,"HER","6.132","4958.0299149424",NA,"N"
"Sweden",2018,3,"VL0008","FPO","GNS","SPF","32D90","GNS_SPF_32-89_0_0",NA,"NK","NK","NAO","27.3.D.30",NA,"NGI",NA,NA,NA,"SAL","0.13","649.3079821902",NA,"N"
"Sweden",2018,3,"VL0008","FPO","GNS","SPF","32D90","GNS_SPF_32-89_0_0",NA,"NK","NK","NAO","27.3.D.30",NA,"NGI",NA,NA,NA,"TRS","0.006","32.3308113524",NA,"N"
"Sweden",2018,3,"VL0008","FPO","GNS","SPF","32D90","GNS_SPF_32-89_0_0",NA,"NK","NK","NAO","27.3.D.30",NA,"NGI",NA,NA,NA,"WHF","0.015","46.6077253795",NA,"N"
"Sweden",2018,3,"VL0008","PGP","GNS","FWS","32D90","GNS_FWS_>0_0_0",NA,"NK","NK","NAO","27.3.D.30",NA,"NGI",NA,NA,NA,"FPE","0.432","1740.0475710196",NA,"N"
"Sweden",2018,3,"VL0812","DFN","FPN","ANA","NK","FPN_ANA_>0_0_0",NA,"NK","NK","NAO","27.3.D.30",NA,"NGI",NA,NA,NA,"SAL","0.13","504.535619189",NA,"N"
"Sweden",2018,3,"VL0812","DFN","FPN","ANA","NK","FPN_ANA_>0_0_0",NA,"NK","NK","NAO","27.3.D.30",NA,"NGI",NA,NA,NA,"TRS","0.2","807.005557176",NA,"N"
"Sweden",2018,3,"VL0812","DFN","FPN","ANA","NK","FPN_ANA_>0_0_0",NA,"NK","NK","NAO","27.3.D.30",NA,"NGI",NA,NA,NA,"WHF","0.02","59.8769558328",NA,"N"
"Sweden",2018,3,"VL0812","DFN","FYK","CAT","NK","FYK_CAT_>0_0_0",NA,"NK","NK","NAO","27.3.D.30",NA,"NGI",NA,NA,NA,"ELE","0.142","1270.8153890483",NA,"N"
"Sweden",2018,3,"VL0812","DFN","GNS","DEF","110D157","GNS_DEF_110-156_0_0",NA,"NK","NK","NAO","27.3.D.30",NA,"NGI",NA,NA,NA,"COD","0.074","115.561788046",NA,"N"
"Sweden",2018,3,"VL0812","DFN","GNS","FWS","32D90","GNS_FWS_>0_0_0",NA,"NK","NK","NAO","27.3.D.30",NA,"NGI",NA,NA,NA,"FPE","1.458","5702.489811678",NA,"N"
"Sweden",2018,3,"VL0812","DFN","GNS","FWS","32D90","GNS_FWS_>0_0_0",NA,"NK","NK","NAO","27.3.D.30",NA,"NGI",NA,NA,NA,"OTH","0.001","0.195739262",NA,"N"
"Sweden",2018,3,"VL0812","DFN","GNS","FWS","32D90","GNS_FWS_>0_0_0",NA,"NK","NK","NAO","27.3.D.30",NA,"NGI",NA,NA,NA,"TRS","0.0585","307.3799321064",NA,"N"
"Sweden",2018,3,"VL0812","DFN","GNS","FWS","32D90","GNS_FWS_>0_0_0",NA,"NK","NK","NAO","27.3.D.30",NA,"NGI",NA,NA,NA,"WHF","2.242","7301.7587568377",NA,"N"
"Sweden",2018,3,"VL0812","DFN","GNS","FWS","90D110","GNS_FWS_>0_0_0",NA,"NK","NK","NAO","27.3.D.30",NA,"NGI",NA,NA,NA,"FBM","0.01","4.8748622851",NA,"N"
"Sweden",2018,3,"VL0812","DFN","GNS","FWS","90D110","GNS_FWS_>0_0_0",NA,"NK","NK","NAO","27.3.D.30",NA,"NGI",NA,NA,NA,"FPE","0.13","519.5878666412",NA,"N"
"Sweden",2018,3,"VL0812","DFN","GNS","FWS","90D110","GNS_FWS_>0_0_0",NA,"NK","NK","NAO","27.3.D.30",NA,"NGI",NA,NA,NA,"FPI","0.001","1.4624586855",NA,"N"
"Sweden",2018,3,"VL0812","DFN","GNS","FWS","90D110","GNS_FWS_>0_0_0",NA,"NK","NK","NAO","27.3.D.30",NA,"NGI",NA,NA,NA,"WHF","0.019","74.0979067341",NA,"N"
"Sweden",2018,3,"VL0812","DFN","GNS","SPF","16D32","GNS_SPF_16-31_0_0",NA,"NK","NK","NAO","27.3.D.30",NA,"NGI",NA,NA,NA,"HER","1.84","1275.8342081066",NA,"N"
"Sweden",2018,3,"VL0812","DFN","GNS","SPF","32D90","GNS_SPF_32-89_0_0",NA,"NK","NK","NAO","27.3.D.30",NA,"NGI",NA,NA,NA,"HER","40.221","25488.8014224792",NA,"N"
"Sweden",2018,3,"VL0812","DFN","SB","FIF","32D90","SB_FIF_>0_0_0",NA,"NK","NK","NAO","27.3.D.30",NA,"NGI",NA,NA,NA,"HER","0.004","0.7851352372",NA,"N"
"Sweden",2018,3,"VL0812","FPO","FPN","ANA","NK","FPN_ANA_>0_0_0",NA,"NK","NK","NAO","27.3.D.30",NA,"NGI",NA,NA,NA,"SAL","0.261","1012.9522816026",NA,"N"
"Sweden",2018,3,"VL0812","FPO","FPN","ANA","NK","FPN_ANA_>0_0_0",NA,"NK","NK","NAO","27.3.D.30",NA,"NGI",NA,NA,NA,"TRS","0.014","56.4903890023",NA,"N"
"Sweden",2018,3,"VL0812","FPO","GNS","ANA","16D32","GNS_ANA_>0_0_0",NA,"NK","NK","NAO","27.3.D.30",NA,"NGI",NA,NA,NA,"SAL","0.1785","692.7662155788",NA,"N"
"Sweden",2018,3,"VL0812","FPO","GNS","FWS","32D90","GNS_FWS_>0_0_0",NA,"NK","NK","NAO","27.3.D.30",NA,"NGI",NA,NA,NA,"WHF","0.045","145.501084135",NA,"N"
"Sweden",2018,3,"VL0812","FPO","GNS","SPF","32D90","GNS_SPF_32-89_0_0",NA,"NK","NK","NAO","27.3.D.30",NA,"NGI",NA,NA,NA,"HER","0.45","231.518098455",NA,"N"
"Sweden",2018,4,"VL0008","DFN","FPO","FWS",NA,"FPO_FWS_>0_0_0",NA,"NK","NK","NAO","27.3.D.30",NA,"NGI",NA,NA,NA,"FRO","0.12","0",NA,"N"
"Sweden",2018,4,"VL0008","DFN","GNS","FWS","32D90","GNS_FWS_>0_0_0",NA,"NK","NK","NAO","27.3.D.30",NA,"NGI",NA,NA,NA,"FPE","0.402","1571.2535278408",NA,"N"
"Sweden",2018,4,"VL0008","DFN","GNS","FWS","32D90","GNS_FWS_>0_0_0",NA,"NK","NK","NAO","27.3.D.30",NA,"NGI",NA,NA,NA,"FPI","0.069","122.637925645",NA,"N"
"Sweden",2018,4,"VL0008","DFN","GNS","FWS","32D90","GNS_FWS_>0_0_0",NA,"NK","NK","NAO","27.3.D.30",NA,"NGI",NA,NA,NA,"FRO","0.294","0",NA,"N"
"Sweden",2018,4,"VL0008","DFN","GNS","FWS","32D90","GNS_FWS_>0_0_0",NA,"NK","NK","NAO","27.3.D.30",NA,"NGI",NA,NA,NA,"FVE","0.1","536.2348513654",NA,"N"
"Sweden",2018,4,"VL0008","DFN","GNS","FWS","32D90","GNS_FWS_>0_0_0",NA,"NK","NK","NAO","27.3.D.30",NA,"NGI",NA,NA,NA,"HER","0.021","9.5881990846",NA,"N"
"Sweden",2018,4,"VL0008","DFN","GNS","FWS","32D90","GNS_FWS_>0_0_0",NA,"NK","NK","NAO","27.3.D.30",NA,"NGI",NA,NA,NA,"OTH","0.001","0.195739262",NA,"N"
"Sweden",2018,4,"VL0008","DFN","GNS","FWS","32D90","GNS_FWS_>0_0_0",NA,"NK","NK","NAO","27.3.D.30",NA,"NGI",NA,NA,NA,"TRS","0.3534","2749.599788406",NA,"N"
"Sweden",2018,4,"VL0008","DFN","GNS","FWS","32D90","GNS_FWS_>0_0_0",NA,"NK","NK","NAO","27.3.D.30",NA,"NGI",NA,NA,NA,"WHF","1.0916","3500.4513563324",NA,"N"
"Sweden",2018,4,"VL0008","DFN","GNS","FWS","90D110","GNS_FWS_>0_0_0",NA,"NK","NK","NAO","27.3.D.30",NA,"NGI",NA,NA,NA,"FPE","0.07","273.4822555887",NA,"N"
"Sweden",2018,4,"VL0008","DFN","GNS","FWS","90D110","GNS_FWS_>0_0_0",NA,"NK","NK","NAO","27.3.D.30",NA,"NGI",NA,NA,NA,"TRS","0.026","202.4726185171",NA,"N"
"Sweden",2018,4,"VL0008","DFN","GNS","FWS","90D110","GNS_FWS_>0_0_0",NA,"NK","NK","NAO","27.3.D.30",NA,"NGI",NA,NA,NA,"WHF","0.3","1032.3385930455",NA,"N"
"Sweden",2018,4,"VL0008","DFN","GNS","SPF","16D32","GNS_SPF_16-31_0_0",NA,"NK","NK","NAO","27.3.D.30",NA,"NGI",NA,NA,NA,"HER","4.525","2102.2756685201",NA,"N"
"Sweden",2018,4,"VL0008","DFN","GNS","SPF","32D90","GNS_SPF_32-89_0_0",NA,"NK","NK","NAO","27.3.D.30",NA,"NGI",NA,NA,NA,"HER","3.868","1897.7007372724",NA,"N"
"Sweden",2018,4,"VL0008","DFN","GNS","SPF","32D90","GNS_SPF_32-89_0_0",NA,"NK","NK","NAO","27.3.D.30",NA,"NGI",NA,NA,NA,"OTH","0.006","1.1744355722",NA,"N"
"Sweden",2018,4,"VL0008","FPO","FPN","ANA","NK","FPN_ANA_>0_0_0",NA,"NK","NK","NAO","27.3.D.30",NA,"NGI",NA,NA,NA,"FPE","0.005","43.8737605663",NA,"N"
"Sweden",2018,4,"VL0008","FPO","FPN","ANA","NK","FPN_ANA_>0_0_0",NA,"NK","NK","NAO","27.3.D.30",NA,"NGI",NA,NA,NA,"TRS","0.5115","3469.2063427469",NA,"N"
"Sweden",2018,4,"VL0008","FPO","FPN","ANA","NK","FPN_ANA_>0_0_0",NA,"NK","NK","NAO","27.3.D.30",NA,"NGI",NA,NA,NA,"WHF","0.27","805.8308343834",NA,"N"
"Sweden",2018,4,"VL0008","FPO","GNS","FWS","32D90","GNS_FWS_>0_0_0",NA,"NK","NK","NAO","27.3.D.30",NA,"NGI",NA,NA,NA,"FBU","0.009","21.9368802831",NA,"N"
"Sweden",2018,4,"VL0008","FPO","GNS","FWS","32D90","GNS_FWS_>0_0_0",NA,"NK","NK","NAO","27.3.D.30",NA,"NGI",NA,NA,NA,"FPE","0.075","293.3699468545",NA,"N"
"Sweden",2018,4,"VL0008","FPO","GNS","FWS","32D90","GNS_FWS_>0_0_0",NA,"NK","NK","NAO","27.3.D.30",NA,"NGI",NA,NA,NA,"FPI","0.003","4.2030274093",NA,"N"
"Sweden",2018,4,"VL0008","FPO","GNS","FWS","32D90","GNS_FWS_>0_0_0",NA,"NK","NK","NAO","27.3.D.30",NA,"NGI",NA,NA,NA,"FPP","0.0065","41.1925863094",NA,"N"
"Sweden",2018,4,"VL0008","FPO","GNS","FWS","32D90","GNS_FWS_>0_0_0",NA,"NK","NK","NAO","27.3.D.30",NA,"NGI",NA,NA,NA,"HER","0.001","0.5113058295",NA,"N"
"Sweden",2018,4,"VL0008","FPO","GNS","FWS","32D90","GNS_FWS_>0_0_0",NA,"NK","NK","NAO","27.3.D.30",NA,"NGI",NA,NA,NA,"TRS","0.1947","1515.9187605308",NA,"N"
"Sweden",2018,4,"VL0008","FPO","GNS","FWS","32D90","GNS_FWS_>0_0_0",NA,"NK","NK","NAO","27.3.D.30",NA,"NGI",NA,NA,NA,"WHF","0.503","1717.498097439",NA,"N"
"Sweden",2018,4,"VL0008","FPO","GNS","SPF","32D90","GNS_SPF_32-89_0_0",NA,"NK","NK","NAO","27.3.D.30",NA,"NGI",NA,NA,NA,"HER","0.015","7.6695874428",NA,"N"
"Sweden",2018,4,"VL0812","DFN","GNS","DEF","110D157","GNS_DEF_110-156_0_0",NA,"NK","NK","NAO","27.3.D.30",NA,"NGI",NA,NA,NA,"COD","0.16","229.7483216773",NA,"N"
"Sweden",2018,4,"VL0812","DFN","GNS","FWS","32D90","GNS_FWS_>0_0_0",NA,"NK","NK","NAO","27.3.D.30",NA,"NGI",NA,NA,NA,"FPE","0.156","609.9003459514",NA,"N"
"Sweden",2018,4,"VL0812","DFN","GNS","FWS","32D90","GNS_FWS_>0_0_0",NA,"NK","NK","NAO","27.3.D.30",NA,"NGI",NA,NA,NA,"OTH","0.002","0.3914785241",NA,"N"
"Sweden",2018,4,"VL0812","DFN","GNS","FWS","32D90","GNS_FWS_>0_0_0",NA,"NK","NK","NAO","27.3.D.30",NA,"NGI",NA,NA,NA,"TRS","0.0045","35.099008453",NA,"N"
"Sweden",2018,4,"VL0812","DFN","GNS","FWS","32D90","GNS_FWS_>0_0_0",NA,"NK","NK","NAO","27.3.D.30",NA,"NGI",NA,NA,NA,"WHF","0.434","1419.791395528",NA,"N"
"Sweden",2018,4,"VL0812","DFN","GNS","SPF","16D32","GNS_SPF_16-31_0_0",NA,"NK","NK","NAO","27.3.D.30",NA,"NGI",NA,NA,NA,"HER","0.625","319.5661434481",NA,"N"
"Sweden",2018,4,"VL0812","DFN","GNS","SPF","32D90","GNS_SPF_32-89_0_0",NA,"NK","NK","NAO","27.3.D.30",NA,"NGI",NA,NA,NA,"HER","14.896","7153.6975889216",NA,"N"
"Sweden",2018,4,"VL0812","DFN","GNS","SPF","32D90","GNS_SPF_32-89_0_0",NA,"NK","NK","NAO","27.3.D.30",NA,"NGI",NA,NA,NA,"OTH","0.001","0.195739262",NA,"N"
"Sweden",2018,4,"VL0812","DFN","OTB","SPF","32D90","OTB_SPF_32-89_0_0",NA,"NK","NK","NAO","27.3.D.30",NA,"NGI",NA,NA,NA,"HER","28.7","10983.3134155593",NA,"N"
"Sweden",2018,4,"VL0812","DFN","SB","FIF","32D90","SB_FIF_>0_0_0",NA,"NK","NK","NAO","27.3.D.30",NA,"NGI",NA,NA,NA,"HER","0.007","1.342933807",NA,"N"
"Sweden",2018,4,"VL0812","DTS","OTB","SPF","32D90","OTB_SPF_32-89_0_0",NA,"NK","NK","NAO","27.3.D.30",NA,"NGI",NA,NA,NA,"HER","0.899","174.6105756798",NA,"N"
"Sweden",2018,4,"VL0812","DTS","OTM","SPF","32D90","OTM_SPF_32-89_0_0",NA,"NK","NK","NAO","27.3.D.30",NA,"NGI",NA,NA,NA,"HER","0.479","108.7995340051",NA,"N"
"Sweden",2018,4,"VL0812","FPO","GNS","FWS","32D90","GNS_FWS_>0_0_0",NA,"NK","NK","NAO","27.3.D.30",NA,"NGI",NA,NA,NA,"WHF","0.035","121.7308319137",NA,"N"
"Sweden",2018,4,"VL0812","FPO","GNS","SPF","32D90","GNS_SPF_32-89_0_0",NA,"NK","NK","NAO","27.3.D.30",NA,"NGI",NA,NA,NA,"HER","0.6404","310.7537469263",NA,"N"
"Sweden",2018,4,"VL1218","TM","OTM","SPF","16D32","OTM_SPF_16-31_0_0",NA,"NK","NK","NAO","27.3.D.30",NA,"NGI",NA,NA,NA,"GTA","5.75","902.5133163938",NA,"N"
"Sweden",2018,4,"VL1218","TM","OTM","SPF","16D32","OTM_SPF_16-31_0_0",NA,"NK","NK","NAO","27.3.D.30",NA,"NGI",NA,NA,NA,"HER","684","109251.401533162",NA,"N"
"Sweden",2018,4,"VL1218","TM","OTM","SPF","16D32","OTM_SPF_16-31_0_0",NA,"NK","NK","NAO","27.3.D.30",NA,"NGI",NA,NA,NA,"OTH","0.05","9.5724568508",NA,"N"
"Sweden",2018,4,"VL1218","TM","OTM","SPF","16D32","OTM_SPF_16-31_0_0",NA,"NK","NK","NAO","27.3.D.30",NA,"NGI",NA,NA,NA,"SPR","4.05","649.2865391567",NA,"N"
"Sweden",2018,4,"VL2440","TM","OTM","SPF","16D32","OTM_SPF_16-31_0_0",NA,"NK","NK","NAO","27.3.D.30",NA,"NGI",NA,NA,NA,"GTA","43.23","7531.7109837352",NA,"N"
"Sweden",2018,4,"VL2440","TM","OTM","SPF","16D32","OTM_SPF_16-31_0_0",NA,"NK","NK","NAO","27.3.D.30",NA,"NGI",NA,NA,NA,"HER","1938.62","338567.202221018",NA,"N"
"Sweden",2018,4,"VL2440","TM","OTM","SPF","16D32","OTM_SPF_16-31_0_0",NA,"NK","NK","NAO","27.3.D.30",NA,"NGI",NA,NA,NA,"OTH","25.82","4943.2167177641",NA,"N"
"Sweden",2018,4,"VL2440","TM","OTM","SPF","16D32","OTM_SPF_16-31_0_0",NA,"NK","NK","NAO","27.3.D.30",NA,"NGI",NA,NA,NA,"SKB","41.55","7284.2333065832",NA,"N"
"Sweden",2018,4,"VL2440","TM","OTM","SPF","16D32","OTM_SPF_16-31_0_0",NA,"NK","NK","NAO","27.3.D.30",NA,"NGI",NA,NA,NA,"SPR","4.68","823.3560740192",NA,"N"
"Sweden",2018,4,"VL40XX","TM","OTM","SPF","16D32","OTM_SPF_16-31_0_0",NA,"NK","NK","NAO","27.3.D.30",NA,"NGI",NA,NA,NA,"FRF","0.02","0",NA,"N"
"Sweden",2018,4,"VL40XX","TM","OTM","SPF","16D32","OTM_SPF_16-31_0_0",NA,"NK","NK","NAO","27.3.D.30",NA,"NGI",NA,NA,NA,"HER","345","80913.6017361319",NA,"N"
"Sweden",2018,4,"VL40XX","TM","OTM","SPF","16D32","OTM_SPF_16-31_0_0",NA,"NK","NK","NAO","27.3.D.30",NA,"NGI",NA,NA,NA,"SKB","1.3","304.8913925",NA,"N"
"Sweden",2018,4,"VL40XX","TM","OTM","SPF","16D32","OTM_SPF_16-31_0_0",NA,"NK","NK","NAO","27.3.D.30",NA,"NGI",NA,NA,NA,"SPR","2","469.0367184098",NA,"N"
"Sweden",2019,1,"VL0008","DFN","FPO","FWS",NA,"FPO_FWS_>0_0_0",NA,"NK","NK","NAO","27.3.D.30",NA,"NGI",NA,NA,NA,"FRO","0.204","0",NA,"N"
"Sweden",2019,1,"VL0008","DFN","GNS","FWS","16D32","GNS_FWS_>0_0_0",NA,"NK","NK","NAO","27.3.D.30",NA,"NGI",NA,NA,NA,"FBU","0.0035","0",NA,"N"
"Sweden",2019,1,"VL0008","FPO","GNS","FWS","32D90","GNS_FWS_>0_0_0",NA,"NK","NK","NAO","27.3.D.30",NA,"NGI",NA,NA,NA,"TRS","0.0048","22.3213237418",NA,"N"
"Sweden",2019,1,"VL0008","FPO","GNS","FWS","32D90","GNS_FWS_>0_0_0",NA,"NK","NK","NAO","27.3.D.30",NA,"NGI",NA,NA,NA,"WHF","0.014","59.4945793828",NA,"N"
"Sweden",2019,1,"VL0812","DFN","GNS","SPF","32D90","GNS_SPF_32-89_0_0",NA,"NK","NK","NAO","27.3.D.30",NA,"NGI",NA,NA,NA,"HER","1.598","1509.0847278359",NA,"N"
"Sweden",2019,1,"VL1218","DTS","OTM","SPF","16D32","OTM_SPF_16-31_0_0",NA,"NK","NK","NAO","27.3.D.30",NA,"NGI",NA,NA,NA,"GTA","0.8","138.5731059318",NA,"N"
"Sweden",2019,1,"VL1218","DTS","OTM","SPF","16D32","OTM_SPF_16-31_0_0",NA,"NK","NK","NAO","27.3.D.30",NA,"NGI",NA,NA,NA,"HER","394","68234.5892653714",NA,"N"
"Sweden",2019,1,"VL1218","DTS","OTM","SPF","16D32","OTM_SPF_16-31_0_0",NA,"NK","NK","NAO","27.3.D.30",NA,"NGI",NA,NA,NA,"SPR","2.3","398.0768855015",NA,"N"
"Sweden",2019,1,"VL2440","DTS","OTM","SPF","16D32","OTM_SPF_16-31_0_0",NA,"NK","NK","NAO","27.3.D.30",NA,"NGI",NA,NA,NA,"HER","1101.95","188319.95083604",NA,"N"
"Sweden",2019,1,"VL2440","DTS","OTM","SPF","16D32","OTM_SPF_16-31_0_0",NA,"NK","NK","NAO","27.3.D.30",NA,"NGI",NA,NA,NA,"SKB","82.1","14048.934492742",NA,"N"
"Sweden",2019,1,"VL2440","DTS","OTM","SPF","16D32","OTM_SPF_16-31_0_0",NA,"NK","NK","NAO","27.3.D.30",NA,"NGI",NA,NA,NA,"SPR","6.3","1071.274264569",NA,"N"
"Sweden",2019,1,"VL2440","DTS","OTM","SPF","16D32","OTM_SPF_16-31_0_0",NA,"NK","NK","NAO","27.3.D.30",NA,"NGI",NA,NA,NA,"TGQ","31.35","5324.709527894",NA,"N"
"Sweden",2019,1,"VL2440","TM","OTM","SPF","16D32","OTM_SPF_16-31_0_0",NA,"NK","NK","NAO","27.3.D.30",NA,"NGI",NA,NA,NA,"GTA","62.7","10784.8641903922",NA,"N"
"Sweden",2019,1,"VL2440","TM","OTM","SPF","16D32","OTM_SPF_16-31_0_0",NA,"NK","NK","NAO","27.3.D.30",NA,"NGI",NA,NA,NA,"HER","2758.5","475281.774401029",NA,"N"
"Sweden",2019,1,"VL2440","TM","OTM","SPF","16D32","OTM_SPF_16-31_0_0",NA,"NK","NK","NAO","27.3.D.30",NA,"NGI",NA,NA,NA,"SPR","1.92","332.1963445198",NA,"N"
"Sweden",2019,1,"VL2440","TM","OTM","SPF","16D32","OTM_SPF_16-31_0_0",NA,"NK","NK","NAO","27.3.D.30",NA,"NGI",NA,NA,NA,"TGQ","10.67","1833.3276266506",NA,"N"
"Sweden",2019,1,"VL40XX","TM","OTM","SPF","16D32","OTM_SPF_16-31_0_0",NA,"NK","NK","NAO","27.3.D.30",NA,"NGI",NA,NA,NA,"GTA","2.5","430.7879726514",NA,"N"
"Sweden",2019,1,"VL40XX","TM","OTM","SPF","16D32","OTM_SPF_16-31_0_0",NA,"NK","NK","NAO","27.3.D.30",NA,"NGI",NA,NA,NA,"HER","660","113728.026285863",NA,"N"
"Sweden",2019,1,"VL40XX","TM","OTM","SPF","16D32","OTM_SPF_16-31_0_0",NA,"NK","NK","NAO","27.3.D.30",NA,"NGI",NA,NA,NA,"SPR","11.3","1947.1622531422",NA,"N"
"Sweden",2019,2,"VL0008","DFN","FPN","ANA","NK","FPN_ANA_>0_0_0",NA,"NK","NK","NAO","27.3.D.30",NA,"NGI",NA,NA,NA,"SAL","7.1173","28973.8710250232",NA,"N"
"Sweden",2019,2,"VL0008","DFN","FPN","ANA","NK","FPN_ANA_>0_0_0",NA,"NK","NK","NAO","27.3.D.30",NA,"NGI",NA,NA,NA,"TRS","0.6199","2532.9667442229",NA,"N"
"Sweden",2019,2,"VL0008","DFN","FPN","ANA","NK","FPN_ANA_>0_0_0",NA,"NK","NK","NAO","27.3.D.30",NA,"NGI",NA,NA,NA,"WHF","1.2769","3725.0034018618",NA,"N"
"Sweden",2019,2,"VL0008","DFN","FYK","CAT","NK","FYK_CAT_>0_0_0",NA,"NK","NK","NAO","27.3.D.30",NA,"NGI",NA,NA,NA,"ELE","0.161","1459.1321799124",NA,"N"
"Sweden",2019,2,"VL0008","DFN","GNS","ANA","16D32","GNS_ANA_>0_0_0",NA,"NK","NK","NAO","27.3.D.30",NA,"NGI",NA,NA,NA,"WHF","0.002","5.8121785476",NA,"N"
"Sweden",2019,2,"VL0008","DFN","GNS","FWS","32D90","GNS_FWS_>0_0_0",NA,"NK","NK","NAO","27.3.D.30",NA,"NGI",NA,NA,NA,"FBU","0.003","0",NA,"N"
"Sweden",2019,2,"VL0008","DFN","GNS","FWS","32D90","GNS_FWS_>0_0_0",NA,"NK","NK","NAO","27.3.D.30",NA,"NGI",NA,NA,NA,"FPE","4.665","15732.700542668",NA,"N"
"Sweden",2019,2,"VL0008","DFN","GNS","FWS","32D90","GNS_FWS_>0_0_0",NA,"NK","NK","NAO","27.3.D.30",NA,"NGI",NA,NA,NA,"FPI","0.084","139.4739796083",NA,"N"
"Sweden",2019,2,"VL0008","DFN","GNS","FWS","32D90","GNS_FWS_>0_0_0",NA,"NK","NK","NAO","27.3.D.30",NA,"NGI",NA,NA,NA,"FRO","0.82","60.2039953647",NA,"N"
"Sweden",2019,2,"VL0008","DFN","GNS","FWS","32D90","GNS_FWS_>0_0_0",NA,"NK","NK","NAO","27.3.D.30",NA,"NGI",NA,NA,NA,"HER","0.279","267.2501796879",NA,"N"
"Sweden",2019,2,"VL0008","DFN","GNS","FWS","32D90","GNS_FWS_>0_0_0",NA,"NK","NK","NAO","27.3.D.30",NA,"NGI",NA,NA,NA,"SAL","0.045","193.1642187752",NA,"N"
"Sweden",2019,2,"VL0008","DFN","GNS","FWS","32D90","GNS_FWS_>0_0_0",NA,"NK","NK","NAO","27.3.D.30",NA,"NGI",NA,NA,NA,"TRS","0.3434","1596.9047026929",NA,"N"
"Sweden",2019,2,"VL0008","DFN","GNS","FWS","32D90","GNS_FWS_>0_0_0",NA,"NK","NK","NAO","27.3.D.30",NA,"NGI",NA,NA,NA,"WHF","4.157","13876.179280619",NA,"N"
"Sweden",2019,2,"VL0008","DFN","GNS","FWS","90D110","GNS_FWS_>0_0_0",NA,"NK","NK","NAO","27.3.D.30",NA,"NGI",NA,NA,NA,"FPE","0.67","2133.5169090863",NA,"N"
"Sweden",2019,2,"VL0008","DFN","GNS","FWS","90D110","GNS_FWS_>0_0_0",NA,"NK","NK","NAO","27.3.D.30",NA,"NGI",NA,NA,NA,"TRS","0.046","213.9126858587",NA,"N"
"Sweden",2019,2,"VL0008","DFN","GNS","FWS","90D110","GNS_FWS_>0_0_0",NA,"NK","NK","NAO","27.3.D.30",NA,"NGI",NA,NA,NA,"WHF","0.37","1197.4092439652",NA,"N"
"Sweden",2019,2,"VL0008","DFN","GNS","SPF","16D32","GNS_SPF_16-31_0_0",NA,"NK","NK","NAO","27.3.D.30",NA,"NGI",NA,NA,NA,"HER","17.44","16917.4123835384",NA,"N"
"Sweden",2019,2,"VL0008","DFN","GNS","SPF","16D32","GNS_SPF_16-31_0_0",NA,"NK","NK","NAO","27.3.D.30",NA,"NGI",NA,NA,NA,"SME","0.06","0",NA,"N"
"Sweden",2019,2,"VL0008","DFN","GNS","SPF","32D90","GNS_SPF_32-89_0_0",NA,"NK","NK","NAO","27.3.D.30",NA,"NGI",NA,NA,NA,"HER","45.349","44270.6324709046",NA,"N"
"Sweden",2019,2,"VL0008","DFN","GNS","SPF","32D90","GNS_SPF_32-89_0_0",NA,"NK","NK","NAO","27.3.D.30",NA,"NGI",NA,NA,NA,"WHF","0.28","946.6596230831",NA,"N"
"Sweden",2019,2,"VL0008","FPO","FPN","ANA","NK","FPN_ANA_>0_0_0",NA,"NK","NK","NAO","27.3.D.30",NA,"NGI",NA,NA,NA,"SAL","13.5103","61862.8201880745",NA,"N"
"Sweden",2019,2,"VL0008","FPO","FPN","ANA","NK","FPN_ANA_>0_0_0",NA,"NK","NK","NAO","27.3.D.30",NA,"NGI",NA,NA,NA,"TRS","0.2332","952.8760199271",NA,"N"
"Sweden",2019,2,"VL0008","FPO","FPN","ANA","NK","FPN_ANA_>0_0_0",NA,"NK","NK","NAO","27.3.D.30",NA,"NGI",NA,NA,NA,"WHF","0.6675","1944.3594914038",NA,"N"
"Sweden",2019,2,"VL0008","FPO","GNS","FWS","32D90","GNS_FWS_>0_0_0",NA,"NK","NK","NAO","27.3.D.30",NA,"NGI",NA,NA,NA,"FPE","0.188","574.6909232937",NA,"N"
"Sweden",2019,2,"VL0008","FPO","GNS","FWS","32D90","GNS_FWS_>0_0_0",NA,"NK","NK","NAO","27.3.D.30",NA,"NGI",NA,NA,NA,"FPI","0.024","44.952853865",NA,"N"
"Sweden",2019,2,"VL0008","FPO","GNS","FWS","32D90","GNS_FWS_>0_0_0",NA,"NK","NK","NAO","27.3.D.30",NA,"NGI",NA,NA,NA,"FPP","0.0017","10.4351603521",NA,"N"
"Sweden",2019,2,"VL0008","FPO","GNS","FWS","32D90","GNS_FWS_>0_0_0",NA,"NK","NK","NAO","27.3.D.30",NA,"NGI",NA,NA,NA,"HER","0.109","112.0173916464",NA,"N"
"Sweden",2019,2,"VL0008","FPO","GNS","FWS","32D90","GNS_FWS_>0_0_0",NA,"NK","NK","NAO","27.3.D.30",NA,"NGI",NA,NA,NA,"TRS","0.0737","342.7253249518",NA,"N"
"Sweden",2019,2,"VL0008","FPO","GNS","FWS","32D90","GNS_FWS_>0_0_0",NA,"NK","NK","NAO","27.3.D.30",NA,"NGI",NA,NA,NA,"WHF","0.434","1377.1965306952",NA,"N"
"Sweden",2019,2,"VL0008","FPO","GNS","FWS","90D110","GNS_FWS_>0_0_0",NA,"NK","NK","NAO","27.3.D.30",NA,"NGI",NA,NA,NA,"FPE","0.115","352.3178057637",NA,"N"
"Sweden",2019,2,"VL0008","FPO","GNS","FWS","90D110","GNS_FWS_>0_0_0",NA,"NK","NK","NAO","27.3.D.30",NA,"NGI",NA,NA,NA,"WHF","0.047","163.7734311661",NA,"N"
"Sweden",2019,2,"VL0008","FPO","GNS","SPF","32D90","GNS_SPF_32-89_0_0",NA,"NK","NK","NAO","27.3.D.30",NA,"NGI",NA,NA,NA,"HER","0.785","753.2717278365",NA,"N"
"Sweden",2019,2,"VL0008","FPO","GNS","SPF","32D90","GNS_SPF_32-89_0_0",NA,"NK","NK","NAO","27.3.D.30",NA,"NGI",NA,NA,NA,"WHF","0.025","87.113527216",NA,"N"
"Sweden",2019,2,"VL0008","NO","GNS","SPF","32D90","GNS_SPF_32-89_0_0",NA,"NK","NK","NAO","27.3.D.30",NA,"NGI",NA,NA,NA,"HER","0.7","617.4652982171",NA,"N"
"Sweden",2019,2,"VL0812","DFN","FPN","ANA","NK","FPN_ANA_>0_0_0",NA,"NK","NK","NAO","27.3.D.30",NA,"NGI",NA,NA,NA,"FPE","0.05","72.7380962845",NA,"N"
"Sweden",2019,2,"VL0812","DFN","FPN","ANA","NK","FPN_ANA_>0_0_0",NA,"NK","NK","NAO","27.3.D.30",NA,"NGI",NA,NA,NA,"SAL","0.076","307.4135131447",NA,"N"
"Sweden",2019,2,"VL0812","DFN","FPN","ANA","NK","FPN_ANA_>0_0_0",NA,"NK","NK","NAO","27.3.D.30",NA,"NGI",NA,NA,NA,"TRS","0.112","457.6419992789",NA,"N"
"Sweden",2019,2,"VL0812","DFN","FPN","ANA","NK","FPN_ANA_>0_0_0",NA,"NK","NK","NAO","27.3.D.30",NA,"NGI",NA,NA,NA,"WHF","0.015","43.7682994381",NA,"N"
"Sweden",2019,2,"VL0812","DFN","FPN","FWS","NK","FPN_FWS_>0_0_0",NA,"NK","NK","NAO","27.3.D.30",NA,"NGI",NA,NA,NA,"FPE","0.1","145.476192569",NA,"N"
"Sweden",2019,2,"VL0812","DFN","GNS","FWS","32D90","GNS_FWS_>0_0_0",NA,"NK","NK","NAO","27.3.D.30",NA,"NGI",NA,NA,NA,"FPE","0.256","823.8174771751",NA,"N"
"Sweden",2019,2,"VL0812","DFN","GNS","FWS","32D90","GNS_FWS_>0_0_0",NA,"NK","NK","NAO","27.3.D.30",NA,"NGI",NA,NA,NA,"TRR","0.002","8.4208438787",NA,"N"
"Sweden",2019,2,"VL0812","DFN","GNS","FWS","32D90","GNS_FWS_>0_0_0",NA,"NK","NK","NAO","27.3.D.30",NA,"NGI",NA,NA,NA,"TRS","0.016","74.4044124726",NA,"N"
"Sweden",2019,2,"VL0812","DFN","GNS","FWS","32D90","GNS_FWS_>0_0_0",NA,"NK","NK","NAO","27.3.D.30",NA,"NGI",NA,NA,NA,"WHF","1.1605","3790.2927144079",NA,"N"
"Sweden",2019,2,"VL0812","DFN","GNS","SPF","16D32","GNS_SPF_16-31_0_0",NA,"NK","NK","NAO","27.3.D.30",NA,"NGI",NA,NA,NA,"HER","4.71","4547.4610769936",NA,"N"
"Sweden",2019,2,"VL0812","DFN","GNS","SPF","32D90","GNS_SPF_32-89_0_0",NA,"NK","NK","NAO","27.3.D.30",NA,"NGI",NA,NA,NA,"HER","174.056","175060.107447263",NA,"N"
"Sweden",2019,2,"VL0812","DFN","OTB","SPF","32D90","OTB_SPF_32-89_0_0",NA,"NK","NK","NAO","27.3.D.30",NA,"NGI",NA,NA,NA,"HER","43.42","57519.7630842123",NA,"N"
"Sweden",2019,2,"VL1218","DFN","GNS","SPF","32D90","GNS_SPF_32-89_0_0",NA,"NK","NK","NAO","27.3.D.30",NA,"NGI",NA,NA,NA,"HER","76.49","82796.2395782014",NA,"N"
"Sweden",2019,2,"VL1218","DTS","GNS","SPF","32D90","GNS_SPF_32-89_0_0",NA,"NK","NK","NAO","27.3.D.30",NA,"NGI",NA,NA,NA,"HER","99.08","99089.6857175235",NA,"N"
"Sweden",2019,2,"VL1218","DTS","OTM","SPF","16D32","OTM_SPF_16-31_0_0",NA,"NK","NK","NAO","27.3.D.30",NA,"NGI",NA,NA,NA,"GTA","0.2","34.7684433196",NA,"N"
"Sweden",2019,2,"VL1218","DTS","OTM","SPF","16D32","OTM_SPF_16-31_0_0",NA,"NK","NK","NAO","27.3.D.30",NA,"NGI",NA,NA,NA,"HER","111","19289.4723190784",NA,"N"
"Sweden",2019,2,"VL1218","DTS","OTM","SPF","16D32","OTM_SPF_16-31_0_0",NA,"NK","NK","NAO","27.3.D.30",NA,"NGI",NA,NA,NA,"SPR","1","173.8677142749",NA,"N"
"Sweden",2019,2,"VL1218","DTS","PTB","SPF","32D90","PTB_SPF_32-89_0_0",NA,"NK","NK","NAO","27.3.D.30",NA,"NGI",NA,NA,NA,"HER","55.05","59784.9695916594",NA,"N"
"Sweden",2019,2,"VL2440","TM","OTM","SPF","16D32","OTM_SPF_16-31_0_0",NA,"NK","NK","NAO","27.3.D.30",NA,"NGI",NA,NA,NA,"GTA","63.79","10906.3141233937",NA,"N"
"Sweden",2019,2,"VL2440","TM","OTM","SPF","16D32","OTM_SPF_16-31_0_0",NA,"NK","NK","NAO","27.3.D.30",NA,"NGI",NA,NA,NA,"HER","3681.92","632165.413917014",NA,"N"
"Sweden",2019,2,"VL2440","TM","OTM","SPF","16D32","OTM_SPF_16-31_0_0",NA,"NK","NK","NAO","27.3.D.30",NA,"NGI",NA,NA,NA,"SAN","0.19","32.8476183281",NA,"N"
"Sweden",2019,2,"VL2440","TM","OTM","SPF","16D32","OTM_SPF_16-31_0_0",NA,"NK","NK","NAO","27.3.D.30",NA,"NGI",NA,NA,NA,"SPR","7.01","1195.0715583899",NA,"N"
"Sweden",2019,2,"VL2440","TM","OTM","SPF","16D32","OTM_SPF_16-31_0_0",NA,"NK","NK","NAO","27.3.D.30",NA,"NGI",NA,NA,NA,"TGQ","9.64","1627.7191963238",NA,"N"
"Sweden",2019,2,"VL40XX","TM","OTM","SPF","16D32","OTM_SPF_16-31_0_0",NA,"NK","NK","NAO","27.3.D.30",NA,"NGI",NA,NA,NA,"FRF","0.08","0",NA,"N"
"Sweden",2019,2,"VL40XX","TM","OTM","SPF","16D32","OTM_SPF_16-31_0_0",NA,"NK","NK","NAO","27.3.D.30",NA,"NGI",NA,NA,NA,"GTA","5.5","838.702297023",NA,"N"
"Sweden",2019,2,"VL40XX","TM","OTM","SPF","16D32","OTM_SPF_16-31_0_0",NA,"NK","NK","NAO","27.3.D.30",NA,"NGI",NA,NA,NA,"HER","3402","620859.42313138",NA,"N"
"Sweden",2019,2,"VL40XX","TM","OTM","SPF","16D32","OTM_SPF_16-31_0_0",NA,"NK","NK","NAO","27.3.D.30",NA,"NGI",NA,NA,NA,"SAN","0.6","125.7129905942",NA,"N"
"Sweden",2019,2,"VL40XX","TM","OTM","SPF","16D32","OTM_SPF_16-31_0_0",NA,"NK","NK","NAO","27.3.D.30",NA,"NGI",NA,NA,NA,"SKB","2","419.288262827",NA,"N"
"Sweden",2019,2,"VL40XX","TM","OTM","SPF","16D32","OTM_SPF_16-31_0_0",NA,"NK","NK","NAO","27.3.D.30",NA,"NGI",NA,NA,NA,"SPR","9.1","1751.9263442523",NA,"N"
"Sweden",2019,3,"VL0008","DFN","FPN","ANA","NK","FPN_ANA_>0_0_0",NA,"NK","NK","NAO","27.3.D.30",NA,"NGI",NA,NA,NA,"SAL","6.7946","27376.095718286",NA,"N"
"Sweden",2019,3,"VL0008","DFN","FPN","ANA","NK","FPN_ANA_>0_0_0",NA,"NK","NK","NAO","27.3.D.30",NA,"NGI",NA,NA,NA,"TRR","0.004","17.0373048551",NA,"N"
"Sweden",2019,3,"VL0008","DFN","FPN","ANA","NK","FPN_ANA_>0_0_0",NA,"NK","NK","NAO","27.3.D.30",NA,"NGI",NA,NA,NA,"TRS","0.8257","3465.4248303527",NA,"N"
"Sweden",2019,3,"VL0008","DFN","FPN","ANA","NK","FPN_ANA_>0_0_0",NA,"NK","NK","NAO","27.3.D.30",NA,"NGI",NA,NA,NA,"WHF","1.1985","3716.3292082918",NA,"N"
"Sweden",2019,3,"VL0008","DFN","FPN","FWS","NK","FPN_FWS_>0_0_0",NA,"NK","NK","NAO","27.3.D.30",NA,"NGI",NA,NA,NA,"FPE","0.19","280.4770110459",NA,"N"
"Sweden",2019,3,"VL0008","DFN","FYK","CAT","NK","FYK_CAT_>0_0_0",NA,"NK","NK","NAO","27.3.D.30",NA,"NGI",NA,NA,NA,"ELE","0.388","3516.417924261",NA,"N"
"Sweden",2019,3,"VL0008","DFN","GNS","FWS","110D157","GNS_FWS_>0_0_0",NA,"NK","NK","NAO","27.3.D.30",NA,"NGI",NA,NA,NA,"FPE","0.001","3.754592929",NA,"N"
"Sweden",2019,3,"VL0008","DFN","GNS","FWS","110D157","GNS_FWS_>0_0_0",NA,"NK","NK","NAO","27.3.D.30",NA,"NGI",NA,NA,NA,"FPI","0.01","23.7349475625",NA,"N"
"Sweden",2019,3,"VL0008","DFN","GNS","FWS","32D90","GNS_FWS_>0_0_0",NA,"NK","NK","NAO","27.3.D.30",NA,"NGI",NA,NA,NA,"FPE","13.0676","50857.7405263781",NA,"N"
"Sweden",2019,3,"VL0008","DFN","GNS","FWS","32D90","GNS_FWS_>0_0_0",NA,"NK","NK","NAO","27.3.D.30",NA,"NGI",NA,NA,NA,"FPI","0.063","109.8152776004",NA,"N"
"Sweden",2019,3,"VL0008","DFN","GNS","FWS","32D90","GNS_FWS_>0_0_0",NA,"NK","NK","NAO","27.3.D.30",NA,"NGI",NA,NA,NA,"FRO","1.04","76.3562868041",NA,"N"
"Sweden",2019,3,"VL0008","DFN","GNS","FWS","32D90","GNS_FWS_>0_0_0",NA,"NK","NK","NAO","27.3.D.30",NA,"NGI",NA,NA,NA,"HER","0.265","448.4692169907",NA,"N"
"Sweden",2019,3,"VL0008","DFN","GNS","FWS","32D90","GNS_FWS_>0_0_0",NA,"NK","NK","NAO","27.3.D.30",NA,"NGI",NA,NA,NA,"SAL","0.048","206.0418333602",NA,"N"
"Sweden",2019,3,"VL0008","DFN","GNS","FWS","32D90","GNS_FWS_>0_0_0",NA,"NK","NK","NAO","27.3.D.30",NA,"NGI",NA,NA,NA,"TRS","0.5493","2554.3964856994",NA,"N"
"Sweden",2019,3,"VL0008","DFN","GNS","FWS","32D90","GNS_FWS_>0_0_0",NA,"NK","NK","NAO","27.3.D.30",NA,"NGI",NA,NA,NA,"WHF","4.6303","14467.4829223374",NA,"N"
"Sweden",2019,3,"VL0008","DFN","GNS","FWS","90D110","GNS_FWS_>0_0_0",NA,"NK","NK","NAO","27.3.D.30",NA,"NGI",NA,NA,NA,"FPE","1.712","6773.1471185415",NA,"N"
"Sweden",2019,3,"VL0008","DFN","GNS","FWS","90D110","GNS_FWS_>0_0_0",NA,"NK","NK","NAO","27.3.D.30",NA,"NGI",NA,NA,NA,"TRS","0.056","260.415443654",NA,"N"
"Sweden",2019,3,"VL0008","DFN","GNS","FWS","90D110","GNS_FWS_>0_0_0",NA,"NK","NK","NAO","27.3.D.30",NA,"NGI",NA,NA,NA,"WHF","0.913","2926.9354529892",NA,"N"
"Sweden",2019,3,"VL0008","DFN","GNS","SPF","16D32","GNS_SPF_16-31_0_0",NA,"NK","NK","NAO","27.3.D.30",NA,"NGI",NA,NA,NA,"HER","16.03","26104.0135378535",NA,"N"
"Sweden",2019,3,"VL0008","DFN","GNS","SPF","32D90","GNS_SPF_32-89_0_0",NA,"NK","NK","NAO","27.3.D.30",NA,"NGI",NA,NA,NA,"HER","20.1322","33167.2849651993",NA,"N"
"Sweden",2019,3,"VL0008","DFN","GNS","SPF","32D90","GNS_SPF_32-89_0_0",NA,"NK","NK","NAO","27.3.D.30",NA,"NGI",NA,NA,NA,"WHF","0.115","372.496995821",NA,"N"
"Sweden",2019,3,"VL0008","FPO","FPN","ANA","NK","FPN_ANA_>0_0_0",NA,"NK","NK","NAO","27.3.D.30",NA,"NGI",NA,NA,NA,"SAL","6.4616","27163.4630303773",NA,"N"
"Sweden",2019,3,"VL0008","FPO","FPN","ANA","NK","FPN_ANA_>0_0_0",NA,"NK","NK","NAO","27.3.D.30",NA,"NGI",NA,NA,NA,"TRR","0.006","25.4976768783",NA,"N"
"Sweden",2019,3,"VL0008","FPO","FPN","ANA","NK","FPN_ANA_>0_0_0",NA,"NK","NK","NAO","27.3.D.30",NA,"NGI",NA,NA,NA,"TRS","0.3992","1644.1546622526",NA,"N"
"Sweden",2019,3,"VL0008","FPO","FPN","ANA","NK","FPN_ANA_>0_0_0",NA,"NK","NK","NAO","27.3.D.30",NA,"NGI",NA,NA,NA,"WHF","0.5452","1623.0512135753",NA,"N"
"Sweden",2019,3,"VL0008","FPO","GNS","FWS","32D90","GNS_FWS_>0_0_0",NA,"NK","NK","NAO","27.3.D.30",NA,"NGI",NA,NA,NA,"FBU","0.004","0",NA,"N"
"Sweden",2019,3,"VL0008","FPO","GNS","FWS","32D90","GNS_FWS_>0_0_0",NA,"NK","NK","NAO","27.3.D.30",NA,"NGI",NA,NA,NA,"FPE","2.229","9845.6859911948",NA,"N"
"Sweden",2019,3,"VL0008","FPO","GNS","FWS","32D90","GNS_FWS_>0_0_0",NA,"NK","NK","NAO","27.3.D.30",NA,"NGI",NA,NA,NA,"FPI","0.004","9.493979025",NA,"N"
"Sweden",2019,3,"VL0008","FPO","GNS","FWS","32D90","GNS_FWS_>0_0_0",NA,"NK","NK","NAO","27.3.D.30",NA,"NGI",NA,NA,NA,"FPP","0.0528","324.1038038756",NA,"N"
"Sweden",2019,3,"VL0008","FPO","GNS","FWS","32D90","GNS_FWS_>0_0_0",NA,"NK","NK","NAO","27.3.D.30",NA,"NGI",NA,NA,NA,"HER","0.012","18.4757499011",NA,"N"
"Sweden",2019,3,"VL0008","FPO","GNS","FWS","32D90","GNS_FWS_>0_0_0",NA,"NK","NK","NAO","27.3.D.30",NA,"NGI",NA,NA,NA,"TRS","0.065","302.2679256699",NA,"N"
"Sweden",2019,3,"VL0008","FPO","GNS","FWS","32D90","GNS_FWS_>0_0_0",NA,"NK","NK","NAO","27.3.D.30",NA,"NGI",NA,NA,NA,"WHF","0.661","2168.4021310732",NA,"N"
"Sweden",2019,3,"VL0008","FPO","GNS","FWS","90D110","GNS_FWS_>0_0_0",NA,"NK","NK","NAO","27.3.D.30",NA,"NGI",NA,NA,NA,"FPE","0.784","3342.3903935132",NA,"N"
"Sweden",2019,3,"VL0008","FPO","GNS","FWS","90D110","GNS_FWS_>0_0_0",NA,"NK","NK","NAO","27.3.D.30",NA,"NGI",NA,NA,NA,"HER","0.055","103.8794243191",NA,"N"
"Sweden",2019,3,"VL0008","FPO","GNS","FWS","90D110","GNS_FWS_>0_0_0",NA,"NK","NK","NAO","27.3.D.30",NA,"NGI",NA,NA,NA,"TRS","0.006","27.9016546772",NA,"N"
"Sweden",2019,3,"VL0008","FPO","GNS","FWS","90D110","GNS_FWS_>0_0_0",NA,"NK","NK","NAO","27.3.D.30",NA,"NGI",NA,NA,NA,"WHF","0.061","208.1150862124",NA,"N"
"Sweden",2019,3,"VL0008","FPO","GNS","SPF","32D90","GNS_SPF_32-89_0_0",NA,"NK","NK","NAO","27.3.D.30",NA,"NGI",NA,NA,NA,"HER","0.309","507.6790247311",NA,"N"
"Sweden",2019,3,"VL0812","DFN","FPN","ANA","NK","FPN_ANA_>0_0_0",NA,"NK","NK","NAO","27.3.D.30",NA,"NGI",NA,NA,NA,"FPE","0.05","74.58944461",NA,"N"
"Sweden",2019,3,"VL0812","DFN","FPN","ANA","NK","FPN_ANA_>0_0_0",NA,"NK","NK","NAO","27.3.D.30",NA,"NGI",NA,NA,NA,"SAL","0.135","547.8516697393",NA,"N"
"Sweden",2019,3,"VL0812","DFN","FPN","ANA","NK","FPN_ANA_>0_0_0",NA,"NK","NK","NAO","27.3.D.30",NA,"NGI",NA,NA,NA,"TRS","0.0875","360.3795915509",NA,"N"
"Sweden",2019,3,"VL0812","DFN","FPN","ANA","NK","FPN_ANA_>0_0_0",NA,"NK","NK","NAO","27.3.D.30",NA,"NGI",NA,NA,NA,"WHF","0.034","104.6249862825",NA,"N"
"Sweden",2019,3,"VL0812","DFN","FYK","CAT","NK","FYK_CAT_>0_0_0",NA,"NK","NK","NAO","27.3.D.30",NA,"NGI",NA,NA,NA,"ELE","0.067","607.2164972306",NA,"N"
"Sweden",2019,3,"VL0812","DFN","GNS","DEF","110D157","GNS_DEF_110-156_0_0",NA,"NK","NK","NAO","27.3.D.30",NA,"NGI",NA,NA,NA,"COD","0.04","58.1143632555",NA,"N"
"Sweden",2019,3,"VL0812","DFN","GNS","FWS","32D90","GNS_FWS_>0_0_0",NA,"NK","NK","NAO","27.3.D.30",NA,"NGI",NA,NA,NA,"FPE","0.765","3021.1045267587",NA,"N"
"Sweden",2019,3,"VL0812","DFN","GNS","FWS","32D90","GNS_FWS_>0_0_0",NA,"NK","NK","NAO","27.3.D.30",NA,"NGI",NA,NA,NA,"FPI","0.07","123.877074996",NA,"N"
"Sweden",2019,3,"VL0812","DFN","GNS","FWS","32D90","GNS_FWS_>0_0_0",NA,"NK","NK","NAO","27.3.D.30",NA,"NGI",NA,NA,NA,"TRS","0.044","204.6121342996",NA,"N"
"Sweden",2019,3,"VL0812","DFN","GNS","FWS","32D90","GNS_FWS_>0_0_0",NA,"NK","NK","NAO","27.3.D.30",NA,"NGI",NA,NA,NA,"WHF","0.805","2591.7095346018",NA,"N"
"Sweden",2019,3,"VL0812","DFN","GNS","FWS","90D110","GNS_FWS_>0_0_0",NA,"NK","NK","NAO","27.3.D.30",NA,"NGI",NA,NA,NA,"FPE","0.41","1781.1081911718",NA,"N"
"Sweden",2019,3,"VL0812","DFN","GNS","SPF","16D32","GNS_SPF_16-31_0_0",NA,"NK","NK","NAO","27.3.D.30",NA,"NGI",NA,NA,NA,"HER","2.08","3199.0140898274",NA,"N"
"Sweden",2019,3,"VL0812","DFN","GNS","SPF","32D90","GNS_SPF_32-89_0_0",NA,"NK","NK","NAO","27.3.D.30",NA,"NGI",NA,NA,NA,"HER","40.081","64625.0260247606",NA,"N"
"Sweden",2019,3,"VL0812","DFN","SB","FIF","32D90","SB_FIF_>0_0_0",NA,"NK","NK","NAO","27.3.D.30",NA,"NGI",NA,NA,NA,"HER","0.15","162.9018245004",NA,"N"
"Sweden",2019,3,"VL0812","DFN","SSC","DEF","32D90","SSC_DEF_32-89_0_0",NA,"NK","NK","NAO","27.3.D.30",NA,"NGI",NA,NA,NA,"HER","0.02","21.7202432667",NA,"N"
"Sweden",2019,3,"VL2440","TM","OTM","SPF","16D32","OTM_SPF_16-31_0_0",NA,"NK","NK","NAO","27.3.D.30",NA,"NGI",NA,NA,NA,"GTA","32.85","5786.5909060749",NA,"N"
"Sweden",2019,3,"VL2440","TM","OTM","SPF","16D32","OTM_SPF_16-31_0_0",NA,"NK","NK","NAO","27.3.D.30",NA,"NGI",NA,NA,NA,"HER","1340.57","237812.802562995",NA,"N"
"Sweden",2019,3,"VL2440","TM","OTM","SPF","16D32","OTM_SPF_16-31_0_0",NA,"NK","NK","NAO","27.3.D.30",NA,"NGI",NA,NA,NA,"SPR","0.64","113.4961678587",NA,"N"
"Sweden",2019,3,"VL2440","TM","OTM","SPF","16D32","OTM_SPF_16-31_0_0",NA,"NK","NK","NAO","27.3.D.30",NA,"NGI",NA,NA,NA,"TGQ","1.035","171.7566493563",NA,"N"
"Sweden",2019,4,"VL0008","DFN","FPO","FWS",NA,"FPO_FWS_>0_0_0",NA,"NK","NK","NAO","27.3.D.30",NA,"NGI",NA,NA,NA,"FRO","0.032","0",NA,"N"
"Sweden",2019,4,"VL0008","DFN","GNS","FWS","110D157","GNS_FWS_>0_0_0",NA,"NK","NK","NAO","27.3.D.30",NA,"NGI",NA,NA,NA,"FBU","0.03","0",NA,"N"
"Sweden",2019,4,"VL0008","DFN","GNS","FWS","110D157","GNS_FWS_>0_0_0",NA,"NK","NK","NAO","27.3.D.30",NA,"NGI",NA,NA,NA,"FPE","0.02","76.0323385076",NA,"N"
"Sweden",2019,4,"VL0008","DFN","GNS","FWS","110D157","GNS_FWS_>0_0_0",NA,"NK","NK","NAO","27.3.D.30",NA,"NGI",NA,NA,NA,"FPI","0.181","350.0900575601",NA,"N"
"Sweden",2019,4,"VL0008","DFN","GNS","FWS","110D157","GNS_FWS_>0_0_0",NA,"NK","NK","NAO","27.3.D.30",NA,"NGI",NA,NA,NA,"FRO","0.004","0.2936780262",NA,"N"
"Sweden",2019,4,"VL0008","DFN","GNS","FWS","110D157","GNS_FWS_>0_0_0",NA,"NK","NK","NAO","27.3.D.30",NA,"NGI",NA,NA,NA,"TRS","0.008","37.2022062363",NA,"N"
"Sweden",2019,4,"VL0008","DFN","GNS","FWS","110D157","GNS_FWS_>0_0_0",NA,"NK","NK","NAO","27.3.D.30",NA,"NGI",NA,NA,NA,"WHF","0.003","11.1527833234",NA,"N"
"Sweden",2019,4,"VL0008","DFN","GNS","FWS","32D90","GNS_FWS_>0_0_0",NA,"NK","NK","NAO","27.3.D.30",NA,"NGI",NA,NA,NA,"ACH","0.001","0",NA,"N"
"Sweden",2019,4,"VL0008","DFN","GNS","FWS","32D90","GNS_FWS_>0_0_0",NA,"NK","NK","NAO","27.3.D.30",NA,"NGI",NA,NA,NA,"FBU","0.007","0",NA,"N"
"Sweden",2019,4,"VL0008","DFN","GNS","FWS","32D90","GNS_FWS_>0_0_0",NA,"NK","NK","NAO","27.3.D.30",NA,"NGI",NA,NA,NA,"FPE","0.864","3276.9309130608",NA,"N"
"Sweden",2019,4,"VL0008","DFN","GNS","FWS","32D90","GNS_FWS_>0_0_0",NA,"NK","NK","NAO","27.3.D.30",NA,"NGI",NA,NA,NA,"FPI","0.066","119.6336304434",NA,"N"
"Sweden",2019,4,"VL0008","DFN","GNS","FWS","32D90","GNS_FWS_>0_0_0",NA,"NK","NK","NAO","27.3.D.30",NA,"NGI",NA,NA,NA,"FRO","0.118","8.663501772",NA,"N"
"Sweden",2019,4,"VL0008","DFN","GNS","FWS","32D90","GNS_FWS_>0_0_0",NA,"NK","NK","NAO","27.3.D.30",NA,"NGI",NA,NA,NA,"FVE","0.05","377.7433611604",NA,"N"
"Sweden",2019,4,"VL0008","DFN","GNS","FWS","32D90","GNS_FWS_>0_0_0",NA,"NK","NK","NAO","27.3.D.30",NA,"NGI",NA,NA,NA,"HER","0.25","290.4745266066",NA,"N"
"Sweden",2019,4,"VL0008","DFN","GNS","FWS","32D90","GNS_FWS_>0_0_0",NA,"NK","NK","NAO","27.3.D.30",NA,"NGI",NA,NA,NA,"TRS","0.3568","1659.2183981386",NA,"N"
"Sweden",2019,4,"VL0008","DFN","GNS","FWS","32D90","GNS_FWS_>0_0_0",NA,"NK","NK","NAO","27.3.D.30",NA,"NGI",NA,NA,NA,"WHF","0.8069","2899.1557033931",NA,"N"
"Sweden",2019,4,"VL0008","DFN","GNS","FWS","90D110","GNS_FWS_>0_0_0",NA,"NK","NK","NAO","27.3.D.30",NA,"NGI",NA,NA,NA,"FPE","0.09","342.1455232841",NA,"N"
"Sweden",2019,4,"VL0008","DFN","GNS","FWS","90D110","GNS_FWS_>0_0_0",NA,"NK","NK","NAO","27.3.D.30",NA,"NGI",NA,NA,NA,"TRS","0.016","74.4044124726",NA,"N"
"Sweden",2019,4,"VL0008","DFN","GNS","FWS","90D110","GNS_FWS_>0_0_0",NA,"NK","NK","NAO","27.3.D.30",NA,"NGI",NA,NA,NA,"WHF","0.13","483.2872773477",NA,"N"
"Sweden",2019,4,"VL0008","DFN","GNS","SPF","16D32","GNS_SPF_16-31_0_0",NA,"NK","NK","NAO","27.3.D.30",NA,"NGI",NA,NA,NA,"HER","8.47","19354.2881965992",NA,"N"
"Sweden",2019,4,"VL0008","DFN","GNS","SPF","32D90","GNS_SPF_32-89_0_0",NA,"NK","NK","NAO","27.3.D.30",NA,"NGI",NA,NA,NA,"HER","2.72","4882.1896028838",NA,"N"
"Sweden",2019,4,"VL0008","FPO","FPN","ANA","NK","FPN_ANA_>0_0_0",NA,"NK","NK","NAO","27.3.D.30",NA,"NGI",NA,NA,NA,"TRS","0.003","12.3418534068",NA,"N"
"Sweden",2019,4,"VL0008","FPO","FPN","ANA","NK","FPN_ANA_>0_0_0",NA,"NK","NK","NAO","27.3.D.30",NA,"NGI",NA,NA,NA,"WHF","0.102","282.2464318364",NA,"N"
"Sweden",2019,4,"VL0008","FPO","GNS","ANA","157DXX","GNS_ANA_>=157_0_0",NA,"NK","NK","NAO","27.3.D.30",NA,"NGI",NA,NA,NA,"TRS","0.127","590.5850240011",NA,"N"
"Sweden",2019,4,"VL0008","FPO","GNS","ANA","157DXX","GNS_ANA_>=157_0_0",NA,"NK","NK","NAO","27.3.D.30",NA,"NGI",NA,NA,NA,"WHF","0.02","74.3518888227",NA,"N"
"Sweden",2019,4,"VL0008","FPO","GNS","ANA","32D90","GNS_ANA_>0_0_0",NA,"NK","NK","NAO","27.3.D.30",NA,"NGI",NA,NA,NA,"TRS","0.038","176.7104796224",NA,"N"
"Sweden",2019,4,"VL0008","FPO","GNS","FWS","32D90","GNS_FWS_>0_0_0",NA,"NK","NK","NAO","27.3.D.30",NA,"NGI",NA,NA,NA,"FPE","0.055","208.6294479341",NA,"N"
"Sweden",2019,4,"VL0008","FPO","GNS","FWS","32D90","GNS_FWS_>0_0_0",NA,"NK","NK","NAO","27.3.D.30",NA,"NGI",NA,NA,NA,"FPP","0.0081","49.7204699127",NA,"N"
"Sweden",2019,4,"VL0008","FPO","GNS","FWS","32D90","GNS_FWS_>0_0_0",NA,"NK","NK","NAO","27.3.D.30",NA,"NGI",NA,NA,NA,"TRS","0.1553","722.187828562",NA,"N"
"Sweden",2019,4,"VL0008","FPO","GNS","FWS","32D90","GNS_FWS_>0_0_0",NA,"NK","NK","NAO","27.3.D.30",NA,"NGI",NA,NA,NA,"WHF","0.488","1769.659287737",NA,"N"
"Sweden",2019,4,"VL0008","FPO","GNS","FWS","90D110","GNS_FWS_>0_0_0",NA,"NK","NK","NAO","27.3.D.30",NA,"NGI",NA,NA,NA,"TRS","0.032","148.8088249452",NA,"N"
"Sweden",2019,4,"VL0008","FPO","GNS","FWS","90D110","GNS_FWS_>0_0_0",NA,"NK","NK","NAO","27.3.D.30",NA,"NGI",NA,NA,NA,"WHF","0.06","196.5783104086",NA,"N"
"Sweden",2019,4,"VL0008","FPO","GNS","SPF","32D90","GNS_SPF_32-89_0_0",NA,"NK","NK","NAO","27.3.D.30",NA,"NGI",NA,NA,NA,"HER","0.078","90.6280523013",NA,"N"
"Sweden",2019,4,"VL0008","PGP","FYK","FWS","NK","FYK_FWS_>0_0_0",NA,"NK","NK","NAO","27.3.D.30",NA,"NGI",NA,NA,NA,"FPI","0.075","131.1476532561",NA,"N"
"Sweden",2019,4,"VL0008","PGP","GNS","FWS","90D110","GNS_FWS_>0_0_0",NA,"NK","NK","NAO","27.3.D.30",NA,"NGI",NA,NA,NA,"FPE","0.035","132.5729261128",NA,"N"
"Sweden",2019,4,"VL0008","PGP","GNS","FWS","90D110","GNS_FWS_>0_0_0",NA,"NK","NK","NAO","27.3.D.30",NA,"NGI",NA,NA,NA,"FPI","0.11","201.5663074569",NA,"N"
"Sweden",2019,4,"VL0008","PGP","GNS","FWS","90D110","GNS_FWS_>0_0_0",NA,"NK","NK","NAO","27.3.D.30",NA,"NGI",NA,NA,NA,"WHF","0.028","99.6797516752",NA,"N"
"Sweden",2019,4,"VL0812","DFN","GNS","DEF","110D157","GNS_DEF_110-156_0_0",NA,"NK","NK","NAO","27.3.D.30",NA,"NGI",NA,NA,NA,"FBM","0.325","162.4099711656",NA,"N"
"Sweden",2019,4,"VL0812","DFN","GNS","FWS","32D90","GNS_FWS_>0_0_0",NA,"NK","NK","NAO","27.3.D.30",NA,"NGI",NA,NA,NA,"WHF","0.015","55.763916617",NA,"N"
"Sweden",2019,4,"VL0812","DFN","GNS","FWS","90D110","GNS_FWS_>0_0_0",NA,"NK","NK","NAO","27.3.D.30",NA,"NGI",NA,NA,NA,"FPE","0.002","7.6032338508",NA,"N"
"Sweden",2019,4,"VL0812","DFN","GNS","FWS","90D110","GNS_FWS_>0_0_0",NA,"NK","NK","NAO","27.3.D.30",NA,"NGI",NA,NA,NA,"FPI","0.005","9.6709960652",NA,"N"
"Sweden",2019,4,"VL0812","DFN","GNS","FWS","90D110","GNS_FWS_>0_0_0",NA,"NK","NK","NAO","27.3.D.30",NA,"NGI",NA,NA,NA,"WHF","0.002","7.4351888823",NA,"N"
"Sweden",2019,4,"VL0812","DFN","GNS","SPF","16D32","GNS_SPF_16-31_0_0",NA,"NK","NK","NAO","27.3.D.30",NA,"NGI",NA,NA,NA,"HER","0.006","5.6661504174",NA,"N"
"Sweden",2019,4,"VL0812","DFN","GNS","SPF","32D90","GNS_SPF_32-89_0_0",NA,"NK","NK","NAO","27.3.D.30",NA,"NGI",NA,NA,NA,"HER","14.222","21111.3395184312",NA,"N"
"Sweden",2019,4,"VL0812","DFN","OTB","SPF","32D90","OTB_SPF_32-89_0_0",NA,"NK","NK","NAO","27.3.D.30",NA,"NGI",NA,NA,NA,"HER","26.85","13669.9319623148",NA,"N"
"Sweden",2019,4,"VL0812","DFN","SSC","DEF","16D32","SSC_DEF_16-31_0_0",NA,"NK","NK","NAO","27.3.D.30",NA,"NGI",NA,NA,NA,"HER","2.11","2291.4856646394",NA,"N"
"Sweden",2019,4,"VL0812","DFN","SSC","DEF","32D90","SSC_DEF_32-89_0_0",NA,"NK","NK","NAO","27.3.D.30",NA,"NGI",NA,NA,NA,"HER","0.36","390.964378801",NA,"N"
"Sweden",2019,4,"VL0812","DTS","OTB","SPF","32D90","OTB_SPF_32-89_0_0",NA,"NK","NK","NAO","27.3.D.30",NA,"NGI",NA,NA,NA,"HER","2.53","3583.8401390096",NA,"N"
"Sweden",2019,4,"VL2440","TM","OTM","SPF","16D32","OTM_SPF_16-31_0_0",NA,"NK","NK","NAO","27.3.D.30",NA,"NGI",NA,NA,NA,"GTA","12.87","2078.1374723401",NA,"N"
"Sweden",2019,4,"VL2440","TM","OTM","SPF","16D32","OTM_SPF_16-31_0_0",NA,"NK","NK","NAO","27.3.D.30",NA,"NGI",NA,NA,NA,"HER","1324.4","204437.735982605",NA,"N"
"Sweden",2019,4,"VL2440","TM","OTM","SPF","16D32","OTM_SPF_16-31_0_0",NA,"NK","NK","NAO","27.3.D.30",NA,"NGI",NA,NA,NA,"SPR","1.13","174.643549732",NA,"N"
"Sweden",2019,4,"VL2440","TM","OTM","SPF","16D32","OTM_SPF_16-31_0_0",NA,"NK","NK","NAO","27.3.D.30",NA,"NGI",NA,NA,NA,"TGQ","5.22","780.3852233817",NA,"N"
"Sweden",2020,1,"VL0008","DFN","FPO","FWS",NA,"FPO_FWS_>0_0_0",NA,"NK","NK","NAO","27.3.D.30",NA,"NGI",NA,NA,NA,"FRO","0.074","10.5848360304",NA,"N"
"Sweden",2020,1,"VL0008","DFN","GNS","ANA","90D110","GNS_ANA_90-109_0_0",NA,"NK","NK","NAO","27.3.D.30",NA,"NGI",NA,NA,NA,"TRS","0.027","139.0427875309",NA,"N"
"Sweden",2020,1,"VL0008","DFN","GNS","FWS","32D90","GNS_FWS_>0_0_0",NA,"NK","NK","NAO","27.3.D.30",NA,"NGI",NA,NA,NA,"FPE","0.133","507.309258394",NA,"N"
"Sweden",2020,1,"VL0008","DFN","GNS","FWS","32D90","GNS_FWS_>0_0_0",NA,"NK","NK","NAO","27.3.D.30",NA,"NGI",NA,NA,NA,"FPI","0.012","20.3686574423",NA,"N"
"Sweden",2020,1,"VL0008","DFN","GNS","FWS","32D90","GNS_FWS_>0_0_0",NA,"NK","NK","NAO","27.3.D.30",NA,"NGI",NA,NA,NA,"FRO","0.055","7.8671078604",NA,"N"
"Sweden",2020,1,"VL0008","DFN","GNS","FWS","32D90","GNS_FWS_>0_0_0",NA,"NK","NK","NAO","27.3.D.30",NA,"NGI",NA,NA,NA,"TRS","0.061","314.1388616057",NA,"N"
"Sweden",2020,1,"VL0008","DFN","GNS","FWS","32D90","GNS_FWS_>0_0_0",NA,"NK","NK","NAO","27.3.D.30",NA,"NGI",NA,NA,NA,"WHF","0.194","785.7133321255",NA,"N"
"Sweden",2020,1,"VL0008","DFN","GNS","SPF","16D32","GNS_SPF_16-31_0_0",NA,"NK","NK","NAO","27.3.D.30",NA,"NGI",NA,NA,NA,"HER","0.5","523.0625458915",NA,"N"
"Sweden",2020,1,"VL0008","DFN","GNS","SPF","32D90","GNS_SPF_32-89_0_0",NA,"NK","NK","NAO","27.3.D.30",NA,"NGI",NA,NA,NA,"FRO","0.008","1.1443065979",NA,"N"
"Sweden",2020,1,"VL0008","DFN","GNS","SPF","32D90","GNS_SPF_32-89_0_0",NA,"NK","NK","NAO","27.3.D.30",NA,"NGI",NA,NA,NA,"HER","1.07","1119.367484528",NA,"N"
"Sweden",2020,1,"VL0008","FPO","GNS","FWS","32D90","GNS_FWS_>0_0_0",NA,"NK","NK","NAO","27.3.D.30",NA,"NGI",NA,NA,NA,"FPE","0.0245","93.4517054936",NA,"N"
"Sweden",2020,1,"VL0008","FPO","GNS","FWS","32D90","GNS_FWS_>0_0_0",NA,"NK","NK","NAO","27.3.D.30",NA,"NGI",NA,NA,NA,"FPI","0.0032","5.4316419846",NA,"N"
"Sweden",2020,1,"VL0008","FPO","GNS","FWS","32D90","GNS_FWS_>0_0_0",NA,"NK","NK","NAO","27.3.D.30",NA,"NGI",NA,NA,NA,"FPP","0.0036","27.0628510399",NA,"N"
"Sweden",2020,1,"VL0008","FPO","GNS","FWS","32D90","GNS_FWS_>0_0_0",NA,"NK","NK","NAO","27.3.D.30",NA,"NGI",NA,NA,NA,"TRR","0.0019","0",NA,"N"
"Sweden",2020,1,"VL0008","FPO","GNS","FWS","32D90","GNS_FWS_>0_0_0",NA,"NK","NK","NAO","27.3.D.30",NA,"NGI",NA,NA,NA,"TRS","0.0662","340.9165895849",NA,"N"
"Sweden",2020,1,"VL0008","FPO","GNS","FWS","32D90","GNS_FWS_>0_0_0",NA,"NK","NK","NAO","27.3.D.30",NA,"NGI",NA,NA,NA,"WHF","0.0805","330.3355679098",NA,"N"
"Sweden",2020,1,"VL0008","PGP","FYK","FWS","NK","FYK_FWS_>0_0_0",NA,"NK","NK","NAO","27.3.D.30",NA,"NGI",NA,NA,NA,"FPE","0.02","40.0240304386",NA,"N"
"Sweden",2020,1,"VL0008","PGP","FYK","FWS","NK","FYK_FWS_>0_0_0",NA,"NK","NK","NAO","27.3.D.30",NA,"NGI",NA,NA,NA,"FPI","0.03","85.2146051665",NA,"N"
"Sweden",2020,1,"VL0008","PGP","FYK","FWS","NK","FYK_FWS_>0_0_0",NA,"NK","NK","NAO","27.3.D.30",NA,"NGI",NA,NA,NA,"FRO","0.12","17.1645989682",NA,"N"
"Sweden",2020,1,"VL0008","PGP","FYK","FWS","NK","FYK_FWS_>0_0_0",NA,"NK","NK","NAO","27.3.D.30",NA,"NGI",NA,NA,NA,"WHF","0.016","65.255037333",NA,"N"
"Sweden",2020,1,"VL0008","PGP","GNS","FWS","32D90","GNS_FWS_>0_0_0",NA,"NK","NK","NAO","27.3.D.30",NA,"NGI",NA,NA,NA,"FPE","0.015","57.2153298941",NA,"N"
"Sweden",2020,1,"VL0008","PGP","GNS","FWS","32D90","GNS_FWS_>0_0_0",NA,"NK","NK","NAO","27.3.D.30",NA,"NGI",NA,NA,NA,"FPI","0.025","42.4347030048",NA,"N"
"Sweden",2020,1,"VL0008","PGP","GNS","FWS","32D90","GNS_FWS_>0_0_0",NA,"NK","NK","NAO","27.3.D.30",NA,"NGI",NA,NA,NA,"FRO","0.05","7.1519162368",NA,"N"
"Sweden",2020,1,"VL0008","PGP","GNS","FWS","32D90","GNS_FWS_>0_0_0",NA,"NK","NK","NAO","27.3.D.30",NA,"NGI",NA,NA,NA,"TRS","0.002","10.2997129698",NA,"N"
"Sweden",2020,1,"VL0008","PGP","GNS","FWS","32D90","GNS_FWS_>0_0_0",NA,"NK","NK","NAO","27.3.D.30",NA,"NGI",NA,NA,NA,"WHF","0.007","30.0380481944",NA,"N"
"Sweden",2020,1,"VL0812","DFN","GNS","FWS","32D90","GNS_FWS_>0_0_0",NA,"NK","NK","NAO","27.3.D.30",NA,"NGI",NA,NA,NA,"TRS","0.001","5.1498564849",NA,"N"
"Sweden",2020,1,"VL0812","DFN","GNS","FWS","32D90","GNS_FWS_>0_0_0",NA,"NK","NK","NAO","27.3.D.30",NA,"NGI",NA,NA,NA,"WHF","0.023","93.8245587268",NA,"N"
"Sweden",2020,1,"VL0812","DFN","GNS","SPF","32D90","GNS_SPF_32-89_0_0",NA,"NK","NK","NAO","27.3.D.30",NA,"NGI",NA,NA,NA,"HER","10.821","11464.0904231563",NA,"N"
"Sweden",2020,1,"VL0812","DFN","OTB","SPF","32D90","OTB_SPF_32-89_0_0",NA,"NK","NK","NAO","27.3.D.30",NA,"NGI",NA,NA,NA,"HER","14.6","17314.9875754352",NA,"N"
"Sweden",2020,1,"VL1218","DTS","PTB","SPF","32D90","PTB_SPF_32-89_0_0",NA,"NK","NK","NAO","27.3.D.30",NA,"NGI",NA,NA,NA,"HER","9.1","9979.307122355",NA,"N"
"Sweden",2020,1,"VL1218","TM","OTM","SPF","16D32","OTM_SPF_16-31_0_0",NA,"NK","NK","NAO","27.3.D.30",NA,"NGI",NA,NA,NA,"HER","167","26183.1271992142",NA,"N"
"Sweden",2020,1,"VL1218","TM","OTM","SPF","16D32","OTM_SPF_16-31_0_0",NA,"NK","NK","NAO","27.3.D.30",NA,"NGI",NA,NA,NA,"SKB","0.295","45.5358692439",NA,"N"
"Sweden",2020,1,"VL1218","TM","OTM","SPF","16D32","OTM_SPF_16-31_0_0",NA,"NK","NK","NAO","27.3.D.30",NA,"NGI",NA,NA,NA,"SPR","0.375","53.6671212107",NA,"N"
"Sweden",2020,1,"VL1218","TM","OTM","SPF","16D32","OTM_SPF_16-31_0_0",NA,"NK","NK","NAO","27.3.D.30",NA,"NGI",NA,NA,NA,"TGQ","0.245","39.383028026",NA,"N"
"Sweden",2020,1,"VL2440","TM","OTM","SPF","16D32","OTM_SPF_16-31_0_0",NA,"NK","NK","NAO","27.3.D.30",NA,"NGI",NA,NA,NA,"GTA","35.09","5564.305636615",NA,"N"
"Sweden",2020,1,"VL2440","TM","OTM","SPF","16D32","OTM_SPF_16-31_0_0",NA,"NK","NK","NAO","27.3.D.30",NA,"NGI",NA,NA,NA,"HER","3647.25197","601955.672995318",NA,"N"
"Sweden",2020,1,"VL2440","TM","OTM","SPF","16D32","OTM_SPF_16-31_0_0",NA,"NK","NK","NAO","27.3.D.30",NA,"NGI",NA,NA,NA,"SPR","3.745","598.6190126541",NA,"N"
"Sweden",2020,1,"VL2440","TM","OTM","SPF","16D32","OTM_SPF_16-31_0_0",NA,"NK","NK","NAO","27.3.D.30",NA,"NGI",NA,NA,NA,"TGQ","7.237","1108.6110805288",NA,"N"
"Sweden",2020,1,"VL2440","TM","OTM","SPF","32D90","OTM_SPF_32-89_0_0",NA,"NK","NK","NAO","27.3.D.30",NA,"NGI",NA,NA,NA,"GTA","0.1","15.4164587313",NA,"N"
"Sweden",2020,1,"VL2440","TM","OTM","SPF","32D90","OTM_SPF_32-89_0_0",NA,"NK","NK","NAO","27.3.D.30",NA,"NGI",NA,NA,NA,"HER","50.00048","8054.526209389",NA,"N"
"Sweden",2020,1,"VL2440","TM","OTM","SPF","32D90","OTM_SPF_32-89_0_0",NA,"NK","NK","NAO","27.3.D.30",NA,"NGI",NA,NA,NA,"TGQ","0.005","0.8582299484",NA,"N"
"Sweden",2020,1,"VL40XX","TM","OTM","SPF","16D32","OTM_SPF_16-31_0_0",NA,"NK","NK","NAO","27.3.D.30",NA,"NGI",NA,NA,NA,"GTA","31.5","4522.7001821355",NA,"N"
"Sweden",2020,1,"VL40XX","TM","OTM","SPF","16D32","OTM_SPF_16-31_0_0",NA,"NK","NK","NAO","27.3.D.30",NA,"NGI",NA,NA,NA,"HER","2847.99797","478858.514117883",NA,"N"
"Sweden",2020,1,"VL40XX","TM","OTM","SPF","16D32","OTM_SPF_16-31_0_0",NA,"NK","NK","NAO","27.3.D.30",NA,"NGI",NA,NA,NA,"SPR","0.5","115.756148264",NA,"N"
"Sweden",2020,2,"VL0008","DFN","FPN","ANA","NK","FPN_ANA_>0_0_0",NA,"NK","NK","NAO","27.3.D.30",NA,"NGI",NA,NA,NA,"SAL","3.8593","12384.1930254513",NA,"N"
"Sweden",2020,2,"VL0008","DFN","FPN","ANA","NK","FPN_ANA_>0_0_0",NA,"NK","NK","NAO","27.3.D.30",NA,"NGI",NA,NA,NA,"TRS","0.4309","1670.7857571972",NA,"N"
"Sweden",2020,2,"VL0008","DFN","FPN","ANA","NK","FPN_ANA_>0_0_0",NA,"NK","NK","NAO","27.3.D.30",NA,"NGI",NA,NA,NA,"WHF","0.8555","3120.3324210667",NA,"N"
"Sweden",2020,2,"VL0008","DFN","FPN","FWS","NK","FPN_FWS_>0_0_0",NA,"NK","NK","NAO","27.3.D.30",NA,"NGI",NA,NA,NA,"FPE","0.1","200.1201521928",NA,"N"
"Sweden",2020,2,"VL0008","DFN","FYK","ANA","NK","FYK_ANA_>0_0_0",NA,"NK","NK","NAO","27.3.D.30",NA,"NGI",NA,NA,NA,"FPE","0.025","50.0300380482",NA,"N"
"Sweden",2020,2,"VL0008","DFN","FYK","ANA","NK","FYK_ANA_>0_0_0",NA,"NK","NK","NAO","27.3.D.30",NA,"NGI",NA,NA,NA,"WHF","0.015","61.2442427074",NA,"N"
"Sweden",2020,2,"VL0008","DFN","FYK","CAT","NK","FYK_CAT_>0_0_0",NA,"NK","NK","NAO","27.3.D.30",NA,"NGI",NA,NA,NA,"ELE","0.095","843.8116852775",NA,"N"
"Sweden",2020,2,"VL0008","DFN","GNS","ANA","157DXX","GNS_ANA_>=157_0_0",NA,"NK","NK","NAO","27.3.D.30",NA,"NGI",NA,NA,NA,"TRS","0.035","180.2473609429",NA,"N"
"Sweden",2020,2,"VL0008","DFN","GNS","FWS","32D90","GNS_FWS_>0_0_0",NA,"NK","NK","NAO","27.3.D.30",NA,"NGI",NA,NA,NA,"FPE","3.4279","13440.4684028341",NA,"N"
"Sweden",2020,2,"VL0008","DFN","GNS","FWS","32D90","GNS_FWS_>0_0_0",NA,"NK","NK","NAO","27.3.D.30",NA,"NGI",NA,NA,NA,"FPI","0.031","44.9177529633",NA,"N"
"Sweden",2020,2,"VL0008","DFN","GNS","FWS","32D90","GNS_FWS_>0_0_0",NA,"NK","NK","NAO","27.3.D.30",NA,"NGI",NA,NA,NA,"FRO","0.41","58.6457131414",NA,"N"
"Sweden",2020,2,"VL0008","DFN","GNS","FWS","32D90","GNS_FWS_>0_0_0",NA,"NK","NK","NAO","27.3.D.30",NA,"NGI",NA,NA,NA,"HER","0.058","60.1114745344",NA,"N"
"Sweden",2020,2,"VL0008","DFN","GNS","FWS","32D90","GNS_FWS_>0_0_0",NA,"NK","NK","NAO","27.3.D.30",NA,"NGI",NA,NA,NA,"TRS","0.3049","1570.1798468536",NA,"N"
"Sweden",2020,2,"VL0008","DFN","GNS","FWS","32D90","GNS_FWS_>0_0_0",NA,"NK","NK","NAO","27.3.D.30",NA,"NGI",NA,NA,NA,"WHF","5.858","21975.4260158105",NA,"N"
"Sweden",2020,2,"VL0008","DFN","GNS","FWS","90D110","GNS_FWS_>0_0_0",NA,"NK","NK","NAO","27.3.D.30",NA,"NGI",NA,NA,NA,"FPE","0.836","3276.6551918144",NA,"N"
"Sweden",2020,2,"VL0008","DFN","GNS","FWS","90D110","GNS_FWS_>0_0_0",NA,"NK","NK","NAO","27.3.D.30",NA,"NGI",NA,NA,NA,"TRS","0.07","360.4851859975",NA,"N"
"Sweden",2020,2,"VL0008","DFN","GNS","FWS","90D110","GNS_FWS_>0_0_0",NA,"NK","NK","NAO","27.3.D.30",NA,"NGI",NA,NA,NA,"WHF","0.79","2976.3414610888",NA,"N"
"Sweden",2020,2,"VL0008","DFN","GNS","SPF","16D32","GNS_SPF_16-31_0_0",NA,"NK","NK","NAO","27.3.D.30",NA,"NGI",NA,NA,NA,"HER","11.40004","11614.425891844",NA,"N"
"Sweden",2020,2,"VL0008","DFN","GNS","SPF","32D90","GNS_SPF_32-89_0_0",NA,"NK","NK","NAO","27.3.D.30",NA,"NGI",NA,NA,NA,"FPE","0.022","83.9158171779",NA,"N"
"Sweden",2020,2,"VL0008","DFN","GNS","SPF","32D90","GNS_SPF_32-89_0_0",NA,"NK","NK","NAO","27.3.D.30",NA,"NGI",NA,NA,NA,"HER","32.61","33239.7675150429",NA,"N"
"Sweden",2020,2,"VL0008","DFN","GNS","SPF","32D90","GNS_SPF_32-89_0_0",NA,"NK","NK","NAO","27.3.D.30",NA,"NGI",NA,NA,NA,"WHF","0.07","300.3804819438",NA,"N"
"Sweden",2020,2,"VL0008","FPO","FPN","ANA","NK","FPN_ANA_>0_0_0",NA,"NK","NK","NAO","27.3.D.30",NA,"NGI",NA,NA,NA,"SAL","18.221","71904.7870159345",NA,"N"
"Sweden",2020,2,"VL0008","FPO","FPN","ANA","NK","FPN_ANA_>0_0_0",NA,"NK","NK","NAO","27.3.D.30",NA,"NGI",NA,NA,NA,"TRS","0.2934","1142.2145193435",NA,"N"
"Sweden",2020,2,"VL0008","FPO","FPN","ANA","NK","FPN_ANA_>0_0_0",NA,"NK","NK","NAO","27.3.D.30",NA,"NGI",NA,NA,NA,"WHF","0.7092","2665.5650490622",NA,"N"
"Sweden",2020,2,"VL0008","FPO","FYK","ANA","NK","FYK_ANA_>0_0_0",NA,"NK","NK","NAO","27.3.D.30",NA,"NGI",NA,NA,NA,"SAL","0.072","227.0571295069",NA,"N"
"Sweden",2020,2,"VL0008","FPO","FYK","ANA","NK","FYK_ANA_>0_0_0",NA,"NK","NK","NAO","27.3.D.30",NA,"NGI",NA,NA,NA,"TRS","0.079","306.3156188315",NA,"N"
"Sweden",2020,2,"VL0008","FPO","FYK","ANA","NK","FYK_ANA_>0_0_0",NA,"NK","NK","NAO","27.3.D.30",NA,"NGI",NA,NA,NA,"WHF","0.065","236.4680976856",NA,"N"
"Sweden",2020,2,"VL0008","FPO","FYK","CAT","NK","FYK_CAT_>0_0_0",NA,"NK","NK","NAO","27.3.D.30",NA,"NGI",NA,NA,NA,"ELE","0.048","426.3495665939",NA,"N"
"Sweden",2020,2,"VL0008","FPO","GNS","FWS","32D90","GNS_FWS_>0_0_0",NA,"NK","NK","NAO","27.3.D.30",NA,"NGI",NA,NA,NA,"FPE","0.3938","1506.0648249688",NA,"N"
"Sweden",2020,2,"VL0008","FPO","GNS","FWS","32D90","GNS_FWS_>0_0_0",NA,"NK","NK","NAO","27.3.D.30",NA,"NGI",NA,NA,NA,"FPP","0.0049","36.8352293858",NA,"N"
"Sweden",2020,2,"VL0008","FPO","GNS","FWS","32D90","GNS_FWS_>0_0_0",NA,"NK","NK","NAO","27.3.D.30",NA,"NGI",NA,NA,NA,"HER","0.092","95.8833570141",NA,"N"
"Sweden",2020,2,"VL0008","FPO","GNS","FWS","32D90","GNS_FWS_>0_0_0",NA,"NK","NK","NAO","27.3.D.30",NA,"NGI",NA,NA,NA,"SAL","0.0102","53.0538682331",NA,"N"
"Sweden",2020,2,"VL0008","FPO","GNS","FWS","32D90","GNS_FWS_>0_0_0",NA,"NK","NK","NAO","27.3.D.30",NA,"NGI",NA,NA,NA,"TRS","0.2025","1042.8361639029",NA,"N"
"Sweden",2020,2,"VL0008","FPO","GNS","FWS","32D90","GNS_FWS_>0_0_0",NA,"NK","NK","NAO","27.3.D.30",NA,"NGI",NA,NA,NA,"WHF","0.7067","2788.2670430164",NA,"N"
"Sweden",2020,2,"VL0008","FPO","GNS","FWS","90D110","GNS_FWS_>0_0_0",NA,"NK","NK","NAO","27.3.D.30",NA,"NGI",NA,NA,NA,"FPE","0.307","1190.1646847912",NA,"N"
"Sweden",2020,2,"VL0008","FPO","GNS","FWS","90D110","GNS_FWS_>0_0_0",NA,"NK","NK","NAO","27.3.D.30",NA,"NGI",NA,NA,NA,"WHF","0.145","622.2167125979",NA,"N"
"Sweden",2020,2,"VL0008","FPO","GNS","SPF","16D32","GNS_SPF_16-31_0_0",NA,"NK","NK","NAO","27.3.D.30",NA,"NGI",NA,NA,NA,"HER","7","7232.5898519076",NA,"N"
"Sweden",2020,2,"VL0008","FPO","GNS","SPF","32D90","GNS_SPF_32-89_0_0",NA,"NK","NK","NAO","27.3.D.30",NA,"NGI",NA,NA,NA,"HER","10.21391","9939.489067104",NA,"N"
"Sweden",2020,2,"VL0008","PGP","FPN","ANA","NK","FPN_ANA_>0_0_0",NA,"NK","NK","NAO","27.3.D.30",NA,"NGI",NA,NA,NA,"TRS","0.013","50.4067056367",NA,"N"
"Sweden",2020,2,"VL0008","PGP","FYK","FWS","NK","FYK_FWS_>0_0_0",NA,"NK","NK","NAO","27.3.D.30",NA,"NGI",NA,NA,NA,"FBM","0.05","69.320186522",NA,"N"
"Sweden",2020,2,"VL0008","PGP","FYK","FWS","NK","FYK_FWS_>0_0_0",NA,"NK","NK","NAO","27.3.D.30",NA,"NGI",NA,NA,NA,"FPE","0.05","100.0600760964",NA,"N"
"Sweden",2020,2,"VL0008","PGP","FYK","FWS","NK","FYK_FWS_>0_0_0",NA,"NK","NK","NAO","27.3.D.30",NA,"NGI",NA,NA,NA,"FPI","0.1","284.045505259",NA,"N"
"Sweden",2020,2,"VL0008","PGP","FYK","FWS","NK","FYK_FWS_>0_0_0",NA,"NK","NK","NAO","27.3.D.30",NA,"NGI",NA,NA,NA,"WHF","0.01","37.779282329",NA,"N"
"Sweden",2020,2,"VL0008","PGP","GNS","FWS","90D110","GNS_FWS_>0_0_0",NA,"NK","NK","NAO","27.3.D.30",NA,"NGI",NA,NA,NA,"FBM","0.1","47.6794415784",NA,"N"
"Sweden",2020,2,"VL0008","PGP","GNS","FWS","90D110","GNS_FWS_>0_0_0",NA,"NK","NK","NAO","27.3.D.30",NA,"NGI",NA,NA,NA,"FPE","0.06","228.8613195762",NA,"N"
"Sweden",2020,2,"VL0008","PGP","GNS","FWS","90D110","GNS_FWS_>0_0_0",NA,"NK","NK","NAO","27.3.D.30",NA,"NGI",NA,NA,NA,"FPI","0.015","21.4557487103",NA,"N"
"Sweden",2020,2,"VL0812","DFN","FPN","ANA","NK","FPN_ANA_>0_0_0",NA,"NK","NK","NAO","27.3.D.30",NA,"NGI",NA,NA,NA,"SAL","0.051","160.8322923322",NA,"N"
"Sweden",2020,2,"VL0812","DFN","FPN","ANA","NK","FPN_ANA_>0_0_0",NA,"NK","NK","NAO","27.3.D.30",NA,"NGI",NA,NA,NA,"TRS","0.006","23.2647067238",NA,"N"
"Sweden",2020,2,"VL0812","DFN","FPN","ANA","NK","FPN_ANA_>0_0_0",NA,"NK","NK","NAO","27.3.D.30",NA,"NGI",NA,NA,NA,"WHF","0.005","18.1897069622",NA,"N"
"Sweden",2020,2,"VL0812","DFN","GNS","FWS","32D90","GNS_FWS_>0_0_0",NA,"NK","NK","NAO","27.3.D.30",NA,"NGI",NA,NA,NA,"FPE","0.556","2241.3342614931",NA,"N"
"Sweden",2020,2,"VL0812","DFN","GNS","FWS","32D90","GNS_FWS_>0_0_0",NA,"NK","NK","NAO","27.3.D.30",NA,"NGI",NA,NA,NA,"HER","0.002","2.0877743115",NA,"N"
"Sweden",2020,2,"VL0812","DFN","GNS","FWS","32D90","GNS_FWS_>0_0_0",NA,"NK","NK","NAO","27.3.D.30",NA,"NGI",NA,NA,NA,"TRS","0.0175","90.1217732938",NA,"N"
"Sweden",2020,2,"VL0812","DFN","GNS","FWS","32D90","GNS_FWS_>0_0_0",NA,"NK","NK","NAO","27.3.D.30",NA,"NGI",NA,NA,NA,"WHF","1.0755","4158.3283834923",NA,"N"
"Sweden",2020,2,"VL0812","DFN","GNS","SPF","16D32","GNS_SPF_16-31_0_0",NA,"NK","NK","NAO","27.3.D.30",NA,"NGI",NA,NA,NA,"HER","3.97","3982.4958173004",NA,"N"
"Sweden",2020,2,"VL0812","DFN","GNS","SPF","32D90","GNS_SPF_32-89_0_0",NA,"NK","NK","NAO","27.3.D.30",NA,"NGI",NA,NA,NA,"HER","113.14899","118131.46270638",NA,"N"
"Sweden",2020,2,"VL0812","DFN","OTB","SPF","32D90","OTB_SPF_32-89_0_0",NA,"NK","NK","NAO","27.3.D.30",NA,"NGI",NA,NA,NA,"HER","42.61007","39782.394762025",NA,"N"
"Sweden",2020,2,"VL0812","FPO","FPN","ANA","NK","FPN_ANA_>0_0_0",NA,"NK","NK","NAO","27.3.D.30",NA,"NGI",NA,NA,NA,"SAL","0.009","28.3826179828",NA,"N"
"Sweden",2020,2,"VL0812","FPO","FPN","ANA","NK","FPN_ANA_>0_0_0",NA,"NK","NK","NAO","27.3.D.30",NA,"NGI",NA,NA,NA,"TRS","0.026","100.8134112733",NA,"N"
"Sweden",2020,2,"VL0812","FPO","FPN","ANA","NK","FPN_ANA_>0_0_0",NA,"NK","NK","NAO","27.3.D.30",NA,"NGI",NA,NA,NA,"WHF","0.01","36.3803675131",NA,"N"
"Sweden",2020,2,"VL0812","FPO","GNS","FWS","32D90","GNS_FWS_>0_0_0",NA,"NK","NK","NAO","27.3.D.30",NA,"NGI",NA,NA,NA,"FBM","0.01","4.7679441578",NA,"N"
"Sweden",2020,2,"VL0812","FPO","GNS","FWS","32D90","GNS_FWS_>0_0_0",NA,"NK","NK","NAO","27.3.D.30",NA,"NGI",NA,NA,NA,"FPE","0.04","152.5742130508",NA,"N"
"Sweden",2020,2,"VL0812","FPO","GNS","FWS","32D90","GNS_FWS_>0_0_0",NA,"NK","NK","NAO","27.3.D.30",NA,"NGI",NA,NA,NA,"FPI","0.02","28.607664947",NA,"N"
"Sweden",2020,2,"VL0812","FPO","GNS","FWS","32D90","GNS_FWS_>0_0_0",NA,"NK","NK","NAO","27.3.D.30",NA,"NGI",NA,NA,NA,"TRS","0.003","15.4490926602",NA,"N"
"Sweden",2020,2,"VL0812","FPO","GNS","FWS","32D90","GNS_FWS_>0_0_0",NA,"NK","NK","NAO","27.3.D.30",NA,"NGI",NA,NA,NA,"WHF","0.01","42.9114974205",NA,"N"
"Sweden",2020,2,"VL0812","FPO","GNS","SPF","32D90","GNS_SPF_32-89_0_0",NA,"NK","NK","NAO","27.3.D.30",NA,"NGI",NA,NA,NA,"HER","1.05","1085.5845976332",NA,"N"
"Sweden",2020,2,"VL1218","DTS","GNS","SPF","16D32","GNS_SPF_16-31_0_0",NA,"NK","NK","NAO","27.3.D.30",NA,"NGI",NA,NA,NA,"HER","32.05","31012.8894218391",NA,"N"
"Sweden",2020,2,"VL1218","DTS","GNS","SPF","32D90","GNS_SPF_32-89_0_0",NA,"NK","NK","NAO","27.3.D.30",NA,"NGI",NA,NA,NA,"HER","133.80989","143651.688329026",NA,"N"
"Sweden",2020,2,"VL1218","DTS","PTB","SPF","32D90","PTB_SPF_32-89_0_0",NA,"NK","NK","NAO","27.3.D.30",NA,"NGI",NA,NA,NA,"HER","70.1","76873.5636568224",NA,"N"
"Sweden",2020,2,"VL1218","TM","OTM","SPF","16D32","OTM_SPF_16-31_0_0",NA,"NK","NK","NAO","27.3.D.30",NA,"NGI",NA,NA,NA,"HER","140","26410.3102024469",NA,"N"
"Sweden",2020,2,"VL1218","TM","OTM","SPF","16D32","OTM_SPF_16-31_0_0",NA,"NK","NK","NAO","27.3.D.30",NA,"NGI",NA,NA,NA,"SKB","0.22","41.6403635081",NA,"N"
"Sweden",2020,2,"VL1218","TM","OTM","SPF","16D32","OTM_SPF_16-31_0_0",NA,"NK","NK","NAO","27.3.D.30",NA,"NGI",NA,NA,NA,"SPR","0.23","43.5383867184",NA,"N"
"Sweden",2020,2,"VL1218","TM","OTM","SPF","16D32","OTM_SPF_16-31_0_0",NA,"NK","NK","NAO","27.3.D.30",NA,"NGI",NA,NA,NA,"TGQ","0.065","12.3577483861",NA,"N"
"Sweden",2020,2,"VL1218","TM","OTM","SPF","32D90","OTM_SPF_32-89_0_0",NA,"NK","NK","NAO","27.3.D.30",NA,"NGI",NA,NA,NA,"HER","20","3830.3565468641",NA,"N"
"Sweden",2020,2,"VL1218","TM","OTM","SPF","32D90","OTM_SPF_32-89_0_0",NA,"NK","NK","NAO","27.3.D.30",NA,"NGI",NA,NA,NA,"SPR","0.07","13.3769441292",NA,"N"
"Sweden",2020,2,"VL2440","TM","OTM","SPF","16D32","OTM_SPF_16-31_0_0",NA,"NK","NK","NAO","27.3.D.30",NA,"NGI",NA,NA,NA,"GTA","17.84","2954.0230121627",NA,"N"
"Sweden",2020,2,"VL2440","TM","OTM","SPF","16D32","OTM_SPF_16-31_0_0",NA,"NK","NK","NAO","27.3.D.30",NA,"NGI",NA,NA,NA,"HER","2290.19912","384041.948372701",NA,"N"
"Sweden",2020,2,"VL2440","TM","OTM","SPF","16D32","OTM_SPF_16-31_0_0",NA,"NK","NK","NAO","27.3.D.30",NA,"NGI",NA,NA,NA,"SAN","0.7","116.9185730497",NA,"N"
"Sweden",2020,2,"VL2440","TM","OTM","SPF","16D32","OTM_SPF_16-31_0_0",NA,"NK","NK","NAO","27.3.D.30",NA,"NGI",NA,NA,NA,"SPR","2.32","391.8355726778",NA,"N"
"Sweden",2020,2,"VL2440","TM","OTM","SPF","16D32","OTM_SPF_16-31_0_0",NA,"NK","NK","NAO","27.3.D.30",NA,"NGI",NA,NA,NA,"TGQ","1.205","217.0770377468",NA,"N"
"Sweden",2020,2,"VL40XX","TM","OTM","SPF","16D32","OTM_SPF_16-31_0_0",NA,"NK","NK","NAO","27.3.D.30",NA,"NGI",NA,NA,NA,"FRF","0.05","0",NA,"N"
"Sweden",2020,2,"VL40XX","TM","OTM","SPF","16D32","OTM_SPF_16-31_0_0",NA,"NK","NK","NAO","27.3.D.30",NA,"NGI",NA,NA,NA,"GTA","19.6","5237.9578684423",NA,"N"
"Sweden",2020,2,"VL40XX","TM","OTM","SPF","16D32","OTM_SPF_16-31_0_0",NA,"NK","NK","NAO","27.3.D.30",NA,"NGI",NA,NA,NA,"HER","1079","288353.819600065",NA,"N"
"Sweden",2020,2,"VL40XX","TM","OTM","SPF","16D32","OTM_SPF_16-31_0_0",NA,"NK","NK","NAO","27.3.D.30",NA,"NGI",NA,NA,NA,"SAN","1.8","300.6468908236",NA,"N"
"Sweden",2020,2,"VL40XX","TM","OTM","SPF","16D32","OTM_SPF_16-31_0_0",NA,"NK","NK","NAO","27.3.D.30",NA,"NGI",NA,NA,NA,"SPR","0.05","13.3621635023",NA,"N"
"Sweden",2020,3,"VL0008","DFN","FPN","ANA","NK","FPN_ANA_>0_0_0",NA,"NK","NK","NAO","27.3.D.30",NA,"NGI",NA,NA,NA,"SAL","3.1144","9775.1986802331",NA,"N"
"Sweden",2020,3,"VL0008","DFN","FPN","ANA","NK","FPN_ANA_>0_0_0",NA,"NK","NK","NAO","27.3.D.30",NA,"NGI",NA,NA,NA,"TRS","0.3034","958.4646266223",NA,"N"
"Sweden",2020,3,"VL0008","DFN","FPN","ANA","NK","FPN_ANA_>0_0_0",NA,"NK","NK","NAO","27.3.D.30",NA,"NGI",NA,NA,NA,"WHF","0.7727","3488.6903410987",NA,"N"
"Sweden",2020,3,"VL0008","DFN","FYK","ANA","NK","FYK_ANA_>0_0_0",NA,"NK","NK","NAO","27.3.D.30",NA,"NGI",NA,NA,NA,"FPE","0.055","83.32649928",NA,"N"
"Sweden",2020,3,"VL0008","DFN","FYK","ANA","NK","FYK_ANA_>0_0_0",NA,"NK","NK","NAO","27.3.D.30",NA,"NGI",NA,NA,NA,"TRS","0.045","142.1610230101",NA,"N"
"Sweden",2020,3,"VL0008","DFN","FYK","CAT","NK","FYK_CAT_>0_0_0",NA,"NK","NK","NAO","27.3.D.30",NA,"NGI",NA,NA,NA,"ELE","0.167","1483.3360351684",NA,"N"
"Sweden",2020,3,"VL0008","DFN","GNS","FWS","110D157","GNS_FWS_>0_0_0",NA,"NK","NK","NAO","27.3.D.30",NA,"NGI",NA,NA,NA,"FID","0.038","47.4162510609",NA,"N"
"Sweden",2020,3,"VL0008","DFN","GNS","FWS","110D157","GNS_FWS_>0_0_0",NA,"NK","NK","NAO","27.3.D.30",NA,"NGI",NA,NA,NA,"FPE","0.009","25.955257612",NA,"N"
"Sweden",2020,3,"VL0008","DFN","GNS","FWS","110D157","GNS_FWS_>0_0_0",NA,"NK","NK","NAO","27.3.D.30",NA,"NGI",NA,NA,NA,"FPI","0.071","101.557210562",NA,"N"
"Sweden",2020,3,"VL0008","DFN","GNS","FWS","110D157","GNS_FWS_>0_0_0",NA,"NK","NK","NAO","27.3.D.30",NA,"NGI",NA,NA,NA,"FRO","0.102","14.589909123",NA,"N"
"Sweden",2020,3,"VL0008","DFN","GNS","FWS","110D157","GNS_FWS_>0_0_0",NA,"NK","NK","NAO","27.3.D.30",NA,"NGI",NA,NA,NA,"WHF","0.001","3.77134847",NA,"N"
"Sweden",2020,3,"VL0008","DFN","GNS","FWS","32D90","GNS_FWS_>0_0_0",NA,"NK","NK","NAO","27.3.D.30",NA,"NGI",NA,NA,NA,"FBM","0.058","31.6237710624",NA,"N"
"Sweden",2020,3,"VL0008","DFN","GNS","FWS","32D90","GNS_FWS_>0_0_0",NA,"NK","NK","NAO","27.3.D.30",NA,"NGI",NA,NA,NA,"FPE","9.189","32489.9376352904",NA,"N"
"Sweden",2020,3,"VL0008","DFN","GNS","FWS","32D90","GNS_FWS_>0_0_0",NA,"NK","NK","NAO","27.3.D.30",NA,"NGI",NA,NA,NA,"FPI","0.1447","206.9764558917",NA,"N"
"Sweden",2020,3,"VL0008","DFN","GNS","FWS","32D90","GNS_FWS_>0_0_0",NA,"NK","NK","NAO","27.3.D.30",NA,"NGI",NA,NA,NA,"FPP","0.001","7.5174268359",NA,"N"
"Sweden",2020,3,"VL0008","DFN","GNS","FWS","32D90","GNS_FWS_>0_0_0",NA,"NK","NK","NAO","27.3.D.30",NA,"NGI",NA,NA,NA,"FRO","1.358","194.2460449903",NA,"N"
"Sweden",2020,3,"VL0008","DFN","GNS","FWS","32D90","GNS_FWS_>0_0_0",NA,"NK","NK","NAO","27.3.D.30",NA,"NGI",NA,NA,NA,"FTE","0.02","9.5358883157",NA,"N"
"Sweden",2020,3,"VL0008","DFN","GNS","FWS","32D90","GNS_FWS_>0_0_0",NA,"NK","NK","NAO","27.3.D.30",NA,"NGI",NA,NA,NA,"HER","0.36","415.8970886933",NA,"N"
"Sweden",2020,3,"VL0008","DFN","GNS","FWS","32D90","GNS_FWS_>0_0_0",NA,"NK","NK","NAO","27.3.D.30",NA,"NGI",NA,NA,NA,"TGQ","0.001","0.1763567185",NA,"N"
"Sweden",2020,3,"VL0008","DFN","GNS","FWS","32D90","GNS_FWS_>0_0_0",NA,"NK","NK","NAO","27.3.D.30",NA,"NGI",NA,NA,NA,"TRS","0.257","1323.4949984266",NA,"N"
"Sweden",2020,3,"VL0008","DFN","GNS","FWS","32D90","GNS_FWS_>0_0_0",NA,"NK","NK","NAO","27.3.D.30",NA,"NGI",NA,NA,NA,"WHF","4.4279","17169.9710108995",NA,"N"
"Sweden",2020,3,"VL0008","DFN","GNS","FWS","90D110","GNS_FWS_>0_0_0",NA,"NK","NK","NAO","27.3.D.30",NA,"NGI",NA,NA,NA,"FPE","2.526","9273.7143238578",NA,"N"
"Sweden",2020,3,"VL0008","DFN","GNS","FWS","90D110","GNS_FWS_>0_0_0",NA,"NK","NK","NAO","27.3.D.30",NA,"NGI",NA,NA,NA,"FRO","0.188","26.8912050502",NA,"N"
"Sweden",2020,3,"VL0008","DFN","GNS","FWS","90D110","GNS_FWS_>0_0_0",NA,"NK","NK","NAO","27.3.D.30",NA,"NGI",NA,NA,NA,"TRS","0.106","545.880973042",NA,"N"
"Sweden",2020,3,"VL0008","DFN","GNS","FWS","90D110","GNS_FWS_>0_0_0",NA,"NK","NK","NAO","27.3.D.30",NA,"NGI",NA,NA,NA,"WHF","0.93","3562.4352751581",NA,"N"
"Sweden",2020,3,"VL0008","DFN","GNS","SPF","16D32","GNS_SPF_16-31_0_0",NA,"NK","NK","NAO","27.3.D.30",NA,"NGI",NA,NA,NA,"HER","10.03994","11802.3782505459",NA,"N"
"Sweden",2020,3,"VL0008","DFN","GNS","SPF","32D90","GNS_SPF_32-89_0_0",NA,"NK","NK","NAO","27.3.D.30",NA,"NGI",NA,NA,NA,"HER","12.53799","14196.6867556047",NA,"N"
"Sweden",2020,3,"VL0008","DFN","GNS","SPF","32D90","GNS_SPF_32-89_0_0",NA,"NK","NK","NAO","27.3.D.30",NA,"NGI",NA,NA,NA,"WHF","0.14","598.0050921644",NA,"N"
"Sweden",2020,3,"VL0008","FPO","FPN","ANA","NK","FPN_ANA_>0_0_0",NA,"NK","NK","NAO","27.3.D.30",NA,"NGI",NA,NA,NA,"SAL","8.4972","32914.5597757159",NA,"N"
"Sweden",2020,3,"VL0008","FPO","FPN","ANA","NK","FPN_ANA_>0_0_0",NA,"NK","NK","NAO","27.3.D.30",NA,"NGI",NA,NA,NA,"TRR","0.0035","0",NA,"N"
"Sweden",2020,3,"VL0008","FPO","FPN","ANA","NK","FPN_ANA_>0_0_0",NA,"NK","NK","NAO","27.3.D.30",NA,"NGI",NA,NA,NA,"TRS","0.2902","916.7594190737",NA,"N"
"Sweden",2020,3,"VL0008","FPO","FPN","ANA","NK","FPN_ANA_>0_0_0",NA,"NK","NK","NAO","27.3.D.30",NA,"NGI",NA,NA,NA,"WHF","0.1071","492.6468765198",NA,"N"
"Sweden",2020,3,"VL0008","FPO","FYK","ANA","NK","FYK_ANA_>0_0_0",NA,"NK","NK","NAO","27.3.D.30",NA,"NGI",NA,NA,NA,"SAL","0.513","1610.1833751323",NA,"N"
"Sweden",2020,3,"VL0008","FPO","FYK","ANA","NK","FYK_ANA_>0_0_0",NA,"NK","NK","NAO","27.3.D.30",NA,"NGI",NA,NA,NA,"TRS","0.111","350.6551155273",NA,"N"
"Sweden",2020,3,"VL0008","FPO","FYK","ANA","NK","FYK_ANA_>0_0_0",NA,"NK","NK","NAO","27.3.D.30",NA,"NGI",NA,NA,NA,"WHF","0.037","163.7989071872",NA,"N"
"Sweden",2020,3,"VL0008","FPO","FYK","CAT","NK","FYK_CAT_>0_0_0",NA,"NK","NK","NAO","27.3.D.30",NA,"NGI",NA,NA,NA,"ELE","0.046","408.5861138394",NA,"N"
"Sweden",2020,3,"VL0008","FPO","GNS","FWS","32D90","GNS_FWS_>0_0_0",NA,"NK","NK","NAO","27.3.D.30",NA,"NGI",NA,NA,NA,"FPE","2.5495","9256.8468631695",NA,"N"
"Sweden",2020,3,"VL0008","FPO","GNS","FWS","32D90","GNS_FWS_>0_0_0",NA,"NK","NK","NAO","27.3.D.30",NA,"NGI",NA,NA,NA,"FPI","0.0172","24.6025918544",NA,"N"
"Sweden",2020,3,"VL0008","FPO","GNS","FWS","32D90","GNS_FWS_>0_0_0",NA,"NK","NK","NAO","27.3.D.30",NA,"NGI",NA,NA,NA,"FPP","0.0183","144.6851726473",NA,"N"
"Sweden",2020,3,"VL0008","FPO","GNS","FWS","32D90","GNS_FWS_>0_0_0",NA,"NK","NK","NAO","27.3.D.30",NA,"NGI",NA,NA,NA,"SAL","0.0127","51.8885826809",NA,"N"
"Sweden",2020,3,"VL0008","FPO","GNS","FWS","32D90","GNS_FWS_>0_0_0",NA,"NK","NK","NAO","27.3.D.30",NA,"NGI",NA,NA,NA,"TRS","0.0726","373.8735731927",NA,"N"
"Sweden",2020,3,"VL0008","FPO","GNS","FWS","32D90","GNS_FWS_>0_0_0",NA,"NK","NK","NAO","27.3.D.30",NA,"NGI",NA,NA,NA,"WHF","0.7405","2889.463797",NA,"N"
"Sweden",2020,3,"VL0008","FPO","GNS","FWS","90D110","GNS_FWS_>0_0_0",NA,"NK","NK","NAO","27.3.D.30",NA,"NGI",NA,NA,NA,"FPE","0.282","792.2416012664",NA,"N"
"Sweden",2020,3,"VL0008","FPO","GNS","FWS","90D110","GNS_FWS_>0_0_0",NA,"NK","NK","NAO","27.3.D.30",NA,"NGI",NA,NA,NA,"TRS","0.062","319.2806125855",NA,"N"
"Sweden",2020,3,"VL0008","FPO","GNS","FWS","90D110","GNS_FWS_>0_0_0",NA,"NK","NK","NAO","27.3.D.30",NA,"NGI",NA,NA,NA,"WHF","0.09","316.2415249793",NA,"N"
"Sweden",2020,3,"VL0008","FPO","GNS","SPF","16D32","GNS_SPF_16-31_0_0",NA,"NK","NK","NAO","27.3.D.30",NA,"NGI",NA,NA,NA,"HER","2.905","3019.4560729305",NA,"N"
"Sweden",2020,3,"VL0008","FPO","GNS","SPF","32D90","GNS_SPF_32-89_0_0",NA,"NK","NK","NAO","27.3.D.30",NA,"NGI",NA,NA,NA,"HER","0.0874","101.8889641165",NA,"N"
"Sweden",2020,3,"VL0008","PGP","GNS","FWS","32D90","GNS_FWS_>0_0_0",NA,"NK","NK","NAO","27.3.D.30",NA,"NGI",NA,NA,NA,"FPE","0.23","896.0797963134",NA,"N"
"Sweden",2020,3,"VL0008","PGP","GNS","FWS","32D90","GNS_FWS_>0_0_0",NA,"NK","NK","NAO","27.3.D.30",NA,"NGI",NA,NA,NA,"FPI","0.011","15.7342157209",NA,"N"
"Sweden",2020,3,"VL0008","PGP","GNS","FWS","32D90","GNS_FWS_>0_0_0",NA,"NK","NK","NAO","27.3.D.30",NA,"NGI",NA,NA,NA,"WHF","0.005","21.3575290606",NA,"N"
"Sweden",2020,3,"VL0812","DFN","FPN","ANA","NK","FPN_ANA_>0_0_0",NA,"NK","NK","NAO","27.3.D.30",NA,"NGI",NA,NA,NA,"SAL","0.998","3132.4439528164",NA,"N"
"Sweden",2020,3,"VL0812","DFN","FYK","CAT","NK","FYK_CAT_>0_0_0",NA,"NK","NK","NAO","27.3.D.30",NA,"NGI",NA,NA,NA,"ELE","0.017","151.0007914787",NA,"N"
"Sweden",2020,3,"VL0812","DFN","GNS","FWS","32D90","GNS_FWS_>0_0_0",NA,"NK","NK","NAO","27.3.D.30",NA,"NGI",NA,NA,NA,"FPE","1.719","5161.8955438794",NA,"N"
"Sweden",2020,3,"VL0812","DFN","GNS","FWS","32D90","GNS_FWS_>0_0_0",NA,"NK","NK","NAO","27.3.D.30",NA,"NGI",NA,NA,NA,"TRS","0.002","10.2997129698",NA,"N"
"Sweden",2020,3,"VL0812","DFN","GNS","FWS","32D90","GNS_FWS_>0_0_0",NA,"NK","NK","NAO","27.3.D.30",NA,"NGI",NA,NA,NA,"WHF","1.596","6048.2446579994",NA,"N"
"Sweden",2020,3,"VL0812","DFN","GNS","FWS","90D110","GNS_FWS_>0_0_0",NA,"NK","NK","NAO","27.3.D.30",NA,"NGI",NA,NA,NA,"FPE","0.018","70.1278762623",NA,"N"
"Sweden",2020,3,"VL0812","DFN","GNS","SPF","16D32","GNS_SPF_16-31_0_0",NA,"NK","NK","NAO","27.3.D.30",NA,"NGI",NA,NA,NA,"HER","1.99","2810.6964059237",NA,"N"
"Sweden",2020,3,"VL0812","DFN","GNS","SPF","32D90","GNS_SPF_32-89_0_0",NA,"NK","NK","NAO","27.3.D.30",NA,"NGI",NA,NA,NA,"HER","36.15101","43814.1726850347",NA,"N"
"Sweden",2020,3,"VL0812","DTS","GNS","SPF","32D90","GNS_SPF_32-89_0_0",NA,"NK","NK","NAO","27.3.D.30",NA,"NGI",NA,NA,NA,"HER","0.14","200.2536546292",NA,"N"
"Sweden",2020,3,"VL0812","FPO","FPN","ANA","NK","FPN_ANA_>0_0_0",NA,"NK","NK","NAO","27.3.D.30",NA,"NGI",NA,NA,NA,"TRS","0.05","157.9534076497",NA,"N"
"Sweden",2020,3,"VL0812","FPO","FPN","ANA","NK","FPN_ANA_>0_0_0",NA,"NK","NK","NAO","27.3.D.30",NA,"NGI",NA,NA,NA,"WHF","0.013","59.7986020388",NA,"N"
"Sweden",2020,4,"VL0008","DFN","GNS","ANA","157DXX","GNS_ANA_>=157_0_0",NA,"NK","NK","NAO","27.3.D.30",NA,"NGI",NA,NA,NA,"TRS","0.102","525.284407869",NA,"N"
"Sweden",2020,4,"VL0008","DFN","GNS","FWS","32D90","GNS_FWS_>0_0_0",NA,"NK","NK","NAO","27.3.D.30",NA,"NGI",NA,NA,NA,"FPE","0.7604","3481.8628357825",NA,"N"
"Sweden",2020,4,"VL0008","DFN","GNS","FWS","32D90","GNS_FWS_>0_0_0",NA,"NK","NK","NAO","27.3.D.30",NA,"NGI",NA,NA,NA,"FPI","0.038","55.630465256",NA,"N"
"Sweden",2020,4,"VL0008","DFN","GNS","FWS","32D90","GNS_FWS_>0_0_0",NA,"NK","NK","NAO","27.3.D.30",NA,"NGI",NA,NA,NA,"FRO","0.191","27.3203200244",NA,"N"
"Sweden",2020,4,"VL0008","DFN","GNS","FWS","32D90","GNS_FWS_>0_0_0",NA,"NK","NK","NAO","27.3.D.30",NA,"NGI",NA,NA,NA,"FVE","0.22","1764.3300561664",NA,"N"
"Sweden",2020,4,"VL0008","DFN","GNS","FWS","32D90","GNS_FWS_>0_0_0",NA,"NK","NK","NAO","27.3.D.30",NA,"NGI",NA,NA,NA,"HER","0.139","144.646170864",NA,"N"
"Sweden",2020,4,"VL0008","DFN","GNS","FWS","32D90","GNS_FWS_>0_0_0",NA,"NK","NK","NAO","27.3.D.30",NA,"NGI",NA,NA,NA,"SME","0.003","5.7215329894",NA,"N"
"Sweden",2020,4,"VL0008","DFN","GNS","FWS","32D90","GNS_FWS_>0_0_0",NA,"NK","NK","NAO","27.3.D.30",NA,"NGI",NA,NA,NA,"TGQ","0.001","0.1763567185",NA,"N"
"Sweden",2020,4,"VL0008","DFN","GNS","FWS","32D90","GNS_FWS_>0_0_0",NA,"NK","NK","NAO","27.3.D.30",NA,"NGI",NA,NA,NA,"TRS","0.3508","1806.5635519277",NA,"N"
"Sweden",2020,4,"VL0008","DFN","GNS","FWS","32D90","GNS_FWS_>0_0_0",NA,"NK","NK","NAO","27.3.D.30",NA,"NGI",NA,NA,NA,"WHF","1.7162","6761.7811132196",NA,"N"
"Sweden",2020,4,"VL0008","DFN","GNS","FWS","90D110","GNS_FWS_>0_0_0",NA,"NK","NK","NAO","27.3.D.30",NA,"NGI",NA,NA,NA,"FPE","0.715","3354.5347916885",NA,"N"
"Sweden",2020,4,"VL0008","DFN","GNS","FWS","90D110","GNS_FWS_>0_0_0",NA,"NK","NK","NAO","27.3.D.30",NA,"NGI",NA,NA,NA,"TRS","0.096","494.3785938379",NA,"N"
"Sweden",2020,4,"VL0008","DFN","GNS","FWS","90D110","GNS_FWS_>0_0_0",NA,"NK","NK","NAO","27.3.D.30",NA,"NGI",NA,NA,NA,"WHF","0.34","1337.6953665119",NA,"N"
"Sweden",2020,4,"VL0008","DFN","GNS","SPF","16D32","GNS_SPF_16-31_0_0",NA,"NK","NK","NAO","27.3.D.30",NA,"NGI",NA,NA,NA,"HER","3.385","3522.3950337094",NA,"N"
"Sweden",2020,4,"VL0008","DFN","GNS","SPF","32D90","GNS_SPF_32-89_0_0",NA,"NK","NK","NAO","27.3.D.30",NA,"NGI",NA,NA,NA,"HER","3.64103","3788.7310593418",NA,"N"
"Sweden",2020,4,"VL0008","FPO","GNS","FWS","32D90","GNS_FWS_>0_0_0",NA,"NK","NK","NAO","27.3.D.30",NA,"NGI",NA,NA,NA,"FBU","0.012","0",NA,"N"
"Sweden",2020,4,"VL0008","FPO","GNS","FWS","32D90","GNS_FWS_>0_0_0",NA,"NK","NK","NAO","27.3.D.30",NA,"NGI",NA,NA,NA,"FPE","0.1485","670.3271763281",NA,"N"
"Sweden",2020,4,"VL0008","FPO","GNS","FWS","32D90","GNS_FWS_>0_0_0",NA,"NK","NK","NAO","27.3.D.30",NA,"NGI",NA,NA,NA,"FPI","0.025","37.088884015",NA,"N"
"Sweden",2020,4,"VL0008","FPO","GNS","FWS","32D90","GNS_FWS_>0_0_0",NA,"NK","NK","NAO","27.3.D.30",NA,"NGI",NA,NA,NA,"FPP","0.0069","51.8704644931",NA,"N"
"Sweden",2020,4,"VL0008","FPO","GNS","FWS","32D90","GNS_FWS_>0_0_0",NA,"NK","NK","NAO","27.3.D.30",NA,"NGI",NA,NA,NA,"HER","0.005","5.2029713828",NA,"N"
"Sweden",2020,4,"VL0008","FPO","GNS","FWS","32D90","GNS_FWS_>0_0_0",NA,"NK","NK","NAO","27.3.D.30",NA,"NGI",NA,NA,NA,"TRS","0.1704","877.5229576511",NA,"N"
"Sweden",2020,4,"VL0008","FPO","GNS","FWS","32D90","GNS_FWS_>0_0_0",NA,"NK","NK","NAO","27.3.D.30",NA,"NGI",NA,NA,NA,"WHF","0.7505","2956.6002650977",NA,"N"
"Sweden",2020,4,"VL0008","FPO","GNS","FWS","90D110","GNS_FWS_>0_0_0",NA,"NK","NK","NAO","27.3.D.30",NA,"NGI",NA,NA,NA,"FPE","0.014","65.6841523072",NA,"N"
"Sweden",2020,4,"VL0008","FPO","GNS","SPF","16D32","GNS_SPF_16-31_0_0",NA,"NK","NK","NAO","27.3.D.30",NA,"NGI",NA,NA,NA,"HER","0.42","437.0488332841",NA,"N"
"Sweden",2020,4,"VL0008","FPO","GNS","SPF","32D90","GNS_SPF_32-89_0_0",NA,"NK","NK","NAO","27.3.D.30",NA,"NGI",NA,NA,NA,"HER","0.017","17.6926011043",NA,"N"
"Sweden",2020,4,"VL0008","NO","GNS","SPF","32D90","GNS_SPF_32-89_0_0",NA,"NK","NK","NAO","27.3.D.30",NA,"NGI",NA,NA,NA,"HER","0.021","21.84767372",NA,"N"
"Sweden",2020,4,"VL0812","DFN","GNS","FWS","32D90","GNS_FWS_>0_0_0",NA,"NK","NK","NAO","27.3.D.30",NA,"NGI",NA,NA,NA,"FPE","0.05","230.1782257526",NA,"N"
"Sweden",2020,4,"VL0812","DFN","GNS","FWS","32D90","GNS_FWS_>0_0_0",NA,"NK","NK","NAO","27.3.D.30",NA,"NGI",NA,NA,NA,"TRS","0.045","231.7418692205",NA,"N"
"Sweden",2020,4,"VL0812","DFN","GNS","FWS","32D90","GNS_FWS_>0_0_0",NA,"NK","NK","NAO","27.3.D.30",NA,"NGI",NA,NA,NA,"WHF","0.3","1182.5359741387",NA,"N"
"Sweden",2020,4,"VL0812","DFN","GNS","SPF","16D32","GNS_SPF_16-31_0_0",NA,"NK","NK","NAO","27.3.D.30",NA,"NGI",NA,NA,NA,"HER","0.42","437.0488332841",NA,"N"
"Sweden",2020,4,"VL0812","DFN","GNS","SPF","32D90","GNS_SPF_32-89_0_0",NA,"NK","NK","NAO","27.3.D.30",NA,"NGI",NA,NA,NA,"HER","13.55399","14104.1758807337",NA,"N"
"Sweden",2020,4,"VL0812","DFN","OTB","SPF","32D90","OTB_SPF_32-89_0_0",NA,"NK","NK","NAO","27.3.D.30",NA,"NGI",NA,NA,NA,"HER","34.89002","18767.9403434827",NA,"N"
"Sweden",2020,4,"VL0812","DFN","SSC","DEF","16D32","SSC_DEF_16-31_0_0",NA,"NK","NK","NAO","27.3.D.30",NA,"NGI",NA,NA,NA,"HER","0.355","389.3026404875",NA,"N"
"Sweden",2020,4,"VL0812","DTS","OTB","SPF","32D90","OTB_SPF_32-89_0_0",NA,"NK","NK","NAO","27.3.D.30",NA,"NGI",NA,NA,NA,"HER","3.54","5063.556695624",NA,"N"
"Sweden",2020,4,"VL2440","TM","OTM","SPF","16D32","OTM_SPF_16-31_0_0",NA,"NK","NK","NAO","27.3.D.30",NA,"NGI",NA,NA,NA,"GTA","8.12","1287.9346509195",NA,"N"
"Sweden",2020,4,"VL2440","TM","OTM","SPF","16D32","OTM_SPF_16-31_0_0",NA,"NK","NK","NAO","27.3.D.30",NA,"NGI",NA,NA,NA,"HER","1172.80016","192006.785738125",NA,"N"
"Sweden",2020,4,"VL2440","TM","OTM","SPF","16D32","OTM_SPF_16-31_0_0",NA,"NK","NK","NAO","27.3.D.30",NA,"NGI",NA,NA,NA,"SPR","0.855","136.9595773694",NA,"N"
"Sweden",2020,4,"VL2440","TM","OTM","SPF","16D32","OTM_SPF_16-31_0_0",NA,"NK","NK","NAO","27.3.D.30",NA,"NGI",NA,NA,NA,"TGQ","1.455","111.5574693932",NA,"N"
"Sweden",2021,1,"VL0008","DFN","GNS","FWS","110D157","GNS_FWS_>0_0_0",NA,"NK","NK","NAO","27.3.D.30",NA,"NGI",NA,NA,NA,"FBU","0.0015","0",NA,"N"
"Sweden",2021,1,"VL0008","DFN","GNS","FWS","32D90","GNS_FWS_>0_0_0",NA,"NK","NK","NAO","27.3.D.30",NA,"NGI",NA,NA,NA,"COD","0.0022","5.9630508356",NA,"N"
"Sweden",2021,1,"VL0008","DFN","GNS","FWS","32D90","GNS_FWS_>0_0_0",NA,"NK","NK","NAO","27.3.D.30",NA,"NGI",NA,NA,NA,"FPE","0.1182","582.558724088",NA,"N"
"Sweden",2021,1,"VL0008","DFN","GNS","FWS","32D90","GNS_FWS_>0_0_0",NA,"NK","NK","NAO","27.3.D.30",NA,"NGI",NA,NA,NA,"FPI","0.077","158.1254291976",NA,"N"
"Sweden",2021,1,"VL0008","DFN","GNS","FWS","32D90","GNS_FWS_>0_0_0",NA,"NK","NK","NAO","27.3.D.30",NA,"NGI",NA,NA,NA,"FRO","0.045","7.984307386",NA,"N"
"Sweden",2021,1,"VL0008","DFN","GNS","FWS","32D90","GNS_FWS_>0_0_0",NA,"NK","NK","NAO","27.3.D.30",NA,"NGI",NA,NA,NA,"TRS","0.1471","869.9937899831",NA,"N"
"Sweden",2021,1,"VL0008","DFN","GNS","FWS","32D90","GNS_FWS_>0_0_0",NA,"NK","NK","NAO","27.3.D.30",NA,"NGI",NA,NA,NA,"WHF","0.2736","1316.5416170536",NA,"N"
"Sweden",2021,1,"VL0008","DFN","GNS","SPF","16D32","GNS_SPF_16-31_0_0",NA,"NK","NK","NAO","27.3.D.30",NA,"NGI",NA,NA,NA,"FRO","0.001","0.177429053",NA,"N"
"Sweden",2021,1,"VL0008","DFN","GNS","SPF","32D90","GNS_SPF_32-89_0_0",NA,"NK","NK","NAO","27.3.D.30",NA,"NGI",NA,NA,NA,"FRO","0.008","1.4194324242",NA,"N"
"Sweden",2021,1,"VL0008","DFN","GNS","SPF","32D90","GNS_SPF_32-89_0_0",NA,"NK","NK","NAO","27.3.D.30",NA,"NGI",NA,NA,NA,"HER","0.16","186.2047006082",NA,"N"
"Sweden",2021,1,"VL0008","FPO","FPO","FWS",NA,"FPO_FWS_>0_0_0",NA,"NK","NK","NAO","27.3.D.30",NA,"NGI",NA,NA,NA,"FRO","0.139","24.66263837",NA,"N"
"Sweden",2021,1,"VL0008","FPO","GNS","FWS","32D90","GNS_FWS_>0_0_0",NA,"NK","NK","NAO","27.3.D.30",NA,"NGI",NA,NA,NA,"FPE","0.005","24.6429240308",NA,"N"
"Sweden",2021,1,"VL0008","FPO","GNS","FWS","32D90","GNS_FWS_>0_0_0",NA,"NK","NK","NAO","27.3.D.30",NA,"NGI",NA,NA,NA,"FPI","0.0025","5.1339425064",NA,"N"
"Sweden",2021,1,"VL0008","FPO","GNS","FWS","32D90","GNS_FWS_>0_0_0",NA,"NK","NK","NAO","27.3.D.30",NA,"NGI",NA,NA,NA,"FPP","0.0023","29.4361954292",NA,"N"
"Sweden",2021,1,"VL0008","FPO","GNS","FWS","32D90","GNS_FWS_>0_0_0",NA,"NK","NK","NAO","27.3.D.30",NA,"NGI",NA,NA,NA,"TRS","0.0299","176.837622845",NA,"N"
"Sweden",2021,1,"VL0008","FPO","GNS","FWS","32D90","GNS_FWS_>0_0_0",NA,"NK","NK","NAO","27.3.D.30",NA,"NGI",NA,NA,NA,"WHF","0.016","76.4114422693",NA,"N"
"Sweden",2021,1,"VL0812","DFN","GNS","FWS","90D110","GNS_FWS_>0_0_0",NA,"NK","NK","NAO","27.3.D.30",NA,"NGI",NA,NA,NA,"FPE","0.0019","9.3643111317",NA,"N"
"Sweden",2021,1,"VL0812","DFN","GNS","FWS","90D110","GNS_FWS_>0_0_0",NA,"NK","NK","NAO","27.3.D.30",NA,"NGI",NA,NA,NA,"WHF","0.002","9.8571696123",NA,"N"
"Sweden",2021,1,"VL0812","DFN","GNS","SPF","32D90","GNS_SPF_32-89_0_0",NA,"NK","NK","NAO","27.3.D.30",NA,"NGI",NA,NA,NA,"HER","2.884","3356.3397284632",NA,"N"
"Sweden",2021,1,"VL0812","DFN","OTB","SPF","32D90","OTB_SPF_32-89_0_0",NA,"NK","NK","NAO","27.3.D.30",NA,"NGI",NA,NA,NA,"HER","12.35","13620.4390209429",NA,"N"
"Sweden",2021,1,"VL0812","DFN","OTM","SPF","32D90","OTM_SPF_32-89_0_0",NA,"NK","NK","NAO","27.3.D.30",NA,"NGI",NA,NA,NA,"HER","0.2","44.070771348",NA,"N"
"Sweden",2021,1,"VL1218","DTS","PTB","SPF","32D90","PTB_SPF_32-89_0_0",NA,"NK","NK","NAO","27.3.D.30",NA,"NGI",NA,NA,NA,"HER","2.95","3344.0447909787",NA,"N"
"Sweden",2021,1,"VL2440","TM","OTM","SPF","16D32","OTM_SPF_16-31_0_0",NA,"NK","NK","NAO","27.3.D.30",NA,"NGI",NA,NA,NA,"COD","0.01","31.999911795",NA,"N"
"Sweden",2021,1,"VL2440","TM","OTM","SPF","16D32","OTM_SPF_16-31_0_0",NA,"NK","NK","NAO","27.3.D.30",NA,"NGI",NA,NA,NA,"GTA","33.84","6800.1081551029",NA,"N"
"Sweden",2021,1,"VL2440","TM","OTM","SPF","16D32","OTM_SPF_16-31_0_0",NA,"NK","NK","NAO","27.3.D.30",NA,"NGI",NA,NA,NA,"HER","2677.88","551168.809485485",NA,"N"
"Sweden",2021,1,"VL2440","TM","OTM","SPF","16D32","OTM_SPF_16-31_0_0",NA,"NK","NK","NAO","27.3.D.30",NA,"NGI",NA,NA,NA,"SPR","4.827","1058.3755703138",NA,"N"
"Sweden",2021,1,"VL2440","TM","OTM","SPF","16D32","OTM_SPF_16-31_0_0",NA,"NK","NK","NAO","27.3.D.30",NA,"NGI",NA,NA,NA,"TGQ","3.08","619.1297027822",NA,"N"
"Sweden",2021,1,"VL40XX","TM","OTM","SPF","16D32","OTM_SPF_16-31_0_0",NA,"NK","NK","NAO","27.3.D.30",NA,"NGI",NA,NA,NA,"GTA","44","9411.7403945041",NA,"N"
"Sweden",2021,1,"VL40XX","TM","OTM","SPF","16D32","OTM_SPF_16-31_0_0",NA,"NK","NK","NAO","27.3.D.30",NA,"NGI",NA,NA,NA,"HER","2921","618191.328324884",NA,"N"
"Sweden",2021,1,"VL40XX","TM","OTM","SPF","16D32","OTM_SPF_16-31_0_0",NA,"NK","NK","NAO","27.3.D.30",NA,"NGI",NA,NA,NA,"SPR","8","2013.0697125608",NA,"N"
"Sweden",2021,2,"VL0008","DFN","FPN","ANA","NK","FPN_ANA_>0_0_0",NA,"NK","NK","NAO","27.3.D.30",NA,"NGI",NA,NA,NA,"SAL","3.9256","17489.5503475739",NA,"N"
"Sweden",2021,2,"VL0008","DFN","FPN","ANA","NK","FPN_ANA_>0_0_0",NA,"NK","NK","NAO","27.3.D.30",NA,"NGI",NA,NA,NA,"TRR","0.0035","0",NA,"N"
"Sweden",2021,2,"VL0008","DFN","FPN","ANA","NK","FPN_ANA_>0_0_0",NA,"NK","NK","NAO","27.3.D.30",NA,"NGI",NA,NA,NA,"TRS","0.2648","1032.2770876092",NA,"N"
"Sweden",2021,2,"VL0008","DFN","FPN","ANA","NK","FPN_ANA_>0_0_0",NA,"NK","NK","NAO","27.3.D.30",NA,"NGI",NA,NA,NA,"WHF","1.1936","3190.9782076444",NA,"N"
"Sweden",2021,2,"VL0008","DFN","FPO","FWS",NA,"FPO_FWS_>0_0_0",NA,"NK","NK","NAO","27.3.D.30",NA,"NGI",NA,NA,NA,"FPE","0.06","75.9575776192",NA,"N"
"Sweden",2021,2,"VL0008","DFN","FYK","CAT","NK","FYK_CAT_>0_0_0",NA,"NK","NK","NAO","27.3.D.30",NA,"NGI",NA,NA,NA,"ELE","0.018","168.6111161706",NA,"N"
"Sweden",2021,2,"VL0008","DFN","FYK","FWS","NK","FYK_FWS_>0_0_0",NA,"NK","NK","NAO","27.3.D.30",NA,"NGI",NA,NA,NA,"FPE","0.1","126.5959626987",NA,"N"
"Sweden",2021,2,"VL0008","DFN","FYK","FWS","NK","FYK_FWS_>0_0_0",NA,"NK","NK","NAO","27.3.D.30",NA,"NGI",NA,NA,NA,"FPI","0.12","94.6288282782",NA,"N"
"Sweden",2021,2,"VL0008","DFN","GNS","FWS","32D90","GNS_FWS_>0_0_0",NA,"NK","NK","NAO","27.3.D.30",NA,"NGI",NA,NA,NA,"FBM","0.092","45.3429802167",NA,"N"
"Sweden",2021,2,"VL0008","DFN","GNS","FWS","32D90","GNS_FWS_>0_0_0",NA,"NK","NK","NAO","27.3.D.30",NA,"NGI",NA,NA,NA,"FBU","0.008","0",NA,"N"
"Sweden",2021,2,"VL0008","DFN","GNS","FWS","32D90","GNS_FWS_>0_0_0",NA,"NK","NK","NAO","27.3.D.30",NA,"NGI",NA,NA,NA,"FPE","2.538","12508.7482380309",NA,"N"
"Sweden",2021,2,"VL0008","DFN","GNS","FWS","32D90","GNS_FWS_>0_0_0",NA,"NK","NK","NAO","27.3.D.30",NA,"NGI",NA,NA,NA,"FPI","0.0593","100.000985717",NA,"N"
"Sweden",2021,2,"VL0008","DFN","GNS","FWS","32D90","GNS_FWS_>0_0_0",NA,"NK","NK","NAO","27.3.D.30",NA,"NGI",NA,NA,NA,"FPP","0.0019","24.3168570937",NA,"N"
"Sweden",2021,2,"VL0008","DFN","GNS","FWS","32D90","GNS_FWS_>0_0_0",NA,"NK","NK","NAO","27.3.D.30",NA,"NGI",NA,NA,NA,"FRO","0.257","45.5992666266",NA,"N"
"Sweden",2021,2,"VL0008","DFN","GNS","FWS","32D90","GNS_FWS_>0_0_0",NA,"NK","NK","NAO","27.3.D.30",NA,"NGI",NA,NA,NA,"HER","0.032","35.4192131963",NA,"N"
"Sweden",2021,2,"VL0008","DFN","GNS","FWS","32D90","GNS_FWS_>0_0_0",NA,"NK","NK","NAO","27.3.D.30",NA,"NGI",NA,NA,NA,"TRS","0.2149","1270.9834498122",NA,"N"
"Sweden",2021,2,"VL0008","DFN","GNS","FWS","32D90","GNS_FWS_>0_0_0",NA,"NK","NK","NAO","27.3.D.30",NA,"NGI",NA,NA,NA,"WHF","2.9396","9503.0179481419",NA,"N"
"Sweden",2021,2,"VL0008","DFN","GNS","FWS","90D110","GNS_FWS_>0_0_0",NA,"NK","NK","NAO","27.3.D.30",NA,"NGI",NA,NA,NA,"FBM","0.1","75.648045862",NA,"N"
"Sweden",2021,2,"VL0008","DFN","GNS","FWS","90D110","GNS_FWS_>0_0_0",NA,"NK","NK","NAO","27.3.D.30",NA,"NGI",NA,NA,NA,"FPE","1.096","5401.72894755",NA,"N"
"Sweden",2021,2,"VL0008","DFN","GNS","FWS","90D110","GNS_FWS_>0_0_0",NA,"NK","NK","NAO","27.3.D.30",NA,"NGI",NA,NA,NA,"FPI","0.015","22.1786316277",NA,"N"
"Sweden",2021,2,"VL0008","DFN","GNS","FWS","90D110","GNS_FWS_>0_0_0",NA,"NK","NK","NAO","27.3.D.30",NA,"NGI",NA,NA,NA,"TRS","0.1111","657.0789263571",NA,"N"
"Sweden",2021,2,"VL0008","DFN","GNS","FWS","90D110","GNS_FWS_>0_0_0",NA,"NK","NK","NAO","27.3.D.30",NA,"NGI",NA,NA,NA,"WHF","1.644","5454.4799841081",NA,"N"
"Sweden",2021,2,"VL0008","DFN","GNS","SPF","16D32","GNS_SPF_16-31_0_0",NA,"NK","NK","NAO","27.3.D.30",NA,"NGI",NA,NA,NA,"HER","7.41","8569.7662378152",NA,"N"
"Sweden",2021,2,"VL0008","DFN","GNS","SPF","32D90","GNS_SPF_32-89_0_0",NA,"NK","NK","NAO","27.3.D.30",NA,"NGI",NA,NA,NA,"HER","10.43","13435.1319846264",NA,"N"
"Sweden",2021,2,"VL0008","DFN","GNS","SPF","32D90","GNS_SPF_32-89_0_0",NA,"NK","NK","NAO","27.3.D.30",NA,"NGI",NA,NA,NA,"WHF","0.01","33.5897101351",NA,"N"
"Sweden",2021,2,"VL0008","FPO","FPN","ANA","NK","FPN_ANA_>0_0_0",NA,"NK","NK","NAO","27.3.D.30",NA,"NGI",NA,NA,NA,"SAL","7.9467","39516.9679372573",NA,"N"
"Sweden",2021,2,"VL0008","FPO","FPN","ANA","NK","FPN_ANA_>0_0_0",NA,"NK","NK","NAO","27.3.D.30",NA,"NGI",NA,NA,NA,"TRS","0.1453","573.6101283703",NA,"N"
"Sweden",2021,2,"VL0008","FPO","FPN","ANA","NK","FPN_ANA_>0_0_0",NA,"NK","NK","NAO","27.3.D.30",NA,"NGI",NA,NA,NA,"WHF","0.3885","999.6541908224",NA,"N"
"Sweden",2021,2,"VL0008","FPO","FPO","ANA",NA,"FPO_ANA_>0_0_0",NA,"NK","NK","NAO","27.3.D.30",NA,"NGI",NA,NA,NA,"WHF","0.036","99.583718547",NA,"N"
"Sweden",2021,2,"VL0008","FPO","FYK","ANA","NK","FYK_ANA_>0_0_0",NA,"NK","NK","NAO","27.3.D.30",NA,"NGI",NA,NA,NA,"SAL","0.152","616.6125491412",NA,"N"
"Sweden",2021,2,"VL0008","FPO","FYK","ANA","NK","FYK_ANA_>0_0_0",NA,"NK","NK","NAO","27.3.D.30",NA,"NGI",NA,NA,NA,"TRS","0.026","100.2859864905",NA,"N"
"Sweden",2021,2,"VL0008","FPO","FYK","ANA","NK","FYK_ANA_>0_0_0",NA,"NK","NK","NAO","27.3.D.30",NA,"NGI",NA,NA,NA,"WHF","0.012","29.7929084228",NA,"N"
"Sweden",2021,2,"VL0008","FPO","GNS","ANA","110D157","GNS_ANA_110-156_0_0",NA,"NK","NK","NAO","27.3.D.30",NA,"NGI",NA,NA,NA,"TRS","0.018","106.457431813",NA,"N"
"Sweden",2021,2,"VL0008","FPO","GNS","FWS","32D90","GNS_FWS_>0_0_0",NA,"NK","NK","NAO","27.3.D.30",NA,"NGI",NA,NA,NA,"FPE","0.7003","3451.487939753",NA,"N"
"Sweden",2021,2,"VL0008","FPO","GNS","FWS","32D90","GNS_FWS_>0_0_0",NA,"NK","NK","NAO","27.3.D.30",NA,"NGI",NA,NA,NA,"FPI","0.0049","9.6600262201",NA,"N"
"Sweden",2021,2,"VL0008","FPO","GNS","FWS","32D90","GNS_FWS_>0_0_0",NA,"NK","NK","NAO","27.3.D.30",NA,"NGI",NA,NA,NA,"FPP","0.0058","74.230405865",NA,"N"
"Sweden",2021,2,"VL0008","FPO","GNS","FWS","32D90","GNS_FWS_>0_0_0",NA,"NK","NK","NAO","27.3.D.30",NA,"NGI",NA,NA,NA,"TRS","0.0473","279.7464735976",NA,"N"
"Sweden",2021,2,"VL0008","FPO","GNS","FWS","32D90","GNS_FWS_>0_0_0",NA,"NK","NK","NAO","27.3.D.30",NA,"NGI",NA,NA,NA,"WHF","0.1112","365.6796541255",NA,"N"
"Sweden",2021,2,"VL0008","FPO","GNS","SPF","16D32","GNS_SPF_16-31_0_0",NA,"NK","NK","NAO","27.3.D.30",NA,"NGI",NA,NA,NA,"HER","0.04","44.780197596",NA,"N"
"Sweden",2021,2,"VL0008","FPO","GNS","SPF","32D90","GNS_SPF_32-89_0_0",NA,"NK","NK","NAO","27.3.D.30",NA,"NGI",NA,NA,NA,"HER","0.6616","795.6644654633",NA,"N"
"Sweden",2021,2,"VL0008","NO","GNS","SPF","16D32","GNS_SPF_16-31_0_0",NA,"NK","NK","NAO","27.3.D.30",NA,"NGI",NA,NA,NA,"HER","2","2474.6598006342",NA,"N"
"Sweden",2021,2,"VL0812","DFN","FPN","ANA","NK","FPN_ANA_>0_0_0",NA,"NK","NK","NAO","27.3.D.30",NA,"NGI",NA,NA,NA,"SAL","0.1523","617.8295475935",NA,"N"
"Sweden",2021,2,"VL0812","DFN","FPN","ANA","NK","FPN_ANA_>0_0_0",NA,"NK","NK","NAO","27.3.D.30",NA,"NGI",NA,NA,NA,"TRS","0.0183","70.585905876",NA,"N"
"Sweden",2021,2,"VL0812","DFN","FPN","ANA","NK","FPN_ANA_>0_0_0",NA,"NK","NK","NAO","27.3.D.30",NA,"NGI",NA,NA,NA,"WHF","0.117","290.4808571221",NA,"N"
"Sweden",2021,2,"VL0812","DFN","GNS","FWS","32D90","GNS_FWS_>0_0_0",NA,"NK","NK","NAO","27.3.D.30",NA,"NGI",NA,NA,NA,"FPE","0.23","1133.5745054165",NA,"N"
"Sweden",2021,2,"VL0812","DFN","GNS","FWS","32D90","GNS_FWS_>0_0_0",NA,"NK","NK","NAO","27.3.D.30",NA,"NGI",NA,NA,NA,"WHF","1.421","4664.3061706267",NA,"N"
"Sweden",2021,2,"VL0812","DFN","GNS","FWS","90D110","GNS_FWS_>0_0_0",NA,"NK","NK","NAO","27.3.D.30",NA,"NGI",NA,NA,NA,"FBM","0.007","3.4500093643",NA,"N"
"Sweden",2021,2,"VL0812","DFN","GNS","FWS","90D110","GNS_FWS_>0_0_0",NA,"NK","NK","NAO","27.3.D.30",NA,"NGI",NA,NA,NA,"FPE","0.055","271.0721643387",NA,"N"
"Sweden",2021,2,"VL0812","DFN","GNS","FWS","90D110","GNS_FWS_>0_0_0",NA,"NK","NK","NAO","27.3.D.30",NA,"NGI",NA,NA,NA,"FPI","0.016","23.6572070696",NA,"N"
"Sweden",2021,2,"VL0812","DFN","GNS","FWS","90D110","GNS_FWS_>0_0_0",NA,"NK","NK","NAO","27.3.D.30",NA,"NGI",NA,NA,NA,"WHF","0.0125","60.5161104889",NA,"N"
"Sweden",2021,2,"VL0812","DFN","GNS","SPF","16D32","GNS_SPF_16-31_0_0",NA,"NK","NK","NAO","27.3.D.30",NA,"NGI",NA,NA,NA,"HER","13.121","15225.8676881049",NA,"N"
"Sweden",2021,2,"VL0812","DFN","GNS","SPF","32D90","GNS_SPF_32-89_0_0",NA,"NK","NK","NAO","27.3.D.30",NA,"NGI",NA,NA,NA,"HER","73.431","83981.8184525203",NA,"N"
"Sweden",2021,2,"VL0812","DFN","GNS","SPF","32D90","GNS_SPF_32-89_0_0",NA,"NK","NK","NAO","27.3.D.30",NA,"NGI",NA,NA,NA,"TGQ","5e-04","0.1100494033",NA,"N"
"Sweden",2021,2,"VL0812","DFN","OTB","SPF","32D90","OTB_SPF_32-89_0_0",NA,"NK","NK","NAO","27.3.D.30",NA,"NGI",NA,NA,NA,"HER","13.55","16024.95315621",NA,"N"
"Sweden",2021,2,"VL1218","DFN","GNS","SPF","16D32","GNS_SPF_16-31_0_0",NA,"NK","NK","NAO","27.3.D.30",NA,"NGI",NA,NA,NA,"HER","5.5","5828.0515332827",NA,"N"
"Sweden",2021,2,"VL1218","DFN","GNS","SPF","32D90","GNS_SPF_32-89_0_0",NA,"NK","NK","NAO","27.3.D.30",NA,"NGI",NA,NA,NA,"HER","5.235","6383.5030409368",NA,"N"
"Sweden",2021,2,"VL1218","DTS","GNS","SPF","32D90","GNS_SPF_32-89_0_0",NA,"NK","NK","NAO","27.3.D.30",NA,"NGI",NA,NA,NA,"HER","13.18","15098.2266951867",NA,"N"
"Sweden",2021,2,"VL1218","DTS","PTB","SPF","32D90","PTB_SPF_32-89_0_0",NA,"NK","NK","NAO","27.3.D.30",NA,"NGI",NA,NA,NA,"HER","34","38541.5331841615",NA,"N"
"Sweden",2021,2,"VL1218","DTS","PTM","SPF","32D90","PTM_SPF_32-89_0_0",NA,"NK","NK","NAO","27.3.D.30",NA,"NGI",NA,NA,NA,"HER","7.25","8218.4151642697",NA,"N"
"Sweden",2021,2,"VL2440","TM","OTM","SPF","16D32","OTM_SPF_16-31_0_0",NA,"NK","NK","NAO","27.3.D.30",NA,"NGI",NA,NA,NA,"GTA","1.05","298.1668950244",NA,"N"
"Sweden",2021,2,"VL2440","TM","OTM","SPF","16D32","OTM_SPF_16-31_0_0",NA,"NK","NK","NAO","27.3.D.30",NA,"NGI",NA,NA,NA,"HER","552.7","281602.486363412",NA,"N"
"Sweden",2021,2,"VL2440","TM","OTM","SPF","16D32","OTM_SPF_16-31_0_0",NA,"NK","NK","NAO","27.3.D.30",NA,"NGI",NA,NA,NA,"SPR","0.659","206.7085417484",NA,"N"
"Sweden",2021,2,"VL2440","TM","OTM","SPF","16D32","OTM_SPF_16-31_0_0",NA,"NK","NK","NAO","27.3.D.30",NA,"NGI",NA,NA,NA,"TGQ","0.025","5.5024701643",NA,"N"
"Sweden",2021,2,"VL40XX","TM","OTM","SPF","16D32","OTM_SPF_16-31_0_0",NA,"NK","NK","NAO","27.3.D.30",NA,"NGI",NA,NA,NA,"FRF","0.05","0",NA,"N"
"Sweden",2021,2,"VL40XX","TM","OTM","SPF","16D32","OTM_SPF_16-31_0_0",NA,"NK","NK","NAO","27.3.D.30",NA,"NGI",NA,NA,NA,"GTA","2.55","728.2506481089",NA,"N"
"Sweden",2021,2,"VL40XX","TM","OTM","SPF","16D32","OTM_SPF_16-31_0_0",NA,"NK","NK","NAO","27.3.D.30",NA,"NGI",NA,NA,NA,"HER","2361.88","814038.099917634",NA,"N"
"Sweden",2021,2,"VL40XX","TM","OTM","SPF","16D32","OTM_SPF_16-31_0_0",NA,"NK","NK","NAO","27.3.D.30",NA,"NGI",NA,NA,NA,"SAN","0.15","50.2639452698",NA,"N"
"Sweden",2021,2,"VL40XX","TM","OTM","SPF","16D32","OTM_SPF_16-31_0_0",NA,"NK","NK","NAO","27.3.D.30",NA,"NGI",NA,NA,NA,"SKB","5","1800.1241930719",NA,"N"
"Sweden",2021,2,"VL40XX","TM","OTM","SPF","16D32","OTM_SPF_16-31_0_0",NA,"NK","NK","NAO","27.3.D.30",NA,"NGI",NA,NA,NA,"SPR","75.4","27147.2456695218",NA,"N"
"Sweden",2021,3,"VL0008","DFN","FPN","ANA","NK","FPN_ANA_>0_0_0",NA,"NK","NK","NAO","27.3.D.30",NA,"NGI",NA,NA,NA,"SAL","1.7291","4882.5211774024",NA,"N"
"Sweden",2021,3,"VL0008","DFN","FPN","ANA","NK","FPN_ANA_>0_0_0",NA,"NK","NK","NAO","27.3.D.30",NA,"NGI",NA,NA,NA,"TRR","0.0015","0",NA,"N"
"Sweden",2021,3,"VL0008","DFN","FPN","ANA","NK","FPN_ANA_>0_0_0",NA,"NK","NK","NAO","27.3.D.30",NA,"NGI",NA,NA,NA,"TRS","0.2402","588.288253687",NA,"N"
"Sweden",2021,3,"VL0008","DFN","FPN","ANA","NK","FPN_ANA_>0_0_0",NA,"NK","NK","NAO","27.3.D.30",NA,"NGI",NA,NA,NA,"WHF","0.4253","1119.9832526857",NA,"N"
"Sweden",2021,3,"VL0008","DFN","FYK","CAT","NK","FYK_CAT_>0_0_0",NA,"NK","NK","NAO","27.3.D.30",NA,"NGI",NA,NA,NA,"ELE","0.1985","1859.4059199929",NA,"N"
"Sweden",2021,3,"VL0008","DFN","GNS","FWS","32D90","GNS_FWS_>0_0_0",NA,"NK","NK","NAO","27.3.D.30",NA,"NGI",NA,NA,NA,"FBM","0.182","143.5203895553",NA,"N"
"Sweden",2021,3,"VL0008","DFN","GNS","FWS","32D90","GNS_FWS_>0_0_0",NA,"NK","NK","NAO","27.3.D.30",NA,"NGI",NA,NA,NA,"FPE","9.2459","60853.0005471251",NA,"N"
"Sweden",2021,3,"VL0008","DFN","GNS","FWS","32D90","GNS_FWS_>0_0_0",NA,"NK","NK","NAO","27.3.D.30",NA,"NGI",NA,NA,NA,"FPI","0.1117","214.7639915981",NA,"N"
"Sweden",2021,3,"VL0008","DFN","GNS","FWS","32D90","GNS_FWS_>0_0_0",NA,"NK","NK","NAO","27.3.D.30",NA,"NGI",NA,NA,NA,"FPP","0.0018","23.0370225098",NA,"N"
"Sweden",2021,3,"VL0008","DFN","GNS","FWS","32D90","GNS_FWS_>0_0_0",NA,"NK","NK","NAO","27.3.D.30",NA,"NGI",NA,NA,NA,"FRO","0.37","65.648749618",NA,"N"
"Sweden",2021,3,"VL0008","DFN","GNS","FWS","32D90","GNS_FWS_>0_0_0",NA,"NK","NK","NAO","27.3.D.30",NA,"NGI",NA,NA,NA,"HER","0.028","45.8161243581",NA,"N"
"Sweden",2021,3,"VL0008","DFN","GNS","FWS","32D90","GNS_FWS_>0_0_0",NA,"NK","NK","NAO","27.3.D.30",NA,"NGI",NA,NA,NA,"PLE","0.001","3.0389030366",NA,"N"
"Sweden",2021,3,"VL0008","DFN","GNS","FWS","32D90","GNS_FWS_>0_0_0",NA,"NK","NK","NAO","27.3.D.30",NA,"NGI",NA,NA,NA,"TRS","0.278","1644.1758913346",NA,"N"
"Sweden",2021,3,"VL0008","DFN","GNS","FWS","32D90","GNS_FWS_>0_0_0",NA,"NK","NK","NAO","27.3.D.30",NA,"NGI",NA,NA,NA,"WHF","5.5585","27929.2924408853",NA,"N"
"Sweden",2021,3,"VL0008","DFN","GNS","FWS","90D110","GNS_FWS_>0_0_0",NA,"NK","NK","NAO","27.3.D.30",NA,"NGI",NA,NA,NA,"FPE","1.795","11764.86278284",NA,"N"
"Sweden",2021,3,"VL0008","DFN","GNS","FWS","90D110","GNS_FWS_>0_0_0",NA,"NK","NK","NAO","27.3.D.30",NA,"NGI",NA,NA,NA,"TRS","0.03","177.4290530217",NA,"N"
"Sweden",2021,3,"VL0008","DFN","GNS","FWS","90D110","GNS_FWS_>0_0_0",NA,"NK","NK","NAO","27.3.D.30",NA,"NGI",NA,NA,NA,"WHF","0.693","3490.9573965095",NA,"N"
"Sweden",2021,3,"VL0008","DFN","GNS","SPF","16D32","GNS_SPF_16-31_0_0",NA,"NK","NK","NAO","27.3.D.30",NA,"NGI",NA,NA,NA,"HER","3","2957.1508836953",NA,"N"
"Sweden",2021,3,"VL0008","DFN","GNS","SPF","32D90","GNS_SPF_32-89_0_0",NA,"NK","NK","NAO","27.3.D.30",NA,"NGI",NA,NA,NA,"HER","2.1873","2326.5088862384",NA,"N"
"Sweden",2021,3,"VL0008","FPO","FPN","ANA","NK","FPN_ANA_>0_0_0",NA,"NK","NK","NAO","27.3.D.30",NA,"NGI",NA,NA,NA,"FLE","4e-04","0.2485076391",NA,"N"
"Sweden",2021,3,"VL0008","FPO","FPN","ANA","NK","FPN_ANA_>0_0_0",NA,"NK","NK","NAO","27.3.D.30",NA,"NGI",NA,NA,NA,"FRO","0.001","0.177429053",NA,"N"
"Sweden",2021,3,"VL0008","FPO","FPN","ANA","NK","FPN_ANA_>0_0_0",NA,"NK","NK","NAO","27.3.D.30",NA,"NGI",NA,NA,NA,"FVE","0.02","157.7147137971",NA,"N"
"Sweden",2021,3,"VL0008","FPO","FPN","ANA","NK","FPN_ANA_>0_0_0",NA,"NK","NK","NAO","27.3.D.30",NA,"NGI",NA,NA,NA,"SAL","3.9088","17703.4692618062",NA,"N"
"Sweden",2021,3,"VL0008","FPO","FPN","ANA","NK","FPN_ANA_>0_0_0",NA,"NK","NK","NAO","27.3.D.30",NA,"NGI",NA,NA,NA,"TRS","0.0921","227.8704009372",NA,"N"
"Sweden",2021,3,"VL0008","FPO","FPN","ANA","NK","FPN_ANA_>0_0_0",NA,"NK","NK","NAO","27.3.D.30",NA,"NGI",NA,NA,NA,"WHF","0.4041","1040.3110940836",NA,"N"
"Sweden",2021,3,"VL0008","FPO","FPO","FWS",NA,"FPO_FWS_>0_0_0",NA,"NK","NK","NAO","27.3.D.30",NA,"NGI",NA,NA,NA,"FPE","0.09","131.8594010396",NA,"N"
"Sweden",2021,3,"VL0008","FPO","FYK","ANA","NK","FYK_ANA_>0_0_0",NA,"NK","NK","NAO","27.3.D.30",NA,"NGI",NA,NA,NA,"SAL","0.373","1050.7203911952",NA,"N"
"Sweden",2021,3,"VL0008","FPO","FYK","ANA","NK","FYK_ANA_>0_0_0",NA,"NK","NK","NAO","27.3.D.30",NA,"NGI",NA,NA,NA,"TRS","0.06","137.6382372456",NA,"N"
"Sweden",2021,3,"VL0008","FPO","FYK","ANA","NK","FYK_ANA_>0_0_0",NA,"NK","NK","NAO","27.3.D.30",NA,"NGI",NA,NA,NA,"WHF","0.064","171.6607845128",NA,"N"
"Sweden",2021,3,"VL0008","FPO","GNS","DEF","157DXX","GNS_DEF_>=157_0_0",NA,"NK","NK","NAO","27.3.D.30",NA,"NGI",NA,NA,NA,"FPE","0.059","375.4984871689",NA,"N"
"Sweden",2021,3,"VL0008","FPO","GNS","FWS","32D90","GNS_FWS_>0_0_0",NA,"NK","NK","NAO","27.3.D.30",NA,"NGI",NA,NA,NA,"FPE","2.5307","17630.6314299803",NA,"N"
"Sweden",2021,3,"VL0008","FPO","GNS","FWS","32D90","GNS_FWS_>0_0_0",NA,"NK","NK","NAO","27.3.D.30",NA,"NGI",NA,NA,NA,"FPP","0.0071","90.8682554555",NA,"N"
"Sweden",2021,3,"VL0008","FPO","GNS","FWS","32D90","GNS_FWS_>0_0_0",NA,"NK","NK","NAO","27.3.D.30",NA,"NGI",NA,NA,NA,"TGQ","0.0015","0.3301482099",NA,"N"
"Sweden",2021,3,"VL0008","FPO","GNS","FWS","32D90","GNS_FWS_>0_0_0",NA,"NK","NK","NAO","27.3.D.30",NA,"NGI",NA,NA,NA,"TRS","0.021","124.2003371152",NA,"N"
"Sweden",2021,3,"VL0008","FPO","GNS","FWS","32D90","GNS_FWS_>0_0_0",NA,"NK","NK","NAO","27.3.D.30",NA,"NGI",NA,NA,NA,"WHF","0.3222","1639.4101478327",NA,"N"
"Sweden",2021,3,"VL0008","FPO","GNS","FWS","90D110","GNS_FWS_>0_0_0",NA,"NK","NK","NAO","27.3.D.30",NA,"NGI",NA,NA,NA,"FPE","0.33","2639.1368716269",NA,"N"
"Sweden",2021,3,"VL0008","FPO","GNS","FWS","90D110","GNS_FWS_>0_0_0",NA,"NK","NK","NAO","27.3.D.30",NA,"NGI",NA,NA,NA,"TRS","0.002","11.8286035348",NA,"N"
"Sweden",2021,3,"VL0008","FPO","GNS","FWS","90D110","GNS_FWS_>0_0_0",NA,"NK","NK","NAO","27.3.D.30",NA,"NGI",NA,NA,NA,"WHF","0.021","94.4890367635",NA,"N"
"Sweden",2021,3,"VL0008","FPO","GNS","SPF","16D32","GNS_SPF_16-31_0_0",NA,"NK","NK","NAO","27.3.D.30",NA,"NGI",NA,NA,NA,"HER","2.5","2464.2924030794",NA,"N"
"Sweden",2021,3,"VL0008","FPO","GNS","SPF","32D90","GNS_SPF_32-89_0_0",NA,"NK","NK","NAO","27.3.D.30",NA,"NGI",NA,NA,NA,"HER","0.274","379.5010300742",NA,"N"
"Sweden",2021,3,"VL0008","NO","GNS","FWS","32D90","GNS_FWS_>0_0_0",NA,"NK","NK","NAO","27.3.D.30",NA,"NGI",NA,NA,NA,"FPE","0.73","6002.5171967058",NA,"N"
"Sweden",2021,3,"VL0008","NO","GNS","FWS","32D90","GNS_FWS_>0_0_0",NA,"NK","NK","NAO","27.3.D.30",NA,"NGI",NA,NA,NA,"FRO","0.3","53.2287159065",NA,"N"
"Sweden",2021,3,"VL0008","NO","GNS","FWS","32D90","GNS_FWS_>0_0_0",NA,"NK","NK","NAO","27.3.D.30",NA,"NGI",NA,NA,NA,"TRS","0.045","266.1435795326",NA,"N"
"Sweden",2021,3,"VL0008","PGP","FPN","ANA","NK","FPN_ANA_>0_0_0",NA,"NK","NK","NAO","27.3.D.30",NA,"NGI",NA,NA,NA,"SAL","0.0826","233.6154753068",NA,"N"
"Sweden",2021,3,"VL0008","PGP","FPN","ANA","NK","FPN_ANA_>0_0_0",NA,"NK","NK","NAO","27.3.D.30",NA,"NGI",NA,NA,NA,"WHF","0.1106","284.1327674084",NA,"N"
"Sweden",2021,3,"VL0008","PGP","GNS","SPF","32D90","GNS_SPF_32-89_0_0",NA,"NK","NK","NAO","27.3.D.30",NA,"NGI",NA,NA,NA,"HER","1.75","1725.0046821556",NA,"N"
"Sweden",2021,3,"VL0812","DFN","GNS","FWS","32D90","GNS_FWS_>0_0_0",NA,"NK","NK","NAO","27.3.D.30",NA,"NGI",NA,NA,NA,"FPE","1.098","7763.1196306636",NA,"N"
"Sweden",2021,3,"VL0812","DFN","GNS","FWS","32D90","GNS_FWS_>0_0_0",NA,"NK","NK","NAO","27.3.D.30",NA,"NGI",NA,NA,NA,"WHF","1.575","7769.0959198879",NA,"N"
"Sweden",2021,3,"VL0812","DFN","GNS","SPF","16D32","GNS_SPF_16-31_0_0",NA,"NK","NK","NAO","27.3.D.30",NA,"NGI",NA,NA,NA,"HER","1.08","1071.0800500744",NA,"N"
"Sweden",2021,3,"VL0812","DFN","GNS","SPF","32D90","GNS_SPF_32-89_0_0",NA,"NK","NK","NAO","27.3.D.30",NA,"NGI",NA,NA,NA,"HER","19.3085","22671.4408224822",NA,"N"
"Sweden",2021,3,"VL0812","DTS","OTB","SPF","32D90","OTB_SPF_32-89_0_0",NA,"NK","NK","NAO","27.3.D.30",NA,"NGI",NA,NA,NA,"HER","0.593","1169.0603160209",NA,"N"
"Sweden",2021,3,"VL0812","FPO","FPN","ANA","NK","FPN_ANA_>0_0_0",NA,"NK","NK","NAO","27.3.D.30",NA,"NGI",NA,NA,NA,"WHF","0.021","69.1616454504",NA,"N"
"Sweden",2021,3,"VL0812","FPO","GNS","FWS","32D90","GNS_FWS_>0_0_0",NA,"NK","NK","NAO","27.3.D.30",NA,"NGI",NA,NA,NA,"FPE","0.15","954.6571707684",NA,"N"
"Sweden",2021,3,"VL0812","FPO","GNS","FWS","90D110","GNS_FWS_>0_0_0",NA,"NK","NK","NAO","27.3.D.30",NA,"NGI",NA,NA,NA,"FPE","0.05","318.2190569228",NA,"N"
"Sweden",2021,3,"VL0812","FPO","GNS","FWS","90D110","GNS_FWS_>0_0_0",NA,"NK","NK","NAO","27.3.D.30",NA,"NGI",NA,NA,NA,"WHF","0.006","30.9890213796",NA,"N"
"Sweden",2021,3,"VL2440","TM","OTM","SPF","16D32","OTM_SPF_16-31_0_0",NA,"NK","NK","NAO","27.3.D.30",NA,"NGI",NA,NA,NA,"GTA","3.68","896.0995179844",NA,"N"
"Sweden",2021,3,"VL2440","TM","OTM","SPF","16D32","OTM_SPF_16-31_0_0",NA,"NK","NK","NAO","27.3.D.30",NA,"NGI",NA,NA,NA,"HER","628","152633.19814937",NA,"N"
"Sweden",2021,3,"VL2440","TM","OTM","SPF","16D32","OTM_SPF_16-31_0_0",NA,"NK","NK","NAO","27.3.D.30",NA,"NGI",NA,NA,NA,"SPR","0.935","227.3506885233",NA,"N"
"Sweden",2021,3,"VL40XX","TM","OTM","SPF","16D32","OTM_SPF_16-31_0_0",NA,"NK","NK","NAO","27.3.D.30",NA,"NGI",NA,NA,NA,"FRF","0.05","0",NA,"N"
"Sweden",2021,3,"VL40XX","TM","OTM","SPF","16D32","OTM_SPF_16-31_0_0",NA,"NK","NK","NAO","27.3.D.30",NA,"NGI",NA,NA,NA,"GTA","43.35","10555.9549197348",NA,"N"
"Sweden",2021,3,"VL40XX","TM","OTM","SPF","16D32","OTM_SPF_16-31_0_0",NA,"NK","NK","NAO","27.3.D.30",NA,"NGI",NA,NA,NA,"HER","725.77","519072.89228385",NA,"N"
"Sweden",2021,3,"VL40XX","TM","OTM","SPF","16D32","OTM_SPF_16-31_0_0",NA,"NK","NK","NAO","27.3.D.30",NA,"NGI",NA,NA,NA,"SPR","8.13","1976.856788978",NA,"N"
"Sweden",2021,4,"VL0008","DFN","GNS","FWS","110D157","GNS_FWS_>0_0_0",NA,"NK","NK","NAO","27.3.D.30",NA,"NGI",NA,NA,NA,"FPI","0.135","266.1435795326",NA,"N"
"Sweden",2021,4,"VL0008","DFN","GNS","FWS","32D90","GNS_FWS_>0_0_0",NA,"NK","NK","NAO","27.3.D.30",NA,"NGI",NA,NA,NA,"FBU","0.006","0",NA,"N"
"Sweden",2021,4,"VL0008","DFN","GNS","FWS","32D90","GNS_FWS_>0_0_0",NA,"NK","NK","NAO","27.3.D.30",NA,"NGI",NA,NA,NA,"FPE","1.661","8186.3793630297",NA,"N"
"Sweden",2021,4,"VL0008","DFN","GNS","FWS","32D90","GNS_FWS_>0_0_0",NA,"NK","NK","NAO","27.3.D.30",NA,"NGI",NA,NA,NA,"FPI","0.091","179.4004869442",NA,"N"
"Sweden",2021,4,"VL0008","DFN","GNS","FWS","32D90","GNS_FWS_>0_0_0",NA,"NK","NK","NAO","27.3.D.30",NA,"NGI",NA,NA,NA,"FPP","0.0018","23.0370225098",NA,"N"
"Sweden",2021,4,"VL0008","DFN","GNS","FWS","32D90","GNS_FWS_>0_0_0",NA,"NK","NK","NAO","27.3.D.30",NA,"NGI",NA,NA,NA,"FRO","0.358","63.5196009818",NA,"N"
"Sweden",2021,4,"VL0008","DFN","GNS","FWS","32D90","GNS_FWS_>0_0_0",NA,"NK","NK","NAO","27.3.D.30",NA,"NGI",NA,NA,NA,"FVE","0.117","922.6310757129",NA,"N"
"Sweden",2021,4,"VL0008","DFN","GNS","FWS","32D90","GNS_FWS_>0_0_0",NA,"NK","NK","NAO","27.3.D.30",NA,"NGI",NA,NA,NA,"HER","0.054","35.2460416138",NA,"N"
"Sweden",2021,4,"VL0008","DFN","GNS","FWS","32D90","GNS_FWS_>0_0_0",NA,"NK","NK","NAO","27.3.D.30",NA,"NGI",NA,NA,NA,"TRS","0.5436","3215.0144407535",NA,"N"
"Sweden",2021,4,"VL0008","DFN","GNS","FWS","32D90","GNS_FWS_>0_0_0",NA,"NK","NK","NAO","27.3.D.30",NA,"NGI",NA,NA,NA,"WHF","1.6284","5014.535784549",NA,"N"
"Sweden",2021,4,"VL0008","DFN","GNS","FWS","90D110","GNS_FWS_>0_0_0",NA,"NK","NK","NAO","27.3.D.30",NA,"NGI",NA,NA,NA,"FPE","0.485","2390.363630987",NA,"N"
"Sweden",2021,4,"VL0008","DFN","GNS","FWS","90D110","GNS_FWS_>0_0_0",NA,"NK","NK","NAO","27.3.D.30",NA,"NGI",NA,NA,NA,"TRS","0.046","272.0578813",NA,"N"
"Sweden",2021,4,"VL0008","DFN","GNS","FWS","90D110","GNS_FWS_>0_0_0",NA,"NK","NK","NAO","27.3.D.30",NA,"NGI",NA,NA,NA,"WHF","0.185","558.8716889054",NA,"N"
"Sweden",2021,4,"VL0008","DFN","GNS","SPF","32D90","GNS_SPF_32-89_0_0",NA,"NK","NK","NAO","27.3.D.30",NA,"NGI",NA,NA,NA,"HER","0.3796","247.7666184553",NA,"N"
"Sweden",2021,4,"VL0008","FPO","FPO","FWS",NA,"FPO_FWS_>0_0_0",NA,"NK","NK","NAO","27.3.D.30",NA,"NGI",NA,NA,NA,"FRO","0.059","10.4683141283",NA,"N"
"Sweden",2021,4,"VL0008","FPO","GNS","FWS","32D90","GNS_FWS_>0_0_0",NA,"NK","NK","NAO","27.3.D.30",NA,"NGI",NA,NA,NA,"FPE","0.0855","421.3940009266",NA,"N"
"Sweden",2021,4,"VL0008","FPO","GNS","FWS","32D90","GNS_FWS_>0_0_0",NA,"NK","NK","NAO","27.3.D.30",NA,"NGI",NA,NA,NA,"HER","0.001","0.6527044743",NA,"N"
"Sweden",2021,4,"VL0008","FPO","GNS","FWS","32D90","GNS_FWS_>0_0_0",NA,"NK","NK","NAO","27.3.D.30",NA,"NGI",NA,NA,NA,"TGQ","0.001","0.2200988066",NA,"N"
"Sweden",2021,4,"VL0008","FPO","GNS","FWS","32D90","GNS_FWS_>0_0_0",NA,"NK","NK","NAO","27.3.D.30",NA,"NGI",NA,NA,NA,"TRS","0.0784","463.6812585634",NA,"N"
"Sweden",2021,4,"VL0008","FPO","GNS","FWS","32D90","GNS_FWS_>0_0_0",NA,"NK","NK","NAO","27.3.D.30",NA,"NGI",NA,NA,NA,"WHF","0.2358","738.3466005932",NA,"N"
"Sweden",2021,4,"VL0008","FPO","GNS","FWS","90D110","GNS_FWS_>0_0_0",NA,"NK","NK","NAO","27.3.D.30",NA,"NGI",NA,NA,NA,"TRS","0.002","11.8286035348",NA,"N"
"Sweden",2021,4,"VL0008","FPO","GNS","SPF","32D90","GNS_SPF_32-89_0_0",NA,"NK","NK","NAO","27.3.D.30",NA,"NGI",NA,NA,NA,"HER","0.008","5.2216357946",NA,"N"
"Sweden",2021,4,"VL0008","FPO","GNS","SPF","32D90","GNS_SPF_32-89_0_0",NA,"NK","NK","NAO","27.3.D.30",NA,"NGI",NA,NA,NA,"TGQ","0.001","0.2200988066",NA,"N"
"Sweden",2021,4,"VL0008","NO","GNS","FWS","32D90","GNS_FWS_>0_0_0",NA,"NK","NK","NAO","27.3.D.30",NA,"NGI",NA,NA,NA,"FPE","0.0489","241.0077970212",NA,"N"
"Sweden",2021,4,"VL0008","NO","GNS","FWS","32D90","GNS_FWS_>0_0_0",NA,"NK","NK","NAO","27.3.D.30",NA,"NGI",NA,NA,NA,"TRS","0.0181","107.0488619898",NA,"N"
"Sweden",2021,4,"VL0008","NO","GNS","FWS","32D90","GNS_FWS_>0_0_0",NA,"NK","NK","NAO","27.3.D.30",NA,"NGI",NA,NA,NA,"WHF","0.0413","135.2087003284",NA,"N"
"Sweden",2021,4,"VL0812","DFN","GNS","FWS","32D90","GNS_FWS_>0_0_0",NA,"NK","NK","NAO","27.3.D.30",NA,"NGI",NA,NA,NA,"FPE","0.035","172.5004682156",NA,"N"
"Sweden",2021,4,"VL0812","DFN","GNS","FWS","32D90","GNS_FWS_>0_0_0",NA,"NK","NK","NAO","27.3.D.30",NA,"NGI",NA,NA,NA,"WHF","0.09","274.8841269705",NA,"N"
"Sweden",2021,4,"VL0812","DFN","GNS","SPF","32D90","GNS_SPF_32-89_0_0",NA,"NK","NK","NAO","27.3.D.30",NA,"NGI",NA,NA,NA,"HER","3.6555","2445.3040310762",NA,"N"
"Sweden",2021,4,"VL0812","DFN","OTB","SPF","32D90","OTB_SPF_32-89_0_0",NA,"NK","NK","NAO","27.3.D.30",NA,"NGI",NA,NA,NA,"HER","26.42","12413.6454436961",NA,"N"
"Sweden",2021,4,"VL0812","DFN","OTM","SPF","32D90","OTM_SPF_32-89_0_0",NA,"NK","NK","NAO","27.3.D.30",NA,"NGI",NA,NA,NA,"HER","0.04","9.0760209389",NA,"N"
"Sweden",2021,4,"VL0812","DFN","SSC","DEF","16D32","SSC_DEF_16-31_0_0",NA,"NK","NK","NAO","27.3.D.30",NA,"NGI",NA,NA,NA,"HER","0.261","295.8629459137",NA,"N"
"Sweden",2021,4,"VL0812","DTS","OTB","SPF","32D90","OTB_SPF_32-89_0_0",NA,"NK","NK","NAO","27.3.D.30",NA,"NGI",NA,NA,NA,"HER","2.622","4702.6091927964",NA,"N"
"Sweden",2021,4,"VL0812","FPO","GNS","FWS","90D110","GNS_FWS_>0_0_0",NA,"NK","NK","NAO","27.3.D.30",NA,"NGI",NA,NA,NA,"FPI","0.4","788.5735689854",NA,"N"
"Sweden",2021,4,"VL2440","TM","OTM","SPF","16D32","OTM_SPF_16-31_0_0",NA,"NK","NK","NAO","27.3.D.30",NA,"NGI",NA,NA,NA,"GTA","14.85","3433.5735565178",NA,"N"
"Sweden",2021,4,"VL2440","TM","OTM","SPF","16D32","OTM_SPF_16-31_0_0",NA,"NK","NK","NAO","27.3.D.30",NA,"NGI",NA,NA,NA,"HER","1100.8","253555.422622154",NA,"N"
"Sweden",2021,4,"VL2440","TM","OTM","SPF","16D32","OTM_SPF_16-31_0_0",NA,"NK","NK","NAO","27.3.D.30",NA,"NGI",NA,NA,NA,"SPR","1.07","245.6002711191",NA,"N"
"Sweden",2021,4,"VL2440","TM","OTM","SPF","16D32","OTM_SPF_16-31_0_0",NA,"NK","NK","NAO","27.3.D.30",NA,"NGI",NA,NA,NA,"TGQ","4.05","932.4408117585",NA,"N"
"Sweden",2021,4,"VL40XX","TM","OTM","SPF","16D32","OTM_SPF_16-31_0_0",NA,"NK","NK","NAO","27.3.D.30",NA,"NGI",NA,NA,NA,"GTA","4.1","952.1671108164",NA,"N"
"Sweden",2021,4,"VL40XX","TM","OTM","SPF","16D32","OTM_SPF_16-31_0_0",NA,"NK","NK","NAO","27.3.D.30",NA,"NGI",NA,NA,NA,"HER","3445","803001.296232069",NA,"N"
"Sweden",2021,4,"VL40XX","TM","OTM","SPF","16D32","OTM_SPF_16-31_0_0",NA,"NK","NK","NAO","27.3.D.30",NA,"NGI",NA,NA,NA,"SPR","46.418","10944.187663103",NA,"N"
"Sweden",2021,4,"VL40XX","TM","OTM","SPF","32D90","OTM_SPF_32-89_0_0",NA,"NK","NK","NAO","27.3.D.30",NA,"NGI",NA,NA,NA,"HER","35","7825.362258754",NA,"N"
"Sweden",2022,1,"VL0008","DFN","GNS","FWS","110D157","GNS_FWS_>0_0_0",NA,"NK","NK","NAO","27.3.D.30",NA,"NGI",NA,NA,NA,"FBU","0.002","4.702916749",NA,"N"
"Sweden",2022,1,"VL0008","DFN","GNS","FWS","32D90","GNS_FWS_>0_0_0",NA,"NK","NK","NAO","27.3.D.30",NA,"NGI",NA,NA,NA,"FBM","0.064","39.2693548539",NA,"N"
"Sweden",2022,1,"VL0008","DFN","GNS","FWS","32D90","GNS_FWS_>0_0_0",NA,"NK","NK","NAO","27.3.D.30",NA,"NGI",NA,NA,NA,"FPE","0.0953","493.0067627943",NA,"N"
"Sweden",2022,1,"VL0008","DFN","GNS","FWS","32D90","GNS_FWS_>0_0_0",NA,"NK","NK","NAO","27.3.D.30",NA,"NGI",NA,NA,NA,"FPI","0.141","304.1397638452",NA,"N"
"Sweden",2022,1,"VL0008","DFN","GNS","FWS","32D90","GNS_FWS_>0_0_0",NA,"NK","NK","NAO","27.3.D.30",NA,"NGI",NA,NA,NA,"TRS","0.0179","85.0964693951",NA,"N"
"Sweden",2022,1,"VL0008","DFN","GNS","FWS","32D90","GNS_FWS_>0_0_0",NA,"NK","NK","NAO","27.3.D.30",NA,"NGI",NA,NA,NA,"WHF","0.1196","522.1735971899",NA,"N"
"Sweden",2022,1,"VL0008","DFN","GNS","SPF","32D90","GNS_SPF_32-89_0_0",NA,"NK","NK","NAO","27.3.D.30",NA,"NGI",NA,NA,NA,"FRO","0.001","0.1926151121",NA,"N"
"Sweden",2022,1,"VL0008","FPO","FPO","FWS",NA,"FPO_FWS_>0_0_0",NA,"NK","NK","NAO","27.3.D.30",NA,"NGI",NA,NA,NA,"FRO","0.081","15.6018240774",NA,"N"
"Sweden",2022,1,"VL0008","FPO","GNS","FWS","32D90","GNS_FWS_>0_0_0",NA,"NK","NK","NAO","27.3.D.30",NA,"NGI",NA,NA,NA,"FBU","0.024","56.4350009876",NA,"N"
"Sweden",2022,1,"VL0008","FPO","GNS","FWS","32D90","GNS_FWS_>0_0_0",NA,"NK","NK","NAO","27.3.D.30",NA,"NGI",NA,NA,NA,"FPE","0.008","41.3856673909",NA,"N"
"Sweden",2022,1,"VL0008","FPO","GNS","FWS","32D90","GNS_FWS_>0_0_0",NA,"NK","NK","NAO","27.3.D.30",NA,"NGI",NA,NA,NA,"FPI","0.007","15.0493335967",NA,"N"
"Sweden",2022,1,"VL0008","FPO","GNS","FWS","32D90","GNS_FWS_>0_0_0",NA,"NK","NK","NAO","27.3.D.30",NA,"NGI",NA,NA,NA,"FPP","0.0019","16.3698861245",NA,"N"
"Sweden",2022,1,"VL0008","FPO","GNS","FWS","32D90","GNS_FWS_>0_0_0",NA,"NK","NK","NAO","27.3.D.30",NA,"NGI",NA,NA,NA,"TRS","0.0438","208.2248804192",NA,"N"
"Sweden",2022,1,"VL0008","FPO","GNS","FWS","32D90","GNS_FWS_>0_0_0",NA,"NK","NK","NAO","27.3.D.30",NA,"NGI",NA,NA,NA,"WHF","0.026","113.5159993891",NA,"N"
"Sweden",2022,1,"VL0008","NO","GNS","SPF","32D90","GNS_SPF_32-89_0_0",NA,"NK","NK","NAO","27.3.D.30",NA,"NGI",NA,NA,NA,"HER","0.006","8.66707336",NA,"N"
"Sweden",2022,1,"VL0812","DFN","GNS","SPF","32D90","GNS_SPF_32-89_0_0",NA,"NK","NK","NAO","27.3.D.30",NA,"NGI",NA,NA,NA,"HER","0.869","1255.2811249715",NA,"N"
"Sweden",2022,1,"VL0812","PMP","OTB","SPF","32D90","OTB_SPF_32-89_0_0",NA,"NK","NK","NAO","27.3.D.30",NA,"NGI",NA,NA,NA,"HER","6.2","12662.2289328365",NA,"N"
"Sweden",2022,1,"VL2440","TM","OTM","SPF","16D32","OTM_SPF_16-31_0_0",NA,"NK","NK","NAO","27.3.D.30",NA,"NGI",NA,NA,NA,"COD","0.01","41.1092661748",NA,"N"
"Sweden",2022,1,"VL2440","TM","OTM","SPF","16D32","OTM_SPF_16-31_0_0",NA,"NK","NK","NAO","27.3.D.30",NA,"NGI",NA,NA,NA,"GTA","47.39","10125.9040905864",NA,"N"
"Sweden",2022,1,"VL2440","TM","OTM","SPF","16D32","OTM_SPF_16-31_0_0",NA,"NK","NK","NAO","27.3.D.30",NA,"NGI",NA,NA,NA,"HER","3747.86","816121.415583834",NA,"N"
"Sweden",2022,1,"VL2440","TM","OTM","SPF","16D32","OTM_SPF_16-31_0_0",NA,"NK","NK","NAO","27.3.D.30",NA,"NGI",NA,NA,NA,"MXV","0","0",NA,"N"
"Sweden",2022,1,"VL2440","TM","OTM","SPF","16D32","OTM_SPF_16-31_0_0",NA,"NK","NK","NAO","27.3.D.30",NA,"NGI",NA,NA,NA,"SKB","0","0",NA,"N"
"Sweden",2022,1,"VL2440","TM","OTM","SPF","16D32","OTM_SPF_16-31_0_0",NA,"NK","NK","NAO","27.3.D.30",NA,"NGI",NA,NA,NA,"SPR","3.51","771.5349204666",NA,"N"
"Sweden",2022,1,"VL2440","TM","OTM","SPF","16D32","OTM_SPF_16-31_0_0",NA,"NK","NK","NAO","27.3.D.30",NA,"NGI",NA,NA,NA,"TGQ","6.405","1460.4848553444",NA,"N"
"Sweden",2022,1,"VL40XX","TM","OTM","SPF","16D32","OTM_SPF_16-31_0_0",NA,"NK","NK","NAO","27.3.D.30",NA,"NGI",NA,NA,NA,"GTA","51","11838.7953448122",NA,"N"
"Sweden",2022,1,"VL40XX","TM","OTM","SPF","16D32","OTM_SPF_16-31_0_0",NA,"NK","NK","NAO","27.3.D.30",NA,"NGI",NA,NA,NA,"HER","4364","958926.056571629",NA,"N"
"Sweden",2022,1,"VL40XX","TM","OTM","SPF","16D32","OTM_SPF_16-31_0_0",NA,"NK","NK","NAO","27.3.D.30",NA,"NGI",NA,NA,NA,"SKB","32","7618.8814798971",NA,"N"
"Sweden",2022,1,"VL40XX","TM","OTM","SPF","16D32","OTM_SPF_16-31_0_0",NA,"NK","NK","NAO","27.3.D.30",NA,"NGI",NA,NA,NA,"SPR","57.5","13503.9028694726",NA,"N"
"Sweden",2022,2,"VL0008","DFN","FPN","ANA","NK","FPN_ANA_>0_0_0",NA,"NK","NK","NAO","27.3.D.30",NA,"NGI",NA,NA,NA,"SAL","1.2394","7593.0515078987",NA,"N"
"Sweden",2022,2,"VL0008","DFN","FPN","ANA","NK","FPN_ANA_>0_0_0",NA,"NK","NK","NAO","27.3.D.30",NA,"NGI",NA,NA,NA,"TRS","0.2201","990.1071079066",NA,"N"
"Sweden",2022,2,"VL0008","DFN","FPN","ANA","NK","FPN_ANA_>0_0_0",NA,"NK","NK","NAO","27.3.D.30",NA,"NGI",NA,NA,NA,"WHF","0.2842","1043.6896095498",NA,"N"
"Sweden",2022,2,"VL0008","DFN","FYK","ANA","NK","FYK_ANA_>0_0_0",NA,"NK","NK","NAO","27.3.D.30",NA,"NGI",NA,NA,NA,"SAL","0.024","146.9368976129",NA,"N"
"Sweden",2022,2,"VL0008","DFN","FYK","CAT","NK","FYK_CAT_>0_0_0",NA,"NK","NK","NAO","27.3.D.30",NA,"NGI",NA,NA,NA,"ELE","0.006","55.6696218977",NA,"N"
"Sweden",2022,2,"VL0008","DFN","GNS","FWS","110D157","GNS_FWS_>0_0_0",NA,"NK","NK","NAO","27.3.D.30",NA,"NGI",NA,NA,NA,"WHF","0.05","163.5797130076",NA,"N"
"Sweden",2022,2,"VL0008","DFN","GNS","FWS","32D90","GNS_FWS_>0_0_0",NA,"NK","NK","NAO","27.3.D.30",NA,"NGI",NA,NA,NA,"FPE","2.643","13043.6266943128",NA,"N"
"Sweden",2022,2,"VL0008","DFN","GNS","FWS","32D90","GNS_FWS_>0_0_0",NA,"NK","NK","NAO","27.3.D.30",NA,"NGI",NA,NA,NA,"FPI","0.029","58.4612726383",NA,"N"
"Sweden",2022,2,"VL0008","DFN","GNS","FWS","32D90","GNS_FWS_>0_0_0",NA,"NK","NK","NAO","27.3.D.30",NA,"NGI",NA,NA,NA,"FRO","1.191","229.4045984711",NA,"N"
"Sweden",2022,2,"VL0008","DFN","GNS","FWS","32D90","GNS_FWS_>0_0_0",NA,"NK","NK","NAO","27.3.D.30",NA,"NGI",NA,NA,NA,"HER","0.002","2.5246979717",NA,"N"
"Sweden",2022,2,"VL0008","DFN","GNS","FWS","32D90","GNS_FWS_>0_0_0",NA,"NK","NK","NAO","27.3.D.30",NA,"NGI",NA,NA,NA,"TRS","0.1934","919.422188883",NA,"N"
"Sweden",2022,2,"VL0008","DFN","GNS","FWS","32D90","GNS_FWS_>0_0_0",NA,"NK","NK","NAO","27.3.D.30",NA,"NGI",NA,NA,NA,"WHF","2.8773","10030.9240263151",NA,"N"
"Sweden",2022,2,"VL0008","DFN","GNS","FWS","90D110","GNS_FWS_>0_0_0",NA,"NK","NK","NAO","27.3.D.30",NA,"NGI",NA,NA,NA,"FBM","0.343","177.8623811443",NA,"N"
"Sweden",2022,2,"VL0008","DFN","GNS","FWS","90D110","GNS_FWS_>0_0_0",NA,"NK","NK","NAO","27.3.D.30",NA,"NGI",NA,NA,NA,"FPE","1.388","6807.5010244811",NA,"N"
"Sweden",2022,2,"VL0008","DFN","GNS","FWS","90D110","GNS_FWS_>0_0_0",NA,"NK","NK","NAO","27.3.D.30",NA,"NGI",NA,NA,NA,"FPI","0.393","772.4093837035",NA,"N"
"Sweden",2022,2,"VL0008","DFN","GNS","FWS","90D110","GNS_FWS_>0_0_0",NA,"NK","NK","NAO","27.3.D.30",NA,"NGI",NA,NA,NA,"FRO","0.051","9.8233707154",NA,"N"
"Sweden",2022,2,"VL0008","DFN","GNS","FWS","90D110","GNS_FWS_>0_0_0",NA,"NK","NK","NAO","27.3.D.30",NA,"NGI",NA,NA,NA,"HER","0","0",NA,"N"
"Sweden",2022,2,"VL0008","DFN","GNS","FWS","90D110","GNS_FWS_>0_0_0",NA,"NK","NK","NAO","27.3.D.30",NA,"NGI",NA,NA,NA,"TRS","0.0796","378.4178192093",NA,"N"
"Sweden",2022,2,"VL0008","DFN","GNS","FWS","90D110","GNS_FWS_>0_0_0",NA,"NK","NK","NAO","27.3.D.30",NA,"NGI",NA,NA,NA,"WHF","0.673","2387.6524681443",NA,"N"
"Sweden",2022,2,"VL0008","DFN","GNS","SPF","16D32","GNS_SPF_16-31_0_0",NA,"NK","NK","NAO","27.3.D.30",NA,"NGI",NA,NA,NA,"HER","7.21","9847.2547384553",NA,"N"
"Sweden",2022,2,"VL0008","DFN","GNS","SPF","16D32","GNS_SPF_16-31_0_0",NA,"NK","NK","NAO","27.3.D.30",NA,"NGI",NA,NA,NA,"WHF","0.01","47.0291674897",NA,"N"
"Sweden",2022,2,"VL0008","DFN","GNS","SPF","32D90","GNS_SPF_32-89_0_0",NA,"NK","NK","NAO","27.3.D.30",NA,"NGI",NA,NA,NA,"HER","6.858","11272.0267236483",NA,"N"
"Sweden",2022,2,"VL0008","FPO","FPN","ANA","NK","FPN_ANA_>0_0_0",NA,"NK","NK","NAO","27.3.D.30",NA,"NGI",NA,NA,NA,"SAL","12.8426","79245.1151724247",NA,"N"
"Sweden",2022,2,"VL0008","FPO","FPN","ANA","NK","FPN_ANA_>0_0_0",NA,"NK","NK","NAO","27.3.D.30",NA,"NGI",NA,NA,NA,"TRS","0.1463","658.1220803577",NA,"N"
"Sweden",2022,2,"VL0008","FPO","FPN","ANA","NK","FPN_ANA_>0_0_0",NA,"NK","NK","NAO","27.3.D.30",NA,"NGI",NA,NA,NA,"WHF","0.1692","631.9445145902",NA,"N"
"Sweden",2022,2,"VL0008","FPO","FPO","ANA",NA,"FPO_ANA_>0_0_0",NA,"NK","NK","NAO","27.3.D.30",NA,"NGI",NA,NA,NA,"WHF","0.032","117.2788522577",NA,"N"
"Sweden",2022,2,"VL0008","FPO","FPO","FWS",NA,"FPO_FWS_>0_0_0",NA,"NK","NK","NAO","27.3.D.30",NA,"NGI",NA,NA,NA,"FPE","0.058","63.0184334571",NA,"N"
"Sweden",2022,2,"VL0008","FPO","FYK","ANA","NK","FYK_ANA_>0_0_0",NA,"NK","NK","NAO","27.3.D.30",NA,"NGI",NA,NA,NA,"SAL","0.203","1242.841258976",NA,"N"
"Sweden",2022,2,"VL0008","FPO","FYK","ANA","NK","FYK_ANA_>0_0_0",NA,"NK","NK","NAO","27.3.D.30",NA,"NGI",NA,NA,NA,"TRS","0.027","121.4579369081",NA,"N"
"Sweden",2022,2,"VL0008","FPO","FYK","ANA","NK","FYK_ANA_>0_0_0",NA,"NK","NK","NAO","27.3.D.30",NA,"NGI",NA,NA,NA,"WHF","0.002","7.344810497",NA,"N"
"Sweden",2022,2,"VL0008","FPO","GNS","FWS","32D90","GNS_FWS_>0_0_0",NA,"NK","NK","NAO","27.3.D.30",NA,"NGI",NA,NA,NA,"FPE","0.364","1796.3980767045",NA,"N"
"Sweden",2022,2,"VL0008","FPO","GNS","FWS","32D90","GNS_FWS_>0_0_0",NA,"NK","NK","NAO","27.3.D.30",NA,"NGI",NA,NA,NA,"FPP","0.006","51.6943772353",NA,"N"
"Sweden",2022,2,"VL0008","FPO","GNS","FWS","32D90","GNS_FWS_>0_0_0",NA,"NK","NK","NAO","27.3.D.30",NA,"NGI",NA,NA,NA,"TRS","0.0328","155.9309606792",NA,"N"
"Sweden",2022,2,"VL0008","FPO","GNS","FWS","32D90","GNS_FWS_>0_0_0",NA,"NK","NK","NAO","27.3.D.30",NA,"NGI",NA,NA,NA,"WHF","0.2855","978.4361019967",NA,"N"
"Sweden",2022,2,"VL0008","FPO","GNS","SPF","32D90","GNS_SPF_32-89_0_0",NA,"NK","NK","NAO","27.3.D.30",NA,"NGI",NA,NA,NA,"HER","0.4675","600.8226233559",NA,"N"
"Sweden",2022,2,"VL0008","PGP","FPN","ANA","NK","FPN_ANA_>0_0_0",NA,"NK","NK","NAO","27.3.D.30",NA,"NGI",NA,NA,NA,"SAL","0.012","73.4684488065",NA,"N"
"Sweden",2022,2,"VL0008","PGP","FPN","ANA","NK","FPN_ANA_>0_0_0",NA,"NK","NK","NAO","27.3.D.30",NA,"NGI",NA,NA,NA,"WHF","0.035","128.5341836972",NA,"N"
"Sweden",2022,2,"VL0812","DFN","FPN","ANA","NK","FPN_ANA_>0_0_0",NA,"NK","NK","NAO","27.3.D.30",NA,"NGI",NA,NA,NA,"SAL","0.083","508.1567709114",NA,"N"
"Sweden",2022,2,"VL0812","DFN","FPN","ANA","NK","FPN_ANA_>0_0_0",NA,"NK","NK","NAO","27.3.D.30",NA,"NGI",NA,NA,NA,"TRS","0.08","359.8753686167",NA,"N"
"Sweden",2022,2,"VL0812","DFN","FPN","ANA","NK","FPN_ANA_>0_0_0",NA,"NK","NK","NAO","27.3.D.30",NA,"NGI",NA,NA,NA,"WHF","0.055","201.982288667",NA,"N"
"Sweden",2022,2,"VL0812","DFN","GNS","DEF","110D157","GNS_DEF_110-156_0_0",NA,"NK","NK","NAO","27.3.D.30",NA,"NGI",NA,NA,NA,"COD","0.304","1303.7595389005",NA,"N"
"Sweden",2022,2,"VL0812","DFN","GNS","FWS","32D90","GNS_FWS_>0_0_0",NA,"NK","NK","NAO","27.3.D.30",NA,"NGI",NA,NA,NA,"FID","0.003","3.6097983511",NA,"N"
"Sweden",2022,2,"VL0812","DFN","GNS","FWS","32D90","GNS_FWS_>0_0_0",NA,"NK","NK","NAO","27.3.D.30",NA,"NGI",NA,NA,NA,"FLE","0.001","1.445805055",NA,"N"
"Sweden",2022,2,"VL0812","DFN","GNS","FWS","32D90","GNS_FWS_>0_0_0",NA,"NK","NK","NAO","27.3.D.30",NA,"NGI",NA,NA,NA,"FPE","0.544","2684.7267959539",NA,"N"
"Sweden",2022,2,"VL0812","DFN","GNS","FWS","32D90","GNS_FWS_>0_0_0",NA,"NK","NK","NAO","27.3.D.30",NA,"NGI",NA,NA,NA,"MXV","0.001","0.2427150671",NA,"N"
"Sweden",2022,2,"VL0812","DFN","GNS","FWS","32D90","GNS_FWS_>0_0_0",NA,"NK","NK","NAO","27.3.D.30",NA,"NGI",NA,NA,NA,"TRS","0.007","33.2779489254",NA,"N"
"Sweden",2022,2,"VL0812","DFN","GNS","FWS","32D90","GNS_FWS_>0_0_0",NA,"NK","NK","NAO","27.3.D.30",NA,"NGI",NA,NA,NA,"WHF","2.289","7554.9847218087",NA,"N"
"Sweden",2022,2,"VL0812","DFN","GNS","FWS","90D110","GNS_FWS_>0_0_0",NA,"NK","NK","NAO","27.3.D.30",NA,"NGI",NA,NA,NA,"FPE","0.255","1382.4252813941",NA,"N"
"Sweden",2022,2,"VL0812","DFN","GNS","FWS","90D110","GNS_FWS_>0_0_0",NA,"NK","NK","NAO","27.3.D.30",NA,"NGI",NA,NA,NA,"WHF","0.047","221.0370872015",NA,"N"
"Sweden",2022,2,"VL0812","DFN","GNS","SPF","16D32","GNS_SPF_16-31_0_0",NA,"NK","NK","NAO","27.3.D.30",NA,"NGI",NA,NA,NA,"HER","2.39","3181.5161112411",NA,"N"
"Sweden",2022,2,"VL0812","DFN","GNS","SPF","32D90","GNS_SPF_32-89_0_0",NA,"NK","NK","NAO","27.3.D.30",NA,"NGI",NA,NA,NA,"HER","31.9425","41988.6698067631",NA,"N"
"Sweden",2022,2,"VL0812","DFN","GNS","SPF","32D90","GNS_SPF_32-89_0_0",NA,"NK","NK","NAO","27.3.D.30",NA,"NGI",NA,NA,NA,"SAL","0","0",NA,"N"
"Sweden",2022,2,"VL0812","DFN","OTM","SPF","32D90","OTM_SPF_32-89_0_0",NA,"NK","NK","NAO","27.3.D.30",NA,"NGI",NA,NA,NA,"HER","0.08","17.3564736826",NA,"N"
"Sweden",2022,2,"VL0812","PMP","GNS","SPF","32D90","GNS_SPF_32-89_0_0",NA,"NK","NK","NAO","27.3.D.30",NA,"NGI",NA,NA,NA,"HER","1.758","2385.8840880962",NA,"N"
"Sweden",2022,2,"VL0812","PMP","OTB","SPF","32D90","OTB_SPF_32-89_0_0",NA,"NK","NK","NAO","27.3.D.30",NA,"NGI",NA,NA,NA,"HER","5.8","8986.5842444754",NA,"N"
"Sweden",2022,2,"VL1218","DTS","GNS","SPF","32D90","GNS_SPF_32-89_0_0",NA,"NK","NK","NAO","27.3.D.30",NA,"NGI",NA,NA,NA,"HER","0.15","176.3593780863",NA,"N"
"Sweden",2022,2,"VL1218","FPO","GNS","SPF","32D90","GNS_SPF_32-89_0_0",NA,"NK","NK","NAO","27.3.D.30",NA,"NGI",NA,NA,NA,"HER","0.95","1027.5873096494",NA,"N"
"Sweden",2022,2,"VL1218","FPO","PTB","SPF","32D90","PTB_SPF_32-89_0_0",NA,"NK","NK","NAO","27.3.D.30",NA,"NGI",NA,NA,NA,"HER","0.6","649.0025113575",NA,"N"
"Sweden",2022,2,"VL1218","FPO","PTM","SPF","32D90","PTM_SPF_32-89_0_0",NA,"NK","NK","NAO","27.3.D.30",NA,"NGI",NA,NA,NA,"HER","0.4","432.668340905",NA,"N"
"Sweden",2022,2,"VL1218","MGP","PTB","SPF","32D90","PTB_SPF_32-89_0_0",NA,"NK","NK","NAO","27.3.D.30",NA,"NGI",NA,NA,NA,"HER","1.3","1406.1721079414",NA,"N"
"Sweden",2022,2,"VL2440","TM","OTM","SPF","16D32","OTM_SPF_16-31_0_0",NA,"NK","NK","NAO","27.3.D.30",NA,"NGI",NA,NA,NA,"GTA","21.46","4548.0326471048",NA,"N"
"Sweden",2022,2,"VL2440","TM","OTM","SPF","16D32","OTM_SPF_16-31_0_0",NA,"NK","NK","NAO","27.3.D.30",NA,"NGI",NA,NA,NA,"HER","2106","455596.625317197",NA,"N"
"Sweden",2022,2,"VL2440","TM","OTM","SPF","16D32","OTM_SPF_16-31_0_0",NA,"NK","NK","NAO","27.3.D.30",NA,"NGI",NA,NA,NA,"MXV","0","0",NA,"N"
"Sweden",2022,2,"VL2440","TM","OTM","SPF","16D32","OTM_SPF_16-31_0_0",NA,"NK","NK","NAO","27.3.D.30",NA,"NGI",NA,NA,NA,"SPR","1.827","395.1895826303",NA,"N"
"Sweden",2022,2,"VL2440","TM","OTM","SPF","16D32","OTM_SPF_16-31_0_0",NA,"NK","NK","NAO","27.3.D.30",NA,"NGI",NA,NA,NA,"TGQ","1.115","273.5069188592",NA,"N"
"Sweden",2022,2,"VL40XX","TM","OTM","SPF","16D32","OTM_SPF_16-31_0_0",NA,"NK","NK","NAO","27.3.D.30",NA,"NGI",NA,NA,NA,"GTA","0.7","148.6006246761",NA,"N"
"Sweden",2022,2,"VL40XX","TM","OTM","SPF","16D32","OTM_SPF_16-31_0_0",NA,"NK","NK","NAO","27.3.D.30",NA,"NGI",NA,NA,NA,"HER","4015","970528.564615077",NA,"N"
"Sweden",2022,2,"VL40XX","TM","OTM","SPF","16D32","OTM_SPF_16-31_0_0",NA,"NK","NK","NAO","27.3.D.30",NA,"NGI",NA,NA,NA,"MZZ","0.02","5.8504284357",NA,"N"
"Sweden",2022,2,"VL40XX","TM","OTM","SPF","16D32","OTM_SPF_16-31_0_0",NA,"NK","NK","NAO","27.3.D.30",NA,"NGI",NA,NA,NA,"SAN","7.05","1922.436140028",NA,"N"
"Sweden",2022,2,"VL40XX","TM","OTM","SPF","16D32","OTM_SPF_16-31_0_0",NA,"NK","NK","NAO","27.3.D.30",NA,"NGI",NA,NA,NA,"SKB","5","1284.6824836162",NA,"N"
"Sweden",2022,2,"VL40XX","TM","OTM","SPF","16D32","OTM_SPF_16-31_0_0",NA,"NK","NK","NAO","27.3.D.30",NA,"NGI",NA,NA,NA,"SPR","91","23130.5980091882",NA,"N"
"Sweden",2022,3,"VL0008","DFN","FPN","ANA","NK","FPN_ANA_>0_0_0",NA,"NK","NK","NAO","27.3.D.30",NA,"NGI",NA,NA,NA,"SAL","0.5959","3365.2401038322",NA,"N"
"Sweden",2022,3,"VL0008","DFN","FPN","ANA","NK","FPN_ANA_>0_0_0",NA,"NK","NK","NAO","27.3.D.30",NA,"NGI",NA,NA,NA,"TRS","0.2179","956.5192677645",NA,"N"
"Sweden",2022,3,"VL0008","DFN","FPN","ANA","NK","FPN_ANA_>0_0_0",NA,"NK","NK","NAO","27.3.D.30",NA,"NGI",NA,NA,NA,"WHF","0.2586","1743.6818519429",NA,"N"
"Sweden",2022,3,"VL0008","DFN","FYK","CAT","NK","FYK_CAT_>0_0_0",NA,"NK","NK","NAO","27.3.D.30",NA,"NGI",NA,NA,NA,"ELE","0.013","120.6175141116",NA,"N"
"Sweden",2022,3,"VL0008","DFN","GNS","FWS","32D90","GNS_FWS_>0_0_0",NA,"NK","NK","NAO","27.3.D.30",NA,"NGI",NA,NA,NA,"FBU","0.003","7.0543751235",NA,"N"
"Sweden",2022,3,"VL0008","DFN","GNS","FWS","32D90","GNS_FWS_>0_0_0",NA,"NK","NK","NAO","27.3.D.30",NA,"NGI",NA,NA,NA,"FPE","11.5248","68504.659534069",NA,"N"
"Sweden",2022,3,"VL0008","DFN","GNS","FWS","32D90","GNS_FWS_>0_0_0",NA,"NK","NK","NAO","27.3.D.30",NA,"NGI",NA,NA,NA,"FPI","0.0242","46.4562263248",NA,"N"
"Sweden",2022,3,"VL0008","DFN","GNS","FWS","32D90","GNS_FWS_>0_0_0",NA,"NK","NK","NAO","27.3.D.30",NA,"NGI",NA,NA,NA,"FPP","0.0072","62.0332526823",NA,"N"
"Sweden",2022,3,"VL0008","DFN","GNS","FWS","32D90","GNS_FWS_>0_0_0",NA,"NK","NK","NAO","27.3.D.30",NA,"NGI",NA,NA,NA,"FRO","4.135","796.4634883946",NA,"N"
"Sweden",2022,3,"VL0008","DFN","GNS","FWS","32D90","GNS_FWS_>0_0_0",NA,"NK","NK","NAO","27.3.D.30",NA,"NGI",NA,NA,NA,"HER","0.012","24.0066885772",NA,"N"
"Sweden",2022,3,"VL0008","DFN","GNS","FWS","32D90","GNS_FWS_>0_0_0",NA,"NK","NK","NAO","27.3.D.30",NA,"NGI",NA,NA,NA,"SAL","0.008","42.0771016494",NA,"N"
"Sweden",2022,3,"VL0008","DFN","GNS","FWS","32D90","GNS_FWS_>0_0_0",NA,"NK","NK","NAO","27.3.D.30",NA,"NGI",NA,NA,NA,"TRS","0.1229","584.2657032767",NA,"N"
"Sweden",2022,3,"VL0008","DFN","GNS","FWS","32D90","GNS_FWS_>0_0_0",NA,"NK","NK","NAO","27.3.D.30",NA,"NGI",NA,NA,NA,"WHF","4.5079","20168.1256663604",NA,"N"
"Sweden",2022,3,"VL0008","DFN","GNS","FWS","90D110","GNS_FWS_>0_0_0",NA,"NK","NK","NAO","27.3.D.30",NA,"NGI",NA,NA,NA,"FPE","1.876","13515.5501466719",NA,"N"
"Sweden",2022,3,"VL0008","DFN","GNS","FWS","90D110","GNS_FWS_>0_0_0",NA,"NK","NK","NAO","27.3.D.30",NA,"NGI",NA,NA,NA,"FPI","0.12","230.3614528502",NA,"N"
"Sweden",2022,3,"VL0008","DFN","GNS","FWS","90D110","GNS_FWS_>0_0_0",NA,"NK","NK","NAO","27.3.D.30",NA,"NGI",NA,NA,NA,"TRS","0.0255","121.2268139427",NA,"N"
"Sweden",2022,3,"VL0008","DFN","GNS","FWS","90D110","GNS_FWS_>0_0_0",NA,"NK","NK","NAO","27.3.D.30",NA,"NGI",NA,NA,NA,"WHF","0.158","791.4419366695",NA,"N"
"Sweden",2022,3,"VL0008","DFN","GNS","SPF","16D32","GNS_SPF_16-31_0_0",NA,"NK","NK","NAO","27.3.D.30",NA,"NGI",NA,NA,NA,"HER","3.211","6707.0061273192",NA,"N"
"Sweden",2022,3,"VL0008","DFN","GNS","SPF","32D90","GNS_SPF_32-89_0_0",NA,"NK","NK","NAO","27.3.D.30",NA,"NGI",NA,NA,NA,"HER","1.494","3493.6456483946",NA,"N"
"Sweden",2022,3,"VL0008","FPO","FPN","ANA","NK","FPN_ANA_>0_0_0",NA,"NK","NK","NAO","27.3.D.30",NA,"NGI",NA,NA,NA,"SAL","4.5848","27825.4323080709",NA,"N"
"Sweden",2022,3,"VL0008","FPO","FPN","ANA","NK","FPN_ANA_>0_0_0",NA,"NK","NK","NAO","27.3.D.30",NA,"NGI",NA,NA,NA,"TRS","0.3275","1573.0283008824",NA,"N"
"Sweden",2022,3,"VL0008","FPO","FPN","ANA","NK","FPN_ANA_>0_0_0",NA,"NK","NK","NAO","27.3.D.30",NA,"NGI",NA,NA,NA,"WHF","0.1585","1058.0243525231",NA,"N"
"Sweden",2022,3,"VL0008","FPO","FPO","FWS",NA,"FPO_FWS_>0_0_0",NA,"NK","NK","NAO","27.3.D.30",NA,"NGI",NA,NA,NA,"FPE","0.232","331.1877340701",NA,"N"
"Sweden",2022,3,"VL0008","FPO","FYK","ANA","NK","FYK_ANA_>0_0_0",NA,"NK","NK","NAO","27.3.D.30",NA,"NGI",NA,NA,NA,"SAL","0.487","2821.2634370224",NA,"N"
"Sweden",2022,3,"VL0008","FPO","FYK","ANA","NK","FYK_ANA_>0_0_0",NA,"NK","NK","NAO","27.3.D.30",NA,"NGI",NA,NA,NA,"TRS","0.151","665.5697931568",NA,"N"
"Sweden",2022,3,"VL0008","FPO","FYK","ANA","NK","FYK_ANA_>0_0_0",NA,"NK","NK","NAO","27.3.D.30",NA,"NGI",NA,NA,NA,"WHF","0.013","93.9709745776",NA,"N"
"Sweden",2022,3,"VL0008","FPO","FYK","CAT","NK","FYK_CAT_>0_0_0",NA,"NK","NK","NAO","27.3.D.30",NA,"NGI",NA,NA,NA,"ELE","0.044","408.2438939162",NA,"N"
"Sweden",2022,3,"VL0008","FPO","GNS","FWS","32D90","GNS_FWS_>0_0_0",NA,"NK","NK","NAO","27.3.D.30",NA,"NGI",NA,NA,NA,"FPE","2.276","12264.5573931407",NA,"N"
"Sweden",2022,3,"VL0008","FPO","GNS","FWS","32D90","GNS_FWS_>0_0_0",NA,"NK","NK","NAO","27.3.D.30",NA,"NGI",NA,NA,NA,"FPI","0.0054","10.3662653783",NA,"N"
"Sweden",2022,3,"VL0008","FPO","GNS","FWS","32D90","GNS_FWS_>0_0_0",NA,"NK","NK","NAO","27.3.D.30",NA,"NGI",NA,NA,NA,"FPP","0.0111","95.6345978852",NA,"N"
"Sweden",2022,3,"VL0008","FPO","GNS","FWS","32D90","GNS_FWS_>0_0_0",NA,"NK","NK","NAO","27.3.D.30",NA,"NGI",NA,NA,NA,"HER","0.006","24.9288421629",NA,"N"
"Sweden",2022,3,"VL0008","FPO","GNS","FWS","32D90","GNS_FWS_>0_0_0",NA,"NK","NK","NAO","27.3.D.30",NA,"NGI",NA,NA,NA,"TRS","0.085","404.089379809",NA,"N"
"Sweden",2022,3,"VL0008","FPO","GNS","FWS","32D90","GNS_FWS_>0_0_0",NA,"NK","NK","NAO","27.3.D.30",NA,"NGI",NA,NA,NA,"WHF","0.4263","2014.183792663",NA,"N"
"Sweden",2022,3,"VL0008","FPO","GNS","FWS","90D110","GNS_FWS_>0_0_0",NA,"NK","NK","NAO","27.3.D.30",NA,"NGI",NA,NA,NA,"FPE","0.54","2993.0235121614",NA,"N"
"Sweden",2022,3,"VL0008","FPO","GNS","FWS","90D110","GNS_FWS_>0_0_0",NA,"NK","NK","NAO","27.3.D.30",NA,"NGI",NA,NA,NA,"WHF","0.091","475.5711941995",NA,"N"
"Sweden",2022,3,"VL0008","FPO","GNS","SPF","32D90","GNS_SPF_32-89_0_0",NA,"NK","NK","NAO","27.3.D.30",NA,"NGI",NA,NA,NA,"HER","0.0475","164.42614976",NA,"N"
"Sweden",2022,3,"VL0008","NO","FPN","ANA","NK","FPN_ANA_>0_0_0",NA,"NK","NK","NAO","27.3.D.30",NA,"NGI",NA,NA,NA,"SAL","0.1","579.3148741319",NA,"N"
"Sweden",2022,3,"VL0008","PGP","FPN","ANA","NK","FPN_ANA_>0_0_0",NA,"NK","NK","NAO","27.3.D.30",NA,"NGI",NA,NA,NA,"SAL","0.45","2306.8461714552",NA,"N"
"Sweden",2022,3,"VL0008","PGP","FPN","ANA","NK","FPN_ANA_>0_0_0",NA,"NK","NK","NAO","27.3.D.30",NA,"NGI",NA,NA,NA,"WHF","0.045","272.6142524121",NA,"N"
"Sweden",2022,3,"VL0008","PGP","GNS","FWS","32D90","GNS_FWS_>0_0_0",NA,"NK","NK","NAO","27.3.D.30",NA,"NGI",NA,NA,NA,"TRS","0.008","38.0319416291",NA,"N"
"Sweden",2022,3,"VL0008","PGP","GNS","FWS","32D90","GNS_FWS_>0_0_0",NA,"NK","NK","NAO","27.3.D.30",NA,"NGI",NA,NA,NA,"WHF","0.104","391.5974084425",NA,"N"
"Sweden",2022,3,"VL0812","DFN","GNS","FWS","32D90","GNS_FWS_>0_0_0",NA,"NK","NK","NAO","27.3.D.30",NA,"NGI",NA,NA,NA,"FPE","1.399","8679.1798240368",NA,"N"
"Sweden",2022,3,"VL0812","DFN","GNS","FWS","32D90","GNS_FWS_>0_0_0",NA,"NK","NK","NAO","27.3.D.30",NA,"NGI",NA,NA,NA,"TGQ","0.001","0.2452976851",NA,"N"
"Sweden",2022,3,"VL0812","DFN","GNS","FWS","32D90","GNS_FWS_>0_0_0",NA,"NK","NK","NAO","27.3.D.30",NA,"NGI",NA,NA,NA,"TRS","0.013","61.8019051473",NA,"N"
"Sweden",2022,3,"VL0812","DFN","GNS","FWS","32D90","GNS_FWS_>0_0_0",NA,"NK","NK","NAO","27.3.D.30",NA,"NGI",NA,NA,NA,"WHF","3.299","12874.4106612567",NA,"N"
"Sweden",2022,3,"VL0812","DFN","GNS","FWS","90D110","GNS_FWS_>0_0_0",NA,"NK","NK","NAO","27.3.D.30",NA,"NGI",NA,NA,NA,"FPE","0.258","2414.571517255",NA,"N"
"Sweden",2022,3,"VL0812","DFN","GNS","SPF","16D32","GNS_SPF_16-31_0_0",NA,"NK","NK","NAO","27.3.D.30",NA,"NGI",NA,NA,NA,"HER","2.884","6935.0540009922",NA,"N"
"Sweden",2022,3,"VL0812","DFN","GNS","SPF","32D90","GNS_SPF_32-89_0_0",NA,"NK","NK","NAO","27.3.D.30",NA,"NGI",NA,NA,NA,"HER","7.9872","17760.3866777534",NA,"N"
"Sweden",2022,3,"VL0812","DTS","OTB","SPF","32D90","OTB_SPF_32-89_0_0",NA,"NK","NK","NAO","27.3.D.30",NA,"NGI",NA,NA,NA,"HER","0.231","62.926567788",NA,"N"
"Sweden",2022,3,"VL2440","TM","OTM","SPF","16D32","OTM_SPF_16-31_0_0",NA,"NK","NK","NAO","27.3.D.30",NA,"NGI",NA,NA,NA,"GTA","1","258.1195857671",NA,"N"
"Sweden",2022,3,"VL2440","TM","OTM","SPF","16D32","OTM_SPF_16-31_0_0",NA,"NK","NK","NAO","27.3.D.30",NA,"NGI",NA,NA,NA,"HER","213","56899.4239428237",NA,"N"
"Sweden",2022,4,"VL0008","DFN","FPO","FWS",NA,"FPO_FWS_>0_0_0",NA,"NK","NK","NAO","27.3.D.30",NA,"NGI",NA,NA,NA,"FPE","0.05","65.9905425548",NA,"N"
"Sweden",2022,4,"VL0008","DFN","GNS","FWS","32D90","GNS_FWS_>0_0_0",NA,"NK","NK","NAO","27.3.D.30",NA,"NGI",NA,NA,NA,"FBM","0.016","7.5246667983",NA,"N"
"Sweden",2022,4,"VL0008","DFN","GNS","FWS","32D90","GNS_FWS_>0_0_0",NA,"NK","NK","NAO","27.3.D.30",NA,"NGI",NA,NA,NA,"FPE","1.7349","8974.9992945625",NA,"N"
"Sweden",2022,4,"VL0008","DFN","GNS","FWS","32D90","GNS_FWS_>0_0_0",NA,"NK","NK","NAO","27.3.D.30",NA,"NGI",NA,NA,NA,"FPI","0.077","108.6373769012",NA,"N"
"Sweden",2022,4,"VL0008","DFN","GNS","FWS","32D90","GNS_FWS_>0_0_0",NA,"NK","NK","NAO","27.3.D.30",NA,"NGI",NA,NA,NA,"FRO","1.593","306.8358735218",NA,"N"
"Sweden",2022,4,"VL0008","DFN","GNS","FWS","32D90","GNS_FWS_>0_0_0",NA,"NK","NK","NAO","27.3.D.30",NA,"NGI",NA,NA,NA,"FVE","0.125","1457.90419218",NA,"N"
"Sweden",2022,4,"VL0008","DFN","GNS","FWS","32D90","GNS_FWS_>0_0_0",NA,"NK","NK","NAO","27.3.D.30",NA,"NGI",NA,NA,NA,"HER","0.068","31.979833893",NA,"N"
"Sweden",2022,4,"VL0008","DFN","GNS","FWS","32D90","GNS_FWS_>0_0_0",NA,"NK","NK","NAO","27.3.D.30",NA,"NGI",NA,NA,NA,"TRS","0.1812","861.4234778986",NA,"N"
"Sweden",2022,4,"VL0008","DFN","GNS","FWS","32D90","GNS_FWS_>0_0_0",NA,"NK","NK","NAO","27.3.D.30",NA,"NGI",NA,NA,NA,"WHF","3.1042","14417.7944793644",NA,"N"
"Sweden",2022,4,"VL0008","DFN","GNS","FWS","90D110","GNS_FWS_>0_0_0",NA,"NK","NK","NAO","27.3.D.30",NA,"NGI",NA,NA,NA,"FBM","0.01","4.702916749",NA,"N"
"Sweden",2022,4,"VL0008","DFN","GNS","FWS","90D110","GNS_FWS_>0_0_0",NA,"NK","NK","NAO","27.3.D.30",NA,"NGI",NA,NA,NA,"FPE","0.104","538.0136760819",NA,"N"
"Sweden",2022,4,"VL0008","DFN","GNS","FWS","90D110","GNS_FWS_>0_0_0",NA,"NK","NK","NAO","27.3.D.30",NA,"NGI",NA,NA,NA,"FPI","0.1","141.087502469",NA,"N"
"Sweden",2022,4,"VL0008","DFN","GNS","FWS","90D110","GNS_FWS_>0_0_0",NA,"NK","NK","NAO","27.3.D.30",NA,"NGI",NA,NA,NA,"HER","0.005","5.1118660315",NA,"N"
"Sweden",2022,4,"VL0008","DFN","GNS","FWS","90D110","GNS_FWS_>0_0_0",NA,"NK","NK","NAO","27.3.D.30",NA,"NGI",NA,NA,NA,"TRS","0.04","190.1597081454",NA,"N"
"Sweden",2022,4,"VL0008","DFN","GNS","FWS","90D110","GNS_FWS_>0_0_0",NA,"NK","NK","NAO","27.3.D.30",NA,"NGI",NA,NA,NA,"WHF","0.079","395.7307571661",NA,"N"
"Sweden",2022,4,"VL0008","DFN","GNS","SPF","16D32","GNS_SPF_16-31_0_0",NA,"NK","NK","NAO","27.3.D.30",NA,"NGI",NA,NA,NA,"HER","0.458","321.2092139545",NA,"N"
"Sweden",2022,4,"VL0008","DFN","GNS","SPF","32D90","GNS_SPF_32-89_0_0",NA,"NK","NK","NAO","27.3.D.30",NA,"NGI",NA,NA,NA,"HER","0.45","292.0511301109",NA,"N"
"Sweden",2022,4,"VL0008","FPO","FPO","ANA",NA,"FPO_ANA_>0_0_0",NA,"NK","NK","NAO","27.3.D.30",NA,"NGI",NA,NA,NA,"WHF","0.012","58.9249373611",NA,"N"
"Sweden",2022,4,"VL0008","FPO","FPO","FWS",NA,"FPO_FWS_>0_0_0",NA,"NK","NK","NAO","27.3.D.30",NA,"NGI",NA,NA,NA,"FRO","0.021","4.0449173534",NA,"N"
"Sweden",2022,4,"VL0008","FPO","GNS","FWS","32D90","GNS_FWS_>0_0_0",NA,"NK","NK","NAO","27.3.D.30",NA,"NGI",NA,NA,NA,"FPE","0.145","750.1152214603",NA,"N"
"Sweden",2022,4,"VL0008","FPO","GNS","FWS","32D90","GNS_FWS_>0_0_0",NA,"NK","NK","NAO","27.3.D.30",NA,"NGI",NA,NA,NA,"FPP","0.002","17.2314590784",NA,"N"
"Sweden",2022,4,"VL0008","FPO","GNS","FWS","32D90","GNS_FWS_>0_0_0",NA,"NK","NK","NAO","27.3.D.30",NA,"NGI",NA,NA,NA,"TRS","0.0723","343.7136724728",NA,"N"
"Sweden",2022,4,"VL0008","FPO","GNS","FWS","32D90","GNS_FWS_>0_0_0",NA,"NK","NK","NAO","27.3.D.30",NA,"NGI",NA,NA,NA,"WHF","0.2168","1058.012249386",NA,"N"
"Sweden",2022,4,"VL0812","DFN","GNS","DEF","110D157","GNS_DEF_110-156_0_0",NA,"NK","NK","NAO","27.3.D.30",NA,"NGI",NA,NA,NA,"FBM","0.405","190.4681283332",NA,"N"
"Sweden",2022,4,"VL0812","DFN","GNS","DEF","110D157","GNS_DEF_110-156_0_0",NA,"NK","NK","NAO","27.3.D.30",NA,"NGI",NA,NA,NA,"FBU","0.01","23.5145837448",NA,"N"
"Sweden",2022,4,"VL0812","DFN","GNS","DEF","110D157","GNS_DEF_110-156_0_0",NA,"NK","NK","NAO","27.3.D.30",NA,"NGI",NA,NA,NA,"FID","0.125","150.4082646289",NA,"N"
"Sweden",2022,4,"VL0812","DFN","GNS","DEF","110D157","GNS_DEF_110-156_0_0",NA,"NK","NK","NAO","27.3.D.30",NA,"NGI",NA,NA,NA,"FPI","0.01","14.1087502469",NA,"N"
"Sweden",2022,4,"VL0812","DFN","GNS","FWS","32D90","GNS_FWS_>0_0_0",NA,"NK","NK","NAO","27.3.D.30",NA,"NGI",NA,NA,NA,"FPE","0.03","155.1962527159",NA,"N"
"Sweden",2022,4,"VL0812","DFN","GNS","FWS","32D90","GNS_FWS_>0_0_0",NA,"NK","NK","NAO","27.3.D.30",NA,"NGI",NA,NA,NA,"TGQ","5e-04","0.1226488425",NA,"N"
"Sweden",2022,4,"VL0812","DFN","GNS","FWS","32D90","GNS_FWS_>0_0_0",NA,"NK","NK","NAO","27.3.D.30",NA,"NGI",NA,NA,NA,"TRS","0.029","137.8657884054",NA,"N"
"Sweden",2022,4,"VL0812","DFN","GNS","FWS","32D90","GNS_FWS_>0_0_0",NA,"NK","NK","NAO","27.3.D.30",NA,"NGI",NA,NA,NA,"WHF","0.596","2819.6734899709",NA,"N"
"Sweden",2022,4,"VL0812","DFN","GNS","FWS","90D110","GNS_FWS_>0_0_0",NA,"NK","NK","NAO","27.3.D.30",NA,"NGI",NA,NA,NA,"FPE","0.013","67.2517095102",NA,"N"
"Sweden",2022,4,"VL0812","DFN","GNS","SPF","16D32","GNS_SPF_16-31_0_0",NA,"NK","NK","NAO","27.3.D.30",NA,"NGI",NA,NA,NA,"HER","0.075","35.2718756173",NA,"N"
"Sweden",2022,4,"VL0812","DFN","GNS","SPF","32D90","GNS_SPF_32-89_0_0",NA,"NK","NK","NAO","27.3.D.30",NA,"NGI",NA,NA,NA,"HER","1.216","1731.6139469699",NA,"N"
"Sweden",2022,4,"VL0812","DFN","OTM","SPF","32D90","OTM_SPF_32-89_0_0",NA,"NK","NK","NAO","27.3.D.30",NA,"NGI",NA,NA,NA,"HER","0.535","167.3134301738",NA,"N"
"Sweden",2022,4,"VL0812","DFN","SSC","DEF","16D32","SSC_DEF_16-31_0_0",NA,"NK","NK","NAO","27.3.D.30",NA,"NGI",NA,NA,NA,"HER","2.077","2246.6303601494",NA,"N"
"Sweden",2022,4,"VL0812","DTS","OTB","SPF","32D90","OTB_SPF_32-89_0_0",NA,"NK","NK","NAO","27.3.D.30",NA,"NGI",NA,NA,NA,"HER","0.877","1512.5252913838",NA,"N"
"Sweden",2022,4,"VL0812","PMP","OTB","SPF","32D90","OTB_SPF_32-89_0_0",NA,"NK","NK","NAO","27.3.D.30",NA,"NGI",NA,NA,NA,"HER","17.5","33563.1549270469",NA,"N"
"Sweden",2022,4,"VL2440","TM","OTM","SPF","16D32","OTM_SPF_16-31_0_0",NA,"NK","NK","NAO","27.3.D.30",NA,"NGI",NA,NA,NA,"COD","0.09","369.9288115372",NA,"N"
"Sweden",2022,4,"VL2440","TM","OTM","SPF","16D32","OTM_SPF_16-31_0_0",NA,"NK","NK","NAO","27.3.D.30",NA,"NGI",NA,NA,NA,"GTA","16.08","4937.1832251461",NA,"N"
"Sweden",2022,4,"VL2440","TM","OTM","SPF","16D32","OTM_SPF_16-31_0_0",NA,"NK","NK","NAO","27.3.D.30",NA,"NGI",NA,NA,NA,"HER","1972.023","613148.829389079",NA,"N"
"Sweden",2022,4,"VL2440","TM","OTM","SPF","16D32","OTM_SPF_16-31_0_0",NA,"NK","NK","NAO","27.3.D.30",NA,"NGI",NA,NA,NA,"MXV","0","0",NA,"N"
"Sweden",2022,4,"VL2440","TM","OTM","SPF","16D32","OTM_SPF_16-31_0_0",NA,"NK","NK","NAO","27.3.D.30",NA,"NGI",NA,NA,NA,"SPR","1.145","358.6880748314",NA,"N"
"Sweden",2022,4,"VL2440","TM","OTM","SPF","16D32","OTM_SPF_16-31_0_0",NA,"NK","NK","NAO","27.3.D.30",NA,"NGI",NA,NA,NA,"TGQ","2.825","860.6945791299",NA,"N"
"Sweden",2023,1,"VL0008","DFN","GNS","FWS","110D157","GNS_FWS_>0_0_0",NA,"NK","NK","NAO","27.3.D.30",NA,"NGI",NA,NA,NA,"FBU","0.0175","110.780725831",NA,"N"
"Sweden",2023,1,"VL0008","DFN","GNS","FWS","110D157","GNS_FWS_>0_0_0",NA,"NK","NK","NAO","27.3.D.30",NA,"NGI",NA,NA,NA,"FPI","0.05","65.3509345184",NA,"N"
"Sweden",2023,1,"VL0008","DFN","GNS","FWS","32D90","GNS_FWS_>0_0_0",NA,"NK","NK","NAO","27.3.D.30",NA,"NGI",NA,NA,NA,"FBM","0.003","1.3070186904",NA,"N"
"Sweden",2023,1,"VL0008","DFN","GNS","FWS","32D90","GNS_FWS_>0_0_0",NA,"NK","NK","NAO","27.3.D.30",NA,"NGI",NA,NA,NA,"FPE","0.018","86.2632335642",NA,"N"
"Sweden",2023,1,"VL0008","DFN","GNS","FWS","32D90","GNS_FWS_>0_0_0",NA,"NK","NK","NAO","27.3.D.30",NA,"NGI",NA,NA,NA,"FPI","0.073","95.4123643968",NA,"N"
"Sweden",2023,1,"VL0008","DFN","GNS","FWS","32D90","GNS_FWS_>0_0_0",NA,"NK","NK","NAO","27.3.D.30",NA,"NGI",NA,NA,NA,"FPP","0.0054","44.7000392106",NA,"N"
"Sweden",2023,1,"VL0008","DFN","GNS","FWS","32D90","GNS_FWS_>0_0_0",NA,"NK","NK","NAO","27.3.D.30",NA,"NGI",NA,NA,NA,"TRS","0.018","162.4664179749",NA,"N"
"Sweden",2023,1,"VL0008","DFN","GNS","FWS","32D90","GNS_FWS_>0_0_0",NA,"NK","NK","NAO","27.3.D.30",NA,"NGI",NA,NA,NA,"WHF","0.028","124.2558307232",NA,"N"
"Sweden",2023,1,"VL0008","DFN","GNS","SPF","32D90","GNS_SPF_32-89_0_0",NA,"NK","NK","NAO","27.3.D.30",NA,"NGI",NA,NA,NA,"FRO","0.001","0.2396200932",NA,"N"
"Sweden",2023,1,"VL0008","FPO","FPO","FWS",NA,"FPO_FWS_>0_0_0",NA,"NK","NK","NAO","27.3.D.30",NA,"NGI",NA,NA,NA,"FRO","0.09","21.5658083911",NA,"N"
"Sweden",2023,1,"VL0008","FPO","GNS","FWS","32D90","GNS_FWS_>0_0_0",NA,"NK","NK","NAO","27.3.D.30",NA,"NGI",NA,NA,NA,"FPE","0.008","38.3392149174",NA,"N"
"Sweden",2023,1,"VL0008","FPO","GNS","FWS","32D90","GNS_FWS_>0_0_0",NA,"NK","NK","NAO","27.3.D.30",NA,"NGI",NA,NA,NA,"FPI","0.003","3.9210560711",NA,"N"
"Sweden",2023,1,"VL0008","FPO","GNS","FWS","32D90","GNS_FWS_>0_0_0",NA,"NK","NK","NAO","27.3.D.30",NA,"NGI",NA,NA,NA,"FPP","0.004","33.111140156",NA,"N"
"Sweden",2023,1,"VL0008","FPO","GNS","FWS","32D90","GNS_FWS_>0_0_0",NA,"NK","NK","NAO","27.3.D.30",NA,"NGI",NA,NA,NA,"TRS","0.015","135.3886816458",NA,"N"
"Sweden",2023,1,"VL0008","FPO","GNS","FWS","32D90","GNS_FWS_>0_0_0",NA,"NK","NK","NAO","27.3.D.30",NA,"NGI",NA,NA,NA,"WHF","0.017","75.4410400819",NA,"N"
"Sweden",2023,1,"VL0008","FPO","GNS","SPF","32D90","GNS_SPF_32-89_0_0",NA,"NK","NK","NAO","27.3.D.30",NA,"NGI",NA,NA,NA,"HER","5e-04","0.5297925419",NA,"N"
"Sweden",2023,1,"VL0812","DFN","GNS","SPF","32D90","GNS_SPF_32-89_0_0",NA,"NK","NK","NAO","27.3.D.30",NA,"NGI",NA,NA,NA,"HER","0.42","444.000778987",NA,"N"
"Sweden",2023,1,"VL0812","DFN","OTM","SPF","32D90","OTM_SPF_32-89_0_0",NA,"NK","NK","NAO","27.3.D.30",NA,"NGI",NA,NA,NA,"HER","0.2","61.5139952745",NA,"N"
"Sweden",2023,1,"VL2440","TM","OTM","SPF","16D32","OTM_SPF_16-31_0_0",NA,"NK","NK","NAO","27.3.D.30",NA,"NGI",NA,NA,NA,"COD","0.045","5.333076489",NA,"N"
"Sweden",2023,1,"VL2440","TM","OTM","SPF","16D32","OTM_SPF_16-31_0_0",NA,"NK","NK","NAO","27.3.D.30",NA,"NGI",NA,NA,NA,"GTA","33.55","10646.1831032706",NA,"N"
"Sweden",2023,1,"VL2440","TM","OTM","SPF","16D32","OTM_SPF_16-31_0_0",NA,"NK","NK","NAO","27.3.D.30",NA,"NGI",NA,NA,NA,"HER","3674.5","1149373.50582688",NA,"N"
"Sweden",2023,1,"VL2440","TM","OTM","SPF","16D32","OTM_SPF_16-31_0_0",NA,"NK","NK","NAO","27.3.D.30",NA,"NGI",NA,NA,NA,"MXV","0","0",NA,"N"
"Sweden",2023,1,"VL2440","TM","OTM","SPF","16D32","OTM_SPF_16-31_0_0",NA,"NK","NK","NAO","27.3.D.30",NA,"NGI",NA,NA,NA,"SAL","0.005","34.0871110401",NA,"N"
"Sweden",2023,1,"VL2440","TM","OTM","SPF","16D32","OTM_SPF_16-31_0_0",NA,"NK","NK","NAO","27.3.D.30",NA,"NGI",NA,NA,NA,"SKB","0","0",NA,"N"
"Sweden",2023,1,"VL2440","TM","OTM","SPF","16D32","OTM_SPF_16-31_0_0",NA,"NK","NK","NAO","27.3.D.30",NA,"NGI",NA,NA,NA,"SPR","7.475","2322.9327891827",NA,"N"
"Sweden",2023,1,"VL2440","TM","OTM","SPF","16D32","OTM_SPF_16-31_0_0",NA,"NK","NK","NAO","27.3.D.30",NA,"NGI",NA,NA,NA,"TGQ","5.025","1550.2824785067",NA,"N"
"Sweden",2023,1,"VL40XX","TM","OTM","SPF","16D32","OTM_SPF_16-31_0_0",NA,"NK","NK","NAO","27.3.D.30",NA,"NGI",NA,NA,NA,"ELP","0","0",NA,"N"
"Sweden",2023,1,"VL40XX","TM","OTM","SPF","16D32","OTM_SPF_16-31_0_0",NA,"NK","NK","NAO","27.3.D.30",NA,"NGI",NA,NA,NA,"GTA","28.65","8706.6967880994",NA,"N"
"Sweden",2023,1,"VL40XX","TM","OTM","SPF","16D32","OTM_SPF_16-31_0_0",NA,"NK","NK","NAO","27.3.D.30",NA,"NGI",NA,NA,NA,"HER","2975.05","915081.772253757",NA,"N"
"Sweden",2023,1,"VL40XX","TM","OTM","SPF","16D32","OTM_SPF_16-31_0_0",NA,"NK","NK","NAO","27.3.D.30",NA,"NGI",NA,NA,NA,"MXV","0","0",NA,"N"
"Sweden",2023,1,"VL40XX","TM","OTM","SPF","16D32","OTM_SPF_16-31_0_0",NA,"NK","NK","NAO","27.3.D.30",NA,"NGI",NA,NA,NA,"SKB","0","0",NA,"N"
"Sweden",2023,1,"VL40XX","TM","OTM","SPF","16D32","OTM_SPF_16-31_0_0",NA,"NK","NK","NAO","27.3.D.30",NA,"NGI",NA,NA,NA,"SPR","32.3","10006.7119614239",NA,"N"
"Sweden",2023,1,"VL40XX","TM","OTM","SPF","16D32","OTM_SPF_16-31_0_0",NA,"NK","NK","NAO","27.3.D.30",NA,"NGI",NA,NA,NA,"TGQ","0","0",NA,"N"
"Sweden",2023,2,"VL0008","DFN","FPN","ANA","NK","FPN_ANA_>0_0_0",NA,"NK","NK","NAO","27.3.D.30",NA,"NGI",NA,NA,NA,"SAL","3.7201","23925.6504398316",NA,"N"
"Sweden",2023,2,"VL0008","DFN","FPN","ANA","NK","FPN_ANA_>0_0_0",NA,"NK","NK","NAO","27.3.D.30",NA,"NGI",NA,NA,NA,"TRS","0.1177","758.0329558133",NA,"N"
"Sweden",2023,2,"VL0008","DFN","FPN","ANA","NK","FPN_ANA_>0_0_0",NA,"NK","NK","NAO","27.3.D.30",NA,"NGI",NA,NA,NA,"WHF","0.336","1584.3832387878",NA,"N"
"Sweden",2023,2,"VL0008","DFN","FPO","FWS",NA,"FPO_FWS_>0_0_0",NA,"NK","NK","NAO","27.3.D.30",NA,"NGI",NA,NA,NA,"FPE","0.1","135.0239372627",NA,"N"
"Sweden",2023,2,"VL0008","DFN","FYK","CAT","NK","FYK_CAT_>0_0_0",NA,"NK","NK","NAO","27.3.D.30",NA,"NGI",NA,NA,NA,"ELE","0.005","45.1914291422",NA,"N"
"Sweden",2023,2,"VL0008","DFN","FYK","FWS","NK","FYK_FWS_>0_0_0",NA,"NK","NK","NAO","27.3.D.30",NA,"NGI",NA,NA,NA,"FBM","0.062","27.0117196009",NA,"N"
"Sweden",2023,2,"VL0008","DFN","FYK","FWS","NK","FYK_FWS_>0_0_0",NA,"NK","NK","NAO","27.3.D.30",NA,"NGI",NA,NA,NA,"FPE","0.077","369.0149435804",NA,"N"
"Sweden",2023,2,"VL0008","DFN","FYK","FWS","NK","FYK_FWS_>0_0_0",NA,"NK","NK","NAO","27.3.D.30",NA,"NGI",NA,NA,NA,"FPI","0.14","182.9826166514",NA,"N"
"Sweden",2023,2,"VL0008","DFN","FYK","FWS","NK","FYK_FWS_>0_0_0",NA,"NK","NK","NAO","27.3.D.30",NA,"NGI",NA,NA,NA,"HER","0","0",NA,"N"
"Sweden",2023,2,"VL0008","DFN","GNS","FWS","32D90","GNS_FWS_>0_0_0",NA,"NK","NK","NAO","27.3.D.30",NA,"NGI",NA,NA,NA,"FBM","0.034","14.8128784908",NA,"N"
"Sweden",2023,2,"VL0008","DFN","GNS","FWS","32D90","GNS_FWS_>0_0_0",NA,"NK","NK","NAO","27.3.D.30",NA,"NGI",NA,NA,NA,"FPE","1.9671","9152.0355332567",NA,"N"
"Sweden",2023,2,"VL0008","DFN","GNS","FWS","32D90","GNS_FWS_>0_0_0",NA,"NK","NK","NAO","27.3.D.30",NA,"NGI",NA,NA,NA,"FPI","0.072","94.1053457064",NA,"N"
"Sweden",2023,2,"VL0008","DFN","GNS","FWS","32D90","GNS_FWS_>0_0_0",NA,"NK","NK","NAO","27.3.D.30",NA,"NGI",NA,NA,NA,"FRO","0.459","109.9856227944",NA,"N"
"Sweden",2023,2,"VL0008","DFN","GNS","FWS","32D90","GNS_FWS_>0_0_0",NA,"NK","NK","NAO","27.3.D.30",NA,"NGI",NA,NA,NA,"HER","0.025","42.8298488114",NA,"N"
"Sweden",2023,2,"VL0008","DFN","GNS","FWS","32D90","GNS_FWS_>0_0_0",NA,"NK","NK","NAO","27.3.D.30",NA,"NGI",NA,NA,NA,"TRS","0.1965","1773.5917295593",NA,"N"
"Sweden",2023,2,"VL0008","DFN","GNS","FWS","32D90","GNS_FWS_>0_0_0",NA,"NK","NK","NAO","27.3.D.30",NA,"NGI",NA,NA,NA,"WHF","4.2676","17623.7147952732",NA,"N"
"Sweden",2023,2,"VL0008","DFN","GNS","FWS","90D110","GNS_FWS_>0_0_0",NA,"NK","NK","NAO","27.3.D.30",NA,"NGI",NA,NA,NA,"FPE","0.297","1370.7158769002",NA,"N"
"Sweden",2023,2,"VL0008","DFN","GNS","FWS","90D110","GNS_FWS_>0_0_0",NA,"NK","NK","NAO","27.3.D.30",NA,"NGI",NA,NA,NA,"FPP","0.022","149.7476193627",NA,"N"
"Sweden",2023,2,"VL0008","DFN","GNS","FWS","90D110","GNS_FWS_>0_0_0",NA,"NK","NK","NAO","27.3.D.30",NA,"NGI",NA,NA,NA,"WHF","0.122","503.8178847651",NA,"N"
"Sweden",2023,2,"VL0008","DFN","GNS","SPF","16D32","GNS_SPF_16-31_0_0",NA,"NK","NK","NAO","27.3.D.30",NA,"NGI",NA,NA,NA,"HER","8.955","16342.8140621522",NA,"N"
"Sweden",2023,2,"VL0008","DFN","GNS","SPF","16D32","GNS_SPF_16-31_0_0",NA,"NK","NK","NAO","27.3.D.30",NA,"NGI",NA,NA,NA,"SME","0.25","0",NA,"N"
"Sweden",2023,2,"VL0008","DFN","GNS","SPF","32D90","GNS_SPF_32-89_0_0",NA,"NK","NK","NAO","27.3.D.30",NA,"NGI",NA,NA,NA,"HER","15.8584","26015.4988202176",NA,"N"
"Sweden",2023,2,"VL0008","FPO","FPN","ANA","NK","FPN_ANA_>0_0_0",NA,"NK","NK","NAO","27.3.D.30",NA,"NGI",NA,NA,NA,"HER","0","0",NA,"N"
"Sweden",2023,2,"VL0008","FPO","FPN","ANA","NK","FPN_ANA_>0_0_0",NA,"NK","NK","NAO","27.3.D.30",NA,"NGI",NA,NA,NA,"SAL","8.048","52230.2081845867",NA,"N"
"Sweden",2023,2,"VL0008","FPO","FPN","ANA","NK","FPN_ANA_>0_0_0",NA,"NK","NK","NAO","27.3.D.30",NA,"NGI",NA,NA,NA,"TRS","0.1602","879.568448043",NA,"N"
"Sweden",2023,2,"VL0008","FPO","FPN","ANA","NK","FPN_ANA_>0_0_0",NA,"NK","NK","NAO","27.3.D.30",NA,"NGI",NA,NA,NA,"WHF","0.6694","2966.6064866477",NA,"N"
"Sweden",2023,2,"VL0008","FPO","FPO","ANA",NA,"FPO_ANA_>0_0_0",NA,"NK","NK","NAO","27.3.D.30",NA,"NGI",NA,NA,NA,"WHF","0.05","220.4720391691",NA,"N"
"Sweden",2023,2,"VL0008","FPO","FPO","FWS",NA,"FPO_FWS_>0_0_0",NA,"NK","NK","NAO","27.3.D.30",NA,"NGI",NA,NA,NA,"FPE","0.055","74.2631654945",NA,"N"
"Sweden",2023,2,"VL0008","FPO","FYK","ANA","NK","FYK_ANA_>0_0_0",NA,"NK","NK","NAO","27.3.D.30",NA,"NGI",NA,NA,NA,"SAL","0.046","297.9207849828",NA,"N"
"Sweden",2023,2,"VL0008","FPO","FYK","ANA","NK","FYK_ANA_>0_0_0",NA,"NK","NK","NAO","27.3.D.30",NA,"NGI",NA,NA,NA,"TRS","0.013","83.7249653829",NA,"N"
"Sweden",2023,2,"VL0008","FPO","FYK","ANA","NK","FYK_ANA_>0_0_0",NA,"NK","NK","NAO","27.3.D.30",NA,"NGI",NA,NA,NA,"WHF","0.005","23.7937124487",NA,"N"
"Sweden",2023,2,"VL0008","FPO","GNS","FWS","32D90","GNS_FWS_>0_0_0",NA,"NK","NK","NAO","27.3.D.30",NA,"NGI",NA,NA,NA,"FPE","0.342","1603.1190671003",NA,"N"
"Sweden",2023,2,"VL0008","FPO","GNS","FWS","32D90","GNS_FWS_>0_0_0",NA,"NK","NK","NAO","27.3.D.30",NA,"NGI",NA,NA,NA,"FPI","0.0064","8.3649196184",NA,"N"
"Sweden",2023,2,"VL0008","FPO","GNS","FWS","32D90","GNS_FWS_>0_0_0",NA,"NK","NK","NAO","27.3.D.30",NA,"NGI",NA,NA,NA,"FPP","0.021","142.9409093917",NA,"N"
"Sweden",2023,2,"VL0008","FPO","GNS","FWS","32D90","GNS_FWS_>0_0_0",NA,"NK","NK","NAO","27.3.D.30",NA,"NGI",NA,NA,NA,"FRO","0.008","1.9169607459",NA,"N"
"Sweden",2023,2,"VL0008","FPO","GNS","FWS","32D90","GNS_FWS_>0_0_0",NA,"NK","NK","NAO","27.3.D.30",NA,"NGI",NA,NA,NA,"TRS","0.0168","151.6353234432",NA,"N"
"Sweden",2023,2,"VL0008","FPO","GNS","FWS","32D90","GNS_FWS_>0_0_0",NA,"NK","NK","NAO","27.3.D.30",NA,"NGI",NA,NA,NA,"WHF","0.0978","403.8802387707",NA,"N"
"Sweden",2023,2,"VL0008","FPO","GNS","FWS","90D110","GNS_FWS_>0_0_0",NA,"NK","NK","NAO","27.3.D.30",NA,"NGI",NA,NA,NA,"FBM","0.003","1.3070186904",NA,"N"
"Sweden",2023,2,"VL0008","FPO","GNS","FWS","90D110","GNS_FWS_>0_0_0",NA,"NK","NK","NAO","27.3.D.30",NA,"NGI",NA,NA,NA,"FID","0.008","7.4582962521",NA,"N"
"Sweden",2023,2,"VL0008","FPO","GNS","FWS","90D110","GNS_FWS_>0_0_0",NA,"NK","NK","NAO","27.3.D.30",NA,"NGI",NA,NA,NA,"FPE","0.231","1035.2800895006",NA,"N"
"Sweden",2023,2,"VL0008","FPO","GNS","FWS","90D110","GNS_FWS_>0_0_0",NA,"NK","NK","NAO","27.3.D.30",NA,"NGI",NA,NA,NA,"FPI","0.039","50.9737289243",NA,"N"
"Sweden",2023,2,"VL0008","FPO","GNS","FWS","90D110","GNS_FWS_>0_0_0",NA,"NK","NK","NAO","27.3.D.30",NA,"NGI",NA,NA,NA,"FRO","0.132","31.6298523069",NA,"N"
"Sweden",2023,2,"VL0008","FPO","GNS","FWS","90D110","GNS_FWS_>0_0_0",NA,"NK","NK","NAO","27.3.D.30",NA,"NGI",NA,NA,NA,"WHF","0.001","4.1296547932",NA,"N"
"Sweden",2023,2,"VL0008","FPO","GNS","SPF","32D90","GNS_SPF_32-89_0_0",NA,"NK","NK","NAO","27.3.D.30",NA,"NGI",NA,NA,NA,"HER","2.204","4882.2032113853",NA,"N"
"Sweden",2023,2,"VL0008","NO","GNS","FWS","32D90","GNS_FWS_>0_0_0",NA,"NK","NK","NAO","27.3.D.30",NA,"NGI",NA,NA,NA,"FPE","0.025","60.0060955832",NA,"N"
"Sweden",2023,2,"VL0008","NO","GNS","FWS","32D90","GNS_FWS_>0_0_0",NA,"NK","NK","NAO","27.3.D.30",NA,"NGI",NA,NA,NA,"TRS","0.02","180.5182421943",NA,"N"
"Sweden",2023,2,"VL0008","NO","GNS","FWS","32D90","GNS_FWS_>0_0_0",NA,"NK","NK","NAO","27.3.D.30",NA,"NGI",NA,NA,NA,"WHF","0.06","247.7792875894",NA,"N"
"Sweden",2023,2,"VL0008","NO","GNS","SPF","32D90","GNS_SPF_32-89_0_0",NA,"NK","NK","NAO","27.3.D.30",NA,"NGI",NA,NA,NA,"HER","0.15","178.0545133927",NA,"N"
"Sweden",2023,2,"VL0812","DFN","GNS","FWS","32D90","GNS_FWS_>0_0_0",NA,"NK","NK","NAO","27.3.D.30",NA,"NGI",NA,NA,NA,"FPE","0.038","182.1112708578",NA,"N"
"Sweden",2023,2,"VL0812","DFN","GNS","FWS","32D90","GNS_FWS_>0_0_0",NA,"NK","NK","NAO","27.3.D.30",NA,"NGI",NA,NA,NA,"HER","1.1","1479.1126356091",NA,"N"
"Sweden",2023,2,"VL0812","DFN","GNS","FWS","32D90","GNS_FWS_>0_0_0",NA,"NK","NK","NAO","27.3.D.30",NA,"NGI",NA,NA,NA,"TGQ","5e-04","0.1588830808",NA,"N"
"Sweden",2023,2,"VL0812","DFN","GNS","FWS","32D90","GNS_FWS_>0_0_0",NA,"NK","NK","NAO","27.3.D.30",NA,"NGI",NA,NA,NA,"TRS","0.0085","76.7202529326",NA,"N"
"Sweden",2023,2,"VL0812","DFN","GNS","FWS","32D90","GNS_FWS_>0_0_0",NA,"NK","NK","NAO","27.3.D.30",NA,"NGI",NA,NA,NA,"WHF","0.274","1131.5254133248",NA,"N"
"Sweden",2023,2,"VL0812","DFN","GNS","FWS","90D110","GNS_FWS_>0_0_0",NA,"NK","NK","NAO","27.3.D.30",NA,"NGI",NA,NA,NA,"FPE","0.834","3953.8043103988",NA,"N"
"Sweden",2023,2,"VL0812","DFN","GNS","FWS","90D110","GNS_FWS_>0_0_0",NA,"NK","NK","NAO","27.3.D.30",NA,"NGI",NA,NA,NA,"FPI","0.04","52.2807476147",NA,"N"
"Sweden",2023,2,"VL0812","DFN","GNS","FWS","90D110","GNS_FWS_>0_0_0",NA,"NK","NK","NAO","27.3.D.30",NA,"NGI",NA,NA,NA,"FRO","0.1","23.9620093234",NA,"N"
"Sweden",2023,2,"VL0812","DFN","GNS","FWS","90D110","GNS_FWS_>0_0_0",NA,"NK","NK","NAO","27.3.D.30",NA,"NGI",NA,NA,NA,"WHF","0.188","776.3751011134",NA,"N"
"Sweden",2023,2,"VL0812","DFN","GNS","SPF","16D32","GNS_SPF_16-31_0_0",NA,"NK","NK","NAO","27.3.D.30",NA,"NGI",NA,NA,NA,"HER","3.77","5901.3158252713",NA,"N"
"Sweden",2023,2,"VL0812","DFN","GNS","SPF","32D90","GNS_SPF_32-89_0_0",NA,"NK","NK","NAO","27.3.D.30",NA,"NGI",NA,NA,NA,"HER","57.647","100494.315279447",NA,"N"
"Sweden",2023,2,"VL0812","DFN","OTB","SPF","32D90","OTB_SPF_32-89_0_0",NA,"NK","NK","NAO","27.3.D.30",NA,"NGI",NA,NA,NA,"HER","12.35","18933.1886334327",NA,"N"
"Sweden",2023,2,"VL0812","DFN","OTM","SPF","32D90","OTM_SPF_32-89_0_0",NA,"NK","NK","NAO","27.3.D.30",NA,"NGI",NA,NA,NA,"HER","0.63","197.2706517087",NA,"N"
"Sweden",2023,2,"VL0812","FPO","FYK","SPF","NK","FYK_SPF_>0_0_0",NA,"NK","NK","NAO","27.3.D.30",NA,"NGI",NA,NA,NA,"HER","3.66","9424.2926621219",NA,"N"
"Sweden",2023,2,"VL1218","DTS","GNS","SPF","32D90","GNS_SPF_32-89_0_0",NA,"NK","NK","NAO","27.3.D.30",NA,"NGI",NA,NA,NA,"HER","14.365","19935.6675173363",NA,"N"
"Sweden",2023,2,"VL1824","DTS","OTM","SPF","16D32","OTM_SPF_16-31_0_0",NA,"NK","NK","NAO","27.3.D.30",NA,"NGI",NA,NA,NA,"HER","173","35693.9533640651",NA,"N"
"Sweden",2023,2,"VL1824","DTS","OTM","SPF","16D32","OTM_SPF_16-31_0_0",NA,"NK","NK","NAO","27.3.D.30",NA,"NGI",NA,NA,NA,"SPR","2","392.6458415022",NA,"N"
"Sweden",2023,2,"VL2440","TM","OTM","SPF","16D32","OTM_SPF_16-31_0_0",NA,"NK","NK","NAO","27.3.D.30",NA,"NGI",NA,NA,NA,"ELP","0","0",NA,"N"
"Sweden",2023,2,"VL2440","TM","OTM","SPF","16D32","OTM_SPF_16-31_0_0",NA,"NK","NK","NAO","27.3.D.30",NA,"NGI",NA,NA,NA,"GTA","5.82","1694.8253552206",NA,"N"
"Sweden",2023,2,"VL2440","TM","OTM","SPF","16D32","OTM_SPF_16-31_0_0",NA,"NK","NK","NAO","27.3.D.30",NA,"NGI",NA,NA,NA,"HER","942.62","267622.338699185",NA,"N"
"Sweden",2023,2,"VL2440","TM","OTM","SPF","16D32","OTM_SPF_16-31_0_0",NA,"NK","NK","NAO","27.3.D.30",NA,"NGI",NA,NA,NA,"MXV","0","0",NA,"N"
"Sweden",2023,2,"VL2440","TM","OTM","SPF","16D32","OTM_SPF_16-31_0_0",NA,"NK","NK","NAO","27.3.D.30",NA,"NGI",NA,NA,NA,"SPR","30.68","8605.4510052215",NA,"N"
"Sweden",2023,2,"VL2440","TM","OTM","SPF","16D32","OTM_SPF_16-31_0_0",NA,"NK","NK","NAO","27.3.D.30",NA,"NGI",NA,NA,NA,"TGQ","1.34","364.6828525758",NA,"N"
"Sweden",2023,2,"VL40XX","TM","OTM","SPF","16D32","OTM_SPF_16-31_0_0",NA,"NK","NK","NAO","27.3.D.30",NA,"NGI",NA,NA,NA,"GTA","7.3","2139.4759726397",NA,"N"
"Sweden",2023,2,"VL40XX","TM","OTM","SPF","16D32","OTM_SPF_16-31_0_0",NA,"NK","NK","NAO","27.3.D.30",NA,"NGI",NA,NA,NA,"HER","1077","340450.644150002",NA,"N"
"Sweden",2023,2,"VL40XX","TM","OTM","SPF","16D32","OTM_SPF_16-31_0_0",NA,"NK","NK","NAO","27.3.D.30",NA,"NGI",NA,NA,NA,"SKB","0","0",NA,"N"
"Sweden",2023,2,"VL40XX","TM","OTM","SPF","16D32","OTM_SPF_16-31_0_0",NA,"NK","NK","NAO","27.3.D.30",NA,"NGI",NA,NA,NA,"SPR","31","10264.7747006515",NA,"N"
"Sweden",2023,3,"VL0008","DFN","FPN","ANA","NK","FPN_ANA_>0_0_0",NA,"NK","NK","NAO","27.3.D.30",NA,"NGI",NA,NA,NA,"HER","0","0",NA,"N"
"Sweden",2023,3,"VL0008","DFN","FPN","ANA","NK","FPN_ANA_>0_0_0",NA,"NK","NK","NAO","27.3.D.30",NA,"NGI",NA,NA,NA,"SAL","1.022","6853.5212762408",NA,"N"
"Sweden",2023,3,"VL0008","DFN","FPN","ANA","NK","FPN_ANA_>0_0_0",NA,"NK","NK","NAO","27.3.D.30",NA,"NGI",NA,NA,NA,"TRS","0.1007","667.8676084778",NA,"N"
"Sweden",2023,3,"VL0008","DFN","FPN","ANA","NK","FPN_ANA_>0_0_0",NA,"NK","NK","NAO","27.3.D.30",NA,"NGI",NA,NA,NA,"WHF","0.1581","778.6421780614",NA,"N"
"Sweden",2023,3,"VL0008","DFN","FPO","FWS",NA,"FPO_FWS_>0_0_0",NA,"NK","NK","NAO","27.3.D.30",NA,"NGI",NA,NA,NA,"FPE","0.085","110.5319974248",NA,"N"
"Sweden",2023,3,"VL0008","DFN","FPO","FWS",NA,"FPO_FWS_>0_0_0",NA,"NK","NK","NAO","27.3.D.30",NA,"NGI",NA,NA,NA,"FRO","0.055","13.1791051279",NA,"N"
"Sweden",2023,3,"VL0008","DFN","FYK","CAT","NK","FYK_CAT_>0_0_0",NA,"NK","NK","NAO","27.3.D.30",NA,"NGI",NA,NA,NA,"ELE","0.1155","1151.2159260188",NA,"N"
"Sweden",2023,3,"VL0008","DFN","GNS","FWS","32D90","GNS_FWS_>0_0_0",NA,"NK","NK","NAO","27.3.D.30",NA,"NGI",NA,NA,NA,"FID","0.027","25.1717498508",NA,"N"
"Sweden",2023,3,"VL0008","DFN","GNS","FWS","32D90","GNS_FWS_>0_0_0",NA,"NK","NK","NAO","27.3.D.30",NA,"NGI",NA,NA,NA,"FPE","11.7496","56308.8049492441",NA,"N"
"Sweden",2023,3,"VL0008","DFN","GNS","FWS","32D90","GNS_FWS_>0_0_0",NA,"NK","NK","NAO","27.3.D.30",NA,"NGI",NA,NA,NA,"FPI","0.0265","54.4922632637",NA,"N"
"Sweden",2023,3,"VL0008","DFN","GNS","FWS","32D90","GNS_FWS_>0_0_0",NA,"NK","NK","NAO","27.3.D.30",NA,"NGI",NA,NA,NA,"FPP","0.018","122.5207794786",NA,"N"
"Sweden",2023,3,"VL0008","DFN","GNS","FWS","32D90","GNS_FWS_>0_0_0",NA,"NK","NK","NAO","27.3.D.30",NA,"NGI",NA,NA,NA,"FRO","2.058","493.1381518756",NA,"N"
"Sweden",2023,3,"VL0008","DFN","GNS","FWS","32D90","GNS_FWS_>0_0_0",NA,"NK","NK","NAO","27.3.D.30",NA,"NGI",NA,NA,NA,"HER","0.252","417.7671746608",NA,"N"
"Sweden",2023,3,"VL0008","DFN","GNS","FWS","32D90","GNS_FWS_>0_0_0",NA,"NK","NK","NAO","27.3.D.30",NA,"NGI",NA,NA,NA,"SAL","0.004","15.8426507923",NA,"N"
"Sweden",2023,3,"VL0008","DFN","GNS","FWS","32D90","GNS_FWS_>0_0_0",NA,"NK","NK","NAO","27.3.D.30",NA,"NGI",NA,NA,NA,"TRS","0.148","1335.8349922381",NA,"N"
"Sweden",2023,3,"VL0008","DFN","GNS","FWS","32D90","GNS_FWS_>0_0_0",NA,"NK","NK","NAO","27.3.D.30",NA,"NGI",NA,NA,NA,"WHF","6.0809","26221.7374597147",NA,"N"
"Sweden",2023,3,"VL0008","DFN","GNS","FWS","90D110","GNS_FWS_>0_0_0",NA,"NK","NK","NAO","27.3.D.30",NA,"NGI",NA,NA,NA,"FPE","0.37","1773.1886899316",NA,"N"
"Sweden",2023,3,"VL0008","DFN","GNS","FWS","90D110","GNS_FWS_>0_0_0",NA,"NK","NK","NAO","27.3.D.30",NA,"NGI",NA,NA,NA,"FPP","0.025","170.1677492758",NA,"N"
"Sweden",2023,3,"VL0008","DFN","GNS","FWS","90D110","GNS_FWS_>0_0_0",NA,"NK","NK","NAO","27.3.D.30",NA,"NGI",NA,NA,NA,"WHF","0.079","366.2590155271",NA,"N"
"Sweden",2023,3,"VL0008","DFN","GNS","SPF","16D32","GNS_SPF_16-31_0_0",NA,"NK","NK","NAO","27.3.D.30",NA,"NGI",NA,NA,NA,"HER","5.075","19080.854914765",NA,"N"
"Sweden",2023,3,"VL0008","DFN","GNS","SPF","16D32","GNS_SPF_16-31_0_0",NA,"NK","NK","NAO","27.3.D.30",NA,"NGI",NA,NA,NA,"SME","0.37","0",NA,"N"
"Sweden",2023,3,"VL0008","DFN","GNS","SPF","32D90","GNS_SPF_32-89_0_0",NA,"NK","NK","NAO","27.3.D.30",NA,"NGI",NA,NA,NA,"HER","1.932","5059.3081659042",NA,"N"
"Sweden",2023,3,"VL0008","DFN","GNS","SPF","32D90","GNS_SPF_32-89_0_0",NA,"NK","NK","NAO","27.3.D.30",NA,"NGI",NA,NA,NA,"TRS","0.022","198.5700664138",NA,"N"
"Sweden",2023,3,"VL0008","DFN","GNS","SPF","32D90","GNS_SPF_32-89_0_0",NA,"NK","NK","NAO","27.3.D.30",NA,"NGI",NA,NA,NA,"WHF","0.058","273.7698200888",NA,"N"
"Sweden",2023,3,"VL0008","FPO","FPN","ANA","NK","FPN_ANA_>0_0_0",NA,"NK","NK","NAO","27.3.D.30",NA,"NGI",NA,NA,NA,"SAL","4.1957","27837.606330621",NA,"N"
"Sweden",2023,3,"VL0008","FPO","FPN","ANA","NK","FPN_ANA_>0_0_0",NA,"NK","NK","NAO","27.3.D.30",NA,"NGI",NA,NA,NA,"TRS","0.3537","2272.6597074476",NA,"N"
"Sweden",2023,3,"VL0008","FPO","FPN","ANA","NK","FPN_ANA_>0_0_0",NA,"NK","NK","NAO","27.3.D.30",NA,"NGI",NA,NA,NA,"WHF","0.7468","3739.0747354096",NA,"N"
"Sweden",2023,3,"VL0008","FPO","FPO","FWS",NA,"FPO_FWS_>0_0_0",NA,"NK","NK","NAO","27.3.D.30",NA,"NGI",NA,NA,NA,"FPE","0.123","159.946302156",NA,"N"
"Sweden",2023,3,"VL0008","FPO","FYK","ANA","NK","FYK_ANA_>0_0_0",NA,"NK","NK","NAO","27.3.D.30",NA,"NGI",NA,NA,NA,"SAL","0.766","5143.0972660193",NA,"N"
"Sweden",2023,3,"VL0008","FPO","FYK","ANA","NK","FYK_ANA_>0_0_0",NA,"NK","NK","NAO","27.3.D.30",NA,"NGI",NA,NA,NA,"TRS","0.111","699.9241196027",NA,"N"
"Sweden",2023,3,"VL0008","FPO","FYK","ANA","NK","FYK_ANA_>0_0_0",NA,"NK","NK","NAO","27.3.D.30",NA,"NGI",NA,NA,NA,"WHF","0.058","293.1267798282",NA,"N"
"Sweden",2023,3,"VL0008","FPO","GNS","FWS","32D90","GNS_FWS_>0_0_0",NA,"NK","NK","NAO","27.3.D.30",NA,"NGI",NA,NA,NA,"FPE","1.917","9187.0343745916",NA,"N"
"Sweden",2023,3,"VL0008","FPO","GNS","FWS","32D90","GNS_FWS_>0_0_0",NA,"NK","NK","NAO","27.3.D.30",NA,"NGI",NA,NA,NA,"FPI","0.0056","11.5153461991",NA,"N"
"Sweden",2023,3,"VL0008","FPO","GNS","FWS","32D90","GNS_FWS_>0_0_0",NA,"NK","NK","NAO","27.3.D.30",NA,"NGI",NA,NA,NA,"FPP","0.0173","117.7560824988",NA,"N"
"Sweden",2023,3,"VL0008","FPO","GNS","FWS","32D90","GNS_FWS_>0_0_0",NA,"NK","NK","NAO","27.3.D.30",NA,"NGI",NA,NA,NA,"FRO","0.4","95.8480372936",NA,"N"
"Sweden",2023,3,"VL0008","FPO","GNS","FWS","32D90","GNS_FWS_>0_0_0",NA,"NK","NK","NAO","27.3.D.30",NA,"NGI",NA,NA,NA,"TRR","0.0021","0",NA,"N"
"Sweden",2023,3,"VL0008","FPO","GNS","FWS","32D90","GNS_FWS_>0_0_0",NA,"NK","NK","NAO","27.3.D.30",NA,"NGI",NA,NA,NA,"TRS","0.0208","187.7389718821",NA,"N"
"Sweden",2023,3,"VL0008","FPO","GNS","FWS","32D90","GNS_FWS_>0_0_0",NA,"NK","NK","NAO","27.3.D.30",NA,"NGI",NA,NA,NA,"WHF","0.49","2166.9270403756",NA,"N"
"Sweden",2023,3,"VL0008","FPO","GNS","FWS","90D110","GNS_FWS_>0_0_0",NA,"NK","NK","NAO","27.3.D.30",NA,"NGI",NA,NA,NA,"FPE","0.576","2760.4234740557",NA,"N"
"Sweden",2023,3,"VL0008","FPO","GNS","FWS","90D110","GNS_FWS_>0_0_0",NA,"NK","NK","NAO","27.3.D.30",NA,"NGI",NA,NA,NA,"TRS","0.052","469.3474297053",NA,"N"
"Sweden",2023,3,"VL0008","FPO","GNS","FWS","90D110","GNS_FWS_>0_0_0",NA,"NK","NK","NAO","27.3.D.30",NA,"NGI",NA,NA,NA,"WHF","0.06","250.0383581572",NA,"N"
"Sweden",2023,3,"VL0008","FPO","GNS","SPF","32D90","GNS_SPF_32-89_0_0",NA,"NK","NK","NAO","27.3.D.30",NA,"NGI",NA,NA,NA,"HER","1.0016","1862.5532417444",NA,"N"
"Sweden",2023,3,"VL0812","DFN","GNS","FWS","32D90","GNS_FWS_>0_0_0",NA,"NK","NK","NAO","27.3.D.30",NA,"NGI",NA,NA,NA,"FPE","0.374","1792.3582973903",NA,"N"
"Sweden",2023,3,"VL0812","DFN","GNS","FWS","32D90","GNS_FWS_>0_0_0",NA,"NK","NK","NAO","27.3.D.30",NA,"NGI",NA,NA,NA,"TRS","0.0205","185.0311982492",NA,"N"
"Sweden",2023,3,"VL0812","DFN","GNS","FWS","32D90","GNS_FWS_>0_0_0",NA,"NK","NK","NAO","27.3.D.30",NA,"NGI",NA,NA,NA,"WHF","0.605","2605.8082028346",NA,"N"
"Sweden",2023,3,"VL0812","DFN","GNS","FWS","90D110","GNS_FWS_>0_0_0",NA,"NK","NK","NAO","27.3.D.30",NA,"NGI",NA,NA,NA,"FPE","1.726","8271.6856184377",NA,"N"
"Sweden",2023,3,"VL0812","DFN","GNS","FWS","90D110","GNS_FWS_>0_0_0",NA,"NK","NK","NAO","27.3.D.30",NA,"NGI",NA,NA,NA,"FTE","0","0",NA,"N"
"Sweden",2023,3,"VL0812","DFN","GNS","FWS","90D110","GNS_FWS_>0_0_0",NA,"NK","NK","NAO","27.3.D.30",NA,"NGI",NA,NA,NA,"WHF","0.272","1133.5072236461",NA,"N"
"Sweden",2023,3,"VL0812","DFN","GNS","SPF","16D32","GNS_SPF_16-31_0_0",NA,"NK","NK","NAO","27.3.D.30",NA,"NGI",NA,NA,NA,"HER","2.62","9696.6797226489",NA,"N"
"Sweden",2023,3,"VL0812","DFN","GNS","SPF","32D90","GNS_SPF_32-89_0_0",NA,"NK","NK","NAO","27.3.D.30",NA,"NGI",NA,NA,NA,"HER","18.294","64686.3229875466",NA,"N"
"Sweden",2023,3,"VL0812","DFN","OTM","SPF","32D90","OTM_SPF_32-89_0_0",NA,"NK","NK","NAO","27.3.D.30",NA,"NGI",NA,NA,NA,"HER","0.12","45.5170712424",NA,"N"
"Sweden",2023,3,"VL0812","FPO","FPN","ANA","NK","FPN_ANA_>0_0_0",NA,"NK","NK","NAO","27.3.D.30",NA,"NGI",NA,NA,NA,"SAL","0.15","1009.649205141",NA,"N"
"Sweden",2023,3,"VL0812","FPO","FPN","ANA","NK","FPN_ANA_>0_0_0",NA,"NK","NK","NAO","27.3.D.30",NA,"NGI",NA,NA,NA,"WHF","0.01","49.249979637",NA,"N"
"Sweden",2023,3,"VL0812","FPO","GNS","SPF","16D32","GNS_SPF_16-31_0_0",NA,"NK","NK","NAO","27.3.D.30",NA,"NGI",NA,NA,NA,"HER","2.3","9559.1759119018",NA,"N"
"Sweden",2023,3,"VL40XX","DTS","OTM","SPF","16D32","OTM_SPF_16-31_0_0",NA,"NK","NK","NAO","27.3.D.30",NA,"NGI",NA,NA,NA,"GTA","2.7","1046.2125277336",NA,"N"
"Sweden",2023,3,"VL40XX","DTS","OTM","SPF","16D32","OTM_SPF_16-31_0_0",NA,"NK","NK","NAO","27.3.D.30",NA,"NGI",NA,NA,NA,"HER","158","61222.8755880382",NA,"N"
"Sweden",2023,3,"VL40XX","DTS","OTM","SPF","16D32","OTM_SPF_16-31_0_0",NA,"NK","NK","NAO","27.3.D.30",NA,"NGI",NA,NA,NA,"MZZ","0.05","0",NA,"N"
"Sweden",2023,3,"VL40XX","DTS","OTM","SPF","16D32","OTM_SPF_16-31_0_0",NA,"NK","NK","NAO","27.3.D.30",NA,"NGI",NA,NA,NA,"SPR","4","1550.0866714845",NA,"N"
"Sweden",2023,4,"VL0008","DFN","FPO","FWS",NA,"FPO_FWS_>0_0_0",NA,"NK","NK","NAO","27.3.D.30",NA,"NGI",NA,NA,NA,"FPE","0.02","26.4552537033",NA,"N"
"Sweden",2023,4,"VL0008","DFN","FPO","FWS",NA,"FPO_FWS_>0_0_0",NA,"NK","NK","NAO","27.3.D.30",NA,"NGI",NA,NA,NA,"FRO","0.3","71.8860279702",NA,"N"
"Sweden",2023,4,"VL0008","DFN","GNS","FWS","32D90","GNS_FWS_>0_0_0",NA,"NK","NK","NAO","27.3.D.30",NA,"NGI",NA,NA,NA,"FPE","1.8458","6401.5528299248",NA,"N"
"Sweden",2023,4,"VL0008","DFN","GNS","FWS","32D90","GNS_FWS_>0_0_0",NA,"NK","NK","NAO","27.3.D.30",NA,"NGI",NA,NA,NA,"FPI","0.003","7.8421121422",NA,"N"
"Sweden",2023,4,"VL0008","DFN","GNS","FWS","32D90","GNS_FWS_>0_0_0",NA,"NK","NK","NAO","27.3.D.30",NA,"NGI",NA,NA,NA,"FRO","2.051","491.4608112229",NA,"N"
"Sweden",2023,4,"VL0008","DFN","GNS","FWS","32D90","GNS_FWS_>0_0_0",NA,"NK","NK","NAO","27.3.D.30",NA,"NGI",NA,NA,NA,"HER","0.202","880.059251514",NA,"N"
"Sweden",2023,4,"VL0008","DFN","GNS","FWS","32D90","GNS_FWS_>0_0_0",NA,"NK","NK","NAO","27.3.D.30",NA,"NGI",NA,NA,NA,"TRS","0.0728","657.0864015874",NA,"N"
"Sweden",2023,4,"VL0008","DFN","GNS","FWS","32D90","GNS_FWS_>0_0_0",NA,"NK","NK","NAO","27.3.D.30",NA,"NGI",NA,NA,NA,"WHF","1.1284","5238.2733210838",NA,"N"
"Sweden",2023,4,"VL0008","DFN","GNS","FWS","90D110","GNS_FWS_>0_0_0",NA,"NK","NK","NAO","27.3.D.30",NA,"NGI",NA,NA,NA,"FPE","0.392","1878.6215309546",NA,"N"
"Sweden",2023,4,"VL0008","DFN","GNS","FWS","90D110","GNS_FWS_>0_0_0",NA,"NK","NK","NAO","27.3.D.30",NA,"NGI",NA,NA,NA,"FPP","0.04","272.2683988413",NA,"N"
"Sweden",2023,4,"VL0008","DFN","GNS","FWS","90D110","GNS_FWS_>0_0_0",NA,"NK","NK","NAO","27.3.D.30",NA,"NGI",NA,NA,NA,"WHF","0.07","424.3075168729",NA,"N"
"Sweden",2023,4,"VL0008","DFN","GNS","SPF","16D32","GNS_SPF_16-31_0_0",NA,"NK","NK","NAO","27.3.D.30",NA,"NGI",NA,NA,NA,"HER","0.635","2766.5228946107",NA,"N"
"Sweden",2023,4,"VL0008","DFN","GNS","SPF","32D90","GNS_SPF_32-89_0_0",NA,"NK","NK","NAO","27.3.D.30",NA,"NGI",NA,NA,NA,"HER","0.075","326.7546725918",NA,"N"
"Sweden",2023,4,"VL0008","FPO","FPO","ANA",NA,"FPO_ANA_>0_0_0",NA,"NK","NK","NAO","27.3.D.30",NA,"NGI",NA,NA,NA,"WHF","0.026","144.5335652234",NA,"N"
"Sweden",2023,4,"VL0008","FPO","FYK","FWS","NK","FYK_FWS_>0_0_0",NA,"NK","NK","NAO","27.3.D.30",NA,"NGI",NA,NA,NA,"FBM","0.04","28.8746712162",NA,"N"
"Sweden",2023,4,"VL0008","FPO","FYK","FWS","NK","FYK_FWS_>0_0_0",NA,"NK","NK","NAO","27.3.D.30",NA,"NGI",NA,NA,NA,"FPI","0.05","65.3509345184",NA,"N"
"Sweden",2023,4,"VL0008","FPO","GNS","FWS","32D90","GNS_FWS_>0_0_0",NA,"NK","NK","NAO","27.3.D.30",NA,"NGI",NA,NA,NA,"FPE","0.222","768.1142471916",NA,"N"
"Sweden",2023,4,"VL0008","FPO","GNS","FWS","32D90","GNS_FWS_>0_0_0",NA,"NK","NK","NAO","27.3.D.30",NA,"NGI",NA,NA,NA,"TRS","0.0281","253.628130283",NA,"N"
"Sweden",2023,4,"VL0008","FPO","GNS","FWS","32D90","GNS_FWS_>0_0_0",NA,"NK","NK","NAO","27.3.D.30",NA,"NGI",NA,NA,NA,"WHF","0.1015","547.1113012038",NA,"N"
"Sweden",2023,4,"VL0008","FPO","GNS","FWS","90D110","GNS_FWS_>0_0_0",NA,"NK","NK","NAO","27.3.D.30",NA,"NGI",NA,NA,NA,"FPE","0.727","2483.8629052045",NA,"N"
"Sweden",2023,4,"VL0008","FPO","GNS","FWS","90D110","GNS_FWS_>0_0_0",NA,"NK","NK","NAO","27.3.D.30",NA,"NGI",NA,NA,NA,"WHF","0.008","35.6669514992",NA,"N"
"Sweden",2023,4,"VL0008","FPO","GNS","SPF","32D90","GNS_SPF_32-89_0_0",NA,"NK","NK","NAO","27.3.D.30",NA,"NGI",NA,NA,NA,"HER","0.029","126.3451400688",NA,"N"
"Sweden",2023,4,"VL0812","DFN","GNS","FWS","32D90","GNS_FWS_>0_0_0",NA,"NK","NK","NAO","27.3.D.30",NA,"NGI",NA,NA,NA,"TRS","0.002","18.0518242194",NA,"N"
"Sweden",2023,4,"VL0812","DFN","GNS","FWS","32D90","GNS_FWS_>0_0_0",NA,"NK","NK","NAO","27.3.D.30",NA,"NGI",NA,NA,NA,"WHF","0.055","245.2102915571",NA,"N"
"Sweden",2023,4,"VL0812","DFN","GNS","FWS","90D110","GNS_FWS_>0_0_0",NA,"NK","NK","NAO","27.3.D.30",NA,"NGI",NA,NA,NA,"FPE","0.16","766.7842983488",NA,"N"
"Sweden",2023,4,"VL0812","DFN","GNS","FWS","90D110","GNS_FWS_>0_0_0",NA,"NK","NK","NAO","27.3.D.30",NA,"NGI",NA,NA,NA,"FPI","0.042","109.7895699909",NA,"N"
"Sweden",2023,4,"VL0812","DFN","GNS","FWS","90D110","GNS_FWS_>0_0_0",NA,"NK","NK","NAO","27.3.D.30",NA,"NGI",NA,NA,NA,"WHF","0.055","333.384477543",NA,"N"
"Sweden",2023,4,"VL0812","DFN","GNS","SPF","16D32","GNS_SPF_16-31_0_0",NA,"NK","NK","NAO","27.3.D.30",NA,"NGI",NA,NA,NA,"HER","0.12","522.8074761469",NA,"N"
"Sweden",2023,4,"VL0812","DFN","GNS","SPF","32D90","GNS_SPF_32-89_0_0",NA,"NK","NK","NAO","27.3.D.30",NA,"NGI",NA,NA,NA,"HER","4.251","18520.4548425042",NA,"N"
"Sweden",2023,4,"VL0812","DFN","OTB","SPF","16D32","OTB_SPF_16-31_0_0",NA,"NK","NK","NAO","27.3.D.30",NA,"NGI",NA,NA,NA,"HER","2.4","3782.7218936522",NA,"N"
"Sweden",2023,4,"VL0812","DFN","OTB","SPF","32D90","OTB_SPF_32-89_0_0",NA,"NK","NK","NAO","27.3.D.30",NA,"NGI",NA,NA,NA,"HER","7.35","10221.6484019241",NA,"N"
"Sweden",2023,4,"VL0812","DFN","SSC","DEF","32D90","SSC_DEF_32-89_0_0",NA,"NK","NK","NAO","27.3.D.30",NA,"NGI",NA,NA,NA,"HER","0.071","43.2197619537",NA,"N"
"Sweden",2023,4,"VL0812","DTS","OTB","SPF","32D90","OTB_SPF_32-89_0_0",NA,"NK","NK","NAO","27.3.D.30",NA,"NGI",NA,NA,NA,"HER","0.621","236.3058750028",NA,"N"
"Sweden",2023,4,"VL1824","TM","OTM","SPF","32D90","OTM_SPF_32-89_0_0",NA,"NK","NK","NAO","27.3.D.30",NA,"NGI",NA,NA,NA,"HER","7","2666.7266770947",NA,"N"
"Sweden",2023,4,"VL2440","TM","OTM","SPF","16D32","OTM_SPF_16-31_0_0",NA,"NK","NK","NAO","27.3.D.30",NA,"NGI",NA,NA,NA,"GTA","2.97","1116.9234112252",NA,"N"
"Sweden",2023,4,"VL2440","TM","OTM","SPF","16D32","OTM_SPF_16-31_0_0",NA,"NK","NK","NAO","27.3.D.30",NA,"NGI",NA,NA,NA,"HER","720","269907.516897252",NA,"N"
"Sweden",2023,4,"VL2440","TM","OTM","SPF","16D32","OTM_SPF_16-31_0_0",NA,"NK","NK","NAO","27.3.D.30",NA,"NGI",NA,NA,NA,"SPR","1.32","491.0999052567",NA,"N"
"Sweden",2023,4,"VL2440","TM","OTM","SPF","16D32","OTM_SPF_16-31_0_0",NA,"NK","NK","NAO","27.3.D.30",NA,"NGI",NA,NA,NA,"TGQ","3.51","1318.748146726",NA,"N"
"Sweden",2023,4,"VL40XX","DTS","OTM","SPF","16D32","OTM_SPF_16-31_0_0",NA,"NK","NK","NAO","27.3.D.30",NA,"NGI",NA,NA,NA,"COD","0.01","1.1851281087",NA,"N"
"Sweden",2023,4,"VL40XX","DTS","OTM","SPF","16D32","OTM_SPF_16-31_0_0",NA,"NK","NK","NAO","27.3.D.30",NA,"NGI",NA,NA,NA,"GTA","1.61","593.0186700757",NA,"N"
"Sweden",2023,4,"VL40XX","DTS","OTM","SPF","16D32","OTM_SPF_16-31_0_0",NA,"NK","NK","NAO","27.3.D.30",NA,"NGI",NA,NA,NA,"HER","667.33","353228.204996112",NA,"N"
"Sweden",2023,4,"VL40XX","DTS","OTM","SPF","16D32","OTM_SPF_16-31_0_0",NA,"NK","NK","NAO","27.3.D.30",NA,"NGI",NA,NA,NA,"MZZ","0.925","0",NA,"N"
"Sweden",2023,4,"VL40XX","DTS","OTM","SPF","16D32","OTM_SPF_16-31_0_0",NA,"NK","NK","NAO","27.3.D.30",NA,"NGI",NA,NA,NA,"SPR","5.335","2823.8402136254",NA,"N"
"Sweden",2023,4,"VL40XX","TM","OTM","SPF","16D32","OTM_SPF_16-31_0_0",NA,"NK","NK","NAO","27.3.D.30",NA,"NGI",NA,NA,NA,"HER","380","143068.011961874",NA,"N"
"Sweden",2023,4,"VL40XX","TM","OTM","SPF","16D32","OTM_SPF_16-31_0_0",NA,"NK","NK","NAO","27.3.D.30",NA,"NGI",NA,NA,NA,"MXV","0.01","3.7511436414",NA,"N"
"Sweden",2023,4,"VL40XX","TM","OTM","SPF","16D32","OTM_SPF_16-31_0_0",NA,"NK","NK","NAO","27.3.D.30",NA,"NGI",NA,NA,NA,"SKB","3.1","1167.1340855952",NA,"N"
"Sweden",2023,4,"VL40XX","TM","OTM","SPF","16D32","OTM_SPF_16-31_0_0",NA,"NK","NK","NAO","27.3.D.30",NA,"NGI",NA,NA,NA,"SPR","1.1","414.1440334597",NA,"N"
