"gear","area","target","id_q","id_sub","value","range.lwr","range.upr","unit_range","id_I","short_description","text","score_obs","description","event_code","fishing_style","uncertainty"
"not_specified",NA,NA,2,"a",NA,NA,NA,NA,1,"go_out","Very different, depends on what is booked. Sometimes ice fishing is booked and then we have to cancel all bookings, sometimes open water fishing is possible. Lose ice fishing customers and gain spin fishing ones; 1   ice fishing (spin fishing customers can’t be booked in advance in winter, you can’t count on a heatwave in winter)","M","Heatwave in the winter season","hww","fishing guide",-99.7
"ice fishing",NA,NA,2,"a",1,NA,NA,NA,1,"go_out","Very different, depends on what is booked. Sometimes ice fishing is booked and then we have to cancel all bookings, sometimes open water fishing is possible. Lose ice fishing customers and gain spin fishing ones; 1   ice fishing (spin fishing customers can’t be booked in advance in winter, you can’t count on a heatwave in winter)","M","Heatwave in the winter season","hww","fishing guide",-99.7
"rod",NA,NA,2,"a",5,NA,NA,NA,1,"go_out","Very different, depends on what is booked. Sometimes ice fishing is booked and then we have to cancel all bookings, sometimes open water fishing is possible. Lose ice fishing customers and gain spin fishing ones; 1   ice fishing (spin fishing customers can’t be booked in advance in winter, you can’t count on a heatwave in winter)","M","Heatwave in the winter season","hww","fishing guide",-99.7
"not_specified",NA,NA,2,"b",4,NA,NA,NA,1,"go_out","4. Some fishing is closed if it gets too hot, e.g., river fishing. It’s difficult to fish if it gets extremely hot, but I try to adapt; so far I haven’t canceled coastal fishing, I move it to mornings & evenings. But, for example, Nyköpingsån was closed because the water was too warm. Also depends on how hot it is. It happened in 2018, depends on what happens with our fish","4","Heatwave in the summer season","hws","fishing guide",-99.7
"ice fishing",NA,NA,2,"b",NA,NA,NA,NA,1,"go_out","4. Some fishing is closed if it gets too hot, e.g., river fishing. It’s difficult to fish if it gets extremely hot, but I try to adapt; so far I haven’t canceled coastal fishing, I move it to mornings & evenings. But, for example, Nyköpingsån was closed because the water was too warm. Also depends on how hot it is. It happened in 2018, depends on what happens with our fish","4","Heatwave in the summer season","hws","fishing guide",-99.7
"rod",NA,NA,2,"b",NA,NA,NA,NA,1,"go_out","4. Some fishing is closed if it gets too hot, e.g., river fishing. It’s difficult to fish if it gets extremely hot, but I try to adapt; so far I haven’t canceled coastal fishing, I move it to mornings & evenings. But, for example, Nyköpingsån was closed because the water was too warm. Also depends on how hot it is. It happened in 2018, depends on what happens with our fish","4","Heatwave in the summer season","hws","fishing guide",-99.7
"not_specified",NA,NA,2,"c",1,NA,NA,NA,1,"go_out","1. Haven’t experienced severe icing, only seen it on YouTube; don’t know if it happens on sportfishing boats; it has to be safe, not dangerous; if it’s icing like on the Great Lakes, then the boat breaks","1","Severe icing (in the winter season)","ici","fishing guide",-99.7
"ice fishing",NA,NA,2,"c",NA,NA,NA,NA,1,"go_out","1. Haven’t experienced severe icing, only seen it on YouTube; don’t know if it happens on sportfishing boats; it has to be safe, not dangerous; if it’s icing like on the Great Lakes, then the boat breaks","1","Severe icing (in the winter season)","ici","fishing guide",-99.7
"rod",NA,NA,2,"c",NA,NA,NA,NA,1,"go_out","1. Haven’t experienced severe icing, only seen it on YouTube; don’t know if it happens on sportfishing boats; it has to be safe, not dangerous; if it’s icing like on the Great Lakes, then the boat breaks","1","Severe icing (in the winter season)","ici","fishing guide",-99.7
"not_specified",NA,NA,2,"d",1,NA,NA,NA,1,"go_out","1. Usually happens offshore; can’t handle it if I have a trip, e.g., from Sandhamn, but then we can go inland when there’s algal bloom","1","Algal bloom (in the summer season)","abl","fishing guide",-99.7
"ice fishing",NA,NA,2,"d",NA,NA,NA,NA,1,"go_out","1. Usually happens offshore; can’t handle it if I have a trip, e.g., from Sandhamn, but then we can go inland when there’s algal bloom","1","Algal bloom (in the summer season)","abl","fishing guide",-99.7
"rod",NA,NA,2,"d",NA,NA,NA,NA,1,"go_out","1. Usually happens offshore; can’t handle it if I have a trip, e.g., from Sandhamn, but then we can go inland when there’s algal bloom","1","Algal bloom (in the summer season)","abl","fishing guide",-99.7
"not_specified",NA,NA,2,"e",1,NA,NA,NA,1,"go_out","1, dangerous","1","Extreme cloudburst (in the summer season)","erf","fishing guide",-99.7
"ice fishing",NA,NA,2,"e",NA,NA,NA,NA,1,"go_out","1, dangerous","1","Extreme cloudburst (in the summer season)","erf","fishing guide",-99.7
"rod",NA,NA,2,"e",NA,NA,NA,NA,1,"go_out","1, dangerous","1","Extreme cloudburst (in the summer season)","erf","fishing guide",-99.7
"not_specified",NA,NA,2,"f",5,NA,NA,NA,1,"go_out","5Gale is normal (sometimes we cancel), from strong gale and upwards we stay home (18 19 m/s average and 25 m/s in gusts is not possible) ","5","Gale","gal","fishing guide",-99.7
"ice fishing",NA,NA,2,"f",NA,NA,NA,NA,1,"go_out","5Gale is normal (sometimes we cancel), from strong gale and upwards we stay home (18 19 m/s average and 25 m/s in gusts is not possible) ","5","Gale","gal","fishing guide",-99.7
"rod",NA,NA,2,"f",NA,NA,NA,NA,1,"go_out","5Gale is normal (sometimes we cancel), from strong gale and upwards we stay home (18 19 m/s average and 25 m/s in gusts is not possible) ","5","Gale","gal","fishing guide",-99.7
"not_specified",NA,NA,2,"g",1,NA,NA,NA,1,"go_out","1","1","Storm","sto","fishing guide",-99.7
"ice fishing",NA,NA,2,"g",NA,NA,NA,NA,1,"go_out","1","1","Storm","sto","fishing guide",-99.7
"rod",NA,NA,2,"g",NA,NA,NA,NA,1,"go_out","1","1","Storm","sto","fishing guide",-99.7
"not_specified",NA,NA,3,"a",NA,NA,NA,NA,1,"catchability","1   ice fishing, there is no catchability if there are no fish; however, the fish like when it gets warmer, so if it’s spin fishing then 5","M","Heatwave in the winter season","hww","fishing guide",-99.7
"ice fishing",NA,NA,3,"a",1,NA,NA,NA,1,"catchability","1   ice fishing, there is no catchability if there are no fish; however, the fish like when it gets warmer, so if it’s spin fishing then 5","M","Heatwave in the winter season","hww","fishing guide",-99.7
"rod",NA,NA,3,"a",5,NA,NA,NA,1,"catchability","1   ice fishing, there is no catchability if there are no fish; however, the fish like when it gets warmer, so if it’s spin fishing then 5","M","Heatwave in the winter season","hww","fishing guide",-99.7
"not_specified",NA,NA,3,"b",2,NA,NA,NA,1,"catchability","2","2","Heatwave in the summer season","hws","fishing guide",-99.7
"ice fishing",NA,NA,3,"b",NA,NA,NA,NA,1,"catchability","2","2","Heatwave in the summer season","hws","fishing guide",-99.7
"rod",NA,NA,3,"b",NA,NA,NA,NA,1,"catchability","2","2","Heatwave in the summer season","hws","fishing guide",-99.7
"not_specified",NA,NA,3,"c",2,NA,NA,NA,1,"catchability","No, can’t conduct fishing; if it is possible to fish then it becomes 2.","2","Severe icing (in the winter season)","ici","fishing guide",-99.7
"ice fishing",NA,NA,3,"c",NA,NA,NA,NA,1,"catchability","No, can’t conduct fishing; if it is possible to fish then it becomes 2.","2","Severe icing (in the winter season)","ici","fishing guide",-99.7
"rod",NA,NA,3,"c",NA,NA,NA,NA,1,"catchability","No, can’t conduct fishing; if it is possible to fish then it becomes 2.","2","Severe icing (in the winter season)","ici","fishing guide",-99.7
"not_specified",NA,NA,3,"d",2,NA,NA,NA,1,"catchability","2, the fish move from that area; also becomes difficult fishing (fished during an algal bloom this summer, had to go all the way into the bay because where we intended to fish we only got weeds on the hook).","2","Algal bloom (in the summer season)","abl","fishing guide",-99.7
"ice fishing",NA,NA,3,"d",NA,NA,NA,NA,1,"catchability","2, the fish move from that area; also becomes difficult fishing (fished during an algal bloom this summer, had to go all the way into the bay because where we intended to fish we only got weeds on the hook).","2","Algal bloom (in the summer season)","abl","fishing guide",-99.7
"rod",NA,NA,3,"d",NA,NA,NA,NA,1,"catchability","2, the fish move from that area; also becomes difficult fishing (fished during an algal bloom this summer, had to go all the way into the bay because where we intended to fish we only got weeds on the hook).","2","Algal bloom (in the summer season)","abl","fishing guide",-99.7
"not_specified",NA,NA,3,"e",-998,NA,NA,NA,1,"catchability","Don’t go out in cloudbursts; fish react to pressure changes; if there is low pressure during a downpour, then they stop biting, but if it rises after the downpour then it can be good; so I can’t say",NA,"Extreme cloudburst (in the summer season)","erf","fishing guide",-99.7
"ice fishing",NA,NA,3,"e",NA,NA,NA,NA,1,"catchability","Don’t go out in cloudbursts; fish react to pressure changes; if there is low pressure during a downpour, then they stop biting, but if it rises after the downpour then it can be good; so I can’t say",NA,"Extreme cloudburst (in the summer season)","erf","fishing guide",-99.7
"rod",NA,NA,3,"e",NA,NA,NA,NA,1,"catchability","Don’t go out in cloudbursts; fish react to pressure changes; if there is low pressure during a downpour, then they stop biting, but if it rises after the downpour then it can be good; so I can’t say",NA,"Extreme cloudburst (in the summer season)","erf","fishing guide",-99.7
"not_specified",NA,NA,3,"f",2,NA,NA,NA,1,"catchability",": 2, a gale doesn’t matter for the fishing itself, other than that the gear is hard to use","2","Gale","gal","fishing guide",-99.7
"ice fishing",NA,NA,3,"f",NA,NA,NA,NA,1,"catchability",": 2, a gale doesn’t matter for the fishing itself, other than that the gear is hard to use","2","Gale","gal","fishing guide",-99.7
"rod",NA,NA,3,"f",NA,NA,NA,NA,1,"catchability",": 2, a gale doesn’t matter for the fishing itself, other than that the gear is hard to use","2","Gale","gal","fishing guide",-99.7
"not_specified",NA,NA,3,"g",-998,NA,NA,NA,1,"catchability","Don’t go out in a storm",NA,"Storm","sto","fishing guide",-99.7
"ice fishing",NA,NA,3,"g",NA,NA,NA,NA,1,"catchability","Don’t go out in a storm",NA,"Storm","sto","fishing guide",-99.7
"rod",NA,NA,3,"g",NA,NA,NA,NA,1,"catchability","Don’t go out in a storm",NA,"Storm","sto","fishing guide",-99.7
NA,NA,NA,4,"a",-997,NA,NA,NA,1,"catch_assemblage",": 5   sea trout on open water, instead of perch and pike under the ice","5","Heatwave in the winter season","hww","fishing guide",-99.7
NA,NA,NA,4,"b",-997,NA,NA,NA,1,"catch_assemblage",": 5   redirect the fishing down below the thermocline","5","Heatwave in the summer season","hws","fishing guide",-99.7
NA,NA,NA,4,"c",-998,NA,NA,NA,1,"catch_assemblage","No information",NA,"Severe icing (in the winter season)","ici","fishing guide",-99.7
NA,NA,NA,4,"d",-997,NA,NA,NA,1,"catch_assemblage","More about changing location (deeper), 5   choose other species (we fish pike & perch, sea trout)","5","Algal bloom (in the summer season)","abl","fishing guide",-99.7
NA,NA,NA,4,"e",-998,NA,NA,NA,1,"catch_assemblage","No other species, more that we don’t fish",NA,"Extreme cloudburst (in the summer season)","erf","fishing guide",-99.7
NA,NA,NA,4,"f",-997,NA,NA,NA,1,"catch_assemblage",": 2 sometimes; if it blows too hard and we are supposed to fish trout, then sometimes we have to go in and fish perch & pike instead","2","Gale","gal","fishing guide",-99.7
NA,NA,NA,4,"g",-998,NA,NA,NA,1,"catch_assemblage","Cancel",NA,"Storm","sto","fishing guide",-99.7
NA,NA,NA,5,"a",3,NA,NA,NA,1,"catch_condition","3","3","Heatwave in the winter season","hww","fishing guide",-99.7
NA,NA,NA,5,"b",2,NA,NA,NA,1,"catch_condition","2, a b it worse","2","Heatwave in the summer season","hws","fishing guide",-99.7
NA,NA,NA,5,"c",3,NA,NA,NA,1,"catch_condition","3","3","Severe icing (in the winter season)","ici","fishing guide",-99.7
NA,NA,NA,5,"d",2,NA,NA,NA,1,"catch_condition","2","2","Algal bloom (in the summer season)","abl","fishing guide",-99.7
NA,NA,NA,5,"e",3,NA,NA,NA,1,"catch_condition","3","3","Extreme cloudburst (in the summer season)","erf","fishing guide",-99.7
NA,NA,NA,5,"f",3,NA,NA,NA,1,"catch_condition","3","3","Gale","gal","fishing guide",-99.7
NA,NA,NA,5,"g",3,NA,NA,NA,1,"catch_condition","3","3","Storm","sto","fishing guide",-99.7
NA,NA,NA,6,"a",-999,NA,NA,NA,1,"cope_condition",NA,NA,"Heatwave in the winter season","hww","fishing guide",-99.7
NA,NA,NA,6,"b",3,NA,NA,NA,1,"cope_condition","3  ","3","Heatwave in the summer season","hws","fishing guide",-99.7
NA,NA,NA,6,"c",-999,NA,NA,NA,1,"cope_condition",NA,NA,"Severe icing (in the winter season)","ici","fishing guide",-99.7
NA,NA,NA,6,"d",3,NA,NA,NA,1,"cope_condition","3","3","Algal bloom (in the summer season)","abl","fishing guide",-99.7
NA,NA,NA,6,"e",-999,NA,NA,NA,1,"cope_condition",NA,NA,"Extreme cloudburst (in the summer season)","erf","fishing guide",-99.7
NA,NA,NA,6,"f",-999,NA,NA,NA,1,"cope_condition",NA,NA,"Gale","gal","fishing guide",-99.7
NA,NA,NA,6,"g",-999,NA,NA,NA,1,"cope_condition",NA,NA,"Storm","sto","fishing guide",-99.7
NA,NA,NA,7,"a",4,NA,NA,NA,1,"lag_effect",NA,NA,"Heatwave in the winter season","hww","fishing guide",-99.7
NA,NA,NA,7,"b",-999,NA,NA,NA,1,"lag_effect",NA,NA,"Heatwave in the summer season","hws","fishing guide",-99.7
NA,NA,NA,7,"c",-999,NA,NA,NA,1,"lag_effect",NA,NA,"Severe icing (in the winter season)","ici","fishing guide",-99.7
NA,NA,NA,7,"d",-999,NA,NA,NA,1,"lag_effect",NA,NA,"Algal bloom (in the summer season)","abl","fishing guide",-99.7
NA,NA,NA,7,"e",-999,NA,NA,NA,1,"lag_effect",NA,NA,"Extreme cloudburst (in the summer season)","erf","fishing guide",-99.7
NA,NA,NA,7,"f",-999,NA,NA,NA,1,"lag_effect",NA,NA,"Gale","gal","fishing guide",-99.7
NA,NA,NA,7,"g",-999,NA,NA,NA,1,"lag_effect",NA,NA,"Storm","sto","fishing guide",-99.7
"not_specified",NA,NA,9,"a",NA,NA,NA,NA,1,"personal_safety","1 I do it for ice fishing; if no one falls in now, it is a miracle","1","Heatwave in the winter season","hww","fishing guide",0.1
"ice fishing",NA,NA,9,"a",1,NA,NA,NA,1,"personal_safety","1 I do it for ice fishing; if no one falls in now, it is a miracle","1","Heatwave in the winter season","hww","fishing guide",0.1
"not_specified",NA,NA,9,"b",0,NA,NA,NA,1,"personal_safety","0","0","Heatwave in the summer season","hws","fishing guide",0.1
"ice fishing",NA,NA,9,"b",NA,NA,NA,NA,1,"personal_safety","0","0","Heatwave in the summer season","hws","fishing guide",0.1
"not_specified",NA,NA,9,"c",2,NA,NA,NA,1,"personal_safety","2","2","Severe icing (in the winter season)","ici","fishing guide",0.1
"ice fishing",NA,NA,9,"c",NA,NA,NA,NA,1,"personal_safety","2","2","Severe icing (in the winter season)","ici","fishing guide",0.1
"not_specified",NA,NA,9,"d",0,NA,NA,NA,1,"personal_safety","0","0","Algal bloom (in the summer season)","abl","fishing guide",0.1
"ice fishing",NA,NA,9,"d",NA,NA,NA,NA,1,"personal_safety","0","0","Algal bloom (in the summer season)","abl","fishing guide",0.1
"not_specified",NA,NA,9,"e",1,NA,NA,NA,1,"personal_safety","1","1","Extreme cloudburst (in the summer season)","erf","fishing guide",0.1
"ice fishing",NA,NA,9,"e",NA,NA,NA,NA,1,"personal_safety","1","1","Extreme cloudburst (in the summer season)","erf","fishing guide",0.1
"not_specified",NA,NA,9,"f",1,NA,NA,NA,1,"personal_safety","1 (ordinary gale none, but strong gale)","1","Gale","gal","fishing guide",0.1
"ice fishing",NA,NA,9,"f",NA,NA,NA,NA,1,"personal_safety","1 (ordinary gale none, but strong gale)","1","Gale","gal","fishing guide",0.1
"not_specified",NA,NA,9,"g",2,NA,NA,NA,1,"personal_safety","2","2","Storm","sto","fishing guide",0.1
"ice fishing",NA,NA,9,"g",NA,NA,NA,NA,1,"personal_safety","2","2","Storm","sto","fishing guide",0.1
NA,NA,NA,10,"a",0,NA,NA,NA,1,"damage","0","0","Heatwave in the winter season","hww","fishing guide",0.1
NA,NA,NA,10,"b",0,NA,NA,NA,1,"damage","0","0","Heatwave in the summer season","hws","fishing guide",0.1
NA,NA,NA,10,"c",2,NA,NA,NA,1,"damage","don’t know, probably 2. (have broken parts on the boat twice because of it)","2","Severe icing (in the winter season)","ici","fishing guide",0.1
NA,NA,NA,10,"d",0,NA,NA,NA,1,"damage","0","0","Algal bloom (in the summer season)","abl","fishing guide",0.1
NA,NA,NA,10,"e",2,NA,NA,NA,1,"damage","don’t know, more if the boat sinks; is that a 3 then, don’t know, depends on how big the damage is; in combination with storm then it becomes 3. Usually, you get away from a cloudburst. There is a risk; maybe 2","2","Extreme cloudburst (in the summer season)","erf","fishing guide",0.1
NA,NA,NA,10,"f",1,NA,NA,NA,1,"damage","1","1","Gale","gal","fishing guide",0.1
NA,NA,NA,10,"g",2,NA,NA,NA,1,"damage","3","3","Storm","sto","fishing guide",0.1
NA,NA,NA,13,"a",-999,NA,NA,NA,1,"change_practices",NA,NA,"Heatwave in the winter season","hww","fishing guide",0.1
NA,NA,NA,13,"b",-999,NA,NA,NA,1,"change_practices",NA,NA,"Heatwave in the summer season","hws","fishing guide",0.1
NA,NA,NA,13,"c",-999,NA,NA,NA,1,"change_practices",NA,NA,"Severe icing (in the winter season)","ici","fishing guide",0.1
NA,NA,NA,13,"d",-999,NA,NA,NA,1,"change_practices",NA,NA,"Algal bloom (in the summer season)","abl","fishing guide",0.1
NA,NA,NA,13,"e",-999,NA,NA,NA,1,"change_practices",NA,NA,"Extreme cloudburst (in the summer season)","erf","fishing guide",0.1
NA,NA,NA,13,"f",-999,NA,NA,NA,1,"change_practices",NA,NA,"Gale","gal","fishing guide",0.1
NA,NA,NA,13,"g",-999,NA,NA,NA,1,"change_practices",NA,NA,"Storm","sto","fishing guide",0.1
NA,NA,NA,15,"a",1,NA,NA,NA,1,"avoidance",NA,NA,"Heatwave in the winter season","hww","fishing guide",0.2
NA,NA,NA,15,"b",2,NA,NA,NA,1,"avoidance",NA,NA,"Heatwave in the summer season","hws","fishing guide",0.2
NA,NA,NA,15,"c",1,NA,NA,NA,1,"avoidance",NA,NA,"Severe icing (in the winter season)","ici","fishing guide",0.2
NA,NA,NA,15,"d",2,NA,NA,NA,1,"avoidance",NA,NA,"Algal bloom (in the summer season)","abl","fishing guide",0.2
NA,NA,NA,15,"e",1,NA,NA,NA,1,"avoidance",NA,NA,"Extreme cloudburst (in the summer season)","erf","fishing guide",0.2
NA,NA,NA,15,"f",1,NA,NA,NA,1,"avoidance",NA,NA,"Gale","gal","fishing guide",0.2
NA,NA,NA,15,"g",1,NA,NA,NA,1,"avoidance",NA,NA,"Storm","sto","fishing guide",0.2
NA,NA,NA,21,"a",5,NA,NA,NA,1,"stress_injuries","5","5","Heatwave in the winter season","hww","fishing guide",0.4
NA,NA,NA,21,"b",5,NA,NA,NA,1,"stress_gear","5","5","Heatwave in the summer season","hws","fishing guide",0.4
NA,NA,NA,21,"c",4,NA,NA,NA,1,"stress_condition","4 (one does not want to fish if the fish are not doing well, it is also bad promotion for me as a fishing guide)","4","Severe icing (in the winter season)","ici","fishing guide",0.4
NA,NA,NA,0,NA,NA,NA,NA,NA,1,"fishing_style","Fishing guide",NA,NA,NA,"fishing guide",NA
NA,NA,NA,11,NA,NA,"10000","20000","sek_unit",1,"minor_damage_cost","10 20k kr",NA,NA,NA,"fishing guide",0.1
NA,NA,NA,12,NA,NA,"20000","6e+06","sek_unit",1,"major_damage_cost","20 600k  kr",NA,NA,NA,"fishing guide",0.1
NA,NA,NA,16,NA,0,NA,NA,NA,1,"gear characteristics","0 , if you take the extreme weather event to its peak, extreme cloudburst or storm, then the boat does not help; same if it is extreme heatwave, then we cannot go out 38 42 °C; in 2018 we could not book the fishing. Another parameter: our activity also depends on demand, and demand is made impossible during many of these extreme weather events","0",NA,NA,"fishing guide",0.2
NA,NA,NA,17,NA,2,NA,NA,NA,1,"infrastructure","2","2",NA,NA,"fishing guide",0.2
NA,NA,NA,18,NA,2,NA,NA,NA,1,"management_space","Sport fishing has great mobility; the accessibility to water. 2.","2",NA,NA,"fishing guide",0.2
NA,NA,NA,19,NA,2,NA,NA,NA,1,"management_species","2 Yes","2",NA,NA,"fishing guide",0.2
NA,NA,NA,23,NA,3,NA,NA,NA,1,"job_mobility","I have to work, so I have no choice; everyone has the opportunity to work with something else who has two legs and two arms; I only guide, I have nothing I can lean back on. Is it 3? I would have to.","3",NA,NA,"fishing guide",0.2
NA,NA,NA,24,NA,4,NA,NA,NA,1,"entrepeneurship","Would probably try to find solutions; sport fishing itself would certainly change, and then fishing guides would follow that change; there is probably some variation among guides depending on what one is specialized in ",NA,NA,NA,"fishing guide",0.2
NA,NA,NA,25,NA,1,NA,NA,NA,1,"credit","1. there are no possibilities; completely self financed. The bank would just laugh at one. The businesses are too small, and no one invests in this. Our whole industry is like that","1",NA,NA,"fishing guide",0.2
NA,NA,NA,27,NA,5,NA,NA,NA,1,"knowledge_transmission","the world does not end without fishing guides; but we are ambassadors for how the development of fishing continues; it matters a lot how we handle fish & fishing in front of the general sport fishing mass, which is very large, 20% of Sweden’s population; 5. important for a positive handling of fish and restoration of habitat. We are the only voice for the fish in the water. Important that there is a small scale tourist fishing industry, for a positive development for the fish","5",NA,NA,"fishing guide",0.5
NA,NA,NA,28,NA,3,NA,NA,NA,1,"benefit_local_community","quite a lot; 3; influences so that more sport fishing equipment is sold in the nearby shops, hotel nights, everything around lunches, dinners, and so on","3",NA,NA,"fishing guide",0.5
NA,NA,NA,29,NA,5,NA,NA,NA,1,"benefit_personal_community","5. see answer to 27.","5",NA,NA,"fishing guide",0.5
NA,NA,NA,30,NA,1,NA,NA,NA,1,"traditional_food","1. fish are not cows.  We do not fish for food, almost none of us.","1",NA,NA,"fishing guide",0.5
NA,NA,NA,32,NA,5,NA,NA,NA,1,"outdoor_benefit","5","5",NA,NA,"fishing guide",0.1
NA,NA,NA,33,NA,5,NA,NA,NA,1,"identity","5","5",NA,NA,"fishing guide",0.1
NA,NA,NA,34,NA,5,NA,NA,NA,1,"home","5, it creates positive memories; that is how one creates a relationship to places","5",NA,NA,"fishing guide",0.1
NA,NA,NA,36,NA,100,NA,NA,NA,1,"fdays","100","100",NA,NA,"fishing guide",0.5
NA,NA,NA,37,NA,NA,"6000","8000","sek_day",1,"income","6000 8000 SEK/day and boat, generally the same for everyone",NA,NA,NA,"fishing guide",0.5
NA,NA,NA,38,NA,NA,"50000","10000","sek_season",1,"season_maint","oh, you don’t want to know! what I do is so uneconomical; if the engine breaks then several 100,000 SEK go up in smoke, electric motor 50,000 SEK, sonar 50,000 SEK; is it rather 100,000 200,000 than 10,000 50,000 SEK? yes. Large part is expenses for material, applies also to the cars; 5 days a week fishing, 1 service day per week, 1 family day ",NA,NA,NA,"fishing guide",0.5
NA,NA,NA,39,NA,NA,"1000","1000","sek_day",1,"fuel_trip","maybe 1000 SEK/fishing day; this is the biggest expense besides food for a day",NA,NA,NA,"fishing guide",0.5
NA,NA,NA,40,NA,NA,"500","500","sek_day",1,"extra_fuel","1500 SEK for such a longer travel day",NA,NA,NA,"fishing guide",0.5
NA,NA,NA,41,NA,NA,"2000","3000","sek_day",1,"extra_crew","I always guide myself; there are some who sometimes take in an extra person; quite expensive, since it is salary and employer’s contributions etc. (guess they get 1500 SEK, so in total it becomes 3000 SEK).",NA,NA,NA,"fishing guide",0.5
NA,NA,NA,42,NA,NA,NA,NA,"sek_day",1,"extra_cleaning_cost","a whole workday for service, so it costs what I earn on a fishing day; no, not for algal bloom, but in gale or storm there are many lines that must be fixed; twice I have broken the boat due to icing, the trim motor and the steering, 15,000 SEK per time. ",NA,NA,NA,"fishing guide",0.5
NA,NA,NA,43,NA,NA,NA,NA,"sek_day",1,"exytra_other","the biggest cost is the loss of income. Cancelled fishing days. A tourist usually does not rebook, especially if it is short notice change then I don’t have time to get in something else. Guides for corporate events are at 30,000 SEK, or 60,000 SEK when we are out with 6 boats; if you miss that then the whole income disappears; loss of income also arises because people do not book when there is extreme weather.",NA,NA,NA,"fishing guide",NA
NA,NA,NA,45,NA,-999,NA,NA,NA,1,"addition","There may be disease among the fish during heatwaves, and that can have consequences for fishing for five years ahead; and algal bloom we do not know, but it does not feel good.
We are completely dependent on the fish being well.
How have perch and pike been doing this summer?

It was a bit weak when it was hot, but now they have started again. Probably quite a normal year. One adapts to the new. Sour that one cannot fish in the outer archipelago. It is an enormous difference from how it was when I was little, we would need supportive stocking of the pike stocks.
First year with protection. I have not seen so much herring in 15 years! We have had incredibly little fish coming in to spawn earlier; when they last did test fishing at Mörkö, there was an 84 86% decline in spawning herring.
Out last week, then there was herring in Furusundsleden, a lot of herring, proper schools. Summer herring. Don’t know when I last saw that. Very positive! Will have great impact on the predatory fish stocks. Hope that the seals can move out again, so they don’t have to hang around at Slussen.",NA,NA,NA,"fishing guide",NA
NA,NA,NA,2,"a",-999,NA,NA,NA,2,"go_out","Extremely warm winter   we ice fish so little, therefore it is a bit difficult to answer. (2)","2","Heatwave in the winter season","hww","coastal",0.1
NA,NA,NA,2,"b",3,NA,NA,NA,2,"go_out","(3) Depends a little on what we are fishing","3","Heatwave in the summer season","hws","coastal",0.1
NA,NA,NA,2,"c",1,NA,NA,NA,2,"go_out","1","1","Severe icing (in the winter season)","ici","coastal",0.1
NA,NA,NA,2,"d",4,NA,NA,NA,2,"go_out","Doesn’t affect us much up here; locally there may be algal bloom in a bay. (4) ","4","Algal bloom (in the summer season)","abl","coastal",0.1
NA,NA,NA,2,"e",3,NA,NA,NA,2,"go_out","3","3","Extreme cloudburst (in the summer season)","erf","coastal",0.1
NA,NA,NA,2,"f",1,NA,NA,NA,2,"go_out","1, not me at least with my small boat","1","Gale","gal","coastal",0.1
NA,NA,NA,2,"g",1,NA,NA,NA,2,"go_out","1","1","Storm","sto","coastal",0.1
NA,NA,NA,3,"a",-999,NA,NA,NA,2,"catchability","3","3","Heatwave in the winter season","hww","coastal",0.1
NA,NA,NA,3,"b",2,NA,NA,NA,2,"catchability","2, Becomes worse, maybe not for all species, but they move to other areas, so you have to search elsewhere","2","Heatwave in the summer season","hws","coastal",0.1
NA,NA,NA,3,"c",-998,NA,NA,NA,2,"catchability","Hypothetical question, since we always have ice in winter; icing can happen in autumn, but we rarely fish then, so can’t answer that ",NA,"Severe icing (in the winter season)","ici","coastal",0.1
NA,NA,NA,3,"d",-998,NA,NA,NA,2,"catchability","Hard to answer, doesn’t occur very often ",NA,"Algal bloom (in the summer season)","abl","coastal",0.1
NA,NA,NA,3,"e",3,NA,NA,NA,2,"catchability","3","3","Extreme cloudburst (in the summer season)","erf","coastal",0.1
NA,NA,NA,3,"f",2,NA,NA,NA,2,"catchability","It becomes harder to fish, but does not affect the actual catch; (2). Can affect a little since it’s harder to fish","2","Gale","gal","coastal",0.1
NA,NA,NA,3,"g",1,NA,NA,NA,2,"catchability","In a storm you can’t fish, so catchability is zero",NA,"Storm","sto","coastal",0.1
NA,NA,NA,4,"a",-999,NA,NA,NA,2,"catch_assemblage","1","1","Heatwave in the winter season","hww","coastal",0.1
NA,NA,NA,4,"b",4,NA,NA,NA,2,"catch_assemblage","Somewhat different species if we fish in the same place   e.g., a lot of bream; somewhat different (4).","4","Heatwave in the summer season","hws","coastal",0.1
NA,NA,NA,4,"c",-998,NA,NA,NA,2,"catch_assemblage",NA,NA,"Severe icing (in the winter season)","ici","coastal",0.1
NA,NA,NA,4,"d",-998,NA,NA,NA,2,"catch_assemblage",NA,NA,"Algal bloom (in the summer season)","abl","coastal",0.1
NA,NA,NA,4,"e",1,NA,NA,NA,2,"catch_assemblage","1","1","Extreme cloudburst (in the summer season)","erf","coastal",0.1
NA,NA,NA,4,"f",1,NA,NA,NA,2,"catch_assemblage","1","1","Gale","gal","coastal",0.1
NA,NA,NA,4,"g",-998,NA,NA,NA,2,"catch_assemblage",NA,NA,"Storm","sto","coastal",0.1
NA,NA,"not_specified",5,"a",-999,NA,NA,NA,2,"catch_condition","3","3","Heatwave in the winter season","hww","coastal",0.1
NA,NA,"perch",5,"a",NA,NA,NA,NA,2,"catch_condition","3","3","Heatwave in the winter season","hww","coastal",0.1
NA,NA,"salmon",5,"a",NA,NA,NA,NA,2,"catch_condition","3","3","Heatwave in the winter season","hww","coastal",0.1
NA,NA,"not_specified",5,"b",NA,NA,NA,NA,2,"catch_condition","1   Yes, then it gets quite a lot worse. Perch cannot tolerate lying in nets; they die almost immediately. Salmon in traps is a short fishing period and in deep water, so it doesn’t get warm enough to affect them","M","Heatwave in the summer season","hws","coastal",0.1
NA,NA,"perch",5,"b",1,NA,NA,NA,2,"catch_condition","1   Yes, then it gets quite a lot worse. Perch cannot tolerate lying in nets; they die almost immediately. Salmon in traps is a short fishing period and in deep water, so it doesn’t get warm enough to affect them","M","Heatwave in the summer season","hws","coastal",0.1
NA,NA,"salmon",5,"b",3,NA,NA,NA,2,"catch_condition","1   Yes, then it gets quite a lot worse. Perch cannot tolerate lying in nets; they die almost immediately. Salmon in traps is a short fishing period and in deep water, so it doesn’t get warm enough to affect them","M","Heatwave in the summer season","hws","coastal",0.1
NA,NA,"not_specified",5,"c",-999,NA,NA,NA,2,"catch_condition",NA,NA,"Severe icing (in the winter season)","ici","coastal",0.1
NA,NA,"perch",5,"c",NA,NA,NA,NA,2,"catch_condition",NA,NA,"Severe icing (in the winter season)","ici","coastal",0.1
NA,NA,"salmon",5,"c",NA,NA,NA,NA,2,"catch_condition",NA,NA,"Severe icing (in the winter season)","ici","coastal",0.1
NA,NA,"not_specified",5,"d",2,NA,NA,NA,2,"catch_condition","If there were to be strong algal bloom, which hasn’t happened so far, then it would certainly affect negatively   hypothetical.",NA,"Algal bloom (in the summer season)","abl","coastal",0.1
NA,NA,"perch",5,"d",NA,NA,NA,NA,2,"catch_condition","If there were to be strong algal bloom, which hasn’t happened so far, then it would certainly affect negatively   hypothetical.",NA,"Algal bloom (in the summer season)","abl","coastal",0.1
NA,NA,"salmon",5,"d",NA,NA,NA,NA,2,"catch_condition","If there were to be strong algal bloom, which hasn’t happened so far, then it would certainly affect negatively   hypothetical.",NA,"Algal bloom (in the summer season)","abl","coastal",0.1
NA,NA,"not_specified",5,"e",-998,NA,NA,NA,2,"catch_condition",NA,NA,"Extreme cloudburst (in the summer season)","erf","coastal",0.1
NA,NA,"perch",5,"e",NA,NA,NA,NA,2,"catch_condition",NA,NA,"Extreme cloudburst (in the summer season)","erf","coastal",0.1
NA,NA,"salmon",5,"e",NA,NA,NA,NA,2,"catch_condition",NA,NA,"Extreme cloudburst (in the summer season)","erf","coastal",0.1
NA,NA,"not_specified",5,"f",-998,NA,NA,NA,2,"catch_condition",NA,NA,"Gale","gal","coastal",0.1
NA,NA,"perch",5,"f",NA,NA,NA,NA,2,"catch_condition",NA,NA,"Gale","gal","coastal",0.1
NA,NA,"salmon",5,"f",NA,NA,NA,NA,2,"catch_condition",NA,NA,"Gale","gal","coastal",0.1
NA,NA,"not_specified",5,"g",-998,NA,NA,NA,2,"catch_condition",NA,NA,"Storm","sto","coastal",0.1
NA,NA,"perch",5,"g",NA,NA,NA,NA,2,"catch_condition",NA,NA,"Storm","sto","coastal",0.1
NA,NA,"salmon",5,"g",NA,NA,NA,NA,2,"catch_condition",NA,NA,"Storm","sto","coastal",0.1
NA,NA,NA,6,"a",-999,NA,NA,NA,2,"cope_condition",NA,NA,"Heatwave in the winter season","hww","coastal",0.1
NA,NA,NA,6,"b",3,NA,NA,NA,2,"cope_condition","Fish in deeper waters, maybe a middle value (3).","3","Heatwave in the summer season","hws","coastal",0.1
NA,NA,NA,6,"c",-999,NA,NA,NA,2,"cope_condition",NA,NA,"Severe icing (in the winter season)","ici","coastal",0.1
NA,NA,NA,6,"d",4,NA,NA,NA,2,"cope_condition","Fish in deeper waters, not difficult to avoid",NA,"Algal bloom (in the summer season)","abl","coastal",0.1
NA,NA,NA,6,"e",-999,NA,NA,NA,2,"cope_condition",NA,NA,"Extreme cloudburst (in the summer season)","erf","coastal",0.1
NA,NA,NA,6,"f",-999,NA,NA,NA,2,"cope_condition",NA,NA,"Gale","gal","coastal",0.1
NA,NA,NA,6,"g",-999,NA,NA,NA,2,"cope_condition",NA,NA,"Storm","sto","coastal",0.1
NA,NA,NA,7,"a",3,NA,NA,NA,2,"lag_effect",NA,NA,"Heatwave in the winter season","hww","coastal",0.1
NA,NA,NA,7,"b",3,NA,NA,NA,2,"lag_effect",NA,NA,"Heatwave in the summer season","hws","coastal",0.1
NA,NA,NA,7,"c",-998,NA,NA,NA,2,"lag_effect",NA,NA,"Severe icing (in the winter season)","ici","coastal",0.1
NA,NA,NA,7,"d",-998,NA,NA,NA,2,"lag_effect",NA,NA,"Algal bloom (in the summer season)","abl","coastal",0.1
NA,NA,NA,7,"e",-998,NA,NA,NA,2,"lag_effect",NA,NA,"Extreme cloudburst (in the summer season)","erf","coastal",0.1
NA,NA,NA,7,"f",3,NA,NA,NA,2,"lag_effect",NA,NA,"Gale","gal","coastal",0.1
NA,NA,NA,7,"g",3,NA,NA,NA,2,"lag_effect",NA,NA,"Storm","sto","coastal",0.1
NA,NA,NA,9,"a",0,NA,NA,NA,2,"personal_safety","0","0","Heatwave in the winter season","hww","coastal",0.1
NA,NA,NA,9,"b",0,NA,NA,NA,2,"personal_safety","0","0","Heatwave in the summer season","hws","coastal",0.1
NA,NA,NA,9,"c",2,NA,NA,NA,2,"personal_safety","2   boat may sink","2","Severe icing (in the winter season)","ici","coastal",0.1
NA,NA,NA,9,"d",0,NA,NA,NA,2,"personal_safety","0","0","Algal bloom (in the summer season)","abl","coastal",0.1
NA,NA,NA,9,"e",0,NA,NA,NA,2,"personal_safety","0","0","Extreme cloudburst (in the summer season)","erf","coastal",0.1
NA,NA,NA,9,"f",0,NA,NA,NA,2,"personal_safety","0   no major concern","0","Gale","gal","coastal",0.1
NA,NA,NA,9,"g",2,NA,NA,NA,2,"personal_safety","2","2","Storm","sto","coastal",0.1
NA,NA,NA,10,"a",-999,NA,NA,NA,2,"damage","0)   No boat used, the snowmobile can get stuck, but no damage, only extra work","0","Heatwave in the winter season","hww","coastal",0.1
NA,NA,NA,10,"b",1,NA,NA,NA,2,"damage","More work cleaning gear from fouling, (1)   if that can even be called damage.","1","Heatwave in the summer season","hws","coastal",0.1
NA,NA,NA,10,"c",1,NA,NA,NA,2,"damage","1","1","Severe icing (in the winter season)","ici","coastal",0.1
NA,NA,NA,10,"d",0,NA,NA,NA,2,"damage","0","0","Algal bloom (in the summer season)","abl","coastal",0.1
NA,NA,NA,10,"e",1,NA,NA,NA,2,"damage","(1)   If the boat sinks or the engine ends up under water (that’s enough for one summer).","1","Extreme cloudburst (in the summer season)","erf","coastal",0.1
NA,NA,NA,10,"f",1,NA,NA,NA,2,"damage","1","1","Gale","gal","coastal",0.1
NA,NA,NA,10,"g",2,NA,NA,NA,2,"damage","(2)   Mostly to gear. It very rarely happens that we lose gear completely, but a small risk exists ","2","Storm","sto","coastal",0.1
NA,NA,NA,13,"a",1,NA,NA,NA,2,"change_practices","(1)   We might choose areas where travel on ice is easier.","1","Heatwave in the winter season","hww","coastal",0.1
NA,NA,NA,13,"b",1,NA,NA,NA,2,"change_practices","(1)   Might change areas a little bit","1","Heatwave in the summer season","hws","coastal",0.1
NA,NA,NA,13,"c",-999,NA,NA,NA,2,"change_practices","We fish so little during that season that it’s hard to say",NA,"Severe icing (in the winter season)","ici","coastal",0.1
NA,NA,NA,13,"d",0,NA,NA,NA,2,"change_practices","0","0","Algal bloom (in the summer season)","abl","coastal",0.1
NA,NA,NA,13,"e",0,NA,NA,NA,2,"change_practices","(0)   We wait until the downpour is over and then go out; usually it only lasts a few hours.","0","Extreme cloudburst (in the summer season)","erf","coastal",0.1
NA,NA,NA,13,"f",2,NA,NA,NA,2,"change_practices","(2)   Then we may not go out at all.","2","Gale","gal","coastal",0.1
NA,NA,NA,13,"g",2,NA,NA,NA,2,"change_practices","(2)   Then it’s quite certain we won’t go out.","2","Storm","sto","coastal",0.1
NA,NA,NA,15,"a",2,NA,NA,NA,2,"avoidance","Not so easy, rather difficult (2).","2","Heatwave in the winter season","hww","coastal",0.1
NA,NA,NA,15,"b",2,NA,NA,NA,2,"avoidance","(2)   Quite difficult.","2","Heatwave in the summer season","hws","coastal",0.1
NA,NA,NA,15,"c",-999,NA,NA,NA,2,"avoidance","can’t answer",NA,"Severe icing (in the winter season)","ici","coastal",0.1
NA,NA,NA,15,"d",4,NA,NA,NA,2,"avoidance","Quite easy (4).","4","Algal bloom (in the summer season)","abl","coastal",0.1
NA,NA,NA,15,"e",-999,NA,NA,NA,2,"avoidance","Doesn’t affect much, so   (not scored).",NA,"Extreme cloudburst (in the summer season)","erf","coastal",0.1
NA,NA,NA,15,"f",1,NA,NA,NA,2,"avoidance","When it’s windy, it’s windy everywhere, so quite difficult (1)   although you can always find some spot.","1","Gale","gal","coastal",0.1
NA,NA,NA,15,"g",1,NA,NA,NA,2,"avoidance","Impossible to fish at all (1).","1","Storm","sto","coastal",0.1
NA,NA,NA,21,"a",3,NA,NA,NA,2,"stress_injuries","Personal injury during fishing: 3","3","Heatwave in the winter season","hww","coastal",0.5
NA,NA,NA,21,"b",2,NA,NA,NA,2,"stress_gear","Losing fishing gear: 2 not so stressful since it is quite rare","2","Heatwave in the summer season","hws","coastal",0.5
NA,NA,NA,21,"c",2,NA,NA,NA,2,"stress_condition","Low quality of the fish in the catch: 2 possible to avoid so not very stressful","2","Severe icing (in the winter season)","ici","coastal",0.5
NA,NA,NA,0,NA,NA,NA,NA,NA,2,"fishing_style","coastal",NA,NA,NA,"coastal",NA
NA,NA,NA,11,NA,NA,"10000","50000","sek_unit",2,"minor_damage_cost","Tens of thousands of SEK, nets and such",NA,NA,NA,"coastal",0.1
NA,NA,NA,12,NA,NA,"1e+05","5e+05","sek_unit",2,"major_damage_cost","Several hundred thousand SEK ",NA,NA,NA,"coastal",0.1
NA,NA,NA,16,NA,1,NA,NA,NA,2,"gear characteristics","1","1",NA,NA,"coastal",0.1
NA,NA,NA,17,NA,0,NA,NA,NA,2,"infrastructure","We only have one landing harbor, so it requires us to stay in the local area. (0)","0",NA,NA,"coastal",0.1
NA,NA,NA,18,NA,999,NA,NA,NA,2,"management_space","Generally, we have quite a lot of mobility in terms of management; fixed gear locations are accessible fishing spots. Only for salmon fishing the license is tied to a specific boat, so you can’t switch to a larger boat. For net fishing it doesn’t matter.  (Example given: switching to a larger and safer boat than the one tied to the salmon license in order to haul the salmon trap during gale, but then getting a penalty on the license).",NA,NA,NA,"coastal",0.1
NA,NA,NA,19,NA,1,NA,NA,NA,2,"management_species","1  Depends on the fishing method. Salmon is the most restricted by management; it’s the hardest to switch between species. Vendace (siklöja) too, because of the short season. At that time, we have no other alternative species to fish.","1",NA,NA,"coastal",0.1
NA,NA,NA,23,NA,1,NA,NA,NA,2,"job_mobility","Personally: (5).
For Bothnian Bay fishers in general: If a large part of the vendace season were stormy, it would be very hard to replace it with other income. Most have other jobs in winter, but fishing is such a significant part of income","5",NA,NA,"coastal",0.5
NA,NA,NA,24,NA,5,NA,NA,NA,2,"entrepeneurship","5 We do it all the time, try to find new products and species to use. People must learn to eat more species","5",NA,NA,"coastal",0.5
NA,NA,NA,25,NA,1,NA,NA,NA,2,"credit","1 If you want to borrow 1 million for a machine, you need to have 1 million in your pocket. Not many fishers have that","1",NA,NA,"coastal",0.5
NA,NA,NA,27,NA,5,NA,NA,NA,2,"knowledge_transmission","5","5",NA,NA,"coastal",0.1
NA,NA,NA,28,NA,5,NA,NA,NA,2,"benefit_local_community","5 Vendace fishing is extremely important for Kalix, not only for jobs but also for the town’s image","5",NA,NA,"coastal",0.1
NA,NA,NA,29,NA,5,NA,NA,NA,2,"benefit_personal_community","5","5",NA,NA,"coastal",0.1
NA,NA,NA,30,NA,5,NA,NA,NA,2,"traditional_food","[5] Very important: vendace, salmon, and herring.","5",NA,NA,"coastal",0.1
NA,NA,NA,32,NA,4,NA,NA,NA,2,"outdoor_benefit","4 important","4",NA,NA,"coastal",0.2
NA,NA,NA,33,NA,4,NA,NA,NA,2,"identity","[4] Important.","4",NA,NA,"coastal",0.2
NA,NA,NA,34,NA,4,NA,NA,NA,2,"home","Hard to say for specific places. For example, Kalix archipelago   what should I say? We live here, so yes, important.(4)","4",NA,NA,"coastal",0.2
NA,NA,NA,36,NA,NA,"50","100","days",2,"fdays","Hard to say. If we have 6 months without ice, we actively fish 1 third of the days. But we keep the gear in the water all ice free days.",NA,NA,NA,"coastal",0.5
NA,NA,NA,37,NA,NA,"1e+06","1500000","sek_season",2,"income","Impossible to calculate per day. Over 6 months? It’s the four weeks of vendace fishing that make up the income. This varies. I haven’t broken down exactly what the fishing itself gives, plus there’s all the processing afterwards. Then you’d also have to deduct labor costs. Teija calculates roughly to get a value: 1.4 million SEK per year from vendace fishing. Plus some perch and bream. We haven’t fished salmon for several seasons — the quota is fished up in 7 days  [by those who have good fishing waters near the Torne River), so it’s not worth setting the gear, since it takes a week to set and a week to haul.",NA,NA,NA,"coastal",0.5
NA,NA,NA,38,NA,NA,"1e+05","5e+05","sek_season",2,"season_maint","I don’t remember, it gets lumped together with all other repairs at Guldhaven. We buy 1 boat per season   several hundred thousand SEK   and a new trawl, 200k SEK, other stuff 100k SEK. Roughly 0.5 million SEK over two years.",NA,NA,NA,"coastal",0.5
NA,NA,NA,39,NA,NA,NA,NA,"sek_day",2,"fuel_trip","Don’t dare estimate.",NA,NA,NA,"coastal",0.5
NA,NA,NA,40,NA,NA,NA,NA,"sek_day",2,"extra_fuel","Marginal, since we have such short distances",NA,NA,NA,"coastal",0.5
NA,NA,NA,41,NA,NA,NA,NA,"sek_day",2,"extra_crew","None for fishing itself. We bring in staff for processing  [130 people). Finding staff is the limiting factor in fishing, especially when there is as much vendace as there is now",NA,NA,NA,"coastal",0.5
NA,NA,NA,42,NA,NA,"3","3","minutes_gear",2,"extra_cleaning_cost","Cleaning traps takes some time, and it gets worse as the water gets warmer. Cleaning 10 traps took 0.5 h. Now we only have 20 traps in the water because of the perch, but when we fish the most, we have 100 traps. Then it means a lot of driving to clean them every three weeks; otherwise, they stay all season, or we clean once. Built ourselves from mink wire. Clean with a pressure washer. Same with bream traps",NA,NA,NA,"coastal",0.5
NA,NA,NA,43,NA,NA,NA,NA,"not_reported",2,"exytra_other","Things blow away. Doesn’t cost much, but takes time to pick everything up when it’s scattered across the bay.",NA,NA,NA,"coastal",NA
NA,NA,NA,45,NA,-999,NA,NA,NA,2,"addition","The striped perch are real stripes! They have found more in test fishing. Small ones, now frozen, which she will send to us. 234 perch in the test fishing, 9 33 cm. We have a lot of perch here now, never been so many on rod fishing — in a 1 hour round we get 10 perch of eating size. Why do you think? Now that the vendace stock is so good, they have a lot of food, and they grow well when it’s warm. Seems to be good recruitment too, since we caught so many small ones. We had the nets here in Långviken, along a gradient from open sea to inner bay: mostly bream in the innermost net, and mostly perch in the outermost net. The largest perch were farthest out.",NA,NA,NA,"coastal",NA
NA,NA,NA,2,"a",-999,NA,NA,NA,3,"go_out","Depends on ice. Boats are usually hauled up in winter. If forecast shows winter is over, we might launch. Unlikely to put in and haul up again. Might use the small boat if open water, but ice may return. Large boats remain on land. =1 regardless.",NA,"Heatwave in the winter season","hww","coastal",0.1
NA,NA,NA,2,"b",5,NA,NA,NA,3,"go_out","Then we fish, just go further out where it’s cooler. =5.","5","Heatwave in the summer season","hws","coastal",0.1
NA,NA,NA,2,"c",-999,NA,NA,NA,3,"go_out","5 (icing can happen in spring). ","5","Severe icing (in the winter season)","ici","coastal",0.1
NA,NA,NA,2,"d",5,NA,NA,NA,3,"go_out","Rare up here, but still fish. =5.","5","Algal bloom (in the summer season)","abl","coastal",0.1
NA,NA,NA,2,"e",3,NA,NA,NA,3,"go_out","If gear is already out, we go anyway. If not, we wait. =3.","3","Extreme cloudburst (in the summer season)","erf","coastal",0.1
NA,NA,NA,2,"f",1,NA,NA,NA,3,"go_out","No, we stay home. =1.","1","Gale","gal","coastal",0.1
NA,NA,NA,2,"g",1,NA,NA,NA,3,"go_out","No, we stay home. =1.","1","Storm","sto","coastal",0.1
NA,NA,"not_specified",3,"a",-999,NA,NA,NA,3,"catchability","Not relevant",NA,"Heatwave in the winter season","hww","coastal",0.1
NA,NA,"perch",3,"a",NA,NA,NA,NA,3,"catchability","Not relevant",NA,"Heatwave in the winter season","hww","coastal",0.1
NA,NA,"herring",3,"a",NA,NA,NA,NA,3,"catchability","Not relevant",NA,"Heatwave in the winter season","hww","coastal",0.1
NA,NA,"salmon",3,"a",NA,NA,NA,NA,3,"catchability","Not relevant",NA,"Heatwave in the winter season","hww","coastal",0.1
NA,NA,"not_specified",3,"b",2,NA,NA,NA,3,"catchability","Heatwave makes it worse. =2.","2","Heatwave in the summer season","hws","coastal",0.1
NA,NA,"perch",3,"b",NA,NA,NA,NA,3,"catchability","Heatwave makes it worse. =2.","2","Heatwave in the summer season","hws","coastal",0.1
NA,NA,"herring",3,"b",NA,NA,NA,NA,3,"catchability","Heatwave makes it worse. =2.","2","Heatwave in the summer season","hws","coastal",0.1
NA,NA,"salmon",3,"b",NA,NA,NA,NA,3,"catchability","Heatwave makes it worse. =2.","2","Heatwave in the summer season","hws","coastal",0.1
NA,NA,"not_specified",3,"c",-999,NA,NA,NA,3,"catchability","not relevant ",NA,"Severe icing (in the winter season)","ici","coastal",0.1
NA,NA,"perch",3,"c",NA,NA,NA,NA,3,"catchability","not relevant ",NA,"Severe icing (in the winter season)","ici","coastal",0.1
NA,NA,"herring",3,"c",NA,NA,NA,NA,3,"catchability","not relevant ",NA,"Severe icing (in the winter season)","ici","coastal",0.1
NA,NA,"salmon",3,"c",NA,NA,NA,NA,3,"catchability","not relevant ",NA,"Severe icing (in the winter season)","ici","coastal",0.1
NA,NA,"not_specified",3,"d",3,NA,NA,NA,3,"catchability","For perch, it gets worse (=2). Same for herring, due to warmth. ","M","Algal bloom (in the summer season)","abl","coastal",0.1
NA,NA,"perch",3,"d",2,NA,NA,NA,3,"catchability","For perch, it gets worse (=2). Same for herring, due to warmth. ","M","Algal bloom (in the summer season)","abl","coastal",0.1
NA,NA,"herring",3,"d",2,NA,NA,NA,3,"catchability","For perch, it gets worse (=2). Same for herring, due to warmth. ","M","Algal bloom (in the summer season)","abl","coastal",0.1
NA,NA,"salmon",3,"d",NA,NA,NA,NA,3,"catchability","For perch, it gets worse (=2). Same for herring, due to warmth. ","M","Algal bloom (in the summer season)","abl","coastal",0.1
NA,NA,"not_specified",3,"e",3,NA,NA,NA,3,"catchability","Doesn’t affect catchability (only whether we go out). =3.","3","Extreme cloudburst (in the summer season)","erf","coastal",0.1
NA,NA,"perch",3,"e",NA,NA,NA,NA,3,"catchability","Doesn’t affect catchability (only whether we go out). =3.","3","Extreme cloudburst (in the summer season)","erf","coastal",0.1
NA,NA,"herring",3,"e",NA,NA,NA,NA,3,"catchability","Doesn’t affect catchability (only whether we go out). =3.","3","Extreme cloudburst (in the summer season)","erf","coastal",0.1
NA,NA,"salmon",3,"e",NA,NA,NA,NA,3,"catchability","Doesn’t affect catchability (only whether we go out). =3.","3","Extreme cloudburst (in the summer season)","erf","coastal",0.1
NA,NA,"not_specified",3,"f",NA,NA,NA,NA,3,"catchability","Yes – after a gale from the right direction, herring can blow in, salmon may swim more too (E, NE in summer). =4. From W & NW it gets worse instead. ","M","Gale","gal","coastal",0.1
NA,NA,"perch",3,"f",NA,NA,NA,NA,3,"catchability","Yes – after a gale from the right direction, herring can blow in, salmon may swim more too (E, NE in summer). =4. From W & NW it gets worse instead. ","M","Gale","gal","coastal",0.1
NA,NA,"herring",3,"f",999,NA,NA,NA,3,"catchability","Yes – after a gale from the right direction, herring can blow in, salmon may swim more too (E, NE in summer). =4. From W & NW it gets worse instead. ","M","Gale","gal","coastal",0.1
NA,NA,"salmon",3,"f",999,NA,NA,NA,3,"catchability","Yes – after a gale from the right direction, herring can blow in, salmon may swim more too (E, NE in summer). =4. From W & NW it gets worse instead. ","M","Gale","gal","coastal",0.1
NA,NA,"not_specified",3,"g",NA,NA,NA,NA,3,"catchability","Same, just stronger wind.",NA,"Storm","sto","coastal",0.1
NA,NA,"perch",3,"g",NA,NA,NA,NA,3,"catchability","Same, just stronger wind.",NA,"Storm","sto","coastal",0.1
NA,NA,"herring",3,"g",999,NA,NA,NA,3,"catchability","Same, just stronger wind.",NA,"Storm","sto","coastal",0.1
NA,NA,"salmon",3,"g",999,NA,NA,NA,3,"catchability","Same, just stronger wind.",NA,"Storm","sto","coastal",0.1
NA,NA,NA,4,"a",-999,NA,NA,NA,3,"catch_assemblage","Not relevant.",NA,"Heatwave in the winter season","hww","coastal",0.1
NA,NA,NA,4,"b",1,NA,NA,NA,3,"catch_assemblage","very similar (1)","1","Heatwave in the summer season","hws","coastal",0.1
NA,NA,NA,4,"c",-999,NA,NA,NA,3,"catch_assemblage","not relevant",NA,"Severe icing (in the winter season)","ici","coastal",0.1
NA,NA,NA,4,"d",1,NA,NA,NA,3,"catch_assemblage","not directly (1)","1","Algal bloom (in the summer season)","abl","coastal",0.1
NA,NA,NA,4,"e",1,NA,NA,NA,3,"catch_assemblage","no (1)","1","Extreme cloudburst (in the summer season)","erf","coastal",0.1
NA,NA,NA,4,"f",1,NA,NA,NA,3,"catch_assemblage","1","1","Gale","gal","coastal",0.1
NA,NA,NA,4,"g",1,NA,NA,NA,3,"catch_assemblage","1","1","Storm","sto","coastal",0.1
NA,NA,NA,5,"a",-999,NA,NA,NA,3,"catch_condition","not relevant",NA,"Heatwave in the winter season","hww","coastal",0.1
NA,NA,NA,5,"b",1,NA,NA,NA,3,"catch_condition","much worse, must get them quickly into cooling boxes (1)","1","Heatwave in the summer season","hws","coastal",0.1
NA,NA,NA,5,"c",-999,NA,NA,NA,3,"catch_condition","not relevant",NA,"Severe icing (in the winter season)","ici","coastal",0.1
NA,NA,NA,5,"d",3,NA,NA,NA,3,"catch_condition","no, just from the heat",NA,"Algal bloom (in the summer season)","abl","coastal",0.1
NA,NA,NA,5,"e",3,NA,NA,NA,3,"catch_condition","no (3)","3","Extreme cloudburst (in the summer season)","erf","coastal",0.1
NA,NA,NA,5,"f",3,NA,NA,NA,3,"catch_condition","no (3)","3","Gale","gal","coastal",0.1
NA,NA,NA,5,"g",3,NA,NA,NA,3,"catch_condition","no (3)","3","Storm","sto","coastal",0.1
NA,NA,NA,6,"a",-999,NA,NA,NA,3,"cope_condition",NA,NA,"Heatwave in the winter season","hww","coastal",0.1
NA,NA,NA,6,"b",5,NA,NA,NA,3,"cope_condition","Only b. Go out before midday heat. Early mornings for herring, perch later in day. Adjust by hauling nets earlier. =5.","5","Heatwave in the summer season","hws","coastal",0.1
NA,NA,NA,6,"c",-999,NA,NA,NA,3,"cope_condition",NA,NA,"Severe icing (in the winter season)","ici","coastal",0.1
NA,NA,NA,6,"d",-999,NA,NA,NA,3,"cope_condition",NA,NA,"Algal bloom (in the summer season)","abl","coastal",0.1
NA,NA,NA,6,"e",-999,NA,NA,NA,3,"cope_condition",NA,NA,"Extreme cloudburst (in the summer season)","erf","coastal",0.1
NA,NA,NA,6,"f",-999,NA,NA,NA,3,"cope_condition",NA,NA,"Gale","gal","coastal",0.1
NA,NA,NA,6,"g",-999,NA,NA,NA,3,"cope_condition",NA,NA,"Storm","sto","coastal",0.1
NA,NA,NA,7,"a",-999,NA,NA,NA,3,"lag_effect",NA,NA,"Heatwave in the winter season","hww","coastal",0.1
NA,NA,NA,7,"b",1,NA,NA,NA,3,"lag_effect",NA,NA,"Heatwave in the summer season","hws","coastal",0.1
NA,NA,NA,7,"c",-999,NA,NA,NA,3,"lag_effect",NA,NA,"Severe icing (in the winter season)","ici","coastal",0.1
NA,NA,NA,7,"d",1,NA,NA,NA,3,"lag_effect",NA,NA,"Algal bloom (in the summer season)","abl","coastal",0.1
NA,NA,NA,7,"e",1,NA,NA,NA,3,"lag_effect",NA,NA,"Extreme cloudburst (in the summer season)","erf","coastal",0.1
NA,NA,NA,7,"f",1,NA,NA,NA,3,"lag_effect",NA,NA,"Gale","gal","coastal",0.1
NA,NA,NA,7,"g",1,NA,NA,NA,3,"lag_effect",NA,NA,"Storm","sto","coastal",0.1
NA,NA,NA,9,"a",-999,NA,NA,NA,3,"personal_safety","NA",NA,"Heatwave in the winter season","hww","coastal",0.1
NA,NA,NA,9,"b",0,NA,NA,NA,3,"personal_safety","0","0","Heatwave in the summer season","hws","coastal",0.1
NA,NA,NA,9,"c",-999,NA,NA,NA,3,"personal_safety","NA",NA,"Severe icing (in the winter season)","ici","coastal",0.1
NA,NA,NA,9,"d",0,NA,NA,NA,3,"personal_safety","0","0","Algal bloom (in the summer season)","abl","coastal",0.1
NA,NA,NA,9,"e",0,NA,NA,NA,3,"personal_safety","0","0","Extreme cloudburst (in the summer season)","erf","coastal",0.1
NA,NA,NA,9,"f",1,NA,NA,NA,3,"personal_safety","rarely go ouyt but sudden events possible",NA,"Gale","gal","coastal",0.1
NA,NA,NA,9,"g",-998,NA,NA,NA,3,"personal_safety","don’t go out  ",NA,"Storm","sto","coastal",0.1
NA,NA,NA,10,"a",-999,NA,NA,NA,3,"damage",NA,NA,"Heatwave in the winter season","hww","coastal",0.1
NA,NA,NA,10,"b",0,NA,NA,NA,3,"damage",NA,NA,"Heatwave in the summer season","hws","coastal",0.1
NA,NA,NA,10,"c",-999,NA,NA,NA,3,"damage",NA,NA,"Severe icing (in the winter season)","ici","coastal",0.1
NA,NA,NA,10,"d",0,NA,NA,NA,3,"damage","0, though nets can get dirty.","0","Algal bloom (in the summer season)","abl","coastal",0.1
NA,NA,NA,10,"e",0,NA,NA,NA,3,"damage","0","0","Extreme cloudburst (in the summer season)","erf","coastal",0.1
NA,NA,NA,10,"f",999,NA,NA,NA,3,"damage","Could damage or destroy gear/boat, or cause minor damage",NA,"Gale","gal","coastal",0.1
NA,NA,NA,10,"g",999,NA,NA,NA,3,"damage","Could damage or destroy gear/boat, or cause minor damage",NA,"Storm","sto","coastal",0.1
NA,NA,NA,13,"a",-999,NA,NA,NA,3,"change_practices","NA",NA,"Heatwave in the winter season","hww","coastal",0.1
NA,NA,NA,13,"b",2,NA,NA,NA,3,"change_practices","Yes, set in other places, change a lot. =2. Salmon gear is fixed at paid spots all summer, so they stay.","2","Heatwave in the summer season","hws","coastal",0.1
NA,NA,NA,13,"c",-999,NA,NA,NA,3,"change_practices","NA",NA,"Severe icing (in the winter season)","ici","coastal",0.1
NA,NA,NA,13,"d",2,NA,NA,NA,3,"change_practices","In bays, same as in heatwaves",NA,"Algal bloom (in the summer season)","abl","coastal",0.1
NA,NA,NA,13,"e",0,NA,NA,NA,3,"change_practices","0","0","Extreme cloudburst (in the summer season)","erf","coastal",0.1
NA,NA,NA,13,"f",2,NA,NA,NA,3,"change_practices","2. Move to less windy spots. For herring it’s harder, so maybe stay home.","2","Gale","gal","coastal",0.1
NA,NA,NA,13,"g",-998,NA,NA,NA,3,"change_practices","Don’t go out at all, follow forecasts. Our boat is 12 m, so never in storms",NA,"Storm","sto","coastal",0.1
NA,NA,NA,15,"a",-999,NA,NA,NA,3,"avoidance",NA,NA,"Heatwave in the winter season","hww","coastal",0.1
NA,NA,NA,15,"b",5,NA,NA,NA,3,"avoidance","Works – go further out (usually warmest inshore). =5. ","5","Heatwave in the summer season","hws","coastal",0.1
NA,NA,NA,15,"c",-999,NA,NA,NA,3,"avoidance","NA",NA,"Severe icing (in the winter season)","ici","coastal",0.1
NA,NA,NA,15,"d",2,NA,NA,NA,3,"avoidance","If heat lasts long, algal bloom spreads and worsens fishing. =2.","2","Algal bloom (in the summer season)","abl","coastal",0.1
NA,NA,NA,15,"e",4,NA,NA,NA,3,"avoidance","Yes, possible.",NA,"Extreme cloudburst (in the summer season)","erf","coastal",0.1
NA,NA,NA,15,"f",4,NA,NA,NA,3,"avoidance","Yes, but usually means staying home ",NA,"Gale","gal","coastal",0.1
NA,NA,NA,15,"g",2,NA,NA,NA,3,"avoidance","Storms are hard to avoid.",NA,"Storm","sto","coastal",0.1
NA,NA,NA,21,"a",1,NA,NA,NA,3,"stress_injuries","1, not stressed about that.","1","Heatwave in the winter season","hww","coastal",0.1
NA,NA,NA,21,"b",5,NA,NA,NA,3,"stress_gear","Yes – after summer storms worried salmon traps may blow away. =5.","5","Heatwave in the summer season","hws","coastal",0.1
NA,NA,NA,21,"c",3,NA,NA,NA,3,"stress_condition","Can happen if winds last days, then quality is lost, fish becomes worthless. Usually not stormy that long. =3.","3","Severe icing (in the winter season)","ici","coastal",0.1
NA,NA,NA,0,NA,NA,NA,NA,NA,3,"fishing_style","coastal",NA,NA,NA,"coastal",NA
NA,NA,NA,11,NA,NA,"1","50000","sek_year",3,"minor_damage_cost","50,000 SEK/year for nets that break, or propellers when blown  onto land/rocks",NA,NA,NA,"coastal",0.1
NA,NA,NA,12,NA,NA,"50000","2e+05","sek",3,"major_damage_cost","Rare for boats – then we wouldn’t be out. But a salmon trap can be destroyed in a summer storm, costing 200,000 SEK",NA,NA,NA,"coastal",0.1
NA,NA,NA,16,NA,999,NA,NA,NA,3,"gear characteristics","Yes, can move around for herring, whitefish, perch. Only salmon gear is fixed. Our operations use active gear, so we can relocate, but only short distances – catch must be landed quickly. (Older generations even traveled to Trosa/Grisslehamn.)",NA,NA,NA,"coastal",0.1
NA,NA,NA,17,NA,0,NA,NA,NA,3,"infrastructure","No – no infrastructure elsewhere, must return home. =0.","0",NA,NA,"coastal",0.1
NA,NA,NA,18,NA,1,NA,NA,NA,3,"management_space","Not well informed. Probably possible in Gävle Bay (we have exemptions locally). =1.","1",NA,NA,"coastal",0.1
NA,NA,NA,19,NA,0,NA,NA,NA,3,"management_species","0. Few commercial species here, license not species-specific ","0",NA,NA,"coastal",0.1
NA,NA,NA,23,NA,5,NA,NA,NA,3,"job_mobility","Yes – we already do many other things. Impossible to live solely off fishing on the Norrland coast. Must diversify, requires entrepreneurship. =5","5",NA,NA,"coastal",0.5
NA,NA,NA,24,NA,5,NA,NA,NA,3,"entrepeneurship","Always striving to improve, never want to stop developing. Every time we smoke fish, want it better. Always want renewal. =5","5",NA,NA,"coastal",0.5
NA,NA,NA,25,NA,1,NA,NA,NA,3,"credit","1. Not a thriving industry. We’ve thought about new boats for better work environment, but economically impossible with so little fish","1",NA,NA,"coastal",0.5
NA,NA,NA,27,NA,5,NA,NA,NA,3,"knowledge_transmission","Very important. We want it to live on. Almost dying out, barely any succession in families. In Gävle municipality soon only us left. =5. That’s why I started – to continue and develop what earlier generations built. History carries weight.","5",NA,NA,"coastal",0.1
NA,NA,NA,28,NA,5,NA,NA,NA,3,"benefit_local_community","Very important, =5. We’re the largest employer here. In July we had 50 on payroll. Coastal fishing benefits many. Attracts 40–50,000 tourists annually. They fuel up, shop at local stores. Huge significance for the whole community.","5",NA,NA,"coastal",0.1
NA,NA,NA,29,NA,5,NA,NA,NA,3,"benefit_personal_community","5. Doesn’t have to be me, but important that I’m the youngest investing – inspires cousins to invest too. Many long-time fishers easily deliver fish to Bergmans.","5",NA,NA,"coastal",0.1
NA,NA,NA,30,NA,5,NA,NA,NA,3,"traditional_food","5. Very important for Swedish food production.","5",NA,NA,"coastal",0.1
NA,NA,NA,32,NA,5,NA,NA,NA,3,"outdoor_benefit","5","5",NA,NA,"coastal",0.2
NA,NA,NA,33,NA,5,NA,NA,NA,3,"identity","5. Now it’s my whole identity (used to play hockey, now entrepreneurship in fishing defines me).","5",NA,NA,"coastal",0.2
NA,NA,NA,34,NA,5,NA,NA,NA,3,"home","Very important – many specific places with memories. As important as self-image. =5","5",NA,NA,"coastal",0.2
NA,NA,NA,36,NA,NA,"120","150","days",3,"fdays","Varies, 120–150 days of net fishing.",NA,NA,NA,"coastal",0.2
NA,NA,NA,37,NA,NA,"10000","15000","sek_day",3,"income","Hard to say. Some days 10–15,000 SEK, other days 0 if seals eat everything",NA,NA,NA,"coastal",0.2
NA,NA,NA,38,NA,NA,"150000","2e+05","sek_season",3,"season_maint","About 200,000 SEK. 100–150,000 in damages. A lot of time spent on repairs, much voluntary work, patching holes in winter",NA,NA,NA,"coastal",0.2
NA,NA,NA,39,NA,NA,"1500","2500","sek_day",3,"fuel_trip","Several thousand SEK. Longest trips 2–3 hours out: 3,000–5,000 SEK/day. Short trips about half. Sometimes just outside the restaurant here",NA,NA,NA,"coastal",0.2
NA,NA,NA,40,NA,NA,"3000","5000","sek_day",3,"extra_fuel","See previous",NA,NA,NA,"coastal",0.2
NA,NA,NA,41,NA,NA,"0","200","sek_hour",3,"extra_crew","Rare – usually only if a lot of fish. Then about 200 SEK/hour, unless pensioners help voluntarily.",NA,NA,NA,"coastal",0.2
NA,NA,NA,42,NA,NA,"20","30","hours_event",3,"extra_cleaning_cost","20–30 hours. Salmon traps: ~20 h each to clean at season end, sometimes more. Warm July brings more growth. In 2018 it was so warm that when we hauled a trap, with so much fouling, we nearly sank when a waterspout hit",NA,NA,NA,"coastal",0.2
NA,NA,NA,43,NA,NA,NA,NA,"not_reported",3,"exytra_other","Mostly covered – repairs, gear blown ashore.",NA,NA,NA,"coastal",NA
NA,NA,NA,45,NA,-999,NA,NA,NA,3,"addition","No, I think everything’s covered. Biggest problems are seals and industrial fishing. With so few fish, seals get aggressive",NA,NA,NA,"coastal",NA
NA,NA,NA,2,"a",4,NA,NA,NA,4,"go_out","Quite likely, if the water is open we’ll go out, 4","4","Heatwave in the winter season","hww","subsistence",0.2
NA,NA,NA,2,"b",2,NA,NA,NA,4,"go_out","2. Depends on how it affects winds and algal blooms; this year we had huge problems with algal blooms (1 month).","2","Heatwave in the summer season","hws","subsistence",0.2
NA,NA,NA,2,"c",-999,NA,NA,NA,4,"go_out","No problem for us, too far south.",NA,"Severe icing (in the winter season)","ici","subsistence",0.2
NA,NA,NA,2,"d",1,NA,NA,NA,4,"go_out","1","1","Algal bloom (in the summer season)","abl","subsistence",0.2
NA,NA,NA,2,"e",1,NA,NA,NA,4,"go_out","We can get to the boathouse, but from there out onto the lake it’s more difficult; 1, if we don’t have gear in the water. But we check the weather forecast very carefully before putting in the gear.","1","Extreme cloudburst (in the summer season)","erf","subsistence",0.2
NA,NA,NA,2,"f",1,NA,NA,NA,4,"go_out","1","1","Gale","gal","subsistence",0.2
NA,NA,NA,2,"g",1,NA,NA,NA,4,"go_out","1","1","Storm","sto","subsistence",0.2
NA,NA,NA,3,"a",2,NA,NA,NA,4,"catchability",NA,NA,"Heatwave in the winter season","hww","subsistence",0.2
NA,NA,NA,3,"b",3,NA,NA,NA,4,"catchability","Yes, in the past when perch existed, they liked warmth, but now there are no perch, so the effect is not so big on the species we fish for ",NA,"Heatwave in the summer season","hws","subsistence",0.2
NA,NA,NA,3,"c",-999,NA,NA,NA,4,"catchability",NA,NA,"Severe icing (in the winter season)","ici","subsistence",0.2
NA,NA,NA,3,"d",1,NA,NA,NA,4,"catchability","It’s devastating, depressing to live around this algal soup, grandchildren can’t swim, it’s an imbalance in the Baltic Sea ecosystem, a sad new phenomenon. We try to deal with it when it drifts ashore. It becomes a white coating on the bottom when it sinks. We’re worried about algal toxins (cows can break them down somewhat, but single-stomached animals can’t; affects the liver). 1.","1","Algal bloom (in the summer season)","abl","subsistence",0.2
NA,NA,NA,3,"e",3,NA,NA,NA,4,"catchability","No, 3","3","Extreme cloudburst (in the summer season)","erf","subsistence",0.2
NA,NA,NA,3,"f",2,NA,NA,NA,4,"catchability","A little worried about strong winds since we don’t have big boats.",NA,"Gale","gal","subsistence",0.2
NA,NA,NA,3,"g",2,NA,NA,NA,4,"catchability","Same with storms. ",NA,"Storm","sto","subsistence",0.2
NA,NA,NA,4,"a",-998,NA,NA,NA,4,"catch_assemblage","Can’t answer.",NA,"Heatwave in the winter season","hww","subsistence",0.2
NA,NA,NA,4,"b",-998,NA,NA,NA,4,"catch_assemblage","Can’t answer.",NA,"Heatwave in the summer season","hws","subsistence",0.2
NA,NA,NA,4,"c",-999,NA,NA,NA,4,"catch_assemblage",NA,NA,"Severe icing (in the winter season)","ici","subsistence",0.2
NA,NA,NA,4,"d",5,NA,NA,NA,4,"catch_assemblage","We don’t really fish much then; would guess the fish flee from the algal bloom, 5 ","5","Algal bloom (in the summer season)","abl","subsistence",0.2
NA,NA,NA,4,"e",-998,NA,NA,NA,4,"catch_assemblage","Can’t answer",NA,"Extreme cloudburst (in the summer season)","erf","subsistence",0.2
NA,NA,NA,4,"f",-998,NA,NA,NA,4,"catch_assemblage","Hard to say, we don’t fish much then",NA,"Gale","gal","subsistence",0.2
NA,NA,NA,4,"g",-998,NA,NA,NA,4,"catch_assemblage","Hard to say, we don’t fish much then",NA,"Storm","sto","subsistence",0.2
NA,NA,NA,5,"a",3,NA,NA,NA,4,"catch_condition","Don’t think it affects condition, 3.","3","Heatwave in the winter season","hww","subsistence",0.2
NA,NA,NA,5,"b",2,NA,NA,NA,4,"catch_condition","hen the water is warmer, fish flesh becomes looser (especially fattier fish), 2.","2","Heatwave in the summer season","hws","subsistence",0.2
NA,NA,NA,5,"c",-999,NA,NA,NA,4,"catch_condition","we don’t fish then",NA,"Severe icing (in the winter season)","ici","subsistence",0.2
NA,NA,NA,5,"d",-998,NA,NA,NA,4,"catch_condition","we don’t fish then",NA,"Algal bloom (in the summer season)","abl","subsistence",0.2
NA,NA,NA,5,"e",-998,NA,NA,NA,4,"catch_condition","we don’t fish then",NA,"Extreme cloudburst (in the summer season)","erf","subsistence",0.2
NA,NA,NA,5,"f",-998,NA,NA,NA,4,"catch_condition","we don’t fish then",NA,"Gale","gal","subsistence",0.2
NA,NA,NA,5,"g",-998,NA,NA,NA,4,"catch_condition","we don’t fish then",NA,"Storm","sto","subsistence",0.2
NA,NA,NA,6,"a",-999,NA,NA,NA,4,"cope_condition",NA,NA,"Heatwave in the winter season","hww","subsistence",0.2
NA,NA,NA,6,"b",3,NA,NA,NA,4,"cope_condition","If perch turn yellow and bad from the heat, we can do a day-set (not overnight). Have also set nets around a shoal and driven fish inside, which improved quality. We don’t have ice machines, so we can influence it a little",NA,"Heatwave in the summer season","hws","subsistence",0.2
NA,NA,NA,6,"c",-999,NA,NA,NA,4,"cope_condition",NA,NA,"Severe icing (in the winter season)","ici","subsistence",0.2
NA,NA,NA,6,"d",-999,NA,NA,NA,4,"cope_condition",NA,NA,"Algal bloom (in the summer season)","abl","subsistence",0.2
NA,NA,NA,6,"e",-999,NA,NA,NA,4,"cope_condition",NA,NA,"Extreme cloudburst (in the summer season)","erf","subsistence",0.2
NA,NA,NA,6,"f",-999,NA,NA,NA,4,"cope_condition",NA,NA,"Gale","gal","subsistence",0.2
NA,NA,NA,6,"g",-999,NA,NA,NA,4,"cope_condition",NA,NA,"Storm","sto","subsistence",0.2
NA,NA,NA,7,"a",-999,NA,NA,NA,4,"lag_effect",NA,NA,"Heatwave in the winter season","hww","subsistence",0.2
NA,NA,NA,7,"b",-999,NA,NA,NA,4,"lag_effect",NA,NA,"Heatwave in the summer season","hws","subsistence",0.2
NA,NA,NA,7,"c",-999,NA,NA,NA,4,"lag_effect",NA,NA,"Severe icing (in the winter season)","ici","subsistence",0.2
NA,NA,NA,7,"d",5,NA,NA,NA,4,"lag_effect",NA,NA,"Algal bloom (in the summer season)","abl","subsistence",0.2
NA,NA,NA,7,"e",-999,NA,NA,NA,4,"lag_effect",NA,NA,"Extreme cloudburst (in the summer season)","erf","subsistence",0.2
NA,NA,NA,7,"f",5,NA,NA,NA,4,"lag_effect",NA,NA,"Gale","gal","subsistence",0.2
NA,NA,NA,7,"g",5,NA,NA,NA,4,"lag_effect",NA,NA,"Storm","sto","subsistence",0.2
NA,NA,NA,9,"a",0,NA,NA,NA,4,"personal_safety","no worry",NA,"Heatwave in the winter season","hww","subsistence",0.1
NA,NA,NA,9,"b",0,NA,NA,NA,4,"personal_safety","no worry",NA,"Heatwave in the summer season","hws","subsistence",0.1
NA,NA,NA,9,"c",-999,NA,NA,NA,4,"personal_safety",NA,NA,"Severe icing (in the winter season)","ici","subsistence",0.1
NA,NA,NA,9,"d",0,NA,NA,NA,4,"personal_safety","avoid eating fish caught during bloom",NA,"Algal bloom (in the summer season)","abl","subsistence",0.1
NA,NA,NA,9,"e",0,NA,NA,NA,4,"personal_safety","no worry, just wear the right clothes",NA,"Extreme cloudburst (in the summer season)","erf","subsistence",0.1
NA,NA,NA,9,"f",1,NA,NA,NA,4,"personal_safety","slipping, breaking a leg from the rocking",NA,"Gale","gal","subsistence",0.1
NA,NA,NA,9,"g",1,NA,NA,NA,4,"personal_safety","slipping, breaking a leg from the rocking ",NA,"Storm","sto","subsistence",0.1
NA,NA,NA,10,"a",0,NA,NA,NA,4,"damage","0","0","Heatwave in the winter season","hww","subsistence",0.1
NA,NA,NA,10,"b",1,NA,NA,NA,4,"damage","with low water (running aground), 1","1","Heatwave in the summer season","hws","subsistence",0.1
NA,NA,NA,10,"c",-999,NA,NA,NA,4,"damage",NA,NA,"Severe icing (in the winter season)","ici","subsistence",0.1
NA,NA,NA,10,"d",0,NA,NA,NA,4,"damage","0","0","Algal bloom (in the summer season)","abl","subsistence",0.1
NA,NA,NA,10,"e",0,NA,NA,NA,4,"damage","0","0","Extreme cloudburst (in the summer season)","erf","subsistence",0.1
NA,NA,NA,10,"f",1,NA,NA,NA,4,"damage","Gear can drag and be damaged, very rare; boat damage when docking can be critical, minor repairs, 1.","1","Gale","gal","subsistence",0.1
NA,NA,NA,10,"g",1,NA,NA,NA,4,"damage","Gear can drag and be damaged, very rare; boat damage when docking can be critical, minor repairs, 1. ","1","Storm","sto","subsistence",0.1
NA,NA,NA,13,"a",0,NA,NA,NA,4,"change_practices","0","0","Heatwave in the winter season","hww","subsistence",0.1
NA,NA,NA,13,"b",1,NA,NA,NA,4,"change_practices","0 Only with algal bloom. If we want whitefish in summer during heatwave, they move deeper (15 m), =1. Move a few hundred meters","1","Heatwave in the summer season","hws","subsistence",0.1
NA,NA,NA,13,"c",-999,NA,NA,NA,4,"change_practices",NA,NA,"Severe icing (in the winter season)","ici","subsistence",0.1
NA,NA,NA,13,"d",2,NA,NA,NA,4,"change_practices","2 then we do not go fish","2","Algal bloom (in the summer season)","abl","subsistence",0.1
NA,NA,NA,13,"e",1,NA,NA,NA,4,"change_practices","Don’t go out to set nets, but we do collect them if already out ",NA,"Extreme cloudburst (in the summer season)","erf","subsistence",0.1
NA,NA,NA,13,"f",2,NA,NA,NA,4,"change_practices","We sometimes set in more sheltered bays less exposed, =2.","2","Gale","gal","subsistence",0.1
NA,NA,NA,13,"g",2,NA,NA,NA,4,"change_practices","We sometimes set in more sheltered bays less exposed, =2.","2","Storm","sto","subsistence",0.1
NA,NA,NA,15,"a",-999,NA,NA,NA,4,"avoidance","no need",NA,"Heatwave in the winter season","hww","subsistence",0.2
NA,NA,NA,15,"b",1,NA,NA,NA,4,"avoidance","Drive grandchildren to another bay; no, we don’t change fishing spot, we stop fishing",NA,"Heatwave in the summer season","hws","subsistence",0.2
NA,NA,NA,15,"c",-999,NA,NA,NA,4,"avoidance",NA,NA,"Severe icing (in the winter season)","ici","subsistence",0.2
NA,NA,NA,15,"d",1,NA,NA,NA,4,"avoidance","Stop fishing",NA,"Algal bloom (in the summer season)","abl","subsistence",0.2
NA,NA,NA,15,"e",1,NA,NA,NA,4,"avoidance","1, no, we stop completely","1","Extreme cloudburst (in the summer season)","erf","subsistence",0.2
NA,NA,NA,15,"f",4,NA,NA,NA,4,"avoidance","4, switch bays","4","Gale","gal","subsistence",0.2
NA,NA,NA,15,"g",1,NA,NA,NA,4,"avoidance","Don’t go fishing",NA,"Storm","sto","subsistence",0.2
NA,NA,NA,21,"a",3,NA,NA,NA,4,"stress_injuries","not much, but in winter it’s cold, windy, if motors fail then big problem, 3.","3","Heatwave in the winter season","hww","subsistence",0.2
NA,NA,NA,21,"b",1,NA,NA,NA,4,"stress_gear","1","1","Heatwave in the summer season","hws","subsistence",0.2
NA,NA,NA,21,"c",1,NA,NA,NA,4,"stress_condition","1","1","Severe icing (in the winter season)","ici","subsistence",0.2
NA,NA,NA,0,NA,NA,NA,NA,NA,4,"fishing_style","archipelago",NA,NA,NA,"subsistence",NA
NA,NA,NA,11,NA,NA,"200","2500","sek_unit",4,"minor_damage_cost","Propeller replacement is quite heavy, costs 2,500 SEK. Hull repair we fix ourselves, a couple hundred SEK",NA,NA,NA,"subsistence",0.1
NA,NA,NA,12,NA,NA,"2500","5000","sek_unit",4,"major_damage_cost","Engines and boats are insured; we must cover gear ourselves. A few thousand SEK more than the 2,500.",NA,NA,NA,"subsistence",0.1
NA,NA,NA,16,NA,1,NA,NA,NA,4,"gear characteristics","1, somewhat","1",NA,NA,"subsistence",0.2
NA,NA,NA,17,NA,2,NA,NA,NA,4,"infrastructure","Yes, but we don’t, too much hassle. Since we’re not economically dependent, we can skip fishing. =2.","2",NA,NA,"subsistence",0.2
NA,NA,NA,18,NA,0,NA,NA,NA,4,"management_space","We have common fishing waters (a cooperative). Fishing lots have become permanent, so I stick to my lot. =0 (within cooperative).","0",NA,NA,"subsistence",0.2
NA,NA,NA,19,NA,999,NA,NA,NA,4,"management_species","Eel fishing ban; voluntary fishing stop Mar 15–May 15 in some spawning bays. We must restore predatory fish stocks. We think fish shelters (we’ve built 10 over 10 years) have limited effect at such low stock levels.",NA,NA,NA,"subsistence",0.2
NA,NA,NA,23,NA,-999,NA,NA,NA,4,"job_mobility","Not Asked",NA,NA,NA,"subsistence",0.2
NA,NA,NA,24,NA,2,NA,NA,NA,4,"entrepeneurship","Thinking about whether nets are best; with traps the fish are less affected. Just thoughts so far. =2.","2",NA,NA,"subsistence",0.2
NA,NA,NA,25,NA,-999,NA,NA,NA,4,"credit","Not Asked",NA,NA,NA,"subsistence",0.2
NA,NA,NA,27,NA,5,NA,NA,NA,4,"knowledge_transmission","5. We’ve lost local competence when people die and take knowledge with them (e.g., neighbor who knew when/where to catch turbot, burbot).","5",NA,NA,"subsistence",0.2
NA,NA,NA,28,NA,1,NA,NA,NA,4,"benefit_local_community","I can’t sell/deliver fish, only the professional fisher can. More cultural—nice to have fish on the table. =1.","1",NA,NA,"subsistence",0.2
NA,NA,NA,29,NA,3,NA,NA,NA,4,"benefit_personal_community","Hard to judge. There have been big changes recently – many have passed away or disappeared, and some younger people have moved in who have the opportunity to fish but haven’t started yet, they’re still renovating. At our fishing meetings people do show up – they’re not uninterested. People are interested in fishing, but to what extent they actually fish or communicate about it varies. It creates a unifying factor among us subsistence fishers who belong to the village association.
Those who own a joint property with fishing rights and waters – and then there are the summer guests, but I have no idea about them.
=3.","3",NA,NA,"subsistence",0.2
NA,NA,NA,30,NA,5,NA,NA,NA,4,"traditional_food","Generational gap. We like fried herring, but grandchildren want hamburgers. Son hates flounder (too much growing up). Daughter better. Have to teach them every time how to debone herring. 5. Also for preparedness—resilience groups forming on islands (root cellars, handling power cuts).","3",NA,NA,"subsistence",0.2
NA,NA,NA,32,NA,5,NA,NA,NA,4,"outdoor_benefit","5. During test fishing we had wonderful mornings lifting nets—that’s what you live on.","5",NA,NA,"subsistence",-99.8
NA,NA,NA,33,NA,3,NA,NA,NA,4,"identity","Not so much the fishing, but managing it (chair of fishing association). =3.","3",NA,NA,"subsistence",-99.8
NA,NA,NA,34,NA,3,NA,NA,NA,4,"home","There are several places we often go. Has some meaning, about 3","3",NA,NA,"subsistence",-99.8
NA,NA,NA,36,NA,NA,"10",NA,"days ",4,"fdays","Not much lately, maybe 10 days.",NA,NA,NA,"subsistence",0.5
NA,NA,NA,37,NA,NA,NA,NA,"not_reported",4,"income",NA,NA,NA,NA,"subsistence",0.5
NA,NA,NA,38,NA,NA,NA,"5000","sek_season",4,"season_maint","5k SEK",NA,NA,NA,"subsistence",0.5
NA,NA,NA,39,NA,NA,"5000","20000","sek_season",4,"fuel_trip","Significant; 20,000 SEK yearly, much for boats, transport to land, island transport. About 5,000 SEK/year.",NA,NA,NA,"subsistence",0.5
NA,NA,NA,40,NA,NA,NA,NA,"not_reported",4,"extra_fuel",NA,NA,NA,NA,"subsistence",0.5
NA,NA,NA,41,NA,NA,NA,NA,"not_reported",4,"extra_crew",NA,NA,NA,NA,"subsistence",0.5
NA,NA,NA,42,NA,NA,NA,NA,"not_reported",4,"extra_cleaning_cost","When cleaning fish, takes a lot of time.",NA,NA,NA,"subsistence",0.5
NA,NA,NA,43,NA,NA,NA,NA,"not_reported",4,"exytra_other","I think we’ve gone through most of it. Water levels: your report mentions it, and many are concerned about low water levels, which indeed happened; but high water is just as problematic – wading out to the boathouse in waders.",NA,NA,NA,"subsistence",NA
NA,NA,NA,45,NA,-999,NA,NA,NA,4,"addition","Regarding innovation: we’re interested in all cooperation with experts who can help us restore ecological balance in the Baltic Sea. There is interest moving forward. What I pick up is that we must do something about the algal blooms. Maybe find a way to collect them with boats; there is centrifuge competence in Sweden",NA,NA,NA,"subsistence",NA
NA,NA,"not_specified",2,"a",1,NA,NA,NA,5,"go_out","If it’s otherwise a good winter, then it’s just nice weather. But if it’s a mild winter, then you can’t go out. Is ice fishing the dominant form? Few go out in boats? On the big lakes. and at Simrishamn there is some trolling from boats. If we think about ice fishing?Absolutely, =1 if the ice isn’t there or is dangerous to walk on.","1","Heatwave in the winter season","hww","recreational",0.5
NA,NA,"zander",2,"a",NA,NA,NA,NA,5,"go_out","If it’s otherwise a good winter, then it’s just nice weather. But if it’s a mild winter, then you can’t go out. Is ice fishing the dominant form? Few go out in boats? On the big lakes. and at Simrishamn there is some trolling from boats. If we think about ice fishing?Absolutely, =1 if the ice isn’t there or is dangerous to walk on.","1","Heatwave in the winter season","hww","recreational",0.5
NA,NA,"perch",2,"a",NA,NA,NA,NA,5,"go_out","If it’s otherwise a good winter, then it’s just nice weather. But if it’s a mild winter, then you can’t go out. Is ice fishing the dominant form? Few go out in boats? On the big lakes. and at Simrishamn there is some trolling from boats. If we think about ice fishing?Absolutely, =1 if the ice isn’t there or is dangerous to walk on.","1","Heatwave in the winter season","hww","recreational",0.5
NA,NA,"trout",2,"a",NA,NA,NA,NA,5,"go_out","If it’s otherwise a good winter, then it’s just nice weather. But if it’s a mild winter, then you can’t go out. Is ice fishing the dominant form? Few go out in boats? On the big lakes. and at Simrishamn there is some trolling from boats. If we think about ice fishing?Absolutely, =1 if the ice isn’t there or is dangerous to walk on.","1","Heatwave in the winter season","hww","recreational",0.5
NA,NA,"salmon",2,"a",NA,NA,NA,NA,5,"go_out","If it’s otherwise a good winter, then it’s just nice weather. But if it’s a mild winter, then you can’t go out. Is ice fishing the dominant form? Few go out in boats? On the big lakes. and at Simrishamn there is some trolling from boats. If we think about ice fishing?Absolutely, =1 if the ice isn’t there or is dangerous to walk on.","1","Heatwave in the winter season","hww","recreational",0.5
NA,NA,"pike",2,"a",NA,NA,NA,NA,5,"go_out","If it’s otherwise a good winter, then it’s just nice weather. But if it’s a mild winter, then you can’t go out. Is ice fishing the dominant form? Few go out in boats? On the big lakes. and at Simrishamn there is some trolling from boats. If we think about ice fishing?Absolutely, =1 if the ice isn’t there or is dangerous to walk on.","1","Heatwave in the winter season","hww","recreational",0.5
NA,NA,"not_specified",2,"b",NA,NA,NA,NA,5,"go_out","Yes, but in another way. When it’s hot, fishing in running waters (salmon, trout, grayling) is closed. Perch and zander fishing only gets better in warm weather. Few target pike in a heatwave. But if you booked a salmon-fishing week, it simply gets canceled. Zander & perch = 5; salmon & trout = 1; pike = 2 (or 1, discussed with another angler present). But “vacation fishers” will probably go out regardless. Pike fishing is usually in spring & autumn; high temps affect survival.","M","Heatwave in the summer season","hws","recreational",0.5
NA,NA,"zander",2,"b",5,NA,NA,NA,5,"go_out","Yes, but in another way. When it’s hot, fishing in running waters (salmon, trout, grayling) is closed. Perch and zander fishing only gets better in warm weather. Few target pike in a heatwave. But if you booked a salmon-fishing week, it simply gets canceled. Zander & perch = 5; salmon & trout = 1; pike = 2 (or 1, discussed with another angler present). But “vacation fishers” will probably go out regardless. Pike fishing is usually in spring & autumn; high temps affect survival.","M","Heatwave in the summer season","hws","recreational",0.5
NA,NA,"perch",2,"b",5,NA,NA,NA,5,"go_out","Yes, but in another way. When it’s hot, fishing in running waters (salmon, trout, grayling) is closed. Perch and zander fishing only gets better in warm weather. Few target pike in a heatwave. But if you booked a salmon-fishing week, it simply gets canceled. Zander & perch = 5; salmon & trout = 1; pike = 2 (or 1, discussed with another angler present). But “vacation fishers” will probably go out regardless. Pike fishing is usually in spring & autumn; high temps affect survival.","M","Heatwave in the summer season","hws","recreational",0.5
NA,NA,"trout",2,"b",1,NA,NA,NA,5,"go_out","Yes, but in another way. When it’s hot, fishing in running waters (salmon, trout, grayling) is closed. Perch and zander fishing only gets better in warm weather. Few target pike in a heatwave. But if you booked a salmon-fishing week, it simply gets canceled. Zander & perch = 5; salmon & trout = 1; pike = 2 (or 1, discussed with another angler present). But “vacation fishers” will probably go out regardless. Pike fishing is usually in spring & autumn; high temps affect survival.","M","Heatwave in the summer season","hws","recreational",0.5
NA,NA,"salmon",2,"b",1,NA,NA,NA,5,"go_out","Yes, but in another way. When it’s hot, fishing in running waters (salmon, trout, grayling) is closed. Perch and zander fishing only gets better in warm weather. Few target pike in a heatwave. But if you booked a salmon-fishing week, it simply gets canceled. Zander & perch = 5; salmon & trout = 1; pike = 2 (or 1, discussed with another angler present). But “vacation fishers” will probably go out regardless. Pike fishing is usually in spring & autumn; high temps affect survival.","M","Heatwave in the summer season","hws","recreational",0.5
NA,NA,"pike",2,"b",2,NA,NA,NA,5,"go_out","Yes, but in another way. When it’s hot, fishing in running waters (salmon, trout, grayling) is closed. Perch and zander fishing only gets better in warm weather. Few target pike in a heatwave. But if you booked a salmon-fishing week, it simply gets canceled. Zander & perch = 5; salmon & trout = 1; pike = 2 (or 1, discussed with another angler present). But “vacation fishers” will probably go out regardless. Pike fishing is usually in spring & autumn; high temps affect survival.","M","Heatwave in the summer season","hws","recreational",0.5
NA,NA,"not_specified",2,"c",1,NA,NA,NA,5,"go_out","Big impact.",NA,"Severe icing (in the winter season)","ici","recreational",0.5
NA,NA,"zander",2,"c",NA,NA,NA,NA,5,"go_out","Big impact.",NA,"Severe icing (in the winter season)","ici","recreational",0.5
NA,NA,"perch",2,"c",NA,NA,NA,NA,5,"go_out","Big impact.",NA,"Severe icing (in the winter season)","ici","recreational",0.5
NA,NA,"trout",2,"c",NA,NA,NA,NA,5,"go_out","Big impact.",NA,"Severe icing (in the winter season)","ici","recreational",0.5
NA,NA,"salmon",2,"c",NA,NA,NA,NA,5,"go_out","Big impact.",NA,"Severe icing (in the winter season)","ici","recreational",0.5
NA,NA,"pike",2,"c",NA,NA,NA,NA,5,"go_out","Big impact.",NA,"Severe icing (in the winter season)","ici","recreational",0.5
NA,NA,"not_specified",2,"d",2,NA,NA,NA,5,"go_out","Less attractive, but still possible to fish; =2.","2","Algal bloom (in the summer season)","abl","recreational",0.5
NA,NA,"zander",2,"d",NA,NA,NA,NA,5,"go_out","Less attractive, but still possible to fish; =2.","2","Algal bloom (in the summer season)","abl","recreational",0.5
NA,NA,"perch",2,"d",NA,NA,NA,NA,5,"go_out","Less attractive, but still possible to fish; =2.","2","Algal bloom (in the summer season)","abl","recreational",0.5
NA,NA,"trout",2,"d",NA,NA,NA,NA,5,"go_out","Less attractive, but still possible to fish; =2.","2","Algal bloom (in the summer season)","abl","recreational",0.5
NA,NA,"salmon",2,"d",NA,NA,NA,NA,5,"go_out","Less attractive, but still possible to fish; =2.","2","Algal bloom (in the summer season)","abl","recreational",0.5
NA,NA,"pike",2,"d",NA,NA,NA,NA,5,"go_out","Less attractive, but still possible to fish; =2.","2","Algal bloom (in the summer season)","abl","recreational",0.5
NA,NA,"not_specified",2,"e",2,NA,NA,NA,5,"go_out","People hold back; it’s a comfort factor. Most stay indoors",NA,"Extreme cloudburst (in the summer season)","erf","recreational",0.5
NA,NA,"zander",2,"e",NA,NA,NA,NA,5,"go_out","People hold back; it’s a comfort factor. Most stay indoors",NA,"Extreme cloudburst (in the summer season)","erf","recreational",0.5
NA,NA,"perch",2,"e",NA,NA,NA,NA,5,"go_out","People hold back; it’s a comfort factor. Most stay indoors",NA,"Extreme cloudburst (in the summer season)","erf","recreational",0.5
NA,NA,"trout",2,"e",NA,NA,NA,NA,5,"go_out","People hold back; it’s a comfort factor. Most stay indoors",NA,"Extreme cloudburst (in the summer season)","erf","recreational",0.5
NA,NA,"salmon",2,"e",NA,NA,NA,NA,5,"go_out","People hold back; it’s a comfort factor. Most stay indoors",NA,"Extreme cloudburst (in the summer season)","erf","recreational",0.5
NA,NA,"pike",2,"e",NA,NA,NA,NA,5,"go_out","People hold back; it’s a comfort factor. Most stay indoors",NA,"Extreme cloudburst (in the summer season)","erf","recreational",0.5
NA,NA,"not_specified",2,"f",2,NA,NA,NA,5,"go_out","Yes, people hold back; most stay home, except the really keen ones who may go out in sheltered spots",NA,"Gale","gal","recreational",0.5
NA,NA,"zander",2,"f",NA,NA,NA,NA,5,"go_out","Yes, people hold back; most stay home, except the really keen ones who may go out in sheltered spots",NA,"Gale","gal","recreational",0.5
NA,NA,"perch",2,"f",NA,NA,NA,NA,5,"go_out","Yes, people hold back; most stay home, except the really keen ones who may go out in sheltered spots",NA,"Gale","gal","recreational",0.5
NA,NA,"trout",2,"f",NA,NA,NA,NA,5,"go_out","Yes, people hold back; most stay home, except the really keen ones who may go out in sheltered spots",NA,"Gale","gal","recreational",0.5
NA,NA,"salmon",2,"f",NA,NA,NA,NA,5,"go_out","Yes, people hold back; most stay home, except the really keen ones who may go out in sheltered spots",NA,"Gale","gal","recreational",0.5
NA,NA,"pike",2,"f",NA,NA,NA,NA,5,"go_out","Yes, people hold back; most stay home, except the really keen ones who may go out in sheltered spots",NA,"Gale","gal","recreational",0.5
NA,NA,"not_specified",2,"g",1,NA,NA,NA,5,"go_out","No, impossible to fish.",NA,"Storm","sto","recreational",0.5
NA,NA,"zander",2,"g",NA,NA,NA,NA,5,"go_out","No, impossible to fish.",NA,"Storm","sto","recreational",0.5
NA,NA,"perch",2,"g",NA,NA,NA,NA,5,"go_out","No, impossible to fish.",NA,"Storm","sto","recreational",0.5
NA,NA,"trout",2,"g",NA,NA,NA,NA,5,"go_out","No, impossible to fish.",NA,"Storm","sto","recreational",0.5
NA,NA,"salmon",2,"g",NA,NA,NA,NA,5,"go_out","No, impossible to fish.",NA,"Storm","sto","recreational",0.5
NA,NA,"pike",2,"g",NA,NA,NA,NA,5,"go_out","No, impossible to fish.",NA,"Storm","sto","recreational",0.5
NA,NA,"not_specified",3,"a",-997,NA,NA,NA,5,"catchability","If there’s no ice, you can’t catch them with an ice rod, and you don’t put in a boat just for a short ice-free spell.",NA,"Heatwave in the winter season","hww","recreational",0.5
NA,NA,"zander",3,"a",NA,NA,NA,NA,5,"catchability","If there’s no ice, you can’t catch them with an ice rod, and you don’t put in a boat just for a short ice-free spell.",NA,"Heatwave in the winter season","hww","recreational",0.5
NA,NA,"perch",3,"a",NA,NA,NA,NA,5,"catchability","If there’s no ice, you can’t catch them with an ice rod, and you don’t put in a boat just for a short ice-free spell.",NA,"Heatwave in the winter season","hww","recreational",0.5
NA,NA,"trout",3,"a",NA,NA,NA,NA,5,"catchability","If there’s no ice, you can’t catch them with an ice rod, and you don’t put in a boat just for a short ice-free spell.",NA,"Heatwave in the winter season","hww","recreational",0.5
NA,NA,"salmon",3,"a",NA,NA,NA,NA,5,"catchability","If there’s no ice, you can’t catch them with an ice rod, and you don’t put in a boat just for a short ice-free spell.",NA,"Heatwave in the winter season","hww","recreational",0.5
NA,NA,"pike",3,"a",NA,NA,NA,NA,5,"catchability","If there’s no ice, you can’t catch them with an ice rod, and you don’t put in a boat just for a short ice-free spell.",NA,"Heatwave in the winter season","hww","recreational",0.5
NA,NA,"not_specified",3,"b",NA,NA,NA,NA,5,"catchability","species that dislike heat (salmonids) and even pike become harder to catch; perch and zander improve ","M","Heatwave in the summer season","hws","recreational",0.5
NA,NA,"zander",3,"b",4,NA,NA,NA,5,"catchability","species that dislike heat (salmonids) and even pike become harder to catch; perch and zander improve ","M","Heatwave in the summer season","hws","recreational",0.5
NA,NA,"perch",3,"b",4,NA,NA,NA,5,"catchability","species that dislike heat (salmonids) and even pike become harder to catch; perch and zander improve ","M","Heatwave in the summer season","hws","recreational",0.5
NA,NA,"trout",3,"b",2,NA,NA,NA,5,"catchability","species that dislike heat (salmonids) and even pike become harder to catch; perch and zander improve ","M","Heatwave in the summer season","hws","recreational",0.5
NA,NA,"salmon",3,"b",2,NA,NA,NA,5,"catchability","species that dislike heat (salmonids) and even pike become harder to catch; perch and zander improve ","M","Heatwave in the summer season","hws","recreational",0.5
NA,NA,"pike",3,"b",2,NA,NA,NA,5,"catchability","species that dislike heat (salmonids) and even pike become harder to catch; perch and zander improve ","M","Heatwave in the summer season","hws","recreational",0.5
NA,NA,"not_specified",3,"c",2,NA,NA,NA,5,"catchability","Heavy icing is rare, and few troll in sub-zero temps – marginal effect on fish",NA,"Severe icing (in the winter season)","ici","recreational",0.5
NA,NA,"zander",3,"c",NA,NA,NA,NA,5,"catchability","Heavy icing is rare, and few troll in sub-zero temps – marginal effect on fish",NA,"Severe icing (in the winter season)","ici","recreational",0.5
NA,NA,"perch",3,"c",NA,NA,NA,NA,5,"catchability","Heavy icing is rare, and few troll in sub-zero temps – marginal effect on fish",NA,"Severe icing (in the winter season)","ici","recreational",0.5
NA,NA,"trout",3,"c",NA,NA,NA,NA,5,"catchability","Heavy icing is rare, and few troll in sub-zero temps – marginal effect on fish",NA,"Severe icing (in the winter season)","ici","recreational",0.5
NA,NA,"salmon",3,"c",NA,NA,NA,NA,5,"catchability","Heavy icing is rare, and few troll in sub-zero temps – marginal effect on fish",NA,"Severe icing (in the winter season)","ici","recreational",0.5
NA,NA,"pike",3,"c",NA,NA,NA,NA,5,"catchability","Heavy icing is rare, and few troll in sub-zero temps – marginal effect on fish",NA,"Severe icing (in the winter season)","ici","recreational",0.5
NA,NA,"not_specified",3,"d",-998,NA,NA,NA,5,"catchability","Don’t know",NA,"Algal bloom (in the summer season)","abl","recreational",0.5
NA,NA,"zander",3,"d",NA,NA,NA,NA,5,"catchability","Don’t know",NA,"Algal bloom (in the summer season)","abl","recreational",0.5
NA,NA,"perch",3,"d",NA,NA,NA,NA,5,"catchability","Don’t know",NA,"Algal bloom (in the summer season)","abl","recreational",0.5
NA,NA,"trout",3,"d",NA,NA,NA,NA,5,"catchability","Don’t know",NA,"Algal bloom (in the summer season)","abl","recreational",0.5
NA,NA,"salmon",3,"d",NA,NA,NA,NA,5,"catchability","Don’t know",NA,"Algal bloom (in the summer season)","abl","recreational",0.5
NA,NA,"pike",3,"d",NA,NA,NA,NA,5,"catchability","Don’t know",NA,"Algal bloom (in the summer season)","abl","recreational",0.5
NA,NA,"not_specified",3,"e",3,NA,NA,NA,5,"catchability","No.",NA,"Extreme cloudburst (in the summer season)","erf","recreational",0.5
NA,NA,"zander",3,"e",NA,NA,NA,NA,5,"catchability","No.",NA,"Extreme cloudburst (in the summer season)","erf","recreational",0.5
NA,NA,"perch",3,"e",NA,NA,NA,NA,5,"catchability","No.",NA,"Extreme cloudburst (in the summer season)","erf","recreational",0.5
NA,NA,"trout",3,"e",NA,NA,NA,NA,5,"catchability","No.",NA,"Extreme cloudburst (in the summer season)","erf","recreational",0.5
NA,NA,"salmon",3,"e",NA,NA,NA,NA,5,"catchability","No.",NA,"Extreme cloudburst (in the summer season)","erf","recreational",0.5
NA,NA,"pike",3,"e",NA,NA,NA,NA,5,"catchability","No.",NA,"Extreme cloudburst (in the summer season)","erf","recreational",0.5
NA,NA,"not_specified",3,"f",2,NA,NA,NA,5,"catchability","Makes fishing more difficult, but doesn’t affect catchability",NA,"Gale","gal","recreational",0.5
NA,NA,"zander",3,"f",NA,NA,NA,NA,5,"catchability","Makes fishing more difficult, but doesn’t affect catchability",NA,"Gale","gal","recreational",0.5
NA,NA,"perch",3,"f",NA,NA,NA,NA,5,"catchability","Makes fishing more difficult, but doesn’t affect catchability",NA,"Gale","gal","recreational",0.5
NA,NA,"trout",3,"f",NA,NA,NA,NA,5,"catchability","Makes fishing more difficult, but doesn’t affect catchability",NA,"Gale","gal","recreational",0.5
NA,NA,"salmon",3,"f",NA,NA,NA,NA,5,"catchability","Makes fishing more difficult, but doesn’t affect catchability",NA,"Gale","gal","recreational",0.5
NA,NA,"pike",3,"f",NA,NA,NA,NA,5,"catchability","Makes fishing more difficult, but doesn’t affect catchability",NA,"Gale","gal","recreational",0.5
NA,NA,"not_specified",3,"g",-998,NA,NA,NA,5,"catchability","Nobody goes out in storms, so we don’t know if fish bite then",NA,"Storm","sto","recreational",0.5
NA,NA,"zander",3,"g",NA,NA,NA,NA,5,"catchability","Nobody goes out in storms, so we don’t know if fish bite then",NA,"Storm","sto","recreational",0.5
NA,NA,"perch",3,"g",NA,NA,NA,NA,5,"catchability","Nobody goes out in storms, so we don’t know if fish bite then",NA,"Storm","sto","recreational",0.5
NA,NA,"trout",3,"g",NA,NA,NA,NA,5,"catchability","Nobody goes out in storms, so we don’t know if fish bite then",NA,"Storm","sto","recreational",0.5
NA,NA,"salmon",3,"g",NA,NA,NA,NA,5,"catchability","Nobody goes out in storms, so we don’t know if fish bite then",NA,"Storm","sto","recreational",0.5
NA,NA,"pike",3,"g",NA,NA,NA,NA,5,"catchability","Nobody goes out in storms, so we don’t know if fish bite then",NA,"Storm","sto","recreational",0.5
NA,NA,NA,4,"a",1,NA,NA,NA,5,"catch_assemblage","No, very similar",NA,"Heatwave in the winter season","hww","recreational",0.5
NA,NA,NA,4,"b",2,NA,NA,NA,5,"catch_assemblage","No, you fish where you fish, so you get the species present there. But in mountain areas, if you target trout or grayling but the system also has pike and perch, you might get more of those instead. From a boat it’s usually small differences",NA,"Heatwave in the summer season","hws","recreational",0.5
NA,NA,NA,4,"c",-998,NA,NA,NA,5,"catch_assemblage","No, icing is rare",NA,"Severe icing (in the winter season)","ici","recreational",0.5
NA,NA,NA,4,"d",1,NA,NA,NA,5,"catch_assemblage","No",NA,"Algal bloom (in the summer season)","abl","recreational",0.5
NA,NA,NA,4,"e",1,NA,NA,NA,5,"catch_assemblage","No",NA,"Extreme cloudburst (in the summer season)","erf","recreational",0.5
NA,NA,NA,4,"f",999,NA,NA,NA,5,"catch_assemblage","Not directly, but on the coast with prolonged winds you can get upwelling; perch may move closer inshore, and trout & whitefish may appear shallower than normal. Seen within a season",NA,"Gale","gal","recreational",0.5
NA,NA,NA,4,"g",999,NA,NA,NA,5,"catch_assemblage","Not directly, but on the coast with prolonged winds you can get upwelling; perch may move closer inshore, and trout & whitefish may appear shallower than normal. Seen within a season ",NA,"Storm","sto","recreational",0.5
NA,NA,NA,5,"a",3,NA,NA,NA,5,"catch_condition","no",NA,"Heatwave in the winter season","hww","recreational",0.5
NA,NA,NA,5,"b",2,NA,NA,NA,5,"catch_condition","Yes, species that thrive in cooler waters get poorer condition",NA,"Heatwave in the summer season","hws","recreational",0.5
NA,NA,NA,5,"c",-998,NA,NA,NA,5,"catch_condition","NA",NA,"Severe icing (in the winter season)","ici","recreational",0.5
NA,NA,NA,5,"d",3,NA,NA,NA,5,"catch_condition","No (guess)",NA,"Algal bloom (in the summer season)","abl","recreational",0.5
NA,NA,NA,5,"e",3,NA,NA,NA,5,"catch_condition","no",NA,"Extreme cloudburst (in the summer season)","erf","recreational",0.5
NA,NA,NA,5,"f",3,NA,NA,NA,5,"catch_condition","no",NA,"Gale","gal","recreational",0.5
NA,NA,NA,5,"g",3,NA,NA,NA,5,"catch_condition","no",NA,"Storm","sto","recreational",0.5
NA,NA,NA,6,"a",-999,NA,NA,NA,5,"cope_condition",NA,NA,"Heatwave in the winter season","hww","recreational",0.5
NA,NA,NA,6,"b",1,NA,NA,NA,5,"cope_condition","No, nothing can be done. If fish are in poor condition, there’s nothing you can do. Doesn’t really apply to sport fishing since fish aren’t trapped in gear",NA,"Heatwave in the summer season","hws","recreational",0.5
NA,NA,NA,6,"c",-999,NA,NA,NA,5,"cope_condition",NA,NA,"Severe icing (in the winter season)","ici","recreational",0.5
NA,NA,NA,6,"d",-999,NA,NA,NA,5,"cope_condition",NA,NA,"Algal bloom (in the summer season)","abl","recreational",0.5
NA,NA,NA,6,"e",-999,NA,NA,NA,5,"cope_condition",NA,NA,"Extreme cloudburst (in the summer season)","erf","recreational",0.5
NA,NA,NA,6,"f",-999,NA,NA,NA,5,"cope_condition",NA,NA,"Gale","gal","recreational",0.5
NA,NA,NA,6,"g",-999,NA,NA,NA,5,"cope_condition",NA,NA,"Storm","sto","recreational",0.5
NA,NA,NA,7,"a",-999,NA,NA,NA,5,"lag_effect",NA,NA,"Heatwave in the winter season","hww","recreational",0.5
NA,NA,NA,7,"b",3,NA,NA,NA,5,"lag_effect",NA,NA,"Heatwave in the summer season","hws","recreational",0.5
NA,NA,NA,7,"c",-999,NA,NA,NA,5,"lag_effect",NA,NA,"Severe icing (in the winter season)","ici","recreational",0.5
NA,NA,NA,7,"d",-999,NA,NA,NA,5,"lag_effect",NA,NA,"Algal bloom (in the summer season)","abl","recreational",0.5
NA,NA,NA,7,"e",-999,NA,NA,NA,5,"lag_effect",NA,NA,"Extreme cloudburst (in the summer season)","erf","recreational",0.5
NA,NA,NA,7,"f",-999,NA,NA,NA,5,"lag_effect",NA,NA,"Gale","gal","recreational",0.5
NA,NA,NA,7,"g",-999,NA,NA,NA,5,"lag_effect",NA,NA,"Storm","sto","recreational",0.5
NA,NA,NA,9,"a",2,NA,NA,NA,5,"personal_safety","for those fishing then, big concern – must assess ice conditions if a winter heatwave occurs",NA,"Heatwave in the winter season","hww","recreational",0.5
NA,NA,NA,9,"b",0,NA,NA,NA,5,"personal_safety","0","0","Heatwave in the summer season","hws","recreational",0.5
NA,NA,NA,9,"c",1,NA,NA,NA,5,"personal_safety","If someone is foolish enough to go out, some risk, but few do",NA,"Severe icing (in the winter season)","ici","recreational",0.5
NA,NA,NA,9,"d",0,NA,NA,NA,5,"personal_safety","0","0","Algal bloom (in the summer season)","abl","recreational",0.5
NA,NA,NA,9,"e",0,NA,NA,NA,5,"personal_safety","0","0","Extreme cloudburst (in the summer season)","erf","recreational",0.5
NA,NA,NA,9,"f",0,NA,NA,NA,5,"personal_safety","0","0","Gale","gal","recreational",0.5
NA,NA,NA,9,"g",2,NA,NA,NA,5,"personal_safety","Surprise storms can be worrisome 2","2","Storm","sto","recreational",0.5
NA,NA,NA,10,"a",0,NA,NA,NA,5,"damage","0","0","Heatwave in the winter season","hww","recreational",0.5
NA,NA,NA,10,"b",0,NA,NA,NA,5,"damage","0","0","Heatwave in the summer season","hws","recreational",0.5
NA,NA,NA,10,"c",1,NA,NA,NA,5,"damage","1 (but most boats are stored then)","1","Severe icing (in the winter season)","ici","recreational",0.5
NA,NA,NA,10,"d",0,NA,NA,NA,5,"damage","0","0","Algal bloom (in the summer season)","abl","recreational",0.5
NA,NA,NA,10,"e",3,NA,NA,NA,5,"damage","could sink a boat if unlucky, 3","3","Extreme cloudburst (in the summer season)","erf","recreational",0.5
NA,NA,NA,10,"f",0,NA,NA,NA,5,"damage","no",NA,"Gale","gal","recreational",0.5
NA,NA,NA,10,"g",3,NA,NA,NA,5,"damage","yes could sink a boat (3)","3","Storm","sto","recreational",0.5
NA,NA,"not_specified",13,"a",2,NA,NA,NA,5,"change_practices","2 – if the ice is unsafe, you don’t go out.","2","Heatwave in the winter season","hww","recreational",0.5
NA,NA,"perch",13,"a",NA,NA,NA,NA,5,"change_practices","2 – if the ice is unsafe, you don’t go out.","2","Heatwave in the winter season","hww","recreational",0.5
NA,NA,"salmon/trout",13,"a",NA,NA,NA,NA,5,"change_practices","2 – if the ice is unsafe, you don’t go out.","2","Heatwave in the winter season","hww","recreational",0.5
NA,NA,"not_specified",13,"b",NA,NA,NA,NA,5,"change_practices","Mixed",NA,"Heatwave in the summer season","hws","recreational",0.5
NA,NA,"perch",13,"b",0,NA,NA,NA,5,"change_practices","Mixed",NA,"Heatwave in the summer season","hws","recreational",0.5
NA,NA,"salmon/trout",13,"b",2,NA,NA,NA,5,"change_practices","Mixed",NA,"Heatwave in the summer season","hws","recreational",0.5
NA,NA,"not_specified",13,"c",-998,NA,NA,NA,5,"change_practices","NA",NA,"Severe icing (in the winter season)","ici","recreational",0.5
NA,NA,"perch",13,"c",NA,NA,NA,NA,5,"change_practices","NA",NA,"Severe icing (in the winter season)","ici","recreational",0.5
NA,NA,"salmon/trout",13,"c",NA,NA,NA,NA,5,"change_practices","NA",NA,"Severe icing (in the winter season)","ici","recreational",0.5
NA,NA,"not_specified",13,"d",1,NA,NA,NA,5,"change_practices","Maybe 1 – switch to another bay; if bloom is everywhere, then skip.","1","Algal bloom (in the summer season)","abl","recreational",0.5
NA,NA,"perch",13,"d",NA,NA,NA,NA,5,"change_practices","Maybe 1 – switch to another bay; if bloom is everywhere, then skip.","1","Algal bloom (in the summer season)","abl","recreational",0.5
NA,NA,"salmon/trout",13,"d",NA,NA,NA,NA,5,"change_practices","Maybe 1 – switch to another bay; if bloom is everywhere, then skip.","1","Algal bloom (in the summer season)","abl","recreational",0.5
NA,NA,"not_specified",13,"e",2,NA,NA,NA,5,"change_practices","2 – you stay indoors","2","Extreme cloudburst (in the summer season)","erf","recreational",0.5
NA,NA,"perch",13,"e",NA,NA,NA,NA,5,"change_practices","2 – you stay indoors","2","Extreme cloudburst (in the summer season)","erf","recreational",0.5
NA,NA,"salmon/trout",13,"e",NA,NA,NA,NA,5,"change_practices","2 – you stay indoors","2","Extreme cloudburst (in the summer season)","erf","recreational",0.5
NA,NA,"not_specified",13,"f",1,NA,NA,NA,5,"change_practices","If sheltered, you can fish a little, =1, unless fully blown in.","1","Gale","gal","recreational",0.5
NA,NA,"perch",13,"f",NA,NA,NA,NA,5,"change_practices","If sheltered, you can fish a little, =1, unless fully blown in.","1","Gale","gal","recreational",0.5
NA,NA,"salmon/trout",13,"f",NA,NA,NA,NA,5,"change_practices","If sheltered, you can fish a little, =1, unless fully blown in.","1","Gale","gal","recreational",0.5
NA,NA,"not_specified",13,"g",1,NA,NA,NA,5,"change_practices","Same","1","Storm","sto","recreational",0.5
NA,NA,"perch",13,"g",NA,NA,NA,NA,5,"change_practices","Same","1","Storm","sto","recreational",0.5
NA,NA,"salmon/trout",13,"g",NA,NA,NA,NA,5,"change_practices","Same","1","Storm","sto","recreational",0.5
NA,NA,NA,15,"a",2,NA,NA,NA,5,"avoidance","Hard, scale is large.",NA,"Heatwave in the winter season","hww","recreational",0.4
NA,NA,NA,15,"b",2,NA,NA,NA,5,"avoidance","Hard",NA,"Heatwave in the summer season","hws","recreational",0.4
NA,NA,NA,15,"c",-998,NA,NA,NA,5,"avoidance","NA",NA,"Severe icing (in the winter season)","ici","recreational",0.4
NA,NA,NA,15,"d",4,NA,NA,NA,5,"avoidance","Easier – could switch to a lake if planning coastal fishing",NA,"Algal bloom (in the summer season)","abl","recreational",0.4
NA,NA,NA,15,"e",2,NA,NA,NA,5,"avoidance","Hard",NA,"Extreme cloudburst (in the summer season)","erf","recreational",0.4
NA,NA,NA,15,"f",3,NA,NA,NA,5,"avoidance","to some extent – find a sheltered spot",NA,"Gale","gal","recreational",0.4
NA,NA,NA,15,"g",1,NA,NA,NA,5,"avoidance","no",NA,"Storm","sto","recreational",0.4
NA,NA,NA,21,"a",1,NA,NA,NA,5,"stress_injuries","Not really – only extreme cases (climbing steep riverbanks, pushing",NA,"Heatwave in the winter season","hww","recreational",0.2
NA,NA,NA,21,"b",1,NA,NA,NA,5,"stress_gear","no",NA,"Heatwave in the summer season","hws","recreational",0.2
NA,NA,NA,21,"c",1,NA,NA,NA,5,"stress_condition","no",NA,"Severe icing (in the winter season)","ici","recreational",0.2
NA,NA,NA,0,NA,NA,NA,NA,NA,5,"fishing_style","recreational",NA,NA,NA,"recreational",NA
NA,NA,NA,11,NA,NA,"10000","50000","sek_unit",5,"minor_damage_cost","Anything from 10,000 SEK to 1 million SEK – these are expensive toys; hard to say",NA,NA,NA,"recreational",0.5
NA,NA,NA,12,NA,NA,"50000","1000000","sek_unit",5,"major_damage_cost","Up to half a million SEK, not uncommon. For new trolling setups, even more. Sportfishing boats cost 50–300,000 SEK, sometimes double",NA,NA,NA,"recreational",0.5
NA,NA,NA,16,NA,1,NA,NA,NA,5,"gear characteristics","Most can be somewhat mobile. Some are keen enough to travel far. =1.","1",NA,NA,"recreational",0.4
NA,NA,NA,17,NA,1,NA,NA,NA,5,"infrastructure","For mobile sport fishers, infrastructure is crucial. It exists, but not always accessible for everyone",NA,NA,NA,"recreational",0.4
NA,NA,NA,18,NA,2,NA,NA,NA,5,"management_space","2. But you may need to buy a fishing license for new spots. On the coast it’s free, which allows a lot of freedom.","2",NA,NA,"recreational",0.4
NA,NA,NA,19,NA,1,NA,NA,NA,5,"management_species","Some restrictions. On the coast, fairly free. But salmon, trout & grayling are closed during spawning, or when it gets too warm (quite common). =1.","1",NA,NA,"recreational",0.4
NA,NA,NA,23,NA,-999,NA,NA,NA,5,"job_mobility","not asked",NA,NA,NA,"recreational",0.4
NA,NA,NA,24,NA,4,NA,NA,NA,5,"entrepeneurship","I’m probably quite creative, I think so. =4.","4",NA,NA,"recreational",0.4
NA,NA,NA,25,NA,-999,NA,NA,NA,5,"credit","not asked",NA,NA,NA,"recreational",0.4
NA,NA,NA,27,NA,4,NA,NA,NA,5,"knowledge_transmission","Relatively important – nice if the next generation also enjoys fishing. Fairly important. =4.","4",NA,NA,"recreational",0.4
NA,NA,NA,28,NA,5,NA,NA,NA,5,"benefit_local_community","Generally, not a strong link. But in rural areas, sport fishing can keep the village shop open due to visiting guests in summer. In rural areas it has real significance",NA,NA,NA,"recreational",0.4
NA,NA,NA,29,NA,999,NA,NA,NA,5,"benefit_personal_community","Some drive among those eager to show off successful fishing. But being part of that community doesn’t really require fishing.",NA,NA,NA,"recreational",0.4
NA,NA,NA,30,NA,3,NA,NA,NA,5,"traditional_food","In between. =3.","3",NA,NA,"recreational",0.4
NA,NA,NA,32,NA,4,NA,NA,NA,5,"outdoor_benefit","Quite significant – give it a 4.","4",NA,NA,"recreational",0.2
NA,NA,NA,33,NA,3,NA,NA,NA,5,"identity","In between. =3.","3",NA,NA,"recreational",0.2
NA,NA,NA,34,NA,4,NA,NA,NA,5,"home","Contributes strongly, at least a 4.","4",NA,NA,"recreational",0.2
NA,NA,NA,36,NA,NA," 5"," 100"," days",5,"fdays","Not in SCB’s survey. Average angler maybe 5–10 days, but some 50–100 days. More than 100? Yes, HC!",NA,NA,NA,"recreational",0.5
NA,NA,NA,37,NA,NA,NA,NA,"not_reported",5,"income",NA,NA,NA,NA,"recreational",0.5
NA,NA,NA,38,NA,NA," 100"," 5000"," sek_season",5,"season_maint","Servicing a boat: at least 5,000 SEK and up. Without a boat: maybe service a reel every couple of years, ~100 SEK",NA,NA,NA,"recreational",0.5
NA,NA,NA,39,NA,NA,"30"," 50"," liter_trip",5,"fuel_trip","Varies hugely. Trolling anglers burn a lot. Ordinary perch & pike anglers maybe 30–50 L/trip on average",NA,NA,NA,"recreational",0.5
NA,NA,NA,40,NA,NA,"20"," 50"," liter_trip",5,"extra_fuel","Maybe 50 L for a trolling angler. Boats are efficient, so 20–50 L/trip",NA,NA,NA,"recreational",0.5
NA,NA,NA,41,NA,NA,NA,NA,"not_reported",5,"extra_crew",NA,NA,NA,NA,"recreational",0.5
NA,NA,NA,42,NA,NA,"999"," 999"," hours",5,"extra_cleaning_cost","Some make their own lures/jigs/wobblers – for them, that’s half the fishing time, usually done in winter.
Affected by algal bloom? No.",NA,NA,NA,"recreational",0.5
NA,NA,NA,43,NA,NA,NA,NA,"not_reported",5,"exytra_other","Yes – e.g., if you booked a salmon fishing week and they close fishing, you’re stuck with costs for a cabin if it can’t be rebooked. Usually you can rebook, but I don’t know the cost.",NA,NA,NA,"recreational",NA
NA,NA,NA,45,NA,-999,NA,NA,NA,5,"addition","I think you’ve captured most of it. The most likely major impacts are wind – if extreme weather is prolonged, it affects access. And if you fish salmonids, a summer heatwave affects both fish and fishing opportunities. Same with winter ice fishing.",NA,NA,NA,"recreational",NA
NA,"not_specified",NA,2,"a",5,NA,NA,NA,6,"go_out","5","5","Heatwave in the winter season","hww","pelagic_trawler",0.3
NA,"Baltic",NA,2,"a",NA,NA,NA,NA,6,"go_out","5","5","Heatwave in the winter season","hww","pelagic_trawler",0.3
NA,"NorthSea",NA,2,"a",NA,NA,NA,NA,6,"go_out","5","5","Heatwave in the winter season","hww","pelagic_trawler",0.3
NA,"not_specified",NA,2,"b",1.5,NA,NA,NA,6,"go_out","1; wait a minute, spring when the weather changes; in July when it's hottest, the fish are scattered, so there's no point in going out; say 2.","2","Heatwave in the summer season","hws","pelagic_trawler",0.3
NA,"Baltic",NA,2,"b",NA,NA,NA,NA,6,"go_out","1; wait a minute, spring when the weather changes; in July when it's hottest, the fish are scattered, so there's no point in going out; say 2.","2","Heatwave in the summer season","hws","pelagic_trawler",0.3
NA,"NorthSea",NA,2,"b",NA,NA,NA,NA,6,"go_out","1; wait a minute, spring when the weather changes; in July when it's hottest, the fish are scattered, so there's no point in going out; say 2.","2","Heatwave in the summer season","hws","pelagic_trawler",0.3
NA,"not_specified",NA,2,"c",1,NA,NA,NA,6,"go_out","we avoid going out, 1.","1","Severe icing (in the winter season)","ici","pelagic_trawler",0.3
NA,"Baltic",NA,2,"c",NA,NA,NA,NA,6,"go_out","we avoid going out, 1.","1","Severe icing (in the winter season)","ici","pelagic_trawler",0.3
NA,"NorthSea",NA,2,"c",NA,NA,NA,NA,6,"go_out","we avoid going out, 1.","1","Severe icing (in the winter season)","ici","pelagic_trawler",0.3
NA,"not_specified",NA,2,"d",5,NA,NA,NA,6,"go_out","5","5","Algal bloom (in the summer season)","abl","pelagic_trawler",0.3
NA,"Baltic",NA,2,"d",NA,NA,NA,NA,6,"go_out","5","5","Algal bloom (in the summer season)","abl","pelagic_trawler",0.3
NA,"NorthSea",NA,2,"d",NA,NA,NA,NA,6,"go_out","5","5","Algal bloom (in the summer season)","abl","pelagic_trawler",0.3
NA,"not_specified",NA,2,"e",5,NA,NA,NA,6,"go_out","5","5","Extreme cloudburst (in the summer season)","erf","pelagic_trawler",0.3
NA,"Baltic",NA,2,"e",NA,NA,NA,NA,6,"go_out","5","5","Extreme cloudburst (in the summer season)","erf","pelagic_trawler",0.3
NA,"NorthSea",NA,2,"e",NA,NA,NA,NA,6,"go_out","5","5","Extreme cloudburst (in the summer season)","erf","pelagic_trawler",0.3
NA,"not_specified",NA,2,"f",NA,NA,NA,NA,6,"go_out","4 in the Baltic Sea at least; if we are going to consume the fish in the North Sea, then we wait because the fish can spoil , but in the Baltic Sea we don't fish for human consumption","M","Gale","gal","pelagic_trawler",0.3
NA,"Baltic",NA,2,"f",4,NA,NA,NA,6,"go_out","4 in the Baltic Sea at least; if we are going to consume the fish in the North Sea, then we wait because the fish can spoil , but in the Baltic Sea we don't fish for human consumption","M","Gale","gal","pelagic_trawler",0.3
NA,"NorthSea",NA,2,"f",1,NA,NA,NA,6,"go_out","4 in the Baltic Sea at least; if we are going to consume the fish in the North Sea, then we wait because the fish can spoil , but in the Baltic Sea we don't fish for human consumption","M","Gale","gal","pelagic_trawler",0.3
NA,"not_specified",NA,2,"g",1,NA,NA,NA,6,"go_out","1, we have the quota so we don't need to risk the crew.","1","Storm","sto","pelagic_trawler",0.3
NA,"Baltic",NA,2,"g",NA,NA,NA,NA,6,"go_out","1, we have the quota so we don't need to risk the crew.","1","Storm","sto","pelagic_trawler",0.3
NA,"NorthSea",NA,2,"g",NA,NA,NA,NA,6,"go_out","1, we have the quota so we don't need to risk the crew.","1","Storm","sto","pelagic_trawler",0.3
NA,"not_specified",NA,3,"a",3,NA,NA,NA,6,"catchability","It can go both better and worse, but it has an impact; for the same weather phenomenon, it can be both better and worse; weather changes affect catchability, as do moon phases and the time of year.",NA,"Heatwave in the winter season","hww","pelagic_trawler",0.3
NA,"Baltic",NA,3,"a",NA,NA,NA,NA,6,"catchability","It can go both better and worse, but it has an impact; for the same weather phenomenon, it can be both better and worse; weather changes affect catchability, as do moon phases and the time of year.",NA,"Heatwave in the winter season","hww","pelagic_trawler",0.3
NA,"NorthSea",NA,3,"a",NA,NA,NA,NA,6,"catchability","It can go both better and worse, but it has an impact; for the same weather phenomenon, it can be both better and worse; weather changes affect catchability, as do moon phases and the time of year.",NA,"Heatwave in the winter season","hww","pelagic_trawler",0.3
NA,"not_specified",NA,3,"b",NA,NA,NA,NA,6,"catchability","in the North Sea, herring fishing is good in the summer; in August in Skagerrakk, we saw that when the water became warm, we got large quantities of herring at Skagen when the temperature was 20-21°C; But in the Baltic Sea, the fish spread out when it gets warm. 2","M","Heatwave in the summer season","hws","pelagic_trawler",0.3
NA,"Baltic",NA,3,"b",2,NA,NA,NA,6,"catchability","in the North Sea, herring fishing is good in the summer; in August in Skagerrakk, we saw that when the water became warm, we got large quantities of herring at Skagen when the temperature was 20-21°C; But in the Baltic Sea, the fish spread out when it gets warm. 2","M","Heatwave in the summer season","hws","pelagic_trawler",0.3
NA,"NorthSea",NA,3,"b",4,NA,NA,NA,6,"catchability","in the North Sea, herring fishing is good in the summer; in August in Skagerrakk, we saw that when the water became warm, we got large quantities of herring at Skagen when the temperature was 20-21°C; But in the Baltic Sea, the fish spread out when it gets warm. 2","M","Heatwave in the summer season","hws","pelagic_trawler",0.3
NA,"not_specified",NA,3,"c",1,NA,NA,NA,6,"catchability","We can't load the boat when it's icy. 1.","1","Severe icing (in the winter season)","ici","pelagic_trawler",0.3
NA,"Baltic",NA,3,"c",NA,NA,NA,NA,6,"catchability","We can't load the boat when it's icy. 1.","1","Severe icing (in the winter season)","ici","pelagic_trawler",0.3
NA,"NorthSea",NA,3,"c",NA,NA,NA,NA,6,"catchability","We can't load the boat when it's icy. 1.","1","Severe icing (in the winter season)","ici","pelagic_trawler",0.3
NA,"not_specified",NA,3,"d",1,NA,NA,NA,6,"catchability","1","1","Algal bloom (in the summer season)","abl","pelagic_trawler",0.3
NA,"Baltic",NA,3,"d",NA,NA,NA,NA,6,"catchability","1","1","Algal bloom (in the summer season)","abl","pelagic_trawler",0.3
NA,"NorthSea",NA,3,"d",NA,NA,NA,NA,6,"catchability","1","1","Algal bloom (in the summer season)","abl","pelagic_trawler",0.3
NA,"not_specified",NA,3,"e",3,NA,NA,NA,6,"catchability","Doesn't affect 3.","3","Extreme cloudburst (in the summer season)","erf","pelagic_trawler",0.3
NA,"Baltic",NA,3,"e",NA,NA,NA,NA,6,"catchability","Doesn't affect 3.","3","Extreme cloudburst (in the summer season)","erf","pelagic_trawler",0.3
NA,"NorthSea",NA,3,"e",NA,NA,NA,NA,6,"catchability","Doesn't affect 3.","3","Extreme cloudburst (in the summer season)","erf","pelagic_trawler",0.3
NA,"not_specified",NA,3,"f",3,NA,NA,NA,6,"catchability","3. It can sometimes, but no 3","3","Gale","gal","pelagic_trawler",0.3
NA,"Baltic",NA,3,"f",NA,NA,NA,NA,6,"catchability","3. It can sometimes, but no 3","3","Gale","gal","pelagic_trawler",0.3
NA,"NorthSea",NA,3,"f",NA,NA,NA,NA,6,"catchability","3. It can sometimes, but no 3","3","Gale","gal","pelagic_trawler",0.3
NA,"not_specified",NA,3,"g",2,NA,NA,NA,6,"catchability","it can be harder for us to handle the boat and get where we want to go, so it does have an impact. 2.","2","Storm","sto","pelagic_trawler",0.3
NA,"Baltic",NA,3,"g",NA,NA,NA,NA,6,"catchability","it can be harder for us to handle the boat and get where we want to go, so it does have an impact. 2.","2","Storm","sto","pelagic_trawler",0.3
NA,"NorthSea",NA,3,"g",NA,NA,NA,NA,6,"catchability","it can be harder for us to handle the boat and get where we want to go, so it does have an impact. 2.","2","Storm","sto","pelagic_trawler",0.3
NA,NA,NA,4,"a",1,NA,NA,NA,6,"catch_assemblage","1","1","Heatwave in the winter season","hww","pelagic_trawler",0.3
NA,NA,NA,4,"b",1,NA,NA,NA,6,"catch_assemblage",NA,NA,"Heatwave in the summer season","hws","pelagic_trawler",0.3
NA,NA,NA,4,"c",1,NA,NA,NA,6,"catch_assemblage","1","1","Severe icing (in the winter season)","ici","pelagic_trawler",0.3
NA,NA,NA,4,"d",1,NA,NA,NA,6,"catch_assemblage","1","1","Algal bloom (in the summer season)","abl","pelagic_trawler",0.3
NA,NA,NA,4,"e",1,NA,NA,NA,6,"catch_assemblage","1","1","Extreme cloudburst (in the summer season)","erf","pelagic_trawler",0.3
NA,NA,NA,4,"f",1,NA,NA,NA,6,"catch_assemblage","1","1","Gale","gal","pelagic_trawler",0.3
NA,NA,NA,4,"g",1,NA,NA,NA,6,"catch_assemblage","1","1","Storm","sto","pelagic_trawler",0.3
NA,NA,NA,5,"a",2,NA,NA,NA,6,"catch_condition","2, because the boat moves and the fish breaks ","2","Heatwave in the winter season","hww","pelagic_trawler",0.3
NA,NA,NA,5,"b",1,NA,NA,NA,6,"catch_condition","1 same thing, in Lake Norske it becomes a problem because the boat moves and the fish breaks when it is warm","1","Heatwave in the summer season","hws","pelagic_trawler",0.3
NA,NA,NA,5,"c",3,NA,NA,NA,6,"catch_condition","3","3","Severe icing (in the winter season)","ici","pelagic_trawler",0.3
NA,NA,NA,5,"d",3,NA,NA,NA,6,"catch_condition","3","3","Algal bloom (in the summer season)","abl","pelagic_trawler",0.3
NA,NA,NA,5,"e",3,NA,NA,NA,6,"catch_condition","3","3","Extreme cloudburst (in the summer season)","erf","pelagic_trawler",0.3
NA,NA,NA,5,"f",1,NA,NA,NA,6,"catch_condition","1","1","Gale","gal","pelagic_trawler",0.3
NA,NA,NA,5,"g",1,NA,NA,NA,6,"catch_condition","1","1","Storm","sto","pelagic_trawler",0.3
NA,NA,NA,6,"a",5,NA,NA,NA,6,"cope_condition","We cool with RSV systems, so it stays in good quality. 5","5","Heatwave in the winter season","hww","pelagic_trawler",0.3
NA,NA,NA,6,"b",5,NA,NA,NA,6,"cope_condition","We cool with RSV systems, so it stays in good quality. 5","5","Heatwave in the summer season","hws","pelagic_trawler",0.3
NA,NA,NA,6,"c",-999,NA,NA,NA,6,"cope_condition","NA",NA,"Severe icing (in the winter season)","ici","pelagic_trawler",0.3
NA,NA,NA,6,"d",-999,NA,NA,NA,6,"cope_condition","NA",NA,"Algal bloom (in the summer season)","abl","pelagic_trawler",0.3
NA,NA,NA,6,"e",-999,NA,NA,NA,6,"cope_condition",NA,NA,"Extreme cloudburst (in the summer season)","erf","pelagic_trawler",0.3
NA,NA,NA,6,"f",3,NA,NA,NA,6,"cope_condition","You can go ashore and unload what you have. 3","3","Gale","gal","pelagic_trawler",0.3
NA,NA,NA,6,"g",3,NA,NA,NA,6,"cope_condition","You can go ashore and unload what you have. 3","3","Storm","sto","pelagic_trawler",0.3
NA,NA,NA,7,"a",4,NA,NA,NA,6,"lag_effect",NA,NA,"Heatwave in the winter season","hww","pelagic_trawler",0.3
NA,NA,NA,7,"b",4,NA,NA,NA,6,"lag_effect",NA,NA,"Heatwave in the summer season","hws","pelagic_trawler",0.3
NA,NA,NA,7,"c",-999,NA,NA,NA,6,"lag_effect",NA,NA,"Severe icing (in the winter season)","ici","pelagic_trawler",0.3
NA,NA,NA,7,"d",-999,NA,NA,NA,6,"lag_effect",NA,NA,"Algal bloom (in the summer season)","abl","pelagic_trawler",0.3
NA,NA,NA,7,"e",-999,NA,NA,NA,6,"lag_effect",NA,NA,"Extreme cloudburst (in the summer season)","erf","pelagic_trawler",0.3
NA,NA,NA,7,"f",-999,NA,NA,NA,6,"lag_effect",NA,NA,"Gale","gal","pelagic_trawler",0.3
NA,NA,NA,7,"g",-999,NA,NA,NA,6,"lag_effect",NA,NA,"Storm","sto","pelagic_trawler",0.3
NA,NA,NA,9,"a",1,NA,NA,NA,6,"personal_safety","1 if the heat causes high winds","1","Heatwave in the winter season","hww","pelagic_trawler",0.4
NA,NA,NA,9,"b",0,NA,NA,NA,6,"personal_safety","no concern, usually calm weather",NA,"Heatwave in the summer season","hws","pelagic_trawler",0.4
NA,NA,NA,9,"c",2,NA,NA,NA,6,"personal_safety","2 as the boat may capsize and sink","2","Severe icing (in the winter season)","ici","pelagic_trawler",0.4
NA,NA,NA,9,"d",0,NA,NA,NA,6,"personal_safety","0","0","Algal bloom (in the summer season)","abl","pelagic_trawler",0.4
NA,NA,NA,9,"e",1,NA,NA,NA,6,"personal_safety","1","1","Extreme cloudburst (in the summer season)","erf","pelagic_trawler",0.4
NA,NA,NA,9,"f",1,NA,NA,NA,6,"personal_safety","1","1","Gale","gal","pelagic_trawler",0.4
NA,NA,NA,9,"g",2.5,NA,NA,NA,6,"personal_safety","2, perhaps even 3","2.5","Storm","sto","pelagic_trawler",0.4
NA,NA,NA,10,"a",3,NA,NA,NA,6,"damage","3, [heat wave in winter, often accompanied by storms]","3","Heatwave in the winter season","hww","pelagic_trawler",0.4
NA,NA,NA,10,"b",0,NA,NA,NA,6,"damage","0","0","Heatwave in the summer season","hws","pelagic_trawler",0.4
NA,NA,NA,10,"c",3,NA,NA,NA,6,"damage","3 (but preferably without the trawl in, then we can get ashore)","3","Severe icing (in the winter season)","ici","pelagic_trawler",0.4
NA,NA,NA,10,"d",0,NA,NA,NA,6,"damage","0","0","Algal bloom (in the summer season)","abl","pelagic_trawler",0.4
NA,NA,NA,10,"e",0,NA,NA,NA,6,"damage","0","0","Extreme cloudburst (in the summer season)","erf","pelagic_trawler",0.4
NA,NA,NA,10,"f",0,NA,NA,NA,6,"damage","0","0","Gale","gal","pelagic_trawler",0.4
NA,NA,NA,10,"g",3,NA,NA,NA,6,"damage","3 can even damage the trawl; This is because we have a 40 m boat, but those with 60-80 m boats in the Baltic Sea have no problem turning with trawls during storms in the Baltic Sea","3","Storm","sto","pelagic_trawler",0.4
NA,NA,NA,13,"a",2,NA,NA,NA,6,"change_practices","2, stays upwind or goes ashore when the wind picks up to storm force, and waits 1-2 days until it calms down; when the waves are too high, the trawl does not fish as well.","2","Heatwave in the winter season","hww","pelagic_trawler",0.4
NA,NA,NA,13,"b",0,NA,NA,NA,6,"change_practices","0","0","Heatwave in the summer season","hws","pelagic_trawler",0.4
NA,NA,NA,13,"c",2,NA,NA,NA,6,"change_practices","2, does not go out","2","Severe icing (in the winter season)","ici","pelagic_trawler",0.4
NA,NA,NA,13,"d",0,NA,NA,NA,6,"change_practices","0","0","Algal bloom (in the summer season)","abl","pelagic_trawler",0.4
NA,NA,NA,13,"e",0,NA,NA,NA,6,"change_practices","0","0","Extreme cloudburst (in the summer season)","erf","pelagic_trawler",0.4
NA,NA,NA,13,"f",0,NA,NA,NA,6,"change_practices","0","0","Gale","gal","pelagic_trawler",0.4
NA,NA,NA,13,"g",2,NA,NA,NA,6,"change_practices","2, does not go out","2","Storm","sto","pelagic_trawler",0.4
NA,NA,NA,15,"a",3.5,NA,NA,NA,6,"avoidance","We avoid it, we can go down into the Baltic Sea on the other side of Åland; we can move, we go closer to Finland, 3-4.","3.5","Heatwave in the winter season","hww","pelagic_trawler",0.15
NA,NA,NA,15,"b",-999,NA,NA,NA,6,"avoidance","It has no effec",NA,"Heatwave in the summer season","hws","pelagic_trawler",0.15
NA,NA,NA,15,"c",4,NA,NA,NA,6,"avoidance","Yes, we can change course if we know in advance, but if the wind is too strong, it doesn't help to move closer to land; we can't go closer than 40 km",NA,"Severe icing (in the winter season)","ici","pelagic_trawler",0.15
NA,NA,NA,15,"d",-999,NA,NA,NA,6,"avoidance","No effect",NA,"Algal bloom (in the summer season)","abl","pelagic_trawler",0.15
NA,NA,NA,15,"e",-999,NA,NA,NA,6,"avoidance","No effect",NA,"Extreme cloudburst (in the summer season)","erf","pelagic_trawler",0.15
NA,NA,NA,15,"f",-999,NA,NA,NA,6,"avoidance","No effect",NA,"Gale","gal","pelagic_trawler",0.15
NA,NA,NA,15,"g",4,NA,NA,NA,6,"avoidance","as we mentioned earlier",NA,"Storm","sto","pelagic_trawler",0.15
NA,NA,NA,21,"a",4,NA,NA,NA,6,"stress_injuries","Quite high, it's always there lurking, you're always a little worried, 4, because my 15-year-old son has to go with us.","4","Heatwave in the winter season","hww","pelagic_trawler",0.2
NA,NA,NA,21,"b",4,NA,NA,NA,6,"stress_gear","Also stressful",NA,"Heatwave in the summer season","hws","pelagic_trawler",0.2
NA,NA,NA,21,"c",4,NA,NA,NA,6,"stress_condition","yes, it's also stressful because we lose income, quite high stress = 4","4","Severe icing (in the winter season)","ici","pelagic_trawler",0.2
NA,NA,NA,0,NA,NA,NA,NA,NA,6,"fishing_style","pelagic trawler",NA,NA,NA,"pelagic_trawler",NA
NA,NA,NA,11,NA,NA,"10000","50000","sek_unit",6,"minor_damage_cost","Can be repaired on board; 50,000 to repair a trawl, transport it 10,000 SEK; if the entire trawl were destroyed, our trawl costs 200,000 SEK, there are trawls that cost 800,000 SEK, if you lose it
Repair costs 50,000-30,000 trawls
The boat is rarely damaged; but a 60 m boat got a hole in the side so they had to replace a plate, which cost 20-30,000 SEK, but we go ashore",NA,NA,NA,"pelagic_trawler",0.4
NA,NA,NA,12,NA,NA,"1e+05","5e+05","sek_unit",6,"major_damage_cost","See 11",NA,NA,NA,"pelagic_trawler",0.4
NA,NA,NA,16,NA,2,NA,NA,NA,6,"gear characteristics","Yes, 2.",NA,NA,NA,"pelagic_trawler",0.15
NA,NA,NA,17,NA,1,NA,NA,NA,6,"infrastructure","We have a few ports where we can land, but there's a small problem at the moment because there have been some ideological issues in Norrsundet, so now we're going to Oxelesund instead. 1",NA,NA,NA,"pelagic_trawler",0.15
NA,NA,NA,18,NA,2,NA,NA,NA,6,"management_space","Yes, I can choose the North Sea or Skagerrak instead if it's too windy in the Baltic Sea. 2","2",NA,NA,"pelagic_trawler",0.15
NA,NA,NA,19,NA,-999,NA,NA,NA,6,"management_species","Not asked",NA,NA,NA,"pelagic_trawler",0.15
NA,NA,NA,23,NA,1,NA,NA,NA,6,"job_mobility","no; some have tried to engage in wind power, with smaller boats. =1","1",NA,NA,"pelagic_trawler",0.5
NA,NA,NA,24,NA,4.5,NA,NA,NA,6,"entrepeneurship","Yes, we are working on that, herring burgers, producing more products from the Baltic Sea for human consumption; we have to adapt, if it is to be more humane we have to adjust and go ashore after maybe 1-2 days; now we are out for a week; to maintain quality. (=4 or 5?).","4.5",NA,NA,"pelagic_trawler",0.5
NA,NA,NA,25,NA,5,NA,NA,NA,6,"credit","Loans are no problem, we got help developing the equipment, it's much worse today; but you can get help to buy a new trawl =5","5",NA,NA,"pelagic_trawler",0.5
NA,NA,NA,27,NA,5,NA,NA,NA,6,"knowledge_transmission","very important, 5.","5",NA,NA,"pelagic_trawler",0.2
NA,NA,NA,28,NA,3,NA,NA,NA,6,"benefit_local_community","we do a little repair work there; we don't land any fish in Fiskebäck; it could be better if we landed there; to a certain extent, but somewhat average, 3","3",NA,NA,"pelagic_trawler",0.2
NA,NA,NA,29,NA,5,NA,NA,NA,6,"benefit_personal_community","For my colleagues? Well, you want to have your colleagues, because there are so few of us now, so you want to keep all your colleagues. =5","5",NA,NA,"pelagic_trawler",0.2
NA,NA,NA,30,NA,5,NA,NA,NA,6,"traditional_food","I think it's very important, when we consume herring, canned herring, it's important, =5","5",NA,NA,"pelagic_trawler",0.2
NA,NA,NA,32,NA,4,NA,NA,NA,6,"outdoor_benefit","It's good to get out on deck, get out on the sea? It's an important part!",NA,NA,NA,"pelagic_trawler",0.2
NA,NA,NA,33,NA,5,NA,NA,NA,6,"identity","it's strong",NA,NA,NA,"pelagic_trawler",0.2
NA,NA,NA,34,NA,5,NA,NA,NA,6,"home","Yes, Skagen is a really fantastic place, actually very important",NA,NA,NA,"pelagic_trawler",0.2
NA,NA,NA,36,NA,NA,"140","170","days",6,"fdays","In the Baltic Sea, from November to June, about half a year, 7 months, at the moment, but that can change; we fish about 80% of those days, are on board and have the trawl in and are fishing",NA,NA,NA,"pelagic_trawler",0.5
NA,NA,NA,37,NA,NA,"25","30","Million_sek_season",6,"income","It varies; if we're talking about all boats, we collaborate with another boat, and we've exchanged some fish between us; in the Bothnian Sea, [calculating] 11,000/hour, 25,000 per day in the Bothnian Sea; but off Shetland, we caught 400 tons of mackerel, the entire annual quota, in one hour! That was 8 million/hour",NA,NA,NA,"pelagic_trawler",0.5
NA,NA,NA,38,NA,NA,"1","10","% of income",6,"season_maint","We are doing extensive renovations now, because we are doing a 10-year class when we go through the entire boat, so it could be 10% of the catch, in a normal year it is 1% of the catch (has an income of SEK 25-30 million per year), so 1% of that. If there are two trawls in a season, SEK 300-400. We have an extra trawl with us, as we have two drums, and we have 1-2 trawls in Norrsundet",NA,NA,NA,"pelagic_trawler",0.5
NA,NA,NA,39,NA,NA,"600","650","liters_hour",6,"fuel_trip","if a fishing trip lasts about 1 week; in the Bothnian Sea; 50 m3/day * 6 days* = 240 kkr/week 2.5 tons * 4.5*22 hours; runs 22 hours per day 5000L*8h/day; for one week 240 kkr/week (in the Bothnian Sea) [talks about mackerel fishing]",NA,NA,NA,"pelagic_trawler",0.5
NA,NA,NA,40,NA,NA,NA,NA,"not_reported",6,"extra_fuel","transport by truck to Skagen from Norrsundet; do not want to drive the boat that far, it costs money; the Bothnian Sea to the Baltic Sea takes 1.5 days",NA,NA,NA,"pelagic_trawler",0.5
NA,NA,NA,41,NA,NA,NA,NA,"not_reported",6,"extra_crew","Occasionally, if someone is injured or unavailable; there are four of us on the boat; previously, when we had the net, we needed nine people, but that was ten years ago; substitutes receive the same pay",NA,NA,NA,"pelagic_trawler",0.5
NA,NA,NA,42,NA,NA,"0","0","hours",6,"extra_cleaning_cost","No, we don't need to clean the trawls; we lower them into the sea upside down so that they get clean; we both hose them down and dip them; no difference with algae blooms.",NA,NA,NA,"pelagic_trawler",0.5
NA,NA,NA,43,NA,NA,NA,NA,"not_reported",6,"exytra_other","Yes, a window can break if you hit a big wave. One boat had a compass on the roof that broke and made a hole right through the roof, so it can cause damage and break things. If water gets into the boat and damages the electronics, it becomes more expensive. 10,000 for a window",NA,NA,NA,"pelagic_trawler",NA
NA,NA,NA,45,NA,-999,NA,NA,NA,6,"addition","In terms of extreme weather with storms, I think we've covered everything; this large variation in temperature in the Baltic Sea is something you're looking at, I think, with temperature data from SMHI.",NA,NA,NA,"pelagic_trawler",NA
NA,NA,"not_specified",2,"a",4.5,NA,NA,NA,7,"go_out","I probably go fishing anyway, it's the wind that matters, I probably try anyway (=5? or =4?)","4.5","Heatwave in the winter season","hww","coastal",0.2
NA,NA,"herring",2,"a",NA,NA,NA,NA,7,"go_out","I probably go fishing anyway, it's the wind that matters, I probably try anyway (=5? or =4?)","4.5","Heatwave in the winter season","hww","coastal",0.2
NA,NA,"perch",2,"a",NA,NA,NA,NA,7,"go_out","I probably go fishing anyway, it's the wind that matters, I probably try anyway (=5? or =4?)","4.5","Heatwave in the winter season","hww","coastal",0.2
NA,NA,"not_specified",2,"b",2,NA,NA,NA,7,"go_out","I don't go because the fish won't keep as well, I don't fish for herring at all, in that case I fish for perch, 2","2","Heatwave in the summer season","hws","coastal",0.2
NA,NA,"herring",2,"b",1,NA,NA,NA,7,"go_out","I don't go because the fish won't keep as well, I don't fish for herring at all, in that case I fish for perch, 2","2","Heatwave in the summer season","hws","coastal",0.2
NA,NA,"perch",2,"b",2,NA,NA,NA,7,"go_out","I don't go because the fish won't keep as well, I don't fish for herring at all, in that case I fish for perch, 2","2","Heatwave in the summer season","hws","coastal",0.2
NA,NA,"not_specified",2,"c",-999,NA,NA,NA,7,"go_out","I am not on the lake at that time of year when there is a risk of icing (because the ice forms so early",NA,"Severe icing (in the winter season)","ici","coastal",0.2
NA,NA,"herring",2,"c",NA,NA,NA,NA,7,"go_out","I am not on the lake at that time of year when there is a risk of icing (because the ice forms so early",NA,"Severe icing (in the winter season)","ici","coastal",0.2
NA,NA,"perch",2,"c",NA,NA,NA,NA,7,"go_out","I am not on the lake at that time of year when there is a risk of icing (because the ice forms so early",NA,"Severe icing (in the winter season)","ici","coastal",0.2
NA,NA,"not_specified",2,"d",1,NA,NA,NA,7,"go_out","I have not experienced it, but it probably has an impact, so then I don't fish",NA,"Algal bloom (in the summer season)","abl","coastal",0.2
NA,NA,"herring",2,"d",NA,NA,NA,NA,7,"go_out","I have not experienced it, but it probably has an impact, so then I don't fish",NA,"Algal bloom (in the summer season)","abl","coastal",0.2
NA,NA,"perch",2,"d",NA,NA,NA,NA,7,"go_out","I have not experienced it, but it probably has an impact, so then I don't fish",NA,"Algal bloom (in the summer season)","abl","coastal",0.2
NA,NA,"not_specified",2,"e",4,NA,NA,NA,7,"go_out","then I fish anyway ",NA,"Extreme cloudburst (in the summer season)","erf","coastal",0.2
NA,NA,"herring",2,"e",NA,NA,NA,NA,7,"go_out","then I fish anyway ",NA,"Extreme cloudburst (in the summer season)","erf","coastal",0.2
NA,NA,"perch",2,"e",NA,NA,NA,NA,7,"go_out","then I fish anyway ",NA,"Extreme cloudburst (in the summer season)","erf","coastal",0.2
NA,NA,"not_specified",2,"f",3,NA,NA,NA,7,"go_out","depends on the wind direction, if it's N then it's from the outside so then it's difficult, if it's S or SW, in gale force winds I don't fish anyway because there's a strong current in the lake so you get crap in your nets, but I do go out in gale force winds sometimes , depends on the wind direction",NA,"Gale","gal","coastal",0.2
NA,NA,"herring",2,"f",NA,NA,NA,NA,7,"go_out","depends on the wind direction, if it's N then it's from the outside so then it's difficult, if it's S or SW, in gale force winds I don't fish anyway because there's a strong current in the lake so you get crap in your nets, but I do go out in gale force winds sometimes , depends on the wind direction",NA,"Gale","gal","coastal",0.2
NA,NA,"perch",2,"f",NA,NA,NA,NA,7,"go_out","depends on the wind direction, if it's N then it's from the outside so then it's difficult, if it's S or SW, in gale force winds I don't fish anyway because there's a strong current in the lake so you get crap in your nets, but I do go out in gale force winds sometimes , depends on the wind direction",NA,"Gale","gal","coastal",0.2
NA,NA,"not_specified",2,"g",1,NA,NA,NA,7,"go_out","1","1","Storm","sto","coastal",0.2
NA,NA,"herring",2,"g",NA,NA,NA,NA,7,"go_out","1","1","Storm","sto","coastal",0.2
NA,NA,"perch",2,"g",NA,NA,NA,NA,7,"go_out","1","1","Storm","sto","coastal",0.2
NA,NA,"not_specified",3,"a",-999,NA,NA,NA,7,"catchability","difficult to say, haven't experienced it that much, am more limited when it's windy because seaweed gets caught in the nets (enough if it's gale force), f. fishing gets much worse ",NA,"Heatwave in the winter season","hww","coastal",0.2
NA,NA,"herring",3,"a",NA,NA,NA,NA,7,"catchability","difficult to say, haven't experienced it that much, am more limited when it's windy because seaweed gets caught in the nets (enough if it's gale force), f. fishing gets much worse ",NA,"Heatwave in the winter season","hww","coastal",0.2
NA,NA,"perch",3,"a",NA,NA,NA,NA,7,"catchability","difficult to say, haven't experienced it that much, am more limited when it's windy because seaweed gets caught in the nets (enough if it's gale force), f. fishing gets much worse ",NA,"Heatwave in the winter season","hww","coastal",0.2
NA,NA,"not_specified",3,"b",NA,NA,NA,NA,7,"catchability","not when it comes to perch, but herring is much more sensitive to heat, so it gets much worse",NA,"Heatwave in the summer season","hws","coastal",0.2
NA,NA,"herring",3,"b",3,NA,NA,NA,7,"catchability","not when it comes to perch, but herring is much more sensitive to heat, so it gets much worse",NA,"Heatwave in the summer season","hws","coastal",0.2
NA,NA,"perch",3,"b",1,NA,NA,NA,7,"catchability","not when it comes to perch, but herring is much more sensitive to heat, so it gets much worse",NA,"Heatwave in the summer season","hws","coastal",0.2
NA,NA,"not_specified",3,"c",-999,NA,NA,NA,7,"catchability","We don't ask about that",NA,"Severe icing (in the winter season)","ici","coastal",0.2
NA,NA,"herring",3,"c",NA,NA,NA,NA,7,"catchability","We don't ask about that",NA,"Severe icing (in the winter season)","ici","coastal",0.2
NA,NA,"perch",3,"c",NA,NA,NA,NA,7,"catchability","We don't ask about that",NA,"Severe icing (in the winter season)","ici","coastal",0.2
NA,NA,"not_specified",3,"d",2,NA,NA,NA,7,"catchability","No, I've only heard that fishing gets worse; I've seen some green filamentous algae on the surface this year (I've seen a little in previous years; it never stays on the surface)",NA,"Algal bloom (in the summer season)","abl","coastal",0.2
NA,NA,"herring",3,"d",NA,NA,NA,NA,7,"catchability","No, I've only heard that fishing gets worse; I've seen some green filamentous algae on the surface this year (I've seen a little in previous years; it never stays on the surface)",NA,"Algal bloom (in the summer season)","abl","coastal",0.2
NA,NA,"perch",3,"d",NA,NA,NA,NA,7,"catchability","No, I've only heard that fishing gets worse; I've seen some green filamentous algae on the surface this year (I've seen a little in previous years; it never stays on the surface)",NA,"Algal bloom (in the summer season)","abl","coastal",0.2
NA,NA,"not_specified",3,"e",3,NA,NA,NA,7,"catchability","3","3","Extreme cloudburst (in the summer season)","erf","coastal",0.2
NA,NA,"herring",3,"e",NA,NA,NA,NA,7,"catchability","3","3","Extreme cloudburst (in the summer season)","erf","coastal",0.2
NA,NA,"perch",3,"e",NA,NA,NA,NA,7,"catchability","3","3","Extreme cloudburst (in the summer season)","erf","coastal",0.2
NA,NA,"not_specified",3,"f",1,NA,NA,NA,7,"catchability","1","1","Gale","gal","coastal",0.2
NA,NA,"herring",3,"f",NA,NA,NA,NA,7,"catchability","1","1","Gale","gal","coastal",0.2
NA,NA,"perch",3,"f",NA,NA,NA,NA,7,"catchability","1","1","Gale","gal","coastal",0.2
NA,NA,"not_specified",3,"g",1,NA,NA,NA,7,"catchability","1","1","Storm","sto","coastal",0.2
NA,NA,"herring",3,"g",NA,NA,NA,NA,7,"catchability","1","1","Storm","sto","coastal",0.2
NA,NA,"perch",3,"g",NA,NA,NA,NA,7,"catchability","1","1","Storm","sto","coastal",0.2
NA,NA,NA,4,"a",-999,NA,NA,NA,7,"catch_assemblage","difficult to answer",NA,"Heatwave in the winter season","hww","coastal",0.2
NA,NA,NA,4,"b",2,NA,NA,NA,7,"catch_assemblage","herring are fished a little further out, and perch closer in; always fish in different places, so the composition is not affected in each place","M","Heatwave in the summer season","hws","coastal",0.2
NA,NA,NA,4,"c",-999,NA,NA,NA,7,"catch_assemblage","We skip this one",NA,"Severe icing (in the winter season)","ici","coastal",0.2
NA,NA,NA,4,"d",-999,NA,NA,NA,7,"catch_assemblage","Haven't experienced it, but heard that it affects fishing ",NA,"Algal bloom (in the summer season)","abl","coastal",0.2
NA,NA,NA,4,"e",1,NA,NA,NA,7,"catch_assemblage","1","1","Extreme cloudburst (in the summer season)","erf","coastal",0.2
NA,NA,NA,4,"f",-998,NA,NA,NA,7,"catch_assemblage","Yes, I think it affects the composition;  seaweed gets caught in the nets and creates currents; can't say if other species are affected",NA,"Gale","gal","coastal",0.2
NA,NA,NA,4,"g",-998,NA,NA,NA,7,"catch_assemblage","Yes, I think it affects the composition; seaweed gets caught in the nets and creates currents; can't say if other species are affected",NA,"Storm","sto","coastal",0.2
NA,NA,"not_specified",5,"a",3,NA,NA,NA,7,"catch_condition","3","3","Heatwave in the winter season","hww","coastal",0.2
NA,NA,"salmon",5,"a",NA,NA,NA,NA,7,"catch_condition","3","3","Heatwave in the winter season","hww","coastal",0.2
NA,NA,"whitefish",5,"a",NA,NA,NA,NA,7,"catch_condition","3","3","Heatwave in the winter season","hww","coastal",0.2
NA,NA,"herring",5,"a",NA,NA,NA,NA,7,"catch_condition","3","3","Heatwave in the winter season","hww","coastal",0.2
NA,NA,"not_specified",5,"b",2,NA,NA,NA,7,"catch_condition","Yes, the warmer it is, the shorter the shelf life of the fish, especially if it is fatty fish (herring, salmon, and whitefish), which is in the summer; herring is particularly sensitive 1","M","Heatwave in the summer season","hws","coastal",0.2
NA,NA,"salmon",5,"b",1.5,NA,NA,NA,7,"catch_condition","Yes, the warmer it is, the shorter the shelf life of the fish, especially if it is fatty fish (herring, salmon, and whitefish), which is in the summer; herring is particularly sensitive 1","M","Heatwave in the summer season","hws","coastal",0.2
NA,NA,"whitefish",5,"b",1.5,NA,NA,NA,7,"catch_condition","Yes, the warmer it is, the shorter the shelf life of the fish, especially if it is fatty fish (herring, salmon, and whitefish), which is in the summer; herring is particularly sensitive 1","M","Heatwave in the summer season","hws","coastal",0.2
NA,NA,"herring",5,"b",1,NA,NA,NA,7,"catch_condition","Yes, the warmer it is, the shorter the shelf life of the fish, especially if it is fatty fish (herring, salmon, and whitefish), which is in the summer; herring is particularly sensitive 1","M","Heatwave in the summer season","hws","coastal",0.2
NA,NA,"not_specified",5,"c",-999,NA,NA,NA,7,"catch_condition","Not asked",NA,"Severe icing (in the winter season)","ici","coastal",0.2
NA,NA,"salmon",5,"c",NA,NA,NA,NA,7,"catch_condition","Not asked",NA,"Severe icing (in the winter season)","ici","coastal",0.2
NA,NA,"whitefish",5,"c",NA,NA,NA,NA,7,"catch_condition","Not asked",NA,"Severe icing (in the winter season)","ici","coastal",0.2
NA,NA,"herring",5,"c",NA,NA,NA,NA,7,"catch_condition","Not asked",NA,"Severe icing (in the winter season)","ici","coastal",0.2
NA,NA,"not_specified",5,"d",-999,NA,NA,NA,7,"catch_condition","Cannot answer",NA,"Algal bloom (in the summer season)","abl","coastal",0.2
NA,NA,"salmon",5,"d",NA,NA,NA,NA,7,"catch_condition","Cannot answer",NA,"Algal bloom (in the summer season)","abl","coastal",0.2
NA,NA,"whitefish",5,"d",NA,NA,NA,NA,7,"catch_condition","Cannot answer",NA,"Algal bloom (in the summer season)","abl","coastal",0.2
NA,NA,"herring",5,"d",NA,NA,NA,NA,7,"catch_condition","Cannot answer",NA,"Algal bloom (in the summer season)","abl","coastal",0.2
NA,NA,"not_specified",5,"e",3,NA,NA,NA,7,"catch_condition","3","3","Extreme cloudburst (in the summer season)","erf","coastal",0.2
NA,NA,"salmon",5,"e",NA,NA,NA,NA,7,"catch_condition","3","3","Extreme cloudburst (in the summer season)","erf","coastal",0.2
NA,NA,"whitefish",5,"e",NA,NA,NA,NA,7,"catch_condition","3","3","Extreme cloudburst (in the summer season)","erf","coastal",0.2
NA,NA,"herring",5,"e",NA,NA,NA,NA,7,"catch_condition","3","3","Extreme cloudburst (in the summer season)","erf","coastal",0.2
NA,NA,"not_specified",5,"f",3,NA,NA,NA,7,"catch_condition","No, I don't think it's the quality, it's probably the catch volume 3","3","Gale","gal","coastal",0.2
NA,NA,"salmon",5,"f",NA,NA,NA,NA,7,"catch_condition","No, I don't think it's the quality, it's probably the catch volume 3","3","Gale","gal","coastal",0.2
NA,NA,"whitefish",5,"f",NA,NA,NA,NA,7,"catch_condition","No, I don't think it's the quality, it's probably the catch volume 3","3","Gale","gal","coastal",0.2
NA,NA,"herring",5,"f",NA,NA,NA,NA,7,"catch_condition","No, I don't think it's the quality, it's probably the catch volume 3","3","Gale","gal","coastal",0.2
NA,NA,"not_specified",5,"g",3,NA,NA,NA,7,"catch_condition","3","3","Storm","sto","coastal",0.2
NA,NA,"salmon",5,"g",NA,NA,NA,NA,7,"catch_condition","3","3","Storm","sto","coastal",0.2
NA,NA,"whitefish",5,"g",NA,NA,NA,NA,7,"catch_condition","3","3","Storm","sto","coastal",0.2
NA,NA,"herring",5,"g",NA,NA,NA,NA,7,"catch_condition","3","3","Storm","sto","coastal",0.2
NA,NA,NA,6,"a",-999,NA,NA,NA,7,"cope_condition",NA,NA,"Heatwave in the winter season","hww","coastal",0.2
NA,NA,NA,6,"b",3,NA,NA,NA,7,"cope_condition","Yes, a little (3), I can fish more often, for perch you can keep the nets in for shorter periods, the fish freeze as soon as I get in","3","Heatwave in the summer season","hws","coastal",0.2
NA,NA,NA,6,"c",-999,NA,NA,NA,7,"cope_condition",NA,NA,"Severe icing (in the winter season)","ici","coastal",0.2
NA,NA,NA,6,"d",-999,NA,NA,NA,7,"cope_condition",NA,NA,"Algal bloom (in the summer season)","abl","coastal",0.2
NA,NA,NA,6,"e",-999,NA,NA,NA,7,"cope_condition",NA,NA,"Extreme cloudburst (in the summer season)","erf","coastal",0.2
NA,NA,NA,6,"f",-999,NA,NA,NA,7,"cope_condition",NA,NA,"Gale","gal","coastal",0.2
NA,NA,NA,6,"g",-999,NA,NA,NA,7,"cope_condition",NA,NA,"Storm","sto","coastal",0.2
NA,NA,NA,7,"a",-999,NA,NA,NA,7,"lag_effect",NA,NA,"Heatwave in the winter season","hww","coastal",0.2
NA,NA,NA,7,"b",-999,NA,NA,NA,7,"lag_effect",NA,NA,"Heatwave in the summer season","hws","coastal",0.2
NA,NA,NA,7,"c",-999,NA,NA,NA,7,"lag_effect",NA,NA,"Severe icing (in the winter season)","ici","coastal",0.2
NA,NA,NA,7,"d",-999,NA,NA,NA,7,"lag_effect",NA,NA,"Algal bloom (in the summer season)","abl","coastal",0.2
NA,NA,NA,7,"e",-999,NA,NA,NA,7,"lag_effect",NA,NA,"Extreme cloudburst (in the summer season)","erf","coastal",0.2
NA,NA,NA,7,"f",3.5,NA,NA,NA,7,"lag_effect",NA,NA,"Gale","gal","coastal",0.2
NA,NA,NA,7,"g",3.5,NA,NA,NA,7,"lag_effect",NA,NA,"Storm","sto","coastal",0.2
"not_specified",NA,NA,9,"a",NA,NA,NA,NA,7,"personal_safety","if the ice becomes unsafe, there is a risk of falling into the water, which can be life-threatening; if you have equipment in the lake, you want to be able to access it, 2","2","Heatwave in the winter season","hww","coastal",0.2
"icefishing",NA,NA,9,"a",2,NA,NA,NA,7,"personal_safety","if the ice becomes unsafe, there is a risk of falling into the water, which can be life-threatening; if you have equipment in the lake, you want to be able to access it, 2","2","Heatwave in the winter season","hww","coastal",0.2
"not_specified",NA,NA,9,"b",0,NA,NA,NA,7,"personal_safety","0","0","Heatwave in the summer season","hws","coastal",0.2
"icefishing",NA,NA,9,"b",NA,NA,NA,NA,7,"personal_safety","0","0","Heatwave in the summer season","hws","coastal",0.2
"not_specified",NA,NA,9,"c",-999,NA,NA,NA,7,"personal_safety","not asked",NA,"Severe icing (in the winter season)","ici","coastal",0.2
"icefishing",NA,NA,9,"c",NA,NA,NA,NA,7,"personal_safety","not asked",NA,"Severe icing (in the winter season)","ici","coastal",0.2
"not_specified",NA,NA,9,"d",0,NA,NA,NA,7,"personal_safety","0","0","Algal bloom (in the summer season)","abl","coastal",0.2
"icefishing",NA,NA,9,"d",NA,NA,NA,NA,7,"personal_safety","0","0","Algal bloom (in the summer season)","abl","coastal",0.2
"not_specified",NA,NA,9,"e",0,NA,NA,NA,7,"personal_safety","0","0","Extreme cloudburst (in the summer season)","erf","coastal",0.2
"icefishing",NA,NA,9,"e",NA,NA,NA,NA,7,"personal_safety","0","0","Extreme cloudburst (in the summer season)","erf","coastal",0.2
"not_specified",NA,NA,9,"f",2,NA,NA,NA,7,"personal_safety","2","2","Gale","gal","coastal",0.2
"icefishing",NA,NA,9,"f",NA,NA,NA,NA,7,"personal_safety","2","2","Gale","gal","coastal",0.2
"not_specified",NA,NA,9,"g",2,NA,NA,NA,7,"personal_safety","2","2","Storm","sto","coastal",0.2
"icefishing",NA,NA,9,"g",NA,NA,NA,NA,7,"personal_safety","2","2","Storm","sto","coastal",0.2
NA,NA,NA,10,"a",0,NA,NA,NA,7,"damage","0","0","Heatwave in the winter season","hww","coastal",0.2
NA,NA,NA,10,"b",0,NA,NA,NA,7,"damage","0","0","Heatwave in the summer season","hws","coastal",0.2
NA,NA,NA,10,"c",-999,NA,NA,NA,7,"damage","not asked",NA,"Severe icing (in the winter season)","ici","coastal",0.2
NA,NA,NA,10,"d",1,NA,NA,NA,7,"damage","Yes, it could be on the gear in the nets, getting clogged, so 1","1","Algal bloom (in the summer season)","abl","coastal",0.2
NA,NA,NA,10,"e",1,NA,NA,NA,7,"damage","0 , the boat could fill with water, but that would have to be extreme; if you have an open boat, it could happen","0","Extreme cloudburst (in the summer season)","erf","coastal",0.2
NA,NA,NA,10,"f",1,NA,NA,NA,7,"damage","On gear and on the boat; 1","1","Gale","gal","coastal",0.2
NA,NA,NA,10,"g",2,NA,NA,NA,7,"damage",". 2, gear could be completely destroyed, such as salmon traps and so on","2","Storm","sto","coastal",0.2
NA,NA,NA,13,"a",2,NA,NA,NA,7,"change_practices","Yes, if there is no ice, I cannot fish, so I have to fish from a boat, but that is usually not very productive; 2","2","Heatwave in the winter season","hww","coastal",0.2
NA,NA,NA,13,"b",1,NA,NA,NA,7,"change_practices","1 changes how much perch I fish compared to herring","1","Heatwave in the summer season","hws","coastal",0.2
NA,NA,NA,13,"c",-999,NA,NA,NA,7,"change_practices","I don't know, I haven't experienced it (maybe I'll skip it then),",NA,"Severe icing (in the winter season)","ici","coastal",0.2
NA,NA,NA,13,"d",-999,NA,NA,NA,7,"change_practices",NA,NA,"Algal bloom (in the summer season)","abl","coastal",0.2
NA,NA,NA,13,"e",0,NA,NA,NA,7,"change_practices","0","0","Extreme cloudburst (in the summer season)","erf","coastal",0.2
NA,NA,NA,13,"f",1,NA,NA,NA,7,"change_practices","Changes the fishing spot",NA,"Gale","gal","coastal",0.2
NA,NA,NA,13,"g",2,NA,NA,NA,7,"change_practices","2; Do you go out in a storm? It has happened that you make a mistake and go out, but you have to put the nets in a sheltered spot, you have your spots","2","Storm","sto","coastal",0.2
NA,NA,NA,15,"a",1,NA,NA,NA,7,"avoidance","1 (if the ice is not strong enough, it's pretty much the same, then you have to go very far),","1","Heatwave in the winter season","hww","coastal",0.2
NA,NA,NA,15,"b",2,NA,NA,NA,7,"avoidance","I don't know, but you can still fish for perch; the roach moves further out, and I can go a little further out, but I don't have a very big boat, so I can't go that far out, 2","2","Heatwave in the summer season","hws","coastal",0.2
NA,NA,NA,15,"c",4,NA,NA,NA,7,"avoidance","I think so , it depends on how it accumulates in certain places",NA,"Severe icing (in the winter season)","ici","coastal",0.2
NA,NA,NA,15,"d",-999,NA,NA,NA,7,"avoidance",NA,NA,"Algal bloom (in the summer season)","abl","coastal",0.2
NA,NA,NA,15,"e",1,NA,NA,NA,7,"avoidance","1 (but it doesn't matter)","1","Extreme cloudburst (in the summer season)","erf","coastal",0.2
NA,NA,NA,15,"f",4,NA,NA,NA,7,"avoidance","4, depends on the wind direction, and sometimes the fishing spots don't match where it's sheltered.","4","Gale","gal","coastal",0.2
NA,NA,NA,15,"g",4,NA,NA,NA,7,"avoidance","same there, but you rarely fish in a storm if you know about it, but sometimes you have to go out as I said",NA,"Storm","sto","coastal",0.2
NA,NA,NA,21,"a",1,NA,NA,NA,7,"stress_injuries","1 no, I don't think about it much","1","Heatwave in the winter season","hww","coastal",0.1
NA,NA,NA,21,"b",4,NA,NA,NA,7,"stress_gear","sometimes, when the weather is bad, windy, stormy, that's when you feel like you have stuff out there, it's mostly the salmon traps you think about; you usually have time to remove the movable gear if you know bad weather is coming; 4","4","Heatwave in the summer season","hws","coastal",0.1
NA,NA,NA,21,"c",1,NA,NA,NA,7,"stress_condition","I never think about it, 1","1","Severe icing (in the winter season)","ici","coastal",0.1
NA,NA,NA,0,NA,NA,NA,NA,NA,7,"fishing_style","coastal",NA,NA,NA,"coastal",NA
NA,NA,NA,11,NA,NA,"1000","50000","sek_unit",7,"minor_damage_cost","You know about nets, that's minor damage, but salmon traps cost more to repair because they're special equipment; a few thousand for nets, but salmon traps can cost tens of thousands to repair. Yes, on the boat, it's probably if you drive in bad weather, and there is greater damage to the propeller and gearbox on smaller boats, and on large boats it's also the propeller, then it's tens of thousands of kronor.",NA,NA,NA,"coastal",0.2
NA,NA,NA,12,NA,NA,"50000","100000","sek_unit",7,"major_damage_cost","see 11",NA,NA,NA,"coastal",0.2
NA,NA,"not_specified",16,NA,1,NA,NA,NA,7,"gear characteristics","I have mobile gear (perch can move distance =1), herring =1 (somewhat limited by boat), but I cannot choose the location for fixed gear (= 0)","M",NA,NA,"coastal",0.2
NA,NA,"salmon",16,NA,0,NA,NA,NA,7,"gear characteristics","I have mobile gear (perch can move distance =1), herring =1 (somewhat limited by boat), but I cannot choose the location for fixed gear (= 0)","M",NA,NA,"coastal",0.2
NA,NA,NA,17,NA,0,NA,NA,NA,7,"infrastructure","Extremely, there are other places to go ashore; fixed with the salmon because then you have to report the landing port before you unload them (and when you unload); for the herring, I have the shaking machine in the boathouse, so it is difficult to find out the catch elsewhere, but I can go to an emergency port, i.e. =0","0",NA,NA,"coastal",0.2
NA,NA,NA,18,NA,1,NA,NA,NA,7,"management_space","yes, in a limited area; the license determines where you can fish; we have quotas and fixed gear in fixed locations for salmon, but with mobile gear you can move around in the local area at least; =1","1",NA,NA,"coastal",0.2
NA,NA,NA,19,NA,999,NA,NA,NA,7,"management_species","There isn't much else to fish for; we catch other fish species, but in much smaller quantities, such as pike and pikeperch; salmon is subject to quotas; herring too, but we don't fill the coastal quota, and haven't done so for several years.",NA,NA,NA,"coastal",0.2
NA,NA,NA,23,NA,3,NA,NA,NA,7,"job_mobility","a little; 3","3",NA,NA,"coastal",0.4
NA,NA,NA,24,NA,4,NA,NA,NA,7,"entrepeneurship","I try to develop fishing so that it is as easy as possible to do certain things, and I try a little bit to find new ways to sell. =4","4",NA,NA,"coastal",0.4
NA,NA,NA,25,NA,2,NA,NA,NA,7,"credit","It probably depends on how much money and what for. You need to have good ideas. So, to buy a salmon trap? It's a bit uncertain because salmon stocks are low at the moment. A filleting machine? It's probably not entirely impossible.",NA,NA,NA,"coastal",0.4
NA,NA,NA,27,NA,5,NA,NA,NA,7,"knowledge_transmission","I've given up. I wish it could continue, but it's so difficult, there are so many problems, with the authorities, among other things. Yes, I think it's important. I'm interested, but the financial aspect is difficult for a new start. =5","5",NA,NA,"coastal",0.3
NA,NA,NA,28,NA,5,NA,NA,NA,7,"benefit_local_community","They get fresh fish nearby; quite a few people shop there, people come to his home to buy fish, and not just when he's at the market; =5","5",NA,NA,"coastal",0.3
NA,NA,NA,29,NA,4,NA,NA,NA,7,"benefit_personal_community","No, there are so few who fish. Do you share experiences? Yes, we benefit from each other, in the past they couldn't talk to each other. Sometimes it was a matter of life and death, you've heard about that, it was when there were several in each village, but now there are so few of us that it's easy to get along. =4","4",NA,NA,"coastal",0.3
NA,NA,NA,30,NA,5,NA,NA,NA,7,"traditional_food","5, that's what I do.","5",NA,NA,"coastal",0.3
NA,NA,NA,32,NA,5,NA,NA,NA,7,"outdoor_benefit","yes, it is quite important, it is very important =5","5",NA,NA,"coastal",0.2
NA,NA,NA,33,NA,4.5,NA,NA,NA,7,"identity","quite a lot (=4 or 5? [He doesn't use any superlatives!])","4.5",NA,NA,"coastal",0.2
NA,NA,NA,34,NA,4,NA,NA,NA,7,"home","yes, but I usually go to the same place, and stupidly enough, I don't try out many different places; some places are special to visit =4? ","4",NA,NA,"coastal",0.2
NA,NA,NA,36,NA,NA,NA," 200"," days",7,"fdays","around 200 days",NA,NA,NA,"coastal",0.5
NA,NA,NA,37,NA,NA," 1000"," 50000"," sek_day",7,"income","It depends on processing, fishing, and smoking; it varies at different times of the year. Spring and early summer are quite intense, then it slows down.
You don't get your money back for surströmming until you've sold the cans
Varies from SEK 10,000-50,000/day, depending on the catch and salmon and such; then it is processed
If you get 100 salmon in a trap in one day, that's worth quite a lot just raw, then you smoke it and save it, so you can spread it out over the year",NA,NA,NA,"coastal",0.5
NA,NA,NA,38,NA,NA," 10000"," 35000"," sek_season",7,"season_maint","Nets require quite a lot of work, and salmon traps in the spring; say SEK 10,000-35,000/year. And in terms of time? About 30 days, depending on whether you encounter breakdowns and such.",NA,NA,NA,"coastal",0.5
NA,NA,NA,39,NA,NA,"5"," 50"," liter_trip",7,"fuel_trip","30-50 liters of diesel for herring; if fishing for perch, the costs are not so high because it is quite close, then 4-5 liters of gasoline (because it is a small boat).",NA,NA,NA,"coastal",0.5
NA,NA,NA,40,NA,NA,"50","100"," liter_trip",7,"extra_fuel","100L of diesel for herring",NA,NA,NA,"coastal",0.5
NA,NA,NA,41,NA,NA,"60000"," 100000"," sek_year",7,"extra_crew","has one specifically for herring fishing; he does not fish that many days; costs SEK 60,000-100,000/year",NA,NA,NA,"coastal",0.5
NA,NA,NA,42,NA,NA,"20",NA,"hours",7,"extra_cleaning_cost","Rinses the salmon traps, takes a few hours in both spring and fall, approx. 20 hours; extra work if there is algae blooms; sometimes there is growth and sometimes there is moss floating around, which is difficult to rinse off, so it has to lie there and rot first; it grows on what is on the beaches and if it is windy, it comes loose and gets stuck in the trap",NA,NA,NA,"coastal",0.5
NA,NA,NA,43,NA,NA,NA,NA,"not_reported",7,"exytra_other","No, it's usually repairs if there is any damage, etc",NA,NA,NA,"coastal",NA
NA,NA,NA,45,NA,-999,NA,NA,NA,7,"addition","I don't have much experience with it yet, but what we've seen is milder winters and more wind; things have changed, but we don't know what the cause is.",NA,NA,NA,"coastal",NA
