This is pdfTeX, Version 3.141592653-2.6-1.40.28 (TeX Live 2025) (preloaded format=pdflatex 2025.11.10)  10 NOV 2025 11:38
entering extended mode
 restricted \write18 enabled.
 %&-line parsing enabled.
**control.tex
(./control.tex
LaTeX2e <2025-11-01>
L3 programming layer <2025-10-24>
(c:/Users/eoar0001/AppData/Roaming/TinyTeX/texmf-dist/tex/latex/base/article.cls
Document Class: article 2025/01/22 v1.4n Standard LaTeX document class
(c:/Users/eoar0001/AppData/Roaming/TinyTeX/texmf-dist/tex/latex/base/size10.clo
File: size10.clo 2025/01/22 v1.4n Standard LaTeX file (size option)
)
\c@part=\count275
\c@section=\count276
\c@subsection=\count277
\c@subsubsection=\count278
\c@paragraph=\count279
\c@subparagraph=\count280
\c@figure=\count281
\c@table=\count282
\abovecaptionskip=\skip49
\belowcaptionskip=\skip50
\bibindent=\dimen148
) (c:/Users/eoar0001/AppData/Roaming/TinyTeX/texmf-dist/tex/latex/amsmath/amsmath.sty
Package: amsmath 2025/07/09 v2.17z AMS math features
\@mathmargin=\skip51
For additional information on amsmath, use the `?' option.
(c:/Users/eoar0001/AppData/Roaming/TinyTeX/texmf-dist/tex/latex/amsmath/amstext.sty
Package: amstext 2024/11/17 v2.01 AMS text
(c:/Users/eoar0001/AppData/Roaming/TinyTeX/texmf-dist/tex/latex/amsmath/amsgen.sty
File: amsgen.sty 1999/11/30 v2.0 generic functions
\@emptytoks=\toks17
\ex@=\dimen149
)) (c:/Users/eoar0001/AppData/Roaming/TinyTeX/texmf-dist/tex/latex/amsmath/amsbsy.sty
Package: amsbsy 1999/11/29 v1.2d Bold Symbols
\pmbraise@=\dimen150
) (c:/Users/eoar0001/AppData/Roaming/TinyTeX/texmf-dist/tex/latex/amsmath/amsopn.sty
Package: amsopn 2022/04/08 v2.04 operator names
)
\inf@bad=\count283
LaTeX Info: Redefining \frac on input line 233.
\uproot@=\count284
\leftroot@=\count285
LaTeX Info: Redefining \overline on input line 398.
LaTeX Info: Redefining \colon on input line 409.
\classnum@=\count286
\DOTSCASE@=\count287
LaTeX Info: Redefining \ldots on input line 495.
LaTeX Info: Redefining \dots on input line 498.
LaTeX Info: Redefining \cdots on input line 619.
\Mathstrutbox@=\box53
\strutbox@=\box54
LaTeX Info: Redefining \big on input line 721.
LaTeX Info: Redefining \Big on input line 722.
LaTeX Info: Redefining \bigg on input line 723.
LaTeX Info: Redefining \Bigg on input line 724.
\big@size=\dimen151
LaTeX Font Info:    Redeclaring font encoding OML on input line 742.
LaTeX Font Info:    Redeclaring font encoding OMS on input line 743.
\macc@depth=\count288
LaTeX Info: Redefining \bmod on input line 904.
LaTeX Info: Redefining \pmod on input line 909.
LaTeX Info: Redefining \smash on input line 939.
LaTeX Info: Redefining \relbar on input line 969.
LaTeX Info: Redefining \Relbar on input line 970.
\c@MaxMatrixCols=\count289
\dotsspace@=\muskip17
\c@parentequation=\count290
\dspbrk@lvl=\count291
\tag@help=\toks18
\row@=\count292
\column@=\count293
\maxfields@=\count294
\andhelp@=\toks19
\eqnshift@=\dimen152
\alignsep@=\dimen153
\tagshift@=\dimen154
\tagwidth@=\dimen155
\totwidth@=\dimen156
\lineht@=\dimen157
\@envbody=\toks20
\multlinegap=\skip52
\multlinetaggap=\skip53
\mathdisplay@stack=\toks21
LaTeX Info: Redefining \[ on input line 2950.
LaTeX Info: Redefining \] on input line 2951.
) (c:/Users/eoar0001/AppData/Roaming/TinyTeX/texmf-dist/tex/latex/amsfonts/amssymb.sty
Package: amssymb 2013/01/14 v3.01 AMS font symbols
(c:/Users/eoar0001/AppData/Roaming/TinyTeX/texmf-dist/tex/latex/amsfonts/amsfonts.sty
Package: amsfonts 2013/01/14 v3.01 Basic AMSFonts support
\symAMSa=\mathgroup4
\symAMSb=\mathgroup5
LaTeX Font Info:    Redeclaring math symbol \hbar on input line 98.
LaTeX Font Info:    Overwriting math alphabet `\mathfrak' in version `bold'
(Font)                  U/euf/m/n --> U/euf/b/n on input line 106.
)) (c:/Users/eoar0001/AppData/Roaming/TinyTeX/texmf-dist/tex/generic/iftex/iftex.sty
Package: iftex 2024/12/12 v1.0g TeX engine tests
) (c:/Users/eoar0001/AppData/Roaming/TinyTeX/texmf-dist/tex/latex/base/fontenc.sty
Package: fontenc 2025/07/18 v2.1d Standard LaTeX package
) (c:/Users/eoar0001/AppData/Roaming/TinyTeX/texmf-dist/tex/latex/base/inputenc.sty
Package: inputenc 2024/02/08 v1.3d Input encoding file
\inpenc@prehook=\toks22
\inpenc@posthook=\toks23
) (c:/Users/eoar0001/AppData/Roaming/TinyTeX/texmf-dist/tex/latex/base/textcomp.sty
Package: textcomp 2024/04/24 v2.1b Standard LaTeX package
) (c:/Users/eoar0001/AppData/Roaming/TinyTeX/texmf-dist/tex/latex/lm/lmodern.sty
Package: lmodern 2015/05/01 v1.6.1 Latin Modern Fonts
LaTeX Font Info:    Overwriting symbol font `operators' in version `normal'
(Font)                  OT1/cmr/m/n --> OT1/lmr/m/n on input line 22.
LaTeX Font Info:    Overwriting symbol font `letters' in version `normal'
(Font)                  OML/cmm/m/it --> OML/lmm/m/it on input line 23.
LaTeX Font Info:    Overwriting symbol font `symbols' in version `normal'
(Font)                  OMS/cmsy/m/n --> OMS/lmsy/m/n on input line 24.
LaTeX Font Info:    Overwriting symbol font `largesymbols' in version `normal'
(Font)                  OMX/cmex/m/n --> OMX/lmex/m/n on input line 25.
LaTeX Font Info:    Overwriting symbol font `operators' in version `bold'
(Font)                  OT1/cmr/bx/n --> OT1/lmr/bx/n on input line 26.
LaTeX Font Info:    Overwriting symbol font `letters' in version `bold'
(Font)                  OML/cmm/b/it --> OML/lmm/b/it on input line 27.
LaTeX Font Info:    Overwriting symbol font `symbols' in version `bold'
(Font)                  OMS/cmsy/b/n --> OMS/lmsy/b/n on input line 28.
LaTeX Font Info:    Overwriting symbol font `largesymbols' in version `bold'
(Font)                  OMX/cmex/m/n --> OMX/lmex/m/n on input line 29.
LaTeX Font Info:    Overwriting math alphabet `\mathbf' in version `normal'
(Font)                  OT1/cmr/bx/n --> OT1/lmr/bx/n on input line 31.
LaTeX Font Info:    Overwriting math alphabet `\mathsf' in version `normal'
(Font)                  OT1/cmss/m/n --> OT1/lmss/m/n on input line 32.
LaTeX Font Info:    Overwriting math alphabet `\mathit' in version `normal'
(Font)                  OT1/cmr/m/it --> OT1/lmr/m/it on input line 33.
LaTeX Font Info:    Overwriting math alphabet `\mathtt' in version `normal'
(Font)                  OT1/cmtt/m/n --> OT1/lmtt/m/n on input line 34.
LaTeX Font Info:    Overwriting math alphabet `\mathbf' in version `bold'
(Font)                  OT1/cmr/bx/n --> OT1/lmr/bx/n on input line 35.
LaTeX Font Info:    Overwriting math alphabet `\mathsf' in version `bold'
(Font)                  OT1/cmss/bx/n --> OT1/lmss/bx/n on input line 36.
LaTeX Font Info:    Overwriting math alphabet `\mathit' in version `bold'
(Font)                  OT1/cmr/bx/it --> OT1/lmr/bx/it on input line 37.
LaTeX Font Info:    Overwriting math alphabet `\mathtt' in version `bold'
(Font)                  OT1/cmtt/m/n --> OT1/lmtt/m/n on input line 38.
) (c:/Users/eoar0001/AppData/Roaming/TinyTeX/texmf-dist/tex/latex/xcolor/xcolor.sty
Package: xcolor 2024/09/29 v3.02 LaTeX color extensions (UK)
(c:/Users/eoar0001/AppData/Roaming/TinyTeX/texmf-dist/tex/latex/graphics-cfg/color.cfg
File: color.cfg 2016/01/02 v1.6 sample color configuration
)
Package xcolor Info: Driver file: pdftex.def on input line 274.
(c:/Users/eoar0001/AppData/Roaming/TinyTeX/texmf-dist/tex/latex/graphics-def/pdftex.def
File: pdftex.def 2025/09/29 v1.2d Graphics/color driver for pdftex
) (c:/Users/eoar0001/AppData/Roaming/TinyTeX/texmf-dist/tex/latex/graphics/mathcolor.ltx)
Package xcolor Info: Model `cmy' substituted by `cmy0' on input line 1349.
Package xcolor Info: Model `hsb' substituted by `rgb' on input line 1353.
Package xcolor Info: Model `RGB' extended on input line 1365.
Package xcolor Info: Model `HTML' substituted by `rgb' on input line 1367.
Package xcolor Info: Model `Hsb' substituted by `hsb' on input line 1368.
Package xcolor Info: Model `tHsb' substituted by `hsb' on input line 1369.
Package xcolor Info: Model `HSB' substituted by `hsb' on input line 1370.
Package xcolor Info: Model `Gray' substituted by `gray' on input line 1371.
Package xcolor Info: Model `wave' substituted by `hsb' on input line 1372.
) (c:/Users/eoar0001/AppData/Roaming/TinyTeX/texmf-dist/tex/latex/geometry/geometry.sty
Package: geometry 2020/01/02 v5.9 Page Geometry
(c:/Users/eoar0001/AppData/Roaming/TinyTeX/texmf-dist/tex/latex/graphics/keyval.sty
Package: keyval 2022/05/29 v1.15 key=value parser (DPC)
\KV@toks@=\toks24
) (c:/Users/eoar0001/AppData/Roaming/TinyTeX/texmf-dist/tex/generic/iftex/ifvtex.sty
Package: ifvtex 2019/10/25 v1.7 ifvtex legacy package. Use iftex instead.
)
\Gm@cnth=\count295
\Gm@cntv=\count296
\c@Gm@tempcnt=\count297
\Gm@bindingoffset=\dimen158
\Gm@wd@mp=\dimen159
\Gm@odd@mp=\dimen160
\Gm@even@mp=\dimen161
\Gm@layoutwidth=\dimen162
\Gm@layoutheight=\dimen163
\Gm@layouthoffset=\dimen164
\Gm@layoutvoffset=\dimen165
\Gm@dimlist=\toks25
) (c:/Users/eoar0001/AppData/Roaming/TinyTeX/texmf-dist/tex/latex/graphics/graphicx.sty
Package: graphicx 2024/12/31 v1.2e Enhanced LaTeX Graphics (DPC,SPQR)
(c:/Users/eoar0001/AppData/Roaming/TinyTeX/texmf-dist/tex/latex/graphics/graphics.sty
Package: graphics 2024/08/06 v1.4g Standard LaTeX Graphics (DPC,SPQR)
(c:/Users/eoar0001/AppData/Roaming/TinyTeX/texmf-dist/tex/latex/graphics/trig.sty
Package: trig 2023/12/02 v1.11 sin cos tan (DPC)
) (c:/Users/eoar0001/AppData/Roaming/TinyTeX/texmf-dist/tex/latex/graphics-cfg/graphics.cfg
File: graphics.cfg 2016/06/04 v1.11 sample graphics configuration
)
Package graphics Info: Driver file: pdftex.def on input line 106.
)
\Gin@req@height=\dimen166
\Gin@req@width=\dimen167
) (c:/Users/eoar0001/AppData/Roaming/TinyTeX/texmf-dist/tex/latex/booktabs/booktabs.sty
Package: booktabs 2020/01/12 v1.61803398 Publication quality tables
\heavyrulewidth=\dimen168
\lightrulewidth=\dimen169
\cmidrulewidth=\dimen170
\belowrulesep=\dimen171
\belowbottomsep=\dimen172
\aboverulesep=\dimen173
\abovetopsep=\dimen174
\cmidrulesep=\dimen175
\cmidrulekern=\dimen176
\defaultaddspace=\dimen177
\@cmidla=\count298
\@cmidlb=\count299
\@aboverulesep=\dimen178
\@belowrulesep=\dimen179
\@thisruleclass=\count300
\@lastruleclass=\count301
\@thisrulewidth=\dimen180
) (c:/Users/eoar0001/AppData/Roaming/TinyTeX/texmf-dist/tex/latex/tools/longtable.sty
Package: longtable 2025-10-13 v4.24 Multi-page Table package (DPC)
\LTleft=\skip54
\LTright=\skip55
\LTpre=\skip56
\LTpost=\skip57
\LTchunksize=\count302
\LTcapwidth=\dimen181
\LT@head=\box55
\LT@firsthead=\box56
\LT@foot=\box57
\LT@lastfoot=\box58
\LT@gbox=\box59
\LT@cols=\count303
\LT@rows=\count304
\c@LT@tables=\count305
\c@LT@chunks=\count306
\LT@p@ftn=\toks26
) (c:/Users/eoar0001/AppData/Roaming/TinyTeX/texmf-dist/tex/latex/tools/array.sty
Package: array 2025/09/25 v2.6n Tabular extension package (FMi)
\col@sep=\dimen182
\ar@mcellbox=\box60
\extrarowheight=\dimen183
\NC@list=\toks27
\extratabsurround=\skip58
\backup@length=\skip59
\ar@cellbox=\box61
) (c:/Users/eoar0001/AppData/Roaming/TinyTeX/texmf-dist/tex/latex/multirow/multirow.sty
Package: multirow 2024/11/12 v2.9 Span multiple rows of a table
\multirow@colwidth=\skip60
\multirow@cntb=\count307
\multirow@dima=\skip61
\bigstrutjot=\dimen184
) (c:/Users/eoar0001/AppData/Roaming/TinyTeX/texmf-dist/tex/latex/wrapfig/wrapfig.sty
\wrapoverhang=\dimen185
\WF@size=\dimen186
\c@WF@wrappedlines=\count308
\WF@box=\box62
\WF@everypar=\toks28
Package: wrapfig 2003/01/31  v 3.6
) (c:/Users/eoar0001/AppData/Roaming/TinyTeX/texmf-dist/tex/latex/float/float.sty
Package: float 2001/11/08 v1.3d Float enhancements (AL)
\c@float@type=\count309
\float@exts=\toks29
\float@box=\box63
\@float@everytoks=\toks30
\@floatcapt=\box64
) (c:/Users/eoar0001/AppData/Roaming/TinyTeX/texmf-dist/tex/latex/colortbl/colortbl.sty
Package: colortbl 2024/10/29 v1.0k Color table columns (DPC)
\everycr=\toks31
\minrowclearance=\skip62
\rownum=\count310
) (c:/Users/eoar0001/AppData/Roaming/TinyTeX/texmf-dist/tex/latex/pdflscape/pdflscape.sty
Package: pdflscape 2025-06-23 v0.14 Display of landscape pages in PDF
(c:/Users/eoar0001/AppData/Roaming/TinyTeX/texmf-dist/tex/latex/pdflscape/pdflscape-nometadata.sty
Package: pdflscape-nometadata 2025-06-23 v0.14 Display of landscape pages in PDF (HO)
(c:/Users/eoar0001/AppData/Roaming/TinyTeX/texmf-dist/tex/latex/graphics/lscape.sty
Package: lscape 2020/05/28 v3.02 Landscape Pages (DPC)
)
Package pdflscape Info: Auto-detected driver: pdftex on input line 81.
)) (c:/Users/eoar0001/AppData/Roaming/TinyTeX/texmf-dist/tex/latex/tabu/tabu.sty
Package: tabu 2019/01/11 v2.9 - flexible LaTeX tabulars (FC+tabu-fixed)
(c:/Users/eoar0001/AppData/Roaming/TinyTeX/texmf-dist/tex/latex/varwidth/varwidth.sty
Package: varwidth 2009/03/30 ver 0.92;  Variable-width minipages
\@vwid@box=\box65
\sift@deathcycles=\count311
\@vwid@loff=\dimen187
\@vwid@roff=\dimen188
)
==> First Aid for varwidth.sty applied!
\c@taburow=\count312
\tabu@nbcols=\count313
\tabu@cnt=\count314
\tabu@Xcol=\count315
\tabu@alloc=\count316
\tabu@nested=\count317
\tabu@target=\dimen189
\tabu@spreadtarget=\dimen190
\tabu@naturalX=\dimen191
\tabucolX=\dimen192
\tabu@Xsum=\dimen193
\extrarowdepth=\dimen194
\abovetabulinesep=\dimen195
\belowtabulinesep=\dimen196
\tabustrutrule=\dimen197
\tabu@thebody=\toks32
\tabu@footnotes=\toks33
\tabu@box=\box66
\tabu@arstrutbox=\box67
\tabu@hleads=\box68
\tabu@vleads=\box69
\tabu@cellskip=\skip63
) (c:/Users/eoar0001/AppData/Roaming/TinyTeX/texmf-dist/tex/latex/threeparttable/threeparttable.sty
Package: threeparttable 2003/06/13  v 3.0
\@tempboxb=\box70
) (c:/Users/eoar0001/AppData/Roaming/TinyTeX/texmf-dist/tex/latex/threeparttablex/threeparttablex.sty
Package: threeparttablex 2013/07/23 v0.3 by daleif
(c:/Users/eoar0001/AppData/Roaming/TinyTeX/texmf-dist/tex/latex/environ/environ.sty
Package: environ 2014/05/04 v0.3 A new way to define environments
(c:/Users/eoar0001/AppData/Roaming/TinyTeX/texmf-dist/tex/latex/trimspaces/trimspaces.sty
Package: trimspaces 2009/09/17 v1.1 Trim spaces around a token list
))
\TPTL@width=\skip64
) (c:/Users/eoar0001/AppData/Roaming/TinyTeX/texmf-dist/tex/generic/ulem/ulem.sty
\UL@box=\box71
\UL@hyphenbox=\box72
\UL@skip=\skip65
\UL@hook=\toks34
\UL@height=\dimen198
\UL@pe=\count318
\UL@pixel=\dimen199
\ULC@box=\box73
Package: ulem 2019/11/18
\ULdepth=\dimen256
) (c:/Users/eoar0001/AppData/Roaming/TinyTeX/texmf-dist/tex/latex/makecell/makecell.sty
Package: makecell 2009/08/03 V0.1e Managing of Tab Column Heads and Cells
\rotheadsize=\dimen257
\c@nlinenum=\count319
\TeXr@lab=\toks35
) (c:/Users/eoar0001/AppData/Roaming/TinyTeX/texmf-dist/tex/latex/bookmark/bookmark.sty
Package: bookmark 2023-12-10 v1.31 PDF bookmarks (HO)
(c:/Users/eoar0001/AppData/Roaming/TinyTeX/texmf-dist/tex/latex/hyperref/hyperref.sty
Package: hyperref 2025-07-12 v7.01o Hypertext links for LaTeX
(c:/Users/eoar0001/AppData/Roaming/TinyTeX/texmf-dist/tex/latex/kvsetkeys/kvsetkeys.sty
Package: kvsetkeys 2022-10-05 v1.19 Key value parser (HO)
) (c:/Users/eoar0001/AppData/Roaming/TinyTeX/texmf-dist/tex/generic/kvdefinekeys/kvdefinekeys.sty
Package: kvdefinekeys 2019-12-19 v1.6 Define keys (HO)
) (c:/Users/eoar0001/AppData/Roaming/TinyTeX/texmf-dist/tex/generic/pdfescape/pdfescape.sty
Package: pdfescape 2019/12/09 v1.15 Implements pdfTeX's escape features (HO)
(c:/Users/eoar0001/AppData/Roaming/TinyTeX/texmf-dist/tex/generic/ltxcmds/ltxcmds.sty
Package: ltxcmds 2023-12-04 v1.26 LaTeX kernel commands for general use (HO)
) (c:/Users/eoar0001/AppData/Roaming/TinyTeX/texmf-dist/tex/generic/pdftexcmds/pdftexcmds.sty
Package: pdftexcmds 2020-06-27 v0.33 Utility functions of pdfTeX for LuaTeX (HO)
(c:/Users/eoar0001/AppData/Roaming/TinyTeX/texmf-dist/tex/generic/infwarerr/infwarerr.sty
Package: infwarerr 2019/12/03 v1.5 Providing info/warning/error messages (HO)
)
Package pdftexcmds Info: \pdf@primitive is available.
Package pdftexcmds Info: \pdf@ifprimitive is available.
Package pdftexcmds Info: \pdfdraftmode found.
)) (c:/Users/eoar0001/AppData/Roaming/TinyTeX/texmf-dist/tex/latex/hycolor/hycolor.sty
Package: hycolor 2020-01-27 v1.10 Color options for hyperref/bookmark (HO)
) (c:/Users/eoar0001/AppData/Roaming/TinyTeX/texmf-dist/tex/latex/hyperref/nameref.sty
Package: nameref 2025-06-21 v2.57 Cross-referencing by name of section
(c:/Users/eoar0001/AppData/Roaming/TinyTeX/texmf-dist/tex/latex/refcount/refcount.sty
Package: refcount 2019/12/15 v3.6 Data extraction from label references (HO)
) (c:/Users/eoar0001/AppData/Roaming/TinyTeX/texmf-dist/tex/generic/gettitlestring/gettitlestring.sty
Package: gettitlestring 2019/12/15 v1.6 Cleanup title references (HO)
(c:/Users/eoar0001/AppData/Roaming/TinyTeX/texmf-dist/tex/latex/kvoptions/kvoptions.sty
Package: kvoptions 2022-06-15 v3.15 Key value format for package options (HO)
))
\c@section@level=\count320
) (c:/Users/eoar0001/AppData/Roaming/TinyTeX/texmf-dist/tex/latex/etoolbox/etoolbox.sty
Package: etoolbox 2025/10/02 v2.5m e-TeX tools for LaTeX (JAW)
\etb@tempcnta=\count321
) (c:/Users/eoar0001/AppData/Roaming/TinyTeX/texmf-dist/tex/generic/stringenc/stringenc.sty
Package: stringenc 2019/11/29 v1.12 Convert strings between diff. encodings (HO)
)
\@linkdim=\dimen258
\Hy@linkcounter=\count322
\Hy@pagecounter=\count323
(c:/Users/eoar0001/AppData/Roaming/TinyTeX/texmf-dist/tex/latex/hyperref/pd1enc.def
File: pd1enc.def 2025-07-12 v7.01o Hyperref: PDFDocEncoding definition (HO)
Now handling font encoding PD1 ...
... no UTF-8 mapping file for font encoding PD1
) (c:/Users/eoar0001/AppData/Roaming/TinyTeX/texmf-dist/tex/generic/intcalc/intcalc.sty
Package: intcalc 2019/12/15 v1.3 Expandable calculations with integers (HO)
)
\Hy@SavedSpaceFactor=\count324
(c:/Users/eoar0001/AppData/Roaming/TinyTeX/texmf-dist/tex/latex/hyperref/puenc.def
File: puenc.def 2025-07-12 v7.01o Hyperref: PDF Unicode definition (HO)
Now handling font encoding PU ...
... no UTF-8 mapping file for font encoding PU
)
Package hyperref Info: Option `unicode' set `true' on input line 4066.
Package hyperref Info: Hyper figures OFF on input line 4195.
Package hyperref Info: Link nesting OFF on input line 4200.
Package hyperref Info: Hyper index ON on input line 4203.
Package hyperref Info: Plain pages OFF on input line 4210.
Package hyperref Info: Backreferencing OFF on input line 4215.
Package hyperref Info: Implicit mode ON; LaTeX internals redefined.
Package hyperref Info: Bookmarks ON on input line 4462.
\c@Hy@tempcnt=\count325
(c:/Users/eoar0001/AppData/Roaming/TinyTeX/texmf-dist/tex/latex/url/url.sty
\Urlmuskip=\muskip18
Package: url 2013/09/16  ver 3.4  Verb mode for urls, etc.
)
LaTeX Info: Redefining \url on input line 4801.
\XeTeXLinkMargin=\dimen259
(c:/Users/eoar0001/AppData/Roaming/TinyTeX/texmf-dist/tex/generic/bitset/bitset.sty
Package: bitset 2019/12/09 v1.3 Handle bit-vector datatype (HO)
(c:/Users/eoar0001/AppData/Roaming/TinyTeX/texmf-dist/tex/generic/bigintcalc/bigintcalc.sty
Package: bigintcalc 2019/12/15 v1.5 Expandable calculations on big integers (HO)
))
\Fld@menulength=\count326
\Field@Width=\dimen260
\Fld@charsize=\dimen261
Package hyperref Info: Hyper figures OFF on input line 6078.
Package hyperref Info: Link nesting OFF on input line 6083.
Package hyperref Info: Hyper index ON on input line 6086.
Package hyperref Info: backreferencing OFF on input line 6093.
Package hyperref Info: Link coloring OFF on input line 6098.
Package hyperref Info: Link coloring with OCG OFF on input line 6103.
Package hyperref Info: PDF/A mode OFF on input line 6108.
\Hy@abspage=\count327
\c@Item=\count328
\c@Hfootnote=\count329
)
Package hyperref Info: Driver (autodetected): hpdftex.
(c:/Users/eoar0001/AppData/Roaming/TinyTeX/texmf-dist/tex/latex/hyperref/hpdftex.def
File: hpdftex.def 2025-07-12 v7.01o Hyperref driver for pdfTeX
\Fld@listcount=\count330
\c@bookmark@seq@number=\count331
(c:/Users/eoar0001/AppData/Roaming/TinyTeX/texmf-dist/tex/latex/rerunfilecheck/rerunfilecheck.sty
Package: rerunfilecheck 2025-06-21 v1.11 Rerun checks for auxiliary files (HO)
(c:/Users/eoar0001/AppData/Roaming/TinyTeX/texmf-dist/tex/generic/uniquecounter/uniquecounter.sty
Package: uniquecounter 2019/12/15 v1.4 Provide unlimited unique counter (HO)
)
Package uniquecounter Info: New unique counter `rerunfilecheck' on input line 284.
)
\Hy@SectionHShift=\skip66
) (c:/Users/eoar0001/AppData/Roaming/TinyTeX/texmf-dist/tex/latex/bookmark/bkm-pdftex.def
File: bkm-pdftex.def 2023-12-10 v1.31 bookmark driver for pdfTeX and luaTeX (HO)
\BKM@id=\count332
))
LaTeX Font Info:    Trying to load font information for T1+lmr on input line 87.
(c:/Users/eoar0001/AppData/Roaming/TinyTeX/texmf-dist/tex/latex/lm/t1lmr.fd
File: t1lmr.fd 2015/05/01 v1.6.1 Font defs for Latin Modern
) (c:/Users/eoar0001/AppData/Roaming/TinyTeX/texmf-dist/tex/latex/l3backend/l3backend-pdftex.def
File: l3backend-pdftex.def 2025-10-09 L3 backend support: PDF output (pdfTeX)
\l__color_backend_stack_int=\count333
) (./control.aux

LaTeX Warning: Label `tab:unnamed-chunk-72' multiply defined.


LaTeX Warning: Label `tab:unnamed-chunk-72' multiply defined.


LaTeX Warning: Label `tab:unnamed-chunk-72' multiply defined.


LaTeX Warning: Label `tab:unnamed-chunk-72' multiply defined.


LaTeX Warning: Label `tab:unnamed-chunk-72' multiply defined.


LaTeX Warning: Label `tab:unnamed-chunk-72' multiply defined.


LaTeX Warning: Label `tab:unnamed-chunk-72' multiply defined.


LaTeX Warning: Label `tab:unnamed-chunk-72' multiply defined.


LaTeX Warning: Label `tab:unnamed-chunk-72' multiply defined.


LaTeX Warning: Label `tab:unnamed-chunk-72' multiply defined.


LaTeX Warning: Label `tab:unnamed-chunk-72' multiply defined.


LaTeX Warning: Label `tab:unnamed-chunk-72' multiply defined.


LaTeX Warning: Label `tab:unnamed-chunk-72' multiply defined.


LaTeX Warning: Label `tab:unnamed-chunk-72' multiply defined.


LaTeX Warning: Label `tab:unnamed-chunk-72' multiply defined.


LaTeX Warning: Label `tab:unnamed-chunk-72' multiply defined.


LaTeX Warning: Label `tab:unnamed-chunk-72' multiply defined.


LaTeX Warning: Label `tab:unnamed-chunk-72' multiply defined.


LaTeX Warning: Label `tab:unnamed-chunk-72' multiply defined.


LaTeX Warning: Label `tab:unnamed-chunk-72' multiply defined.


LaTeX Warning: Label `tab:unnamed-chunk-72' multiply defined.


LaTeX Warning: Label `tab:unnamed-chunk-72' multiply defined.


LaTeX Warning: Label `tab:unnamed-chunk-72' multiply defined.


LaTeX Warning: Label `tab:unnamed-chunk-72' multiply defined.


LaTeX Warning: Label `tab:unnamed-chunk-72' multiply defined.


LaTeX Warning: Label `tab:unnamed-chunk-72' multiply defined.


LaTeX Warning: Label `tab:unnamed-chunk-72' multiply defined.


LaTeX Warning: Label `tab:unnamed-chunk-72' multiply defined.


LaTeX Warning: Label `tab:unnamed-chunk-72' multiply defined.


LaTeX Warning: Label `tab:unnamed-chunk-72' multiply defined.


LaTeX Warning: Label `tab:unnamed-chunk-72' multiply defined.


LaTeX Warning: Label `tab:unnamed-chunk-72' multiply defined.


LaTeX Warning: Label `tab:unnamed-chunk-72' multiply defined.


LaTeX Warning: Label `tab:unnamed-chunk-72' multiply defined.


LaTeX Warning: Label `tab:unnamed-chunk-72' multiply defined.


LaTeX Warning: Label `tab:unnamed-chunk-72' multiply defined.


LaTeX Warning: Label `tab:unnamed-chunk-72' multiply defined.


LaTeX Warning: Label `tab:unnamed-chunk-72' multiply defined.


LaTeX Warning: Label `tab:unnamed-chunk-72' multiply defined.


LaTeX Warning: Label `tab:unnamed-chunk-72' multiply defined.


LaTeX Warning: Label `tab:unnamed-chunk-72' multiply defined.


LaTeX Warning: Label `tab:unnamed-chunk-72' multiply defined.


LaTeX Warning: Label `tab:unnamed-chunk-72' multiply defined.


LaTeX Warning: Label `tab:unnamed-chunk-72' multiply defined.


LaTeX Warning: Label `tab:unnamed-chunk-72' multiply defined.


LaTeX Warning: Label `tab:unnamed-chunk-72' multiply defined.


LaTeX Warning: Label `tab:unnamed-chunk-72' multiply defined.


LaTeX Warning: Label `tab:unnamed-chunk-72' multiply defined.


LaTeX Warning: Label `tab:unnamed-chunk-72' multiply defined.


LaTeX Warning: Label `tab:unnamed-chunk-72' multiply defined.


LaTeX Warning: Label `tab:unnamed-chunk-72' multiply defined.


LaTeX Warning: Label `tab:unnamed-chunk-72' multiply defined.


LaTeX Warning: Label `tab:unnamed-chunk-72' multiply defined.


LaTeX Warning: Label `tab:unnamed-chunk-72' multiply defined.


LaTeX Warning: Label `tab:unnamed-chunk-72' multiply defined.


LaTeX Warning: Label `tab:unnamed-chunk-72' multiply defined.


LaTeX Warning: Label `tab:unnamed-chunk-72' multiply defined.


LaTeX Warning: Label `tab:unnamed-chunk-72' multiply defined.


LaTeX Warning: Label `tab:unnamed-chunk-72' multiply defined.


LaTeX Warning: Label `tab:unnamed-chunk-72' multiply defined.


LaTeX Warning: Label `tab:unnamed-chunk-72' multiply defined.


LaTeX Warning: Label `tab:unnamed-chunk-72' multiply defined.


LaTeX Warning: Label `tab:unnamed-chunk-72' multiply defined.


LaTeX Warning: Label `tab:unnamed-chunk-72' multiply defined.


LaTeX Warning: Label `tab:unnamed-chunk-72' multiply defined.


LaTeX Warning: Label `tab:unnamed-chunk-72' multiply defined.


LaTeX Warning: Label `tab:unnamed-chunk-72' multiply defined.


LaTeX Warning: Label `tab:unnamed-chunk-72' multiply defined.


LaTeX Warning: Label `tab:unnamed-chunk-72' multiply defined.


LaTeX Warning: Label `tab:unnamed-chunk-72' multiply defined.


LaTeX Warning: Label `tab:unnamed-chunk-72' multiply defined.


LaTeX Warning: Label `tab:unnamed-chunk-72' multiply defined.


LaTeX Warning: Label `tab:unnamed-chunk-72' multiply defined.


LaTeX Warning: Label `tab:unnamed-chunk-72' multiply defined.


LaTeX Warning: Label `tab:unnamed-chunk-72' multiply defined.


LaTeX Warning: Label `tab:unnamed-chunk-72' multiply defined.


LaTeX Warning: Label `tab:unnamed-chunk-72' multiply defined.


LaTeX Warning: Label `tab:unnamed-chunk-72' multiply defined.


LaTeX Warning: Label `tab:unnamed-chunk-72' multiply defined.


LaTeX Warning: Label `tab:unnamed-chunk-72' multiply defined.


LaTeX Warning: Label `tab:unnamed-chunk-72' multiply defined.


LaTeX Warning: Label `tab:unnamed-chunk-72' multiply defined.


LaTeX Warning: Label `tab:unnamed-chunk-72' multiply defined.


LaTeX Warning: Label `tab:unnamed-chunk-72' multiply defined.


LaTeX Warning: Label `tab:unnamed-chunk-72' multiply defined.


LaTeX Warning: Label `tab:unnamed-chunk-72' multiply defined.


LaTeX Warning: Label `tab:unnamed-chunk-72' multiply defined.


LaTeX Warning: Label `tab:unnamed-chunk-72' multiply defined.


LaTeX Warning: Label `tab:unnamed-chunk-72' multiply defined.


LaTeX Warning: Label `tab:unnamed-chunk-72' multiply defined.


LaTeX Warning: Label `tab:unnamed-chunk-72' multiply defined.


LaTeX Warning: Label `tab:unnamed-chunk-72' multiply defined.


LaTeX Warning: Label `tab:unnamed-chunk-72' multiply defined.


LaTeX Warning: Label `tab:unnamed-chunk-72' multiply defined.


LaTeX Warning: Label `tab:unnamed-chunk-72' multiply defined.


LaTeX Warning: Label `tab:unnamed-chunk-72' multiply defined.


LaTeX Warning: Label `tab:unnamed-chunk-72' multiply defined.


LaTeX Warning: Label `tab:unnamed-chunk-72' multiply defined.


LaTeX Warning: Label `tab:unnamed-chunk-72' multiply defined.


LaTeX Warning: Label `tab:unnamed-chunk-72' multiply defined.


LaTeX Warning: Label `tab:unnamed-chunk-72' multiply defined.


LaTeX Warning: Label `tab:unnamed-chunk-72' multiply defined.


LaTeX Warning: Label `tab:unnamed-chunk-72' multiply defined.


LaTeX Warning: Label `tab:unnamed-chunk-72' multiply defined.


LaTeX Warning: Label `tab:unnamed-chunk-72' multiply defined.


LaTeX Warning: Label `tab:unnamed-chunk-72' multiply defined.


LaTeX Warning: Label `tab:unnamed-chunk-72' multiply defined.


LaTeX Warning: Label `tab:unnamed-chunk-72' multiply defined.


LaTeX Warning: Label `tab:unnamed-chunk-72' multiply defined.


LaTeX Warning: Label `tab:unnamed-chunk-72' multiply defined.


LaTeX Warning: Label `tab:unnamed-chunk-72' multiply defined.


LaTeX Warning: Label `tab:unnamed-chunk-72' multiply defined.


LaTeX Warning: Label `tab:unnamed-chunk-72' multiply defined.


LaTeX Warning: Label `tab:unnamed-chunk-72' multiply defined.


LaTeX Warning: Label `tab:unnamed-chunk-72' multiply defined.


LaTeX Warning: Label `tab:unnamed-chunk-72' multiply defined.


LaTeX Warning: Label `tab:unnamed-chunk-72' multiply defined.


LaTeX Warning: Label `tab:unnamed-chunk-72' multiply defined.


LaTeX Warning: Label `tab:unnamed-chunk-72' multiply defined.


LaTeX Warning: Label `tab:unnamed-chunk-72' multiply defined.


LaTeX Warning: Label `tab:unnamed-chunk-72' multiply defined.


LaTeX Warning: Label `tab:unnamed-chunk-72' multiply defined.


LaTeX Warning: Label `tab:unnamed-chunk-72' multiply defined.


LaTeX Warning: Label `tab:unnamed-chunk-72' multiply defined.


LaTeX Warning: Label `tab:unnamed-chunk-72' multiply defined.


LaTeX Warning: Label `tab:unnamed-chunk-72' multiply defined.


LaTeX Warning: Label `tab:unnamed-chunk-72' multiply defined.


LaTeX Warning: Label `tab:unnamed-chunk-72' multiply defined.


LaTeX Warning: Label `tab:unnamed-chunk-72' multiply defined.


LaTeX Warning: Label `tab:unnamed-chunk-72' multiply defined.


LaTeX Warning: Label `tab:unnamed-chunk-72' multiply defined.


LaTeX Warning: Label `tab:unnamed-chunk-72' multiply defined.


LaTeX Warning: Label `tab:unnamed-chunk-72' multiply defined.


LaTeX Warning: Label `tab:unnamed-chunk-72' multiply defined.


LaTeX Warning: Label `tab:unnamed-chunk-72' multiply defined.


LaTeX Warning: Label `tab:unnamed-chunk-72' multiply defined.


LaTeX Warning: Label `tab:unnamed-chunk-72' multiply defined.


LaTeX Warning: Label `tab:unnamed-chunk-72' multiply defined.


LaTeX Warning: Label `tab:unnamed-chunk-72' multiply defined.


LaTeX Warning: Label `tab:unnamed-chunk-72' multiply defined.


LaTeX Warning: Label `tab:unnamed-chunk-72' multiply defined.


LaTeX Warning: Label `tab:unnamed-chunk-72' multiply defined.


LaTeX Warning: Label `tab:unnamed-chunk-72' multiply defined.


LaTeX Warning: Label `tab:unnamed-chunk-72' multiply defined.


LaTeX Warning: Label `tab:unnamed-chunk-72' multiply defined.


LaTeX Warning: Label `tab:unnamed-chunk-72' multiply defined.


LaTeX Warning: Label `tab:unnamed-chunk-72' multiply defined.


LaTeX Warning: Label `tab:unnamed-chunk-72' multiply defined.


LaTeX Warning: Label `tab:unnamed-chunk-72' multiply defined.


LaTeX Warning: Label `tab:unnamed-chunk-72' multiply defined.


LaTeX Warning: Label `tab:unnamed-chunk-72' multiply defined.


LaTeX Warning: Label `tab:unnamed-chunk-72' multiply defined.


LaTeX Warning: Label `tab:unnamed-chunk-72' multiply defined.


LaTeX Warning: Label `tab:unnamed-chunk-72' multiply defined.


LaTeX Warning: Label `tab:unnamed-chunk-72' multiply defined.


LaTeX Warning: Label `tab:unnamed-chunk-72' multiply defined.


LaTeX Warning: Label `tab:unnamed-chunk-72' multiply defined.


LaTeX Warning: Label `tab:unnamed-chunk-72' multiply defined.


LaTeX Warning: Label `tab:unnamed-chunk-72' multiply defined.


LaTeX Warning: Label `tab:unnamed-chunk-72' multiply defined.


LaTeX Warning: Label `tab:unnamed-chunk-72' multiply defined.


LaTeX Warning: Label `tab:unnamed-chunk-72' multiply defined.


LaTeX Warning: Label `tab:unnamed-chunk-72' multiply defined.


LaTeX Warning: Label `tab:unnamed-chunk-72' multiply defined.


LaTeX Warning: Label `tab:unnamed-chunk-72' multiply defined.


LaTeX Warning: Label `tab:unnamed-chunk-72' multiply defined.


LaTeX Warning: Label `tab:unnamed-chunk-72' multiply defined.


LaTeX Warning: Label `tab:unnamed-chunk-72' multiply defined.


LaTeX Warning: Label `tab:unnamed-chunk-72' multiply defined.


LaTeX Warning: Label `tab:unnamed-chunk-72' multiply defined.


LaTeX Warning: Label `tab:unnamed-chunk-72' multiply defined.


LaTeX Warning: Label `tab:unnamed-chunk-72' multiply defined.


LaTeX Warning: Label `tab:unnamed-chunk-72' multiply defined.


LaTeX Warning: Label `tab:unnamed-chunk-72' multiply defined.


LaTeX Warning: Label `tab:unnamed-chunk-72' multiply defined.


LaTeX Warning: Label `tab:unnamed-chunk-72' multiply defined.


LaTeX Warning: Label `tab:unnamed-chunk-72' multiply defined.


LaTeX Warning: Label `tab:unnamed-chunk-72' multiply defined.


LaTeX Warning: Label `tab:unnamed-chunk-72' multiply defined.


LaTeX Warning: Label `tab:unnamed-chunk-72' multiply defined.


LaTeX Warning: Label `tab:unnamed-chunk-72' multiply defined.


LaTeX Warning: Label `tab:unnamed-chunk-72' multiply defined.


LaTeX Warning: Label `tab:unnamed-chunk-72' multiply defined.


LaTeX Warning: Label `tab:unnamed-chunk-72' multiply defined.


LaTeX Warning: Label `tab:unnamed-chunk-72' multiply defined.


LaTeX Warning: Label `tab:unnamed-chunk-72' multiply defined.


LaTeX Warning: Label `tab:unnamed-chunk-72' multiply defined.


LaTeX Warning: Label `tab:unnamed-chunk-72' multiply defined.


LaTeX Warning: Label `tab:unnamed-chunk-72' multiply defined.


LaTeX Warning: Label `tab:unnamed-chunk-72' multiply defined.


LaTeX Warning: Label `tab:unnamed-chunk-72' multiply defined.


LaTeX Warning: Label `tab:unnamed-chunk-72' multiply defined.


LaTeX Warning: Label `tab:unnamed-chunk-72' multiply defined.


LaTeX Warning: Label `tab:unnamed-chunk-72' multiply defined.


LaTeX Warning: Label `tab:unnamed-chunk-72' multiply defined.


LaTeX Warning: Label `tab:unnamed-chunk-72' multiply defined.


LaTeX Warning: Label `tab:unnamed-chunk-72' multiply defined.


LaTeX Warning: Label `tab:unnamed-chunk-72' multiply defined.


LaTeX Warning: Label `tab:unnamed-chunk-72' multiply defined.


LaTeX Warning: Label `tab:unnamed-chunk-72' multiply defined.


LaTeX Warning: Label `tab:unnamed-chunk-72' multiply defined.


LaTeX Warning: Label `tab:unnamed-chunk-72' multiply defined.


LaTeX Warning: Label `tab:unnamed-chunk-72' multiply defined.


LaTeX Warning: Label `tab:unnamed-chunk-72' multiply defined.


LaTeX Warning: Label `tab:unnamed-chunk-72' multiply defined.


LaTeX Warning: Label `tab:unnamed-chunk-72' multiply defined.


LaTeX Warning: Label `tab:unnamed-chunk-72' multiply defined.


LaTeX Warning: Label `tab:unnamed-chunk-72' multiply defined.


LaTeX Warning: Label `tab:unnamed-chunk-72' multiply defined.


LaTeX Warning: Label `tab:unnamed-chunk-72' multiply defined.


LaTeX Warning: Label `tab:unnamed-chunk-72' multiply defined.


LaTeX Warning: Label `tab:unnamed-chunk-72' multiply defined.


LaTeX Warning: Label `tab:unnamed-chunk-72' multiply defined.


LaTeX Warning: Label `tab:unnamed-chunk-72' multiply defined.


LaTeX Warning: Label `tab:unnamed-chunk-72' multiply defined.


LaTeX Warning: Label `tab:unnamed-chunk-72' multiply defined.


LaTeX Warning: Label `tab:unnamed-chunk-72' multiply defined.


LaTeX Warning: Label `tab:unnamed-chunk-72' multiply defined.


LaTeX Warning: Label `tab:unnamed-chunk-72' multiply defined.


LaTeX Warning: Label `tab:unnamed-chunk-72' multiply defined.


LaTeX Warning: Label `tab:unnamed-chunk-72' multiply defined.


LaTeX Warning: Label `tab:unnamed-chunk-72' multiply defined.


LaTeX Warning: Label `tab:unnamed-chunk-72' multiply defined.


LaTeX Warning: Label `tab:unnamed-chunk-72' multiply defined.


LaTeX Warning: Label `tab:unnamed-chunk-72' multiply defined.


LaTeX Warning: Label `tab:unnamed-chunk-72' multiply defined.


LaTeX Warning: Label `tab:unnamed-chunk-72' multiply defined.


LaTeX Warning: Label `tab:unnamed-chunk-72' multiply defined.


LaTeX Warning: Label `tab:unnamed-chunk-72' multiply defined.


LaTeX Warning: Label `tab:unnamed-chunk-72' multiply defined.


LaTeX Warning: Label `tab:unnamed-chunk-72' multiply defined.


LaTeX Warning: Label `tab:unnamed-chunk-72' multiply defined.


LaTeX Warning: Label `tab:unnamed-chunk-72' multiply defined.


LaTeX Warning: Label `tab:unnamed-chunk-72' multiply defined.


LaTeX Warning: Label `tab:unnamed-chunk-72' multiply defined.


LaTeX Warning: Label `tab:unnamed-chunk-72' multiply defined.


LaTeX Warning: Label `tab:unnamed-chunk-72' multiply defined.


LaTeX Warning: Label `tab:unnamed-chunk-72' multiply defined.


LaTeX Warning: Label `tab:unnamed-chunk-72' multiply defined.


LaTeX Warning: Label `tab:unnamed-chunk-72' multiply defined.


LaTeX Warning: Label `tab:unnamed-chunk-72' multiply defined.


LaTeX Warning: Label `tab:unnamed-chunk-72' multiply defined.


LaTeX Warning: Label `tab:unnamed-chunk-72' multiply defined.


LaTeX Warning: Label `tab:unnamed-chunk-72' multiply defined.


LaTeX Warning: Label `tab:unnamed-chunk-72' multiply defined.


LaTeX Warning: Label `tab:unnamed-chunk-72' multiply defined.


LaTeX Warning: Label `tab:unnamed-chunk-72' multiply defined.


LaTeX Warning: Label `tab:unnamed-chunk-72' multiply defined.


LaTeX Warning: Label `tab:unnamed-chunk-72' multiply defined.


LaTeX Warning: Label `tab:unnamed-chunk-72' multiply defined.


LaTeX Warning: Label `tab:unnamed-chunk-72' multiply defined.


LaTeX Warning: Label `tab:unnamed-chunk-72' multiply defined.


LaTeX Warning: Label `tab:unnamed-chunk-72' multiply defined.


LaTeX Warning: Label `tab:unnamed-chunk-72' multiply defined.


LaTeX Warning: Label `tab:unnamed-chunk-72' multiply defined.


LaTeX Warning: Label `tab:unnamed-chunk-72' multiply defined.


LaTeX Warning: Label `tab:unnamed-chunk-72' multiply defined.


LaTeX Warning: Label `tab:unnamed-chunk-72' multiply defined.


LaTeX Warning: Label `tab:unnamed-chunk-72' multiply defined.


LaTeX Warning: Label `tab:unnamed-chunk-72' multiply defined.


LaTeX Warning: Label `tab:unnamed-chunk-72' multiply defined.


LaTeX Warning: Label `tab:unnamed-chunk-72' multiply defined.


LaTeX Warning: Label `tab:unnamed-chunk-72' multiply defined.


LaTeX Warning: Label `tab:unnamed-chunk-72' multiply defined.


LaTeX Warning: Label `tab:unnamed-chunk-72' multiply defined.


LaTeX Warning: Label `tab:unnamed-chunk-72' multiply defined.


LaTeX Warning: Label `tab:unnamed-chunk-72' multiply defined.


LaTeX Warning: Label `tab:unnamed-chunk-72' multiply defined.


LaTeX Warning: Label `tab:unnamed-chunk-72' multiply defined.


LaTeX Warning: Label `tab:unnamed-chunk-72' multiply defined.


LaTeX Warning: Label `tab:unnamed-chunk-72' multiply defined.


LaTeX Warning: Label `tab:unnamed-chunk-72' multiply defined.


LaTeX Warning: Label `tab:unnamed-chunk-72' multiply defined.


LaTeX Warning: Label `tab:unnamed-chunk-72' multiply defined.


LaTeX Warning: Label `tab:unnamed-chunk-72' multiply defined.


LaTeX Warning: Label `tab:unnamed-chunk-72' multiply defined.


LaTeX Warning: Label `tab:unnamed-chunk-72' multiply defined.


LaTeX Warning: Label `tab:unnamed-chunk-72' multiply defined.


LaTeX Warning: Label `tab:unnamed-chunk-72' multiply defined.


LaTeX Warning: Label `tab:unnamed-chunk-72' multiply defined.


LaTeX Warning: Label `tab:unnamed-chunk-72' multiply defined.


LaTeX Warning: Label `tab:unnamed-chunk-72' multiply defined.


LaTeX Warning: Label `tab:unnamed-chunk-72' multiply defined.


LaTeX Warning: Label `tab:unnamed-chunk-72' multiply defined.


LaTeX Warning: Label `tab:unnamed-chunk-72' multiply defined.


LaTeX Warning: Label `tab:unnamed-chunk-72' multiply defined.


LaTeX Warning: Label `tab:unnamed-chunk-72' multiply defined.


LaTeX Warning: Label `tab:unnamed-chunk-72' multiply defined.


LaTeX Warning: Label `tab:unnamed-chunk-72' multiply defined.


LaTeX Warning: Label `tab:unnamed-chunk-72' multiply defined.


LaTeX Warning: Label `tab:unnamed-chunk-72' multiply defined.


LaTeX Warning: Label `tab:unnamed-chunk-72' multiply defined.


LaTeX Warning: Label `tab:unnamed-chunk-72' multiply defined.


LaTeX Warning: Label `tab:unnamed-chunk-72' multiply defined.


LaTeX Warning: Label `tab:unnamed-chunk-72' multiply defined.


LaTeX Warning: Label `tab:unnamed-chunk-72' multiply defined.


LaTeX Warning: Label `tab:unnamed-chunk-72' multiply defined.


LaTeX Warning: Label `tab:unnamed-chunk-72' multiply defined.


LaTeX Warning: Label `tab:unnamed-chunk-72' multiply defined.


LaTeX Warning: Label `tab:unnamed-chunk-72' multiply defined.


LaTeX Warning: Label `tab:unnamed-chunk-72' multiply defined.


LaTeX Warning: Label `tab:unnamed-chunk-72' multiply defined.


LaTeX Warning: Label `tab:unnamed-chunk-72' multiply defined.


LaTeX Warning: Label `tab:unnamed-chunk-72' multiply defined.


LaTeX Warning: Label `tab:unnamed-chunk-72' multiply defined.


LaTeX Warning: Label `tab:unnamed-chunk-72' multiply defined.


LaTeX Warning: Label `tab:unnamed-chunk-72' multiply defined.


LaTeX Warning: Label `tab:unnamed-chunk-72' multiply defined.


LaTeX Warning: Label `tab:unnamed-chunk-72' multiply defined.


LaTeX Warning: Label `tab:unnamed-chunk-72' multiply defined.


LaTeX Warning: Label `tab:unnamed-chunk-72' multiply defined.


LaTeX Warning: Label `tab:unnamed-chunk-72' multiply defined.


LaTeX Warning: Label `tab:unnamed-chunk-72' multiply defined.


LaTeX Warning: Label `tab:unnamed-chunk-72' multiply defined.


LaTeX Warning: Label `tab:unnamed-chunk-72' multiply defined.


LaTeX Warning: Label `tab:unnamed-chunk-72' multiply defined.


LaTeX Warning: Label `tab:unnamed-chunk-72' multiply defined.


LaTeX Warning: Label `tab:unnamed-chunk-72' multiply defined.


LaTeX Warning: Label `tab:unnamed-chunk-72' multiply defined.


LaTeX Warning: Label `tab:unnamed-chunk-72' multiply defined.


LaTeX Warning: Label `tab:unnamed-chunk-72' multiply defined.


LaTeX Warning: Label `tab:unnamed-chunk-72' multiply defined.

)
\openout1 = `control.aux'.

LaTeX Font Info:    Checking defaults for OML/cmm/m/it on input line 87.
LaTeX Font Info:    ... okay on input line 87.
LaTeX Font Info:    Checking defaults for OMS/cmsy/m/n on input line 87.
LaTeX Font Info:    ... okay on input line 87.
LaTeX Font Info:    Checking defaults for OT1/cmr/m/n on input line 87.
LaTeX Font Info:    ... okay on input line 87.
LaTeX Font Info:    Checking defaults for T1/cmr/m/n on input line 87.
LaTeX Font Info:    ... okay on input line 87.
LaTeX Font Info:    Checking defaults for TS1/cmr/m/n on input line 87.
LaTeX Font Info:    ... okay on input line 87.
LaTeX Font Info:    Checking defaults for OMX/cmex/m/n on input line 87.
LaTeX Font Info:    ... okay on input line 87.
LaTeX Font Info:    Checking defaults for U/cmr/m/n on input line 87.
LaTeX Font Info:    ... okay on input line 87.
LaTeX Font Info:    Checking defaults for PD1/pdf/m/n on input line 87.
LaTeX Font Info:    ... okay on input line 87.
LaTeX Font Info:    Checking defaults for PU/pdf/m/n on input line 87.
LaTeX Font Info:    ... okay on input line 87.
(c:/Users/eoar0001/AppData/Roaming/TinyTeX/texmf-dist/tex/latex/epstopdf-pkg/epstopdf-base.sty
Package: epstopdf-base 2020-01-24 v2.11 Base part for package epstopdf
Package epstopdf-base Info: Redefining graphics rule for `.eps' on input line 485.
(c:/Users/eoar0001/AppData/Roaming/TinyTeX/texmf-dist/tex/latex/latexconfig/epstopdf-sys.cfg
File: epstopdf-sys.cfg 2010/07/13 v1.3 Configuration of (r)epstopdf for TeX Live
))
*geometry* driver: auto-detecting
*geometry* detected driver: pdftex
*geometry* verbose mode - [ preamble ] result:
* driver: pdftex
* paper: <default>
* layout: <same size as paper>
* layoutoffset:(h,v)=(0.0pt,0.0pt)
* modes: 
* h-part:(L,W,R)=(72.26999pt, 469.75502pt, 72.26999pt)
* v-part:(T,H,B)=(72.26999pt, 650.43001pt, 72.26999pt)
* \paperwidth=614.295pt
* \paperheight=794.96999pt
* \textwidth=469.75502pt
* \textheight=650.43001pt
* \oddsidemargin=0.0pt
* \evensidemargin=0.0pt
* \topmargin=-37.0pt
* \headheight=12.0pt
* \headsep=25.0pt
* \topskip=10.0pt
* \footskip=30.0pt
* \marginparwidth=65.0pt
* \marginparsep=11.0pt
* \columnsep=10.0pt
* \skip\footins=9.0pt plus 4.0pt minus 2.0pt
* \hoffset=0.0pt
* \voffset=0.0pt
* \mag=1000
* \@twocolumnfalse
* \@twosidefalse
* \@mparswitchfalse
* \@reversemarginfalse
* (1in=72.27pt=25.4mm, 1cm=28.453pt)

Package hyperref Info: Link coloring OFF on input line 87.
LaTeX Font Info:    Trying to load font information for OT1+lmr on input line 89.
(c:/Users/eoar0001/AppData/Roaming/TinyTeX/texmf-dist/tex/latex/lm/ot1lmr.fd
File: ot1lmr.fd 2015/05/01 v1.6.1 Font defs for Latin Modern
)
LaTeX Font Info:    Trying to load font information for OML+lmm on input line 89.
(c:/Users/eoar0001/AppData/Roaming/TinyTeX/texmf-dist/tex/latex/lm/omllmm.fd
File: omllmm.fd 2015/05/01 v1.6.1 Font defs for Latin Modern
)
LaTeX Font Info:    Trying to load font information for OMS+lmsy on input line 89.
(c:/Users/eoar0001/AppData/Roaming/TinyTeX/texmf-dist/tex/latex/lm/omslmsy.fd
File: omslmsy.fd 2015/05/01 v1.6.1 Font defs for Latin Modern
)
LaTeX Font Info:    Trying to load font information for OMX+lmex on input line 89.
(c:/Users/eoar0001/AppData/Roaming/TinyTeX/texmf-dist/tex/latex/lm/omxlmex.fd
File: omxlmex.fd 2015/05/01 v1.6.1 Font defs for Latin Modern
)
LaTeX Font Info:    External font `lmex10' loaded for size
(Font)              <12> on input line 89.
LaTeX Font Info:    External font `lmex10' loaded for size
(Font)              <8> on input line 89.
LaTeX Font Info:    External font `lmex10' loaded for size
(Font)              <6> on input line 89.
LaTeX Font Info:    Trying to load font information for U+msa on input line 89.
(c:/Users/eoar0001/AppData/Roaming/TinyTeX/texmf-dist/tex/latex/amsfonts/umsa.fd
File: umsa.fd 2013/01/14 v3.01 AMS symbols A
)
LaTeX Font Info:    Trying to load font information for U+msb on input line 89.
(c:/Users/eoar0001/AppData/Roaming/TinyTeX/texmf-dist/tex/latex/amsfonts/umsb.fd
File: umsb.fd 2013/01/14 v3.01 AMS symbols B
) (./control.toc
LaTeX Font Info:    External font `lmex10' loaded for size
(Font)              <10> on input line 2.
LaTeX Font Info:    External font `lmex10' loaded for size
(Font)              <7> on input line 2.
LaTeX Font Info:    External font `lmex10' loaded for size
(Font)              <5> on input line 2.
)
\tf@toc=\write3
\openout3 = `control.toc'.

[1

{c:/Users/eoar0001/AppData/Roaming/TinyTeX/texmf-var/fonts/map/pdftex/updmap/pdftex.map}{c:/Users/eoar0001/AppData/Roaming/TinyTeX/texmf-dist/fonts/enc/dvips/lm/lm-ec.enc}]
LaTeX Font Info:    Trying to load font information for TS1+lmr on input line 109.
(c:/Users/eoar0001/AppData/Roaming/TinyTeX/texmf-dist/tex/latex/lm/ts1lmr.fd
File: ts1lmr.fd 2015/05/01 v1.6.1 Font defs for Latin Modern
) [2{c:/Users/eoar0001/AppData/Roaming/TinyTeX/texmf-dist/fonts/enc/dvips/lm/lm-ts1.enc}] [3]
<control_files/figure-latex/unnamed-chunk-14-1.pdf, id=76, 1084.05pt x 578.16pt>
File: control_files/figure-latex/unnamed-chunk-14-1.pdf Graphic file (type pdf)
<use control_files/figure-latex/unnamed-chunk-14-1.pdf>
Package pdftex.def Info: control_files/figure-latex/unnamed-chunk-14-1.pdf  used on input line 296.
(pdftex.def)             Requested size: 469.75496pt x 250.53596pt.
[4]
Overfull \hbox (0.7802pt too wide) in paragraph at lines 329--329
[]|\T1/lmr/m/n/8 recreational|  
 []

ignored error: Infinite glue shrinkage found in box being split [5 <./control_files/figure-latex/unnamed-chunk-14-1.pdf>]
Overfull \hbox (9.14012pt too wide) in paragraph at lines 345--345
[]|\T1/lmr/bx/n/7 EXP2|  
 []


Overfull \hbox (9.14012pt too wide) in paragraph at lines 345--345
[]|\T1/lmr/bx/n/7 EXP3|  
 []


Overfull \hbox (6.86812pt too wide) in paragraph at lines 345--345
 []|\T1/lmr/bx/n/7 mean|
 []

ignored error: Infinite glue shrinkage found in box being split [6]
ignored error: Infinite glue shrinkage found in box being split [7]
ignored error: Infinite glue shrinkage found in box being split [8] [9]

Package hyperref Warning: Suppressing link with empty target on input line 489.


Package hyperref Warning: Suppressing link with empty target on input line 508.

[10]
Overfull \hbox (0.7802pt too wide) in paragraph at lines 607--607
[]|\T1/lmr/m/n/8 recreational|  
 []


Overfull \hbox (0.7802pt too wide) in paragraph at lines 610--610
[]|\T1/lmr/m/n/8 recreational|  
 []


Overfull \hbox (0.7802pt too wide) in paragraph at lines 612--612
[]|\T1/lmr/m/n/8 recreational|  
 []

ignored error: Infinite glue shrinkage found in box being split [11]
Overfull \hbox (0.7802pt too wide) in paragraph at lines 646--646
[]|\T1/lmr/m/n/8 recreational|  
 []

ignored error: Infinite glue shrinkage found in box being split [12]
Overfull \hbox (0.7802pt too wide) in paragraph at lines 689--689
[]|\T1/lmr/m/n/8 recreational|  
 []


Overfull \hbox (0.7802pt too wide) in paragraph at lines 695--695
[]|\T1/lmr/m/n/8 recreational|  
 []


Overfull \hbox (0.7802pt too wide) in paragraph at lines 702--702
[]|\T1/lmr/m/n/8 recreational|  
 []


Overfull \hbox (7.82127pt too wide) in paragraph at lines 718--719
[]|\T1/lmr/bx/n/8 value|  
 []


Overfull \hbox (0.7802pt too wide) in paragraph at lines 724--724
[]|\T1/lmr/m/n/8 recreational|  
 []

ignored error: Infinite glue shrinkage found in box being split [13]
Overfull \hbox (0.7802pt too wide) in paragraph at lines 763--763
[]|\T1/lmr/m/n/8 recreational|  
 []


Overfull \hbox (0.7802pt too wide) in paragraph at lines 789--789
[]|\T1/lmr/m/n/8 recreational|  
 []

ignored error: Infinite glue shrinkage found in box being split [14]
<control_files/figure-latex/unnamed-chunk-24-1.pdf, id=144, 867.24pt x 361.35pt>
File: control_files/figure-latex/unnamed-chunk-24-1.pdf Graphic file (type pdf)
<use control_files/figure-latex/unnamed-chunk-24-1.pdf>
Package pdftex.def Info: control_files/figure-latex/unnamed-chunk-24-1.pdf  used on input line 817.
(pdftex.def)             Requested size: 469.75827pt x 195.7326pt.
<control_files/figure-latex/unnamed-chunk-25-1.pdf, id=145, 867.24pt x 361.35pt>
File: control_files/figure-latex/unnamed-chunk-25-1.pdf Graphic file (type pdf)
<use control_files/figure-latex/unnamed-chunk-25-1.pdf>
Package pdftex.def Info: control_files/figure-latex/unnamed-chunk-25-1.pdf  used on input line 829.
(pdftex.def)             Requested size: 469.75827pt x 195.7326pt.

Overfull \hbox (0.7802pt too wide) in paragraph at lines 862--862
[]|\T1/lmr/m/n/8 recreational|  
 []

ignored error: Infinite glue shrinkage found in box being split [15] [16] [17 <./control_files/figure-latex/unnamed-chunk-24-1.pdf> <./control_files/figure-latex/unnamed-chunk-25-1.pdf>]
Overfull \hbox (0.7802pt too wide) in paragraph at lines 940--940
[]|\T1/lmr/m/n/8 recreational|  
 []


Overfull \hbox (15.64737pt too wide) in paragraph at lines 942--942
[]|\T1/lmr/m/n/8 pelagic_trawler|  
 []


Overfull \hbox (15.64737pt too wide) in paragraph at lines 944--944
[]|\T1/lmr/m/n/8 pelagic_trawler|  
 []


Overfull \hbox (15.64737pt too wide) in paragraph at lines 946--946
[]|\T1/lmr/m/n/8 pelagic_trawler|  
 []

ignored error: Infinite glue shrinkage found in box being split [18] [19] [20]
<control_files/figure-latex/unnamed-chunk-52-1.pdf, id=190, 867.24pt x 361.35pt>
File: control_files/figure-latex/unnamed-chunk-52-1.pdf Graphic file (type pdf)
<use control_files/figure-latex/unnamed-chunk-52-1.pdf>
Package pdftex.def Info: control_files/figure-latex/unnamed-chunk-52-1.pdf  used on input line 1029.
(pdftex.def)             Requested size: 469.75827pt x 195.7326pt.
<control_files/figure-latex/unnamed-chunk-53-1.pdf, id=191, 867.24pt x 361.35pt>
File: control_files/figure-latex/unnamed-chunk-53-1.pdf Graphic file (type pdf)
<use control_files/figure-latex/unnamed-chunk-53-1.pdf>
Package pdftex.def Info: control_files/figure-latex/unnamed-chunk-53-1.pdf  used on input line 1041.
(pdftex.def)             Requested size: 469.75827pt x 195.7326pt.
<control_files/figure-latex/unnamed-chunk-54-1.pdf, id=192, 867.24pt x 361.35pt>
File: control_files/figure-latex/unnamed-chunk-54-1.pdf Graphic file (type pdf)
<use control_files/figure-latex/unnamed-chunk-54-1.pdf>
Package pdftex.def Info: control_files/figure-latex/unnamed-chunk-54-1.pdf  used on input line 1054.
(pdftex.def)             Requested size: 469.75827pt x 195.7326pt.
<control_files/figure-latex/unnamed-chunk-55-1.pdf, id=193, 867.24pt x 361.35pt>
File: control_files/figure-latex/unnamed-chunk-55-1.pdf Graphic file (type pdf)
<use control_files/figure-latex/unnamed-chunk-55-1.pdf>
Package pdftex.def Info: control_files/figure-latex/unnamed-chunk-55-1.pdf  used on input line 1069.
(pdftex.def)             Requested size: 469.75827pt x 195.7326pt.
<control_files/figure-latex/unnamed-chunk-56-1.pdf, id=194, 867.24pt x 361.35pt>
File: control_files/figure-latex/unnamed-chunk-56-1.pdf Graphic file (type pdf)
<use control_files/figure-latex/unnamed-chunk-56-1.pdf>
Package pdftex.def Info: control_files/figure-latex/unnamed-chunk-56-1.pdf  used on input line 1081.
(pdftex.def)             Requested size: 469.75827pt x 195.7326pt.
[21 <./control_files/figure-latex/unnamed-chunk-52-1.pdf>] [22 <./control_files/figure-latex/unnamed-chunk-53-1.pdf> <./control_files/figure-latex/unnamed-chunk-54-1.pdf>]
<control_files/figure-latex/unnamed-chunk-57-1.pdf, id=241, 867.24pt x 361.35pt>
File: control_files/figure-latex/unnamed-chunk-57-1.pdf Graphic file (type pdf)
<use control_files/figure-latex/unnamed-chunk-57-1.pdf>
Package pdftex.def Info: control_files/figure-latex/unnamed-chunk-57-1.pdf  used on input line 1095.
(pdftex.def)             Requested size: 469.75827pt x 195.7326pt.
[23 <./control_files/figure-latex/unnamed-chunk-55-1.pdf> <./control_files/figure-latex/unnamed-chunk-56-1.pdf>]
<control_files/figure-latex/unnamed-chunk-58-1.pdf, id=272, 867.24pt x 361.35pt>
File: control_files/figure-latex/unnamed-chunk-58-1.pdf Graphic file (type pdf)
<use control_files/figure-latex/unnamed-chunk-58-1.pdf>
Package pdftex.def Info: control_files/figure-latex/unnamed-chunk-58-1.pdf  used on input line 1109.
(pdftex.def)             Requested size: 469.75827pt x 195.7326pt.
<control_files/figure-latex/unnamed-chunk-59-1.pdf, id=273, 867.24pt x 361.35pt>
File: control_files/figure-latex/unnamed-chunk-59-1.pdf Graphic file (type pdf)
<use control_files/figure-latex/unnamed-chunk-59-1.pdf>
Package pdftex.def Info: control_files/figure-latex/unnamed-chunk-59-1.pdf  used on input line 1123.
(pdftex.def)             Requested size: 469.75827pt x 195.7326pt.
[24 <./control_files/figure-latex/unnamed-chunk-57-1.pdf> <./control_files/figure-latex/unnamed-chunk-58-1.pdf>] [25 <./control_files/figure-latex/unnamed-chunk-59-1.pdf>]
Overfull \hbox (19.40686pt too wide) in paragraph at lines 1194--1195
[]|\T1/lmr/bx/n/8 Method|  
 []


Overfull \hbox (9.01263pt too wide) in paragraph at lines 1223--1224
[]|\T1/lmr/bx/n/8 Score 
 []


Overfull \hbox (15.8515pt too wide) in paragraph at lines 1223--1224
\T1/lmr/bx/n/8 (given)|  
 []


Overfull \hbox (19.40686pt too wide) in paragraph at lines 1245--1246
[]|\T1/lmr/bx/n/8 Method|  
 []

[26]
Overfull \hbox (9.01263pt too wide) in paragraph at lines 1272--1273
[]|\T1/lmr/bx/n/8 Score 
 []


Overfull \hbox (15.8515pt too wide) in paragraph at lines 1272--1273
\T1/lmr/bx/n/8 (given)|  
 []


Overfull \hbox (19.40686pt too wide) in paragraph at lines 1294--1295
[]|\T1/lmr/bx/n/8 Method|  
 []

ignored error: Infinite glue shrinkage found in box being split [27]
Overfull \hbox (19.40686pt too wide) in paragraph at lines 1328--1329
[]|\T1/lmr/bx/n/8 Method|  
 []


Overfull \hbox (19.40686pt too wide) in paragraph at lines 1367--1368
[]|\T1/lmr/bx/n/8 Method|  
 []

ignored error: Infinite glue shrinkage found in box being split [28]
Overfull \hbox (19.40686pt too wide) in paragraph at lines 1406--1407
[]|\T1/lmr/bx/n/8 Method|  
 []


Package hyperref Warning: Suppressing link with empty target on input line 1430.


Overfull \hbox (9.01263pt too wide) in paragraph at lines 1437--1437
[]|\T1/lmr/bx/n/8 Score|  
 []


Overfull \hbox (19.40686pt too wide) in paragraph at lines 1437--1438
[]|\T1/lmr/bx/n/8 Method|  
 []

[29]
Overfull \hbox (19.40686pt too wide) in paragraph at lines 1456--1457
[]|\T1/lmr/bx/n/8 Method|  
 []


Overfull \hbox (9.01263pt too wide) in paragraph at lines 1483--1484
[]|\T1/lmr/bx/n/8 Score 
 []


Overfull \hbox (15.8515pt too wide) in paragraph at lines 1483--1484
\T1/lmr/bx/n/8 (given)|  
 []


Overfull \hbox (19.40686pt too wide) in paragraph at lines 1505--1506
[]|\T1/lmr/bx/n/8 Method|  
 []

ignored error: Infinite glue shrinkage found in box being split [30]
Overfull \hbox (1.62512pt too wide) in paragraph at lines 1537--1537
\T1/lmr/bx/n/8 (given)|  
 []


Overfull \hbox (1.62512pt too wide) in paragraph at lines 1537--1537
\T1/lmr/bx/n/8 (given)|  
 []


Overfull \hbox (1.62512pt too wide) in paragraph at lines 1556--1556
\T1/lmr/bx/n/8 (given)|  
 []


Overfull \hbox (1.62512pt too wide) in paragraph at lines 1556--1556
\T1/lmr/bx/n/8 (given)|  
 []


Overfull \hbox (19.40686pt too wide) in paragraph at lines 1578--1579
[]|\T1/lmr/bx/n/8 Method|  
 []

[31]
Overfull \hbox (9.01263pt too wide) in paragraph at lines 1608--1608
[]|\T1/lmr/bx/n/8 Score|  
 []


Overfull \hbox (19.40686pt too wide) in paragraph at lines 1608--1609
[]|\T1/lmr/bx/n/8 Method|  
 []


Overfull \hbox (19.40686pt too wide) in paragraph at lines 1635--1636
[]|\T1/lmr/bx/n/8 Method|  
 []

ignored error: Infinite glue shrinkage found in box being split [32]
Overfull \hbox (9.01263pt too wide) in paragraph at lines 1669--1669
[]|\T1/lmr/bx/n/8 Score|  
 []


Overfull \hbox (19.40686pt too wide) in paragraph at lines 1669--1670
[]|\T1/lmr/bx/n/8 Method|  
 []


Overfull \hbox (9.01263pt too wide) in paragraph at lines 1689--1689
[]|\T1/lmr/bx/n/8 Score|  
 []


Overfull \hbox (19.40686pt too wide) in paragraph at lines 1689--1690
[]|\T1/lmr/bx/n/8 Method|  
 []


Overfull \hbox (9.01263pt too wide) in paragraph at lines 1709--1709
[]|\T1/lmr/bx/n/8 Score|  
 []


Overfull \hbox (19.40686pt too wide) in paragraph at lines 1709--1710
[]|\T1/lmr/bx/n/8 Method|  
 []

[33]
Overfull \hbox (9.01263pt too wide) in paragraph at lines 1730--1730
[]|\T1/lmr/bx/n/8 Score|  
 []


Overfull \hbox (19.40686pt too wide) in paragraph at lines 1730--1731
[]|\T1/lmr/bx/n/8 Method|  
 []


Overfull \hbox (9.01263pt too wide) in paragraph at lines 1747--1747
[]|\T1/lmr/bx/n/8 Score|  
 []


Overfull \hbox (19.40686pt too wide) in paragraph at lines 1747--1748
[]|\T1/lmr/bx/n/8 Method|  
 []


Overfull \hbox (9.01263pt too wide) in paragraph at lines 1766--1766
[]|\T1/lmr/bx/n/8 Score|  
 []


Overfull \hbox (9.01263pt too wide) in paragraph at lines 1787--1787
[]|\T1/lmr/bx/n/8 Score|  
 []


Overfull \hbox (19.40686pt too wide) in paragraph at lines 1787--1788
[]|\T1/lmr/bx/n/8 Method|  
 []

[34]
Overfull \hbox (9.01263pt too wide) in paragraph at lines 1806--1806
[]|\T1/lmr/bx/n/8 Score|  
 []


Overfull \hbox (19.40686pt too wide) in paragraph at lines 1806--1807
[]|\T1/lmr/bx/n/8 Method|  
 []


Overfull \hbox (9.01263pt too wide) in paragraph at lines 1825--1825
[]|\T1/lmr/bx/n/8 Score|  
 []


Overfull \hbox (19.40686pt too wide) in paragraph at lines 1825--1826
[]|\T1/lmr/bx/n/8 Method|  
 []


Overfull \hbox (9.01263pt too wide) in paragraph at lines 1844--1844
[]|\T1/lmr/bx/n/8 Score|  
 []


Overfull \hbox (19.40686pt too wide) in paragraph at lines 1844--1845
[]|\T1/lmr/bx/n/8 Method|  
 []


Overfull \hbox (9.01263pt too wide) in paragraph at lines 1862--1862
[]|\T1/lmr/bx/n/8 Score|  
 []


Overfull \hbox (19.40686pt too wide) in paragraph at lines 1862--1863
[]|\T1/lmr/bx/n/8 Method|  
 []

[35]
Overfull \hbox (9.01263pt too wide) in paragraph at lines 1883--1883
[]|\T1/lmr/bx/n/8 Score|  
 []


Overfull \hbox (19.40686pt too wide) in paragraph at lines 1883--1884
[]|\T1/lmr/bx/n/8 Method|  
 []


Overfull \hbox (9.01263pt too wide) in paragraph at lines 1902--1902
[]|\T1/lmr/bx/n/8 Score|  
 []


Overfull \hbox (19.40686pt too wide) in paragraph at lines 1902--1903
[]|\T1/lmr/bx/n/8 Method|  
 []


Overfull \hbox (9.01263pt too wide) in paragraph at lines 1921--1921
[]|\T1/lmr/bx/n/8 Score|  
 []


Overfull \hbox (19.40686pt too wide) in paragraph at lines 1921--1922
[]|\T1/lmr/bx/n/8 Method|  
 []


Overfull \hbox (9.01263pt too wide) in paragraph at lines 1939--1939
[]|\T1/lmr/bx/n/8 Score|  
 []


Overfull \hbox (19.40686pt too wide) in paragraph at lines 1939--1940
[]|\T1/lmr/bx/n/8 Method|  
 []


Overfull \hbox (9.01263pt too wide) in paragraph at lines 1957--1957
[]|\T1/lmr/bx/n/8 Score|  
 []


Overfull \hbox (19.40686pt too wide) in paragraph at lines 1957--1958
[]|\T1/lmr/bx/n/8 Method|  
 []

[36]
Overfull \hbox (9.01263pt too wide) in paragraph at lines 1976--1976
[]|\T1/lmr/bx/n/8 Score|  
 []


Overfull \hbox (19.40686pt too wide) in paragraph at lines 1976--1977
[]|\T1/lmr/bx/n/8 Method|  
 []


Overfull \hbox (9.01263pt too wide) in paragraph at lines 1994--1994
[]|\T1/lmr/bx/n/8 Score|  
 []


Overfull \hbox (19.40686pt too wide) in paragraph at lines 1994--1995
[]|\T1/lmr/bx/n/8 Method|  
 []


Overfull \hbox (9.01263pt too wide) in paragraph at lines 2012--2012
[]|\T1/lmr/bx/n/8 Score|  
 []


Overfull \hbox (19.40686pt too wide) in paragraph at lines 2012--2013
[]|\T1/lmr/bx/n/8 Method|  
 []


Overfull \hbox (9.01263pt too wide) in paragraph at lines 2030--2030
[]|\T1/lmr/bx/n/8 Score|  
 []


Overfull \hbox (19.40686pt too wide) in paragraph at lines 2030--2031
[]|\T1/lmr/bx/n/8 Method|  
 []

ignored error: Infinite glue shrinkage found in box being split [37]
Overfull \hbox (9.01263pt too wide) in paragraph at lines 2048--2048
[]|\T1/lmr/bx/n/8 Score|  
 []


Overfull \hbox (19.40686pt too wide) in paragraph at lines 2048--2049
[]|\T1/lmr/bx/n/8 Method|  
 []


Overfull \hbox (1.62512pt too wide) in paragraph at lines 2067--2067
\T1/lmr/bx/n/8 (given)|  
 []


Overfull \hbox (1.62512pt too wide) in paragraph at lines 2067--2067
\T1/lmr/bx/n/8 (given)|  
 []


Overfull \hbox (1.62512pt too wide) in paragraph at lines 2086--2086
\T1/lmr/bx/n/8 (given)|  
 []


Overfull \hbox (1.62512pt too wide) in paragraph at lines 2086--2086
\T1/lmr/bx/n/8 (given)|  
 []


Overfull \hbox (1.62512pt too wide) in paragraph at lines 2105--2105
\T1/lmr/bx/n/8 (given)|  
 []


Overfull \hbox (1.62512pt too wide) in paragraph at lines 2105--2105
\T1/lmr/bx/n/8 (given)|  
 []

ignored error: Infinite glue shrinkage found in box being split [38]
Overfull \hbox (1.62512pt too wide) in paragraph at lines 2123--2123
\T1/lmr/bx/n/8 (given)|  
 []


Overfull \hbox (1.62512pt too wide) in paragraph at lines 2123--2123
\T1/lmr/bx/n/8 (given)|  
 []


Overfull \hbox (1.62512pt too wide) in paragraph at lines 2141--2141
\T1/lmr/bx/n/8 (given)|  
 []


Overfull \hbox (1.62512pt too wide) in paragraph at lines 2141--2141
\T1/lmr/bx/n/8 (given)|  
 []


Overfull \hbox (1.62512pt too wide) in paragraph at lines 2161--2161
\T1/lmr/bx/n/8 (given)|  
 []


Overfull \hbox (1.62512pt too wide) in paragraph at lines 2161--2161
\T1/lmr/bx/n/8 (given)|  
 []


Overfull \hbox (1.62512pt too wide) in paragraph at lines 2180--2180
\T1/lmr/bx/n/8 (given)|  
 []


Overfull \hbox (1.62512pt too wide) in paragraph at lines 2180--2180
\T1/lmr/bx/n/8 (given)|  
 []

[39]
Overfull \hbox (9.01263pt too wide) in paragraph at lines 2197--2197
[]|\T1/lmr/bx/n/8 Score|  
 []


Overfull \hbox (19.40686pt too wide) in paragraph at lines 2197--2198
[]|\T1/lmr/bx/n/8 Method|  
 []


Overfull \hbox (9.01263pt too wide) in paragraph at lines 2215--2215
[]|\T1/lmr/bx/n/8 Score|  
 []


Overfull \hbox (19.40686pt too wide) in paragraph at lines 2215--2216
[]|\T1/lmr/bx/n/8 Method|  
 []


Overfull \hbox (0.93246pt too wide) in paragraph at lines 2223--2223
\T1/lmr/m/n/8 Slus|  
 []

[40]
Overfull \hbox (19.40686pt too wide) in paragraph at lines 2268--2269
[]|\T1/lmr/bx/n/8 Method|  
 []


Overfull \hbox (19.40686pt too wide) in paragraph at lines 2303--2304
[]|\T1/lmr/bx/n/8 Method|  
 []

[41]
Overfull \hbox (19.40686pt too wide) in paragraph at lines 2336--2337
[]|\T1/lmr/bx/n/8 Method|  
 []


Overfull \hbox (19.40686pt too wide) in paragraph at lines 2370--2371
[]|\T1/lmr/bx/n/8 Method|  
 []

[42]
Overfull \hbox (9.01263pt too wide) in paragraph at lines 2397--2398
[]|\T1/lmr/bx/n/8 Score 
 []


Overfull \hbox (15.8515pt too wide) in paragraph at lines 2397--2398
\T1/lmr/bx/n/8 (given)|  
 []


Overfull \hbox (19.40686pt too wide) in paragraph at lines 2419--2420
[]|\T1/lmr/bx/n/8 Method|  
 []

ignored error: Infinite glue shrinkage found in box being split [43]

Package hyperref Warning: Suppressing link with empty target on input line 2444.


Overfull \hbox (19.40686pt too wide) in paragraph at lines 2459--2460
[]|\T1/lmr/bx/n/8 Method|  
 []


Package hyperref Warning: Suppressing link with empty target on input line 2483.


Overfull \hbox (9.01263pt too wide) in paragraph at lines 2490--2490
[]|\T1/lmr/bx/n/8 Score|  
 []


Overfull \hbox (19.40686pt too wide) in paragraph at lines 2490--2491
[]|\T1/lmr/bx/n/8 Method|  
 []

[44]
Overfull \hbox (19.40686pt too wide) in paragraph at lines 2509--2510
[]|\T1/lmr/bx/n/8 Method|  
 []


Overfull \hbox (19.40686pt too wide) in paragraph at lines 2542--2543
[]|\T1/lmr/bx/n/8 Method|  
 []

[45]
Overfull \hbox (1.62512pt too wide) in paragraph at lines 2574--2574
\T1/lmr/bx/n/8 (given)|  
 []


Overfull \hbox (1.62512pt too wide) in paragraph at lines 2574--2574
\T1/lmr/bx/n/8 (given)|  
 []


Overfull \hbox (1.62512pt too wide) in paragraph at lines 2593--2593
\T1/lmr/bx/n/8 (given)|  
 []


Overfull \hbox (1.62512pt too wide) in paragraph at lines 2593--2593
\T1/lmr/bx/n/8 (given)|  
 []


Overfull \hbox (19.40686pt too wide) in paragraph at lines 2614--2615
[]|\T1/lmr/bx/n/8 Method|  
 []


Overfull \hbox (9.01263pt too wide) in paragraph at lines 2644--2644
[]|\T1/lmr/bx/n/8 Score|  
 []


Overfull \hbox (19.40686pt too wide) in paragraph at lines 2644--2645
[]|\T1/lmr/bx/n/8 Method|  
 []

[46]
Overfull \hbox (19.40686pt too wide) in paragraph at lines 2664--2665
[]|\T1/lmr/bx/n/8 Method|  
 []


Overfull \hbox (9.01263pt too wide) in paragraph at lines 2698--2698
[]|\T1/lmr/bx/n/8 Score|  
 []


Overfull \hbox (19.40686pt too wide) in paragraph at lines 2698--2699
[]|\T1/lmr/bx/n/8 Method|  
 []


Overfull \hbox (9.01263pt too wide) in paragraph at lines 2718--2718
[]|\T1/lmr/bx/n/8 Score|  
 []


Overfull \hbox (19.40686pt too wide) in paragraph at lines 2718--2719
[]|\T1/lmr/bx/n/8 Method|  
 []

[47]
Overfull \hbox (9.01263pt too wide) in paragraph at lines 2739--2739
[]|\T1/lmr/bx/n/8 Score|  
 []


Overfull \hbox (19.40686pt too wide) in paragraph at lines 2739--2740
[]|\T1/lmr/bx/n/8 Method|  
 []


Overfull \hbox (9.01263pt too wide) in paragraph at lines 2760--2760
[]|\T1/lmr/bx/n/8 Score|  
 []


Overfull \hbox (19.40686pt too wide) in paragraph at lines 2760--2761
[]|\T1/lmr/bx/n/8 Method|  
 []


Overfull \hbox (9.01263pt too wide) in paragraph at lines 2777--2777
[]|\T1/lmr/bx/n/8 Score|  
 []


Overfull \hbox (19.40686pt too wide) in paragraph at lines 2777--2778
[]|\T1/lmr/bx/n/8 Method|  
 []


Overfull \hbox (9.01263pt too wide) in paragraph at lines 2796--2796
[]|\T1/lmr/bx/n/8 Score|  
 []

[48]
Overfull \hbox (9.01263pt too wide) in paragraph at lines 2817--2817
[]|\T1/lmr/bx/n/8 Score|  
 []


Overfull \hbox (19.40686pt too wide) in paragraph at lines 2817--2818
[]|\T1/lmr/bx/n/8 Method|  
 []


Overfull \hbox (9.01263pt too wide) in paragraph at lines 2836--2836
[]|\T1/lmr/bx/n/8 Score|  
 []


Overfull \hbox (19.40686pt too wide) in paragraph at lines 2836--2837
[]|\T1/lmr/bx/n/8 Method|  
 []


Overfull \hbox (9.01263pt too wide) in paragraph at lines 2856--2856
[]|\T1/lmr/bx/n/8 Score|  
 []


Overfull \hbox (19.40686pt too wide) in paragraph at lines 2856--2857
[]|\T1/lmr/bx/n/8 Method|  
 []

[49]
Overfull \hbox (9.01263pt too wide) in paragraph at lines 2875--2875
[]|\T1/lmr/bx/n/8 Score|  
 []


Overfull \hbox (19.40686pt too wide) in paragraph at lines 2875--2876
[]|\T1/lmr/bx/n/8 Method|  
 []


Overfull \hbox (9.01263pt too wide) in paragraph at lines 2893--2893
[]|\T1/lmr/bx/n/8 Score|  
 []


Overfull \hbox (19.40686pt too wide) in paragraph at lines 2893--2894
[]|\T1/lmr/bx/n/8 Method|  
 []


Overfull \hbox (9.01263pt too wide) in paragraph at lines 2914--2914
[]|\T1/lmr/bx/n/8 Score|  
 []


Overfull \hbox (19.40686pt too wide) in paragraph at lines 2914--2915
[]|\T1/lmr/bx/n/8 Method|  
 []


Overfull \hbox (9.01263pt too wide) in paragraph at lines 2933--2933
[]|\T1/lmr/bx/n/8 Score|  
 []


Overfull \hbox (19.40686pt too wide) in paragraph at lines 2933--2934
[]|\T1/lmr/bx/n/8 Method|  
 []


Overfull \hbox (9.01263pt too wide) in paragraph at lines 2952--2952
[]|\T1/lmr/bx/n/8 Score|  
 []


Overfull \hbox (19.40686pt too wide) in paragraph at lines 2952--2953
[]|\T1/lmr/bx/n/8 Method|  
 []

[50]
Overfull \hbox (9.01263pt too wide) in paragraph at lines 2971--2971
[]|\T1/lmr/bx/n/8 Score|  
 []


Overfull \hbox (19.40686pt too wide) in paragraph at lines 2971--2972
[]|\T1/lmr/bx/n/8 Method|  
 []


Overfull \hbox (9.01263pt too wide) in paragraph at lines 2989--2989
[]|\T1/lmr/bx/n/8 Score|  
 []


Overfull \hbox (19.40686pt too wide) in paragraph at lines 2989--2990
[]|\T1/lmr/bx/n/8 Method|  
 []


Overfull \hbox (9.01263pt too wide) in paragraph at lines 3008--3008
[]|\T1/lmr/bx/n/8 Score|  
 []


Overfull \hbox (19.40686pt too wide) in paragraph at lines 3008--3009
[]|\T1/lmr/bx/n/8 Method|  
 []


Overfull \hbox (9.01263pt too wide) in paragraph at lines 3026--3026
[]|\T1/lmr/bx/n/8 Score|  
 []


Overfull \hbox (19.40686pt too wide) in paragraph at lines 3026--3027
[]|\T1/lmr/bx/n/8 Method|  
 []


Overfull \hbox (9.01263pt too wide) in paragraph at lines 3044--3044
[]|\T1/lmr/bx/n/8 Score|  
 []


Overfull \hbox (19.40686pt too wide) in paragraph at lines 3044--3045
[]|\T1/lmr/bx/n/8 Method|  
 []

[51]
Overfull \hbox (9.01263pt too wide) in paragraph at lines 3062--3062
[]|\T1/lmr/bx/n/8 Score|  
 []


Overfull \hbox (19.40686pt too wide) in paragraph at lines 3062--3063
[]|\T1/lmr/bx/n/8 Method|  
 []


Overfull \hbox (1.62512pt too wide) in paragraph at lines 3080--3080
\T1/lmr/bx/n/8 (given)|  
 []


Overfull \hbox (1.62512pt too wide) in paragraph at lines 3080--3080
\T1/lmr/bx/n/8 (given)|  
 []


Overfull \hbox (1.62512pt too wide) in paragraph at lines 3099--3099
\T1/lmr/bx/n/8 (given)|  
 []


Overfull \hbox (1.62512pt too wide) in paragraph at lines 3099--3099
\T1/lmr/bx/n/8 (given)|  
 []


Overfull \hbox (1.29726pt too wide) in paragraph at lines 3101--3101
[]|\T1/lmr/m/n/8 1500000|  
 []

ignored error: Infinite glue shrinkage found in box being split [52]
Overfull \hbox (1.62512pt too wide) in paragraph at lines 3118--3118
\T1/lmr/bx/n/8 (given)|  
 []


Overfull \hbox (1.62512pt too wide) in paragraph at lines 3118--3118
\T1/lmr/bx/n/8 (given)|  
 []


Overfull \hbox (1.62512pt too wide) in paragraph at lines 3137--3137
\T1/lmr/bx/n/8 (given)|  
 []


Overfull \hbox (1.62512pt too wide) in paragraph at lines 3137--3137
\T1/lmr/bx/n/8 (given)|  
 []


Overfull \hbox (1.62512pt too wide) in paragraph at lines 3155--3155
\T1/lmr/bx/n/8 (given)|  
 []


Overfull \hbox (1.62512pt too wide) in paragraph at lines 3155--3155
\T1/lmr/bx/n/8 (given)|  
 []


Overfull \hbox (1.62512pt too wide) in paragraph at lines 3173--3173
\T1/lmr/bx/n/8 (given)|  
 []


Overfull \hbox (1.62512pt too wide) in paragraph at lines 3173--3173
\T1/lmr/bx/n/8 (given)|  
 []

[53]
Overfull \hbox (1.62512pt too wide) in paragraph at lines 3193--3193
\T1/lmr/bx/n/8 (given)|  
 []


Overfull \hbox (1.62512pt too wide) in paragraph at lines 3193--3193
\T1/lmr/bx/n/8 (given)|  
 []


Overfull \hbox (1.62512pt too wide) in paragraph at lines 3212--3212
\T1/lmr/bx/n/8 (given)|  
 []


Overfull \hbox (1.62512pt too wide) in paragraph at lines 3212--3212
\T1/lmr/bx/n/8 (given)|  
 []


Overfull \hbox (9.01263pt too wide) in paragraph at lines 3229--3229
[]|\T1/lmr/bx/n/8 Score|  
 []


Overfull \hbox (19.40686pt too wide) in paragraph at lines 3229--3230
[]|\T1/lmr/bx/n/8 Method|  
 []

[54]
Overfull \hbox (9.01263pt too wide) in paragraph at lines 3247--3247
[]|\T1/lmr/bx/n/8 Score|  
 []


Overfull \hbox (19.40686pt too wide) in paragraph at lines 3247--3248
[]|\T1/lmr/bx/n/8 Method|  
 []


Overfull \hbox (19.40686pt too wide) in paragraph at lines 3297--3298
[]|\T1/lmr/bx/n/8 Method|  
 []

ignored error: Infinite glue shrinkage found in box being split [55]
Overfull \hbox (19.40686pt too wide) in paragraph at lines 3332--3333
[]|\T1/lmr/bx/n/8 Method|  
 []

ignored error: Infinite glue shrinkage found in box being split [56]
Overfull \hbox (9.01263pt too wide) in paragraph at lines 3359--3360
[]|\T1/lmr/bx/n/8 Score 
 []


Overfull \hbox (15.8515pt too wide) in paragraph at lines 3359--3360
\T1/lmr/bx/n/8 (given)|  
 []


Overfull \hbox (19.40686pt too wide) in paragraph at lines 3390--3391
[]|\T1/lmr/bx/n/8 Method|  
 []


Overfull \hbox (19.40686pt too wide) in paragraph at lines 3424--3425
[]|\T1/lmr/bx/n/8 Method|  
 []

[57]
Overfull \hbox (19.40686pt too wide) in paragraph at lines 3457--3458
[]|\T1/lmr/bx/n/8 Method|  
 []


Overfull \hbox (19.40686pt too wide) in paragraph at lines 3489--3490
[]|\T1/lmr/bx/n/8 Method|  
 []

[58]

Package hyperref Warning: Suppressing link with empty target on input line 3513.


Overfull \hbox (9.01263pt too wide) in paragraph at lines 3520--3520
[]|\T1/lmr/bx/n/8 Score|  
 []


Overfull \hbox (19.40686pt too wide) in paragraph at lines 3520--3521
[]|\T1/lmr/bx/n/8 Method|  
 []


Overfull \hbox (19.40686pt too wide) in paragraph at lines 3539--3540
[]|\T1/lmr/bx/n/8 Method|  
 []

ignored error: Infinite glue shrinkage found in box being split [59]
Overfull \hbox (19.40686pt too wide) in paragraph at lines 3572--3573
[]|\T1/lmr/bx/n/8 Method|  
 []


Overfull \hbox (1.62512pt too wide) in paragraph at lines 3604--3604
\T1/lmr/bx/n/8 (given)|  
 []


Overfull \hbox (1.62512pt too wide) in paragraph at lines 3604--3604
\T1/lmr/bx/n/8 (given)|  
 []


Overfull \hbox (1.62512pt too wide) in paragraph at lines 3623--3623
\T1/lmr/bx/n/8 (given)|  
 []


Overfull \hbox (1.62512pt too wide) in paragraph at lines 3623--3623
\T1/lmr/bx/n/8 (given)|  
 []

[60]
Overfull \hbox (19.40686pt too wide) in paragraph at lines 3644--3645
[]|\T1/lmr/bx/n/8 Method|  
 []


Overfull \hbox (9.01263pt too wide) in paragraph at lines 3674--3674
[]|\T1/lmr/bx/n/8 Score|  
 []


Overfull \hbox (19.40686pt too wide) in paragraph at lines 3674--3675
[]|\T1/lmr/bx/n/8 Method|  
 []


Overfull \hbox (19.40686pt too wide) in paragraph at lines 3694--3695
[]|\T1/lmr/bx/n/8 Method|  
 []

[61]
Overfull \hbox (9.01263pt too wide) in paragraph at lines 3728--3728
[]|\T1/lmr/bx/n/8 Score|  
 []


Overfull \hbox (19.40686pt too wide) in paragraph at lines 3728--3729
[]|\T1/lmr/bx/n/8 Method|  
 []


Overfull \hbox (9.01263pt too wide) in paragraph at lines 3748--3748
[]|\T1/lmr/bx/n/8 Score|  
 []


Overfull \hbox (19.40686pt too wide) in paragraph at lines 3748--3749
[]|\T1/lmr/bx/n/8 Method|  
 []


Overfull \hbox (9.01263pt too wide) in paragraph at lines 3769--3769
[]|\T1/lmr/bx/n/8 Score|  
 []


Overfull \hbox (19.40686pt too wide) in paragraph at lines 3769--3770
[]|\T1/lmr/bx/n/8 Method|  
 []

[62]
Overfull \hbox (9.01263pt too wide) in paragraph at lines 3790--3790
[]|\T1/lmr/bx/n/8 Score|  
 []


Overfull \hbox (19.40686pt too wide) in paragraph at lines 3790--3791
[]|\T1/lmr/bx/n/8 Method|  
 []


Overfull \hbox (9.01263pt too wide) in paragraph at lines 3807--3807
[]|\T1/lmr/bx/n/8 Score|  
 []


Overfull \hbox (19.40686pt too wide) in paragraph at lines 3807--3808
[]|\T1/lmr/bx/n/8 Method|  
 []


Overfull \hbox (9.01263pt too wide) in paragraph at lines 3826--3826
[]|\T1/lmr/bx/n/8 Score|  
 []


Overfull \hbox (9.01263pt too wide) in paragraph at lines 3847--3847
[]|\T1/lmr/bx/n/8 Score|  
 []


Overfull \hbox (19.40686pt too wide) in paragraph at lines 3847--3848
[]|\T1/lmr/bx/n/8 Method|  
 []

[63]
Overfull \hbox (9.01263pt too wide) in paragraph at lines 3866--3866
[]|\T1/lmr/bx/n/8 Score|  
 []


Overfull \hbox (19.40686pt too wide) in paragraph at lines 3866--3867
[]|\T1/lmr/bx/n/8 Method|  
 []


Overfull \hbox (9.01263pt too wide) in paragraph at lines 3885--3885
[]|\T1/lmr/bx/n/8 Score|  
 []


Overfull \hbox (19.40686pt too wide) in paragraph at lines 3885--3886
[]|\T1/lmr/bx/n/8 Method|  
 []


Overfull \hbox (9.01263pt too wide) in paragraph at lines 3904--3904
[]|\T1/lmr/bx/n/8 Score|  
 []


Overfull \hbox (19.40686pt too wide) in paragraph at lines 3904--3905
[]|\T1/lmr/bx/n/8 Method|  
 []


Overfull \hbox (9.01263pt too wide) in paragraph at lines 3922--3922
[]|\T1/lmr/bx/n/8 Score|  
 []


Overfull \hbox (19.40686pt too wide) in paragraph at lines 3922--3923
[]|\T1/lmr/bx/n/8 Method|  
 []

ignored error: Infinite glue shrinkage found in box being split [64]
Overfull \hbox (9.01263pt too wide) in paragraph at lines 3943--3943
[]|\T1/lmr/bx/n/8 Score|  
 []


Overfull \hbox (19.40686pt too wide) in paragraph at lines 3943--3944
[]|\T1/lmr/bx/n/8 Method|  
 []


Overfull \hbox (9.01263pt too wide) in paragraph at lines 3962--3962
[]|\T1/lmr/bx/n/8 Score|  
 []


Overfull \hbox (19.40686pt too wide) in paragraph at lines 3962--3963
[]|\T1/lmr/bx/n/8 Method|  
 []


Overfull \hbox (9.01263pt too wide) in paragraph at lines 3981--3981
[]|\T1/lmr/bx/n/8 Score|  
 []


Overfull \hbox (19.40686pt too wide) in paragraph at lines 3981--3982
[]|\T1/lmr/bx/n/8 Method|  
 []


Overfull \hbox (9.01263pt too wide) in paragraph at lines 4000--4000
[]|\T1/lmr/bx/n/8 Score|  
 []


Overfull \hbox (19.40686pt too wide) in paragraph at lines 4000--4001
[]|\T1/lmr/bx/n/8 Method|  
 []

ignored error: Infinite glue shrinkage found in box being split [65]
Overfull \hbox (9.01263pt too wide) in paragraph at lines 4018--4018
[]|\T1/lmr/bx/n/8 Score|  
 []


Overfull \hbox (19.40686pt too wide) in paragraph at lines 4018--4019
[]|\T1/lmr/bx/n/8 Method|  
 []


Overfull \hbox (9.01263pt too wide) in paragraph at lines 4037--4037
[]|\T1/lmr/bx/n/8 Score|  
 []


Overfull \hbox (19.40686pt too wide) in paragraph at lines 4037--4038
[]|\T1/lmr/bx/n/8 Method|  
 []


Overfull \hbox (9.01263pt too wide) in paragraph at lines 4055--4055
[]|\T1/lmr/bx/n/8 Score|  
 []


Overfull \hbox (19.40686pt too wide) in paragraph at lines 4055--4056
[]|\T1/lmr/bx/n/8 Method|  
 []


Overfull \hbox (9.01263pt too wide) in paragraph at lines 4073--4073
[]|\T1/lmr/bx/n/8 Score|  
 []


Overfull \hbox (19.40686pt too wide) in paragraph at lines 4073--4074
[]|\T1/lmr/bx/n/8 Method|  
 []


Overfull \hbox (9.01263pt too wide) in paragraph at lines 4091--4091
[]|\T1/lmr/bx/n/8 Score|  
 []


Overfull \hbox (19.40686pt too wide) in paragraph at lines 4091--4092
[]|\T1/lmr/bx/n/8 Method|  
 []

[66]
Overfull \hbox (1.62512pt too wide) in paragraph at lines 4109--4109
\T1/lmr/bx/n/8 (given)|  
 []


Overfull \hbox (1.62512pt too wide) in paragraph at lines 4109--4109
\T1/lmr/bx/n/8 (given)|  
 []


Overfull \hbox (1.62512pt too wide) in paragraph at lines 4128--4128
\T1/lmr/bx/n/8 (given)|  
 []


Overfull \hbox (1.62512pt too wide) in paragraph at lines 4128--4128
\T1/lmr/bx/n/8 (given)|  
 []


Overfull \hbox (1.62512pt too wide) in paragraph at lines 4147--4147
\T1/lmr/bx/n/8 (given)|  
 []


Overfull \hbox (1.62512pt too wide) in paragraph at lines 4147--4147
\T1/lmr/bx/n/8 (given)|  
 []


Overfull \hbox (1.62512pt too wide) in paragraph at lines 4166--4166
\T1/lmr/bx/n/8 (given)|  
 []


Overfull \hbox (1.62512pt too wide) in paragraph at lines 4166--4166
\T1/lmr/bx/n/8 (given)|  
 []

[67]
Overfull \hbox (1.62512pt too wide) in paragraph at lines 4184--4184
\T1/lmr/bx/n/8 (given)|  
 []


Overfull \hbox (1.62512pt too wide) in paragraph at lines 4184--4184
\T1/lmr/bx/n/8 (given)|  
 []


Overfull \hbox (1.62512pt too wide) in paragraph at lines 4202--4202
\T1/lmr/bx/n/8 (given)|  
 []


Overfull \hbox (1.62512pt too wide) in paragraph at lines 4202--4202
\T1/lmr/bx/n/8 (given)|  
 []


Overfull \hbox (1.62512pt too wide) in paragraph at lines 4222--4222
\T1/lmr/bx/n/8 (given)|  
 []


Overfull \hbox (1.62512pt too wide) in paragraph at lines 4222--4222
\T1/lmr/bx/n/8 (given)|  
 []

ignored error: Infinite glue shrinkage found in box being split [68]
Overfull \hbox (1.62512pt too wide) in paragraph at lines 4241--4241
\T1/lmr/bx/n/8 (given)|  
 []


Overfull \hbox (1.62512pt too wide) in paragraph at lines 4241--4241
\T1/lmr/bx/n/8 (given)|  
 []


Overfull \hbox (9.01263pt too wide) in paragraph at lines 4258--4258
[]|\T1/lmr/bx/n/8 Score|  
 []


Overfull \hbox (19.40686pt too wide) in paragraph at lines 4258--4259
[]|\T1/lmr/bx/n/8 Method|  
 []


Overfull \hbox (9.01263pt too wide) in paragraph at lines 4276--4276
[]|\T1/lmr/bx/n/8 Score|  
 []


Overfull \hbox (19.40686pt too wide) in paragraph at lines 4276--4277
[]|\T1/lmr/bx/n/8 Method|  
 []

[69]
Overfull \hbox (19.40686pt too wide) in paragraph at lines 4322--4323
[]|\T1/lmr/bx/n/8 Method|  
 []


Overfull \hbox (19.40686pt too wide) in paragraph at lines 4357--4358
[]|\T1/lmr/bx/n/8 Method|  
 []

ignored error: Infinite glue shrinkage found in box being split [70]
Overfull \hbox (19.40686pt too wide) in paragraph at lines 4390--4391
[]|\T1/lmr/bx/n/8 Method|  
 []


Overfull \hbox (19.40686pt too wide) in paragraph at lines 4424--4425
[]|\T1/lmr/bx/n/8 Method|  
 []

ignored error: Infinite glue shrinkage found in box being split [71]
Overfull \hbox (19.40686pt too wide) in paragraph at lines 4457--4458
[]|\T1/lmr/bx/n/8 Method|  
 []


Overfull \hbox (19.40686pt too wide) in paragraph at lines 4492--4493
[]|\T1/lmr/bx/n/8 Method|  
 []

[72]

Package hyperref Warning: Suppressing link with empty target on input line 4516.


Overfull \hbox (9.01263pt too wide) in paragraph at lines 4523--4523
[]|\T1/lmr/bx/n/8 Score|  
 []


Overfull \hbox (19.40686pt too wide) in paragraph at lines 4523--4524
[]|\T1/lmr/bx/n/8 Method|  
 []


Overfull \hbox (19.40686pt too wide) in paragraph at lines 4546--4547
[]|\T1/lmr/bx/n/8 Method|  
 []

ignored error: Infinite glue shrinkage found in box being split [73]
Overfull \hbox (19.40686pt too wide) in paragraph at lines 4579--4580
[]|\T1/lmr/bx/n/8 Method|  
 []


Overfull \hbox (1.62512pt too wide) in paragraph at lines 4611--4611
\T1/lmr/bx/n/8 (given)|  
 []


Overfull \hbox (1.62512pt too wide) in paragraph at lines 4611--4611
\T1/lmr/bx/n/8 (given)|  
 []

[74]
Overfull \hbox (1.62512pt too wide) in paragraph at lines 4630--4630
\T1/lmr/bx/n/8 (given)|  
 []


Overfull \hbox (1.62512pt too wide) in paragraph at lines 4630--4630
\T1/lmr/bx/n/8 (given)|  
 []


Overfull \hbox (19.40686pt too wide) in paragraph at lines 4651--4652
[]|\T1/lmr/bx/n/8 Method|  
 []


Overfull \hbox (9.01263pt too wide) in paragraph at lines 4681--4681
[]|\T1/lmr/bx/n/8 Score|  
 []


Overfull \hbox (19.40686pt too wide) in paragraph at lines 4681--4682
[]|\T1/lmr/bx/n/8 Method|  
 []


Overfull \hbox (19.40686pt too wide) in paragraph at lines 4701--4702
[]|\T1/lmr/bx/n/8 Method|  
 []

[75]
Overfull \hbox (9.01263pt too wide) in paragraph at lines 4735--4735
[]|\T1/lmr/bx/n/8 Score|  
 []


Overfull \hbox (19.40686pt too wide) in paragraph at lines 4735--4736
[]|\T1/lmr/bx/n/8 Method|  
 []


Overfull \hbox (9.01263pt too wide) in paragraph at lines 4755--4755
[]|\T1/lmr/bx/n/8 Score|  
 []


Overfull \hbox (19.40686pt too wide) in paragraph at lines 4755--4756
[]|\T1/lmr/bx/n/8 Method|  
 []

[76]
Overfull \hbox (9.01263pt too wide) in paragraph at lines 4776--4776
[]|\T1/lmr/bx/n/8 Score|  
 []


Overfull \hbox (19.40686pt too wide) in paragraph at lines 4776--4777
[]|\T1/lmr/bx/n/8 Method|  
 []


Overfull \hbox (9.01263pt too wide) in paragraph at lines 4797--4797
[]|\T1/lmr/bx/n/8 Score|  
 []


Overfull \hbox (19.40686pt too wide) in paragraph at lines 4797--4798
[]|\T1/lmr/bx/n/8 Method|  
 []


Overfull \hbox (9.01263pt too wide) in paragraph at lines 4814--4814
[]|\T1/lmr/bx/n/8 Score|  
 []


Overfull \hbox (19.40686pt too wide) in paragraph at lines 4814--4815
[]|\T1/lmr/bx/n/8 Method|  
 []


Overfull \hbox (9.01263pt too wide) in paragraph at lines 4833--4833
[]|\T1/lmr/bx/n/8 Score|  
 []

ignored error: Infinite glue shrinkage found in box being split [77]
Overfull \hbox (9.01263pt too wide) in paragraph at lines 4854--4854
[]|\T1/lmr/bx/n/8 Score|  
 []


Overfull \hbox (19.40686pt too wide) in paragraph at lines 4854--4855
[]|\T1/lmr/bx/n/8 Method|  
 []


Overfull \hbox (9.01263pt too wide) in paragraph at lines 4873--4873
[]|\T1/lmr/bx/n/8 Score|  
 []


Overfull \hbox (19.40686pt too wide) in paragraph at lines 4873--4874
[]|\T1/lmr/bx/n/8 Method|  
 []


Overfull \hbox (9.01263pt too wide) in paragraph at lines 4892--4892
[]|\T1/lmr/bx/n/8 Score|  
 []


Overfull \hbox (19.40686pt too wide) in paragraph at lines 4892--4893
[]|\T1/lmr/bx/n/8 Method|  
 []


Overfull \hbox (9.01263pt too wide) in paragraph at lines 4911--4911
[]|\T1/lmr/bx/n/8 Score|  
 []


Overfull \hbox (19.40686pt too wide) in paragraph at lines 4911--4912
[]|\T1/lmr/bx/n/8 Method|  
 []


Overfull \hbox (9.01263pt too wide) in paragraph at lines 4929--4929
[]|\T1/lmr/bx/n/8 Score|  
 []


Overfull \hbox (19.40686pt too wide) in paragraph at lines 4929--4930
[]|\T1/lmr/bx/n/8 Method|  
 []

[78]
Overfull \hbox (9.01263pt too wide) in paragraph at lines 4950--4950
[]|\T1/lmr/bx/n/8 Score|  
 []


Overfull \hbox (19.40686pt too wide) in paragraph at lines 4950--4951
[]|\T1/lmr/bx/n/8 Method|  
 []


Overfull \hbox (9.01263pt too wide) in paragraph at lines 4969--4969
[]|\T1/lmr/bx/n/8 Score|  
 []


Overfull \hbox (19.40686pt too wide) in paragraph at lines 4969--4970
[]|\T1/lmr/bx/n/8 Method|  
 []


Overfull \hbox (9.01263pt too wide) in paragraph at lines 4988--4988
[]|\T1/lmr/bx/n/8 Score|  
 []


Overfull \hbox (19.40686pt too wide) in paragraph at lines 4988--4989
[]|\T1/lmr/bx/n/8 Method|  
 []

ignored error: Infinite glue shrinkage found in box being split [79]
Overfull \hbox (9.01263pt too wide) in paragraph at lines 5008--5008
[]|\T1/lmr/bx/n/8 Score|  
 []


Overfull \hbox (19.40686pt too wide) in paragraph at lines 5008--5009
[]|\T1/lmr/bx/n/8 Method|  
 []


Overfull \hbox (9.01263pt too wide) in paragraph at lines 5026--5026
[]|\T1/lmr/bx/n/8 Score|  
 []


Overfull \hbox (19.40686pt too wide) in paragraph at lines 5026--5027
[]|\T1/lmr/bx/n/8 Method|  
 []


Overfull \hbox (9.01263pt too wide) in paragraph at lines 5045--5045
[]|\T1/lmr/bx/n/8 Score|  
 []


Overfull \hbox (19.40686pt too wide) in paragraph at lines 5045--5046
[]|\T1/lmr/bx/n/8 Method|  
 []


Overfull \hbox (9.01263pt too wide) in paragraph at lines 5063--5063
[]|\T1/lmr/bx/n/8 Score|  
 []


Overfull \hbox (19.40686pt too wide) in paragraph at lines 5063--5064
[]|\T1/lmr/bx/n/8 Method|  
 []

[80]
Overfull \hbox (9.01263pt too wide) in paragraph at lines 5081--5081
[]|\T1/lmr/bx/n/8 Score|  
 []


Overfull \hbox (19.40686pt too wide) in paragraph at lines 5081--5082
[]|\T1/lmr/bx/n/8 Method|  
 []


Overfull \hbox (9.01263pt too wide) in paragraph at lines 5099--5099
[]|\T1/lmr/bx/n/8 Score|  
 []


Overfull \hbox (19.40686pt too wide) in paragraph at lines 5099--5100
[]|\T1/lmr/bx/n/8 Method|  
 []


Overfull \hbox (1.62512pt too wide) in paragraph at lines 5117--5117
\T1/lmr/bx/n/8 (given)|  
 []


Overfull \hbox (1.62512pt too wide) in paragraph at lines 5117--5117
\T1/lmr/bx/n/8 (given)|  
 []


Overfull \hbox (1.62512pt too wide) in paragraph at lines 5136--5136
\T1/lmr/bx/n/8 (given)|  
 []


Overfull \hbox (1.62512pt too wide) in paragraph at lines 5136--5136
\T1/lmr/bx/n/8 (given)|  
 []

ignored error: Infinite glue shrinkage found in box being split [81]
Overfull \hbox (1.62512pt too wide) in paragraph at lines 5155--5155
\T1/lmr/bx/n/8 (given)|  
 []


Overfull \hbox (1.62512pt too wide) in paragraph at lines 5155--5155
\T1/lmr/bx/n/8 (given)|  
 []


Overfull \hbox (1.62512pt too wide) in paragraph at lines 5174--5174
\T1/lmr/bx/n/8 (given)|  
 []


Overfull \hbox (1.62512pt too wide) in paragraph at lines 5174--5174
\T1/lmr/bx/n/8 (given)|  
 []


Overfull \hbox (1.62512pt too wide) in paragraph at lines 5192--5192
\T1/lmr/bx/n/8 (given)|  
 []


Overfull \hbox (1.62512pt too wide) in paragraph at lines 5192--5192
\T1/lmr/bx/n/8 (given)|  
 []


Overfull \hbox (1.62512pt too wide) in paragraph at lines 5210--5210
\T1/lmr/bx/n/8 (given)|  
 []


Overfull \hbox (1.62512pt too wide) in paragraph at lines 5210--5210
\T1/lmr/bx/n/8 (given)|  
 []

[82]
Overfull \hbox (1.62512pt too wide) in paragraph at lines 5230--5230
\T1/lmr/bx/n/8 (given)|  
 []


Overfull \hbox (1.62512pt too wide) in paragraph at lines 5230--5230
\T1/lmr/bx/n/8 (given)|  
 []


Overfull \hbox (1.62512pt too wide) in paragraph at lines 5249--5249
\T1/lmr/bx/n/8 (given)|  
 []


Overfull \hbox (1.62512pt too wide) in paragraph at lines 5249--5249
\T1/lmr/bx/n/8 (given)|  
 []


Overfull \hbox (9.01263pt too wide) in paragraph at lines 5266--5266
[]|\T1/lmr/bx/n/8 Score|  
 []


Overfull \hbox (19.40686pt too wide) in paragraph at lines 5266--5267
[]|\T1/lmr/bx/n/8 Method|  
 []


Overfull \hbox (9.01263pt too wide) in paragraph at lines 5284--5284
[]|\T1/lmr/bx/n/8 Score|  
 []


Overfull \hbox (19.40686pt too wide) in paragraph at lines 5284--5285
[]|\T1/lmr/bx/n/8 Method|  
 []

ignored error: Infinite glue shrinkage found in box being split [83]
Overfull \hbox (19.40686pt too wide) in paragraph at lines 5328--5329
[]|\T1/lmr/bx/n/8 Method|  
 []

ignored error: Infinite glue shrinkage found in box being split [84]
Overfull \hbox (9.01263pt too wide) in paragraph at lines 5357--5358
[]|\T1/lmr/bx/n/8 Score 
 []


Overfull \hbox (15.8515pt too wide) in paragraph at lines 5357--5358
\T1/lmr/bx/n/8 (given)|  
 []


Overfull \hbox (19.40686pt too wide) in paragraph at lines 5385--5386
[]|\T1/lmr/bx/n/8 Method|  
 []

ignored error: Infinite glue shrinkage found in box being split [85]
Overfull \hbox (9.01263pt too wide) in paragraph at lines 5412--5413
[]|\T1/lmr/bx/n/8 Score 
 []


Overfull \hbox (15.8515pt too wide) in paragraph at lines 5412--5413
\T1/lmr/bx/n/8 (given)|  
 []


Overfull \hbox (19.40686pt too wide) in paragraph at lines 5440--5441
[]|\T1/lmr/bx/n/8 Method|  
 []

ignored error: Infinite glue shrinkage found in box being split [86]
Overfull \hbox (19.40686pt too wide) in paragraph at lines 5474--5475
[]|\T1/lmr/bx/n/8 Method|  
 []


Overfull \hbox (19.40686pt too wide) in paragraph at lines 5507--5508
[]|\T1/lmr/bx/n/8 Method|  
 []

ignored error: Infinite glue shrinkage found in box being split [87]
Overfull \hbox (19.40686pt too wide) in paragraph at lines 5546--5547
[]|\T1/lmr/bx/n/8 Method|  
 []


Package hyperref Warning: Suppressing link with empty target on input line 5570.


Overfull \hbox (9.01263pt too wide) in paragraph at lines 5577--5577
[]|\T1/lmr/bx/n/8 Score|  
 []


Overfull \hbox (19.40686pt too wide) in paragraph at lines 5577--5578
[]|\T1/lmr/bx/n/8 Method|  
 []

[88]
Overfull \hbox (19.40686pt too wide) in paragraph at lines 5596--5597
[]|\T1/lmr/bx/n/8 Method|  
 []


Overfull \hbox (19.40686pt too wide) in paragraph at lines 5629--5630
[]|\T1/lmr/bx/n/8 Method|  
 []

[89]
Overfull \hbox (1.62512pt too wide) in paragraph at lines 5661--5661
\T1/lmr/bx/n/8 (given)|  
 []


Overfull \hbox (1.62512pt too wide) in paragraph at lines 5661--5661
\T1/lmr/bx/n/8 (given)|  
 []


Overfull \hbox (1.62512pt too wide) in paragraph at lines 5680--5680
\T1/lmr/bx/n/8 (given)|  
 []


Overfull \hbox (1.62512pt too wide) in paragraph at lines 5680--5680
\T1/lmr/bx/n/8 (given)|  
 []


Overfull \hbox (1.29726pt too wide) in paragraph at lines 5682--5682
[]|\T1/lmr/m/n/8 1000000|  
 []


Overfull \hbox (19.40686pt too wide) in paragraph at lines 5701--5702
[]|\T1/lmr/bx/n/8 Method|  
 []

ignored error: Infinite glue shrinkage found in box being split [90]
Overfull \hbox (9.01263pt too wide) in paragraph at lines 5728--5729
[]|\T1/lmr/bx/n/8 Score 
 []


Overfull \hbox (15.8515pt too wide) in paragraph at lines 5728--5729
\T1/lmr/bx/n/8 (given)|  
 []


Overfull \hbox (9.01263pt too wide) in paragraph at lines 5747--5747
[]|\T1/lmr/bx/n/8 Score|  
 []


Overfull \hbox (19.40686pt too wide) in paragraph at lines 5747--5748
[]|\T1/lmr/bx/n/8 Method|  
 []


Overfull \hbox (19.40686pt too wide) in paragraph at lines 5767--5768
[]|\T1/lmr/bx/n/8 Method|  
 []

[91]
Overfull \hbox (9.01263pt too wide) in paragraph at lines 5801--5801
[]|\T1/lmr/bx/n/8 Score|  
 []


Overfull \hbox (19.40686pt too wide) in paragraph at lines 5801--5802
[]|\T1/lmr/bx/n/8 Method|  
 []


Overfull \hbox (9.01263pt too wide) in paragraph at lines 5821--5821
[]|\T1/lmr/bx/n/8 Score|  
 []


Overfull \hbox (19.40686pt too wide) in paragraph at lines 5821--5822
[]|\T1/lmr/bx/n/8 Method|  
 []


Overfull \hbox (9.01263pt too wide) in paragraph at lines 5842--5842
[]|\T1/lmr/bx/n/8 Score|  
 []


Overfull \hbox (19.40686pt too wide) in paragraph at lines 5842--5843
[]|\T1/lmr/bx/n/8 Method|  
 []


Overfull \hbox (9.01263pt too wide) in paragraph at lines 5863--5863
[]|\T1/lmr/bx/n/8 Score|  
 []


Overfull \hbox (19.40686pt too wide) in paragraph at lines 5863--5864
[]|\T1/lmr/bx/n/8 Method|  
 []

ignored error: Infinite glue shrinkage found in box being split [92]
Overfull \hbox (9.01263pt too wide) in paragraph at lines 5880--5880
[]|\T1/lmr/bx/n/8 Score|  
 []


Overfull \hbox (19.40686pt too wide) in paragraph at lines 5880--5881
[]|\T1/lmr/bx/n/8 Method|  
 []


Overfull \hbox (9.01263pt too wide) in paragraph at lines 5899--5899
[]|\T1/lmr/bx/n/8 Score|  
 []


Overfull \hbox (9.01263pt too wide) in paragraph at lines 5920--5920
[]|\T1/lmr/bx/n/8 Score|  
 []


Overfull \hbox (19.40686pt too wide) in paragraph at lines 5920--5921
[]|\T1/lmr/bx/n/8 Method|  
 []


Overfull \hbox (9.01263pt too wide) in paragraph at lines 5939--5939
[]|\T1/lmr/bx/n/8 Score|  
 []


Overfull \hbox (19.40686pt too wide) in paragraph at lines 5939--5940
[]|\T1/lmr/bx/n/8 Method|  
 []

[93]
Overfull \hbox (9.01263pt too wide) in paragraph at lines 5958--5958
[]|\T1/lmr/bx/n/8 Score|  
 []


Overfull \hbox (19.40686pt too wide) in paragraph at lines 5958--5959
[]|\T1/lmr/bx/n/8 Method|  
 []


Overfull \hbox (9.01263pt too wide) in paragraph at lines 5977--5977
[]|\T1/lmr/bx/n/8 Score|  
 []


Overfull \hbox (19.40686pt too wide) in paragraph at lines 5977--5978
[]|\T1/lmr/bx/n/8 Method|  
 []


Overfull \hbox (9.01263pt too wide) in paragraph at lines 5995--5995
[]|\T1/lmr/bx/n/8 Score|  
 []


Overfull \hbox (19.40686pt too wide) in paragraph at lines 5995--5996
[]|\T1/lmr/bx/n/8 Method|  
 []


Overfull \hbox (9.01263pt too wide) in paragraph at lines 6016--6016
[]|\T1/lmr/bx/n/8 Score|  
 []


Overfull \hbox (19.40686pt too wide) in paragraph at lines 6016--6017
[]|\T1/lmr/bx/n/8 Method|  
 []


Overfull \hbox (9.01263pt too wide) in paragraph at lines 6035--6035
[]|\T1/lmr/bx/n/8 Score|  
 []


Overfull \hbox (19.40686pt too wide) in paragraph at lines 6035--6036
[]|\T1/lmr/bx/n/8 Method|  
 []

[94]
Overfull \hbox (9.01263pt too wide) in paragraph at lines 6054--6054
[]|\T1/lmr/bx/n/8 Score|  
 []


Overfull \hbox (19.40686pt too wide) in paragraph at lines 6054--6055
[]|\T1/lmr/bx/n/8 Method|  
 []


Overfull \hbox (9.01263pt too wide) in paragraph at lines 6073--6073
[]|\T1/lmr/bx/n/8 Score|  
 []


Overfull \hbox (19.40686pt too wide) in paragraph at lines 6073--6074
[]|\T1/lmr/bx/n/8 Method|  
 []


Overfull \hbox (9.01263pt too wide) in paragraph at lines 6091--6091
[]|\T1/lmr/bx/n/8 Score|  
 []


Overfull \hbox (19.40686pt too wide) in paragraph at lines 6091--6092
[]|\T1/lmr/bx/n/8 Method|  
 []


Overfull \hbox (9.01263pt too wide) in paragraph at lines 6110--6110
[]|\T1/lmr/bx/n/8 Score|  
 []


Overfull \hbox (19.40686pt too wide) in paragraph at lines 6110--6111
[]|\T1/lmr/bx/n/8 Method|  
 []


Overfull \hbox (9.01263pt too wide) in paragraph at lines 6128--6128
[]|\T1/lmr/bx/n/8 Score|  
 []


Overfull \hbox (19.40686pt too wide) in paragraph at lines 6128--6129
[]|\T1/lmr/bx/n/8 Method|  
 []

[95]
Overfull \hbox (9.01263pt too wide) in paragraph at lines 6146--6146
[]|\T1/lmr/bx/n/8 Score|  
 []


Overfull \hbox (19.40686pt too wide) in paragraph at lines 6146--6147
[]|\T1/lmr/bx/n/8 Method|  
 []


Overfull \hbox (9.01263pt too wide) in paragraph at lines 6164--6164
[]|\T1/lmr/bx/n/8 Score|  
 []


Overfull \hbox (19.40686pt too wide) in paragraph at lines 6164--6165
[]|\T1/lmr/bx/n/8 Method|  
 []


Overfull \hbox (1.62512pt too wide) in paragraph at lines 6182--6182
\T1/lmr/bx/n/8 (given)|  
 []


Overfull \hbox (1.62512pt too wide) in paragraph at lines 6182--6182
\T1/lmr/bx/n/8 (given)|  
 []


Overfull \hbox (1.62512pt too wide) in paragraph at lines 6201--6201
\T1/lmr/bx/n/8 (given)|  
 []


Overfull \hbox (1.62512pt too wide) in paragraph at lines 6201--6201
\T1/lmr/bx/n/8 (given)|  
 []

[96]
Overfull \hbox (1.62512pt too wide) in paragraph at lines 6220--6220
\T1/lmr/bx/n/8 (given)|  
 []


Overfull \hbox (1.62512pt too wide) in paragraph at lines 6220--6220
\T1/lmr/bx/n/8 (given)|  
 []


Overfull \hbox (1.62512pt too wide) in paragraph at lines 6239--6239
\T1/lmr/bx/n/8 (given)|  
 []


Overfull \hbox (1.62512pt too wide) in paragraph at lines 6239--6239
\T1/lmr/bx/n/8 (given)|  
 []


Overfull \hbox (1.62512pt too wide) in paragraph at lines 6257--6257
\T1/lmr/bx/n/8 (given)|  
 []


Overfull \hbox (1.62512pt too wide) in paragraph at lines 6257--6257
\T1/lmr/bx/n/8 (given)|  
 []


Overfull \hbox (1.62512pt too wide) in paragraph at lines 6275--6275
\T1/lmr/bx/n/8 (given)|  
 []


Overfull \hbox (1.62512pt too wide) in paragraph at lines 6275--6275
\T1/lmr/bx/n/8 (given)|  
 []

[97]
Overfull \hbox (1.62512pt too wide) in paragraph at lines 6295--6295
\T1/lmr/bx/n/8 (given)|  
 []


Overfull \hbox (1.62512pt too wide) in paragraph at lines 6295--6295
\T1/lmr/bx/n/8 (given)|  
 []


Overfull \hbox (1.62512pt too wide) in paragraph at lines 6315--6315
\T1/lmr/bx/n/8 (given)|  
 []


Overfull \hbox (1.62512pt too wide) in paragraph at lines 6315--6315
\T1/lmr/bx/n/8 (given)|  
 []


Overfull \hbox (9.01263pt too wide) in paragraph at lines 6332--6332
[]|\T1/lmr/bx/n/8 Score|  
 []


Overfull \hbox (19.40686pt too wide) in paragraph at lines 6332--6333
[]|\T1/lmr/bx/n/8 Method|  
 []


Overfull \hbox (9.01263pt too wide) in paragraph at lines 6350--6350
[]|\T1/lmr/bx/n/8 Score|  
 []


Overfull \hbox (19.40686pt too wide) in paragraph at lines 6350--6351
[]|\T1/lmr/bx/n/8 Method|  
 []

[98]
Overfull \hbox (19.40686pt too wide) in paragraph at lines 6395--6396
[]|\T1/lmr/bx/n/8 Method|  
 []

ignored error: Infinite glue shrinkage found in box being split [99]
Overfull \hbox (9.01263pt too wide) in paragraph at lines 6424--6425
[]|\T1/lmr/bx/n/8 Score 
 []


Overfull \hbox (15.8515pt too wide) in paragraph at lines 6424--6425
\T1/lmr/bx/n/8 (given)|  
 []


Overfull \hbox (19.40686pt too wide) in paragraph at lines 6446--6447
[]|\T1/lmr/bx/n/8 Method|  
 []


Overfull \hbox (9.01263pt too wide) in paragraph at lines 6473--6474
[]|\T1/lmr/bx/n/8 Score 
 []


Overfull \hbox (15.8515pt too wide) in paragraph at lines 6473--6474
\T1/lmr/bx/n/8 (given)|  
 []

ignored error: Infinite glue shrinkage found in box being split [100]
Overfull \hbox (19.40686pt too wide) in paragraph at lines 6495--6496
[]|\T1/lmr/bx/n/8 Method|  
 []


Overfull \hbox (19.40686pt too wide) in paragraph at lines 6529--6530
[]|\T1/lmr/bx/n/8 Method|  
 []

ignored error: Infinite glue shrinkage found in box being split [101]
Overfull \hbox (19.40686pt too wide) in paragraph at lines 6562--6563
[]|\T1/lmr/bx/n/8 Method|  
 []


Overfull \hbox (19.40686pt too wide) in paragraph at lines 6602--6603
[]|\T1/lmr/bx/n/8 Method|  
 []

ignored error: Infinite glue shrinkage found in box being split [102]

Package hyperref Warning: Suppressing link with empty target on input line 6626.


Overfull \hbox (9.01263pt too wide) in paragraph at lines 6633--6633
[]|\T1/lmr/bx/n/8 Score|  
 []


Overfull \hbox (19.40686pt too wide) in paragraph at lines 6633--6634
[]|\T1/lmr/bx/n/8 Method|  
 []


Overfull \hbox (19.40686pt too wide) in paragraph at lines 6652--6653
[]|\T1/lmr/bx/n/8 Method|  
 []

ignored error: Infinite glue shrinkage found in box being split [103]
Overfull \hbox (19.40686pt too wide) in paragraph at lines 6685--6686
[]|\T1/lmr/bx/n/8 Method|  
 []


Overfull \hbox (1.62512pt too wide) in paragraph at lines 6717--6717
\T1/lmr/bx/n/8 (given)|  
 []


Overfull \hbox (1.62512pt too wide) in paragraph at lines 6717--6717
\T1/lmr/bx/n/8 (given)|  
 []


Overfull \hbox (1.62512pt too wide) in paragraph at lines 6738--6738
\T1/lmr/bx/n/8 (given)|  
 []


Overfull \hbox (1.62512pt too wide) in paragraph at lines 6738--6738
\T1/lmr/bx/n/8 (given)|  
 []

[104]
Overfull \hbox (19.40686pt too wide) in paragraph at lines 6759--6760
[]|\T1/lmr/bx/n/8 Method|  
 []


Overfull \hbox (9.01263pt too wide) in paragraph at lines 6789--6789
[]|\T1/lmr/bx/n/8 Score|  
 []


Overfull \hbox (19.40686pt too wide) in paragraph at lines 6789--6790
[]|\T1/lmr/bx/n/8 Method|  
 []


Overfull \hbox (19.40686pt too wide) in paragraph at lines 6809--6810
[]|\T1/lmr/bx/n/8 Method|  
 []

[105]
Overfull \hbox (9.01263pt too wide) in paragraph at lines 6843--6843
[]|\T1/lmr/bx/n/8 Score|  
 []


Overfull \hbox (19.40686pt too wide) in paragraph at lines 6843--6844
[]|\T1/lmr/bx/n/8 Method|  
 []


Overfull \hbox (9.01263pt too wide) in paragraph at lines 6863--6863
[]|\T1/lmr/bx/n/8 Score|  
 []


Overfull \hbox (19.40686pt too wide) in paragraph at lines 6863--6864
[]|\T1/lmr/bx/n/8 Method|  
 []


Overfull \hbox (9.01263pt too wide) in paragraph at lines 6884--6884
[]|\T1/lmr/bx/n/8 Score|  
 []


Overfull \hbox (19.40686pt too wide) in paragraph at lines 6884--6885
[]|\T1/lmr/bx/n/8 Method|  
 []

[106]
Overfull \hbox (9.01263pt too wide) in paragraph at lines 6905--6905
[]|\T1/lmr/bx/n/8 Score|  
 []


Overfull \hbox (19.40686pt too wide) in paragraph at lines 6905--6906
[]|\T1/lmr/bx/n/8 Method|  
 []


Overfull \hbox (9.01263pt too wide) in paragraph at lines 6922--6922
[]|\T1/lmr/bx/n/8 Score|  
 []


Overfull \hbox (19.40686pt too wide) in paragraph at lines 6922--6923
[]|\T1/lmr/bx/n/8 Method|  
 []


Overfull \hbox (9.01263pt too wide) in paragraph at lines 6941--6941
[]|\T1/lmr/bx/n/8 Score|  
 []


Overfull \hbox (9.01263pt too wide) in paragraph at lines 6962--6962
[]|\T1/lmr/bx/n/8 Score|  
 []


Overfull \hbox (19.40686pt too wide) in paragraph at lines 6962--6963
[]|\T1/lmr/bx/n/8 Method|  
 []

[107]
Overfull \hbox (9.01263pt too wide) in paragraph at lines 6981--6981
[]|\T1/lmr/bx/n/8 Score|  
 []


Overfull \hbox (19.40686pt too wide) in paragraph at lines 6981--6982
[]|\T1/lmr/bx/n/8 Method|  
 []


Overfull \hbox (9.01263pt too wide) in paragraph at lines 7000--7000
[]|\T1/lmr/bx/n/8 Score|  
 []


Overfull \hbox (19.40686pt too wide) in paragraph at lines 7000--7001
[]|\T1/lmr/bx/n/8 Method|  
 []


Overfull \hbox (9.01263pt too wide) in paragraph at lines 7019--7019
[]|\T1/lmr/bx/n/8 Score|  
 []


Overfull \hbox (19.40686pt too wide) in paragraph at lines 7019--7020
[]|\T1/lmr/bx/n/8 Method|  
 []


Overfull \hbox (9.01263pt too wide) in paragraph at lines 7037--7037
[]|\T1/lmr/bx/n/8 Score|  
 []


Overfull \hbox (19.40686pt too wide) in paragraph at lines 7037--7038
[]|\T1/lmr/bx/n/8 Method|  
 []

ignored error: Infinite glue shrinkage found in box being split [108]
Overfull \hbox (9.01263pt too wide) in paragraph at lines 7058--7058
[]|\T1/lmr/bx/n/8 Score|  
 []


Overfull \hbox (19.40686pt too wide) in paragraph at lines 7058--7059
[]|\T1/lmr/bx/n/8 Method|  
 []


Overfull \hbox (9.01263pt too wide) in paragraph at lines 7077--7077
[]|\T1/lmr/bx/n/8 Score|  
 []


Overfull \hbox (19.40686pt too wide) in paragraph at lines 7077--7078
[]|\T1/lmr/bx/n/8 Method|  
 []


Overfull \hbox (9.01263pt too wide) in paragraph at lines 7096--7096
[]|\T1/lmr/bx/n/8 Score|  
 []


Overfull \hbox (19.40686pt too wide) in paragraph at lines 7096--7097
[]|\T1/lmr/bx/n/8 Method|  
 []


Overfull \hbox (9.01263pt too wide) in paragraph at lines 7115--7115
[]|\T1/lmr/bx/n/8 Score|  
 []


Overfull \hbox (19.40686pt too wide) in paragraph at lines 7115--7116
[]|\T1/lmr/bx/n/8 Method|  
 []


Overfull \hbox (9.01263pt too wide) in paragraph at lines 7133--7133
[]|\T1/lmr/bx/n/8 Score|  
 []


Overfull \hbox (19.40686pt too wide) in paragraph at lines 7133--7134
[]|\T1/lmr/bx/n/8 Method|  
 []

[109]
Overfull \hbox (9.01263pt too wide) in paragraph at lines 7152--7152
[]|\T1/lmr/bx/n/8 Score|  
 []


Overfull \hbox (19.40686pt too wide) in paragraph at lines 7152--7153
[]|\T1/lmr/bx/n/8 Method|  
 []


Overfull \hbox (9.01263pt too wide) in paragraph at lines 7170--7170
[]|\T1/lmr/bx/n/8 Score|  
 []


Overfull \hbox (19.40686pt too wide) in paragraph at lines 7170--7171
[]|\T1/lmr/bx/n/8 Method|  
 []


Overfull \hbox (9.01263pt too wide) in paragraph at lines 7188--7188
[]|\T1/lmr/bx/n/8 Score|  
 []


Overfull \hbox (19.40686pt too wide) in paragraph at lines 7188--7189
[]|\T1/lmr/bx/n/8 Method|  
 []


Overfull \hbox (9.01263pt too wide) in paragraph at lines 7206--7206
[]|\T1/lmr/bx/n/8 Score|  
 []


Overfull \hbox (19.40686pt too wide) in paragraph at lines 7206--7207
[]|\T1/lmr/bx/n/8 Method|  
 []

[110]
Overfull \hbox (1.62512pt too wide) in paragraph at lines 7224--7224
\T1/lmr/bx/n/8 (given)|  
 []


Overfull \hbox (1.62512pt too wide) in paragraph at lines 7224--7224
\T1/lmr/bx/n/8 (given)|  
 []


Overfull \hbox (1.62512pt too wide) in paragraph at lines 7243--7243
\T1/lmr/bx/n/8 (given)|  
 []


Overfull \hbox (1.62512pt too wide) in paragraph at lines 7243--7243
\T1/lmr/bx/n/8 (given)|  
 []


Overfull \hbox (17.3523pt too wide) in paragraph at lines 7245--7246
[]|\T1/lmr/m/n/8 Million_sek_season|  
 []


Overfull \hbox (1.62512pt too wide) in paragraph at lines 7262--7262
\T1/lmr/bx/n/8 (given)|  
 []


Overfull \hbox (1.62512pt too wide) in paragraph at lines 7262--7262
\T1/lmr/bx/n/8 (given)|  
 []

ignored error: Infinite glue shrinkage found in box being split [111]
Overfull \hbox (1.62512pt too wide) in paragraph at lines 7281--7281
\T1/lmr/bx/n/8 (given)|  
 []


Overfull \hbox (1.62512pt too wide) in paragraph at lines 7281--7281
\T1/lmr/bx/n/8 (given)|  
 []


Overfull \hbox (1.62512pt too wide) in paragraph at lines 7299--7299
\T1/lmr/bx/n/8 (given)|  
 []


Overfull \hbox (1.62512pt too wide) in paragraph at lines 7299--7299
\T1/lmr/bx/n/8 (given)|  
 []


Overfull \hbox (1.62512pt too wide) in paragraph at lines 7317--7317
\T1/lmr/bx/n/8 (given)|  
 []


Overfull \hbox (1.62512pt too wide) in paragraph at lines 7317--7317
\T1/lmr/bx/n/8 (given)|  
 []

[112]
Overfull \hbox (1.62512pt too wide) in paragraph at lines 7337--7337
\T1/lmr/bx/n/8 (given)|  
 []


Overfull \hbox (1.62512pt too wide) in paragraph at lines 7337--7337
\T1/lmr/bx/n/8 (given)|  
 []


Overfull \hbox (1.62512pt too wide) in paragraph at lines 7356--7356
\T1/lmr/bx/n/8 (given)|  
 []


Overfull \hbox (1.62512pt too wide) in paragraph at lines 7356--7356
\T1/lmr/bx/n/8 (given)|  
 []


Overfull \hbox (9.01263pt too wide) in paragraph at lines 7373--7373
[]|\T1/lmr/bx/n/8 Score|  
 []


Overfull \hbox (19.40686pt too wide) in paragraph at lines 7373--7374
[]|\T1/lmr/bx/n/8 Method|  
 []


Overfull \hbox (9.01263pt too wide) in paragraph at lines 7391--7391
[]|\T1/lmr/bx/n/8 Score|  
 []


Overfull \hbox (19.40686pt too wide) in paragraph at lines 7391--7392
[]|\T1/lmr/bx/n/8 Method|  
 []

ignored error: Infinite glue shrinkage found in box being split [113]
Overfull \hbox (19.40686pt too wide) in paragraph at lines 7439--7440
[]|\T1/lmr/bx/n/8 Method|  
 []

ignored error: Infinite glue shrinkage found in box being split [114]
Overfull \hbox (9.01263pt too wide) in paragraph at lines 7468--7469
[]|\T1/lmr/bx/n/8 Score 
 []


Overfull \hbox (15.8515pt too wide) in paragraph at lines 7468--7469
\T1/lmr/bx/n/8 (given)|  
 []


Overfull \hbox (19.40686pt too wide) in paragraph at lines 7490--7491
[]|\T1/lmr/bx/n/8 Method|  
 []


Overfull \hbox (9.01263pt too wide) in paragraph at lines 7517--7518
[]|\T1/lmr/bx/n/8 Score 
 []


Overfull \hbox (15.8515pt too wide) in paragraph at lines 7517--7518
\T1/lmr/bx/n/8 (given)|  
 []

ignored error: Infinite glue shrinkage found in box being split [115]
Overfull \hbox (19.40686pt too wide) in paragraph at lines 7539--7540
[]|\T1/lmr/bx/n/8 Method|  
 []


Overfull \hbox (19.40686pt too wide) in paragraph at lines 7573--7574
[]|\T1/lmr/bx/n/8 Method|  
 []

ignored error: Infinite glue shrinkage found in box being split [116]
Overfull \hbox (9.01263pt too wide) in paragraph at lines 7600--7601
[]|\T1/lmr/bx/n/8 Score 
 []


Overfull \hbox (15.8515pt too wide) in paragraph at lines 7600--7601
\T1/lmr/bx/n/8 (given)|  
 []


Overfull \hbox (19.40686pt too wide) in paragraph at lines 7624--7625
[]|\T1/lmr/bx/n/8 Method|  
 []

ignored error: Infinite glue shrinkage found in box being split [117]
Overfull \hbox (19.40686pt too wide) in paragraph at lines 7657--7658
[]|\T1/lmr/bx/n/8 Method|  
 []


Package hyperref Warning: Suppressing link with empty target on input line 7681.


Overfull \hbox (9.01263pt too wide) in paragraph at lines 7688--7688
[]|\T1/lmr/bx/n/8 Score|  
 []


Overfull \hbox (19.40686pt too wide) in paragraph at lines 7688--7689
[]|\T1/lmr/bx/n/8 Method|  
 []


Overfull \hbox (19.40686pt too wide) in paragraph at lines 7707--7708
[]|\T1/lmr/bx/n/8 Method|  
 []

ignored error: Infinite glue shrinkage found in box being split [118]
Overfull \hbox (9.01263pt too wide) in paragraph at lines 7734--7735
[]|\T1/lmr/bx/n/8 Score 
 []


Overfull \hbox (15.8515pt too wide) in paragraph at lines 7734--7735
\T1/lmr/bx/n/8 (given)|  
 []


Overfull \hbox (19.40686pt too wide) in paragraph at lines 7756--7757
[]|\T1/lmr/bx/n/8 Method|  
 []

ignored error: Infinite glue shrinkage found in box being split [119]
Overfull \hbox (1.62512pt too wide) in paragraph at lines 7788--7788
\T1/lmr/bx/n/8 (given)|  
 []


Overfull \hbox (1.62512pt too wide) in paragraph at lines 7788--7788
\T1/lmr/bx/n/8 (given)|  
 []


Overfull \hbox (1.62512pt too wide) in paragraph at lines 7807--7807
\T1/lmr/bx/n/8 (given)|  
 []


Overfull \hbox (1.62512pt too wide) in paragraph at lines 7807--7807
\T1/lmr/bx/n/8 (given)|  
 []


Overfull \hbox (19.40686pt too wide) in paragraph at lines 7828--7829
[]|\T1/lmr/bx/n/8 Method|  
 []

ignored error: Infinite glue shrinkage found in box being split [120]
Overfull \hbox (9.01263pt too wide) in paragraph at lines 7858--7858
[]|\T1/lmr/bx/n/8 Score|  
 []


Overfull \hbox (19.40686pt too wide) in paragraph at lines 7858--7859
[]|\T1/lmr/bx/n/8 Method|  
 []


Overfull \hbox (19.40686pt too wide) in paragraph at lines 7878--7879
[]|\T1/lmr/bx/n/8 Method|  
 []

[121]
Overfull \hbox (9.01263pt too wide) in paragraph at lines 7912--7912
[]|\T1/lmr/bx/n/8 Score 
 []


Overfull \hbox (7.73927pt too wide) in paragraph at lines 7912--7912
\T1/lmr/bx/n/8 (self)|  
 []


Overfull \hbox (9.01263pt too wide) in paragraph at lines 7912--7913
[]|\T1/lmr/bx/n/8 Score 
 []


Overfull \hbox (15.8515pt too wide) in paragraph at lines 7912--7913
\T1/lmr/bx/n/8 (given)|  
 []


Overfull \hbox (9.01263pt too wide) in paragraph at lines 7926--7927
[]|\T1/lmr/bx/n/8 Score 
 []


Overfull \hbox (15.8515pt too wide) in paragraph at lines 7926--7927
\T1/lmr/bx/n/8 (given)|  
 []


Overfull \hbox (9.01263pt too wide) in paragraph at lines 7949--7949
[]|\T1/lmr/bx/n/8 Score|  
 []


Overfull \hbox (19.40686pt too wide) in paragraph at lines 7949--7950
[]|\T1/lmr/bx/n/8 Method|  
 []


Overfull \hbox (9.01263pt too wide) in paragraph at lines 7970--7970
[]|\T1/lmr/bx/n/8 Score|  
 []


Overfull \hbox (19.40686pt too wide) in paragraph at lines 7970--7971
[]|\T1/lmr/bx/n/8 Method|  
 []

ignored error: Infinite glue shrinkage found in box being split [122]
Overfull \hbox (9.01263pt too wide) in paragraph at lines 7991--7991
[]|\T1/lmr/bx/n/8 Score|  
 []


Overfull \hbox (19.40686pt too wide) in paragraph at lines 7991--7992
[]|\T1/lmr/bx/n/8 Method|  
 []


Overfull \hbox (9.01263pt too wide) in paragraph at lines 8008--8008
[]|\T1/lmr/bx/n/8 Score|  
 []


Overfull \hbox (19.40686pt too wide) in paragraph at lines 8008--8009
[]|\T1/lmr/bx/n/8 Method|  
 []


Overfull \hbox (9.01263pt too wide) in paragraph at lines 8027--8027
[]|\T1/lmr/bx/n/8 Score|  
 []


Overfull \hbox (9.01263pt too wide) in paragraph at lines 8048--8048
[]|\T1/lmr/bx/n/8 Score|  
 []


Overfull \hbox (19.40686pt too wide) in paragraph at lines 8048--8049
[]|\T1/lmr/bx/n/8 Method|  
 []

[123]
Overfull \hbox (9.01263pt too wide) in paragraph at lines 8067--8067
[]|\T1/lmr/bx/n/8 Score|  
 []


Overfull \hbox (19.40686pt too wide) in paragraph at lines 8067--8068
[]|\T1/lmr/bx/n/8 Method|  
 []


Overfull \hbox (9.01263pt too wide) in paragraph at lines 8086--8086
[]|\T1/lmr/bx/n/8 Score|  
 []


Overfull \hbox (19.40686pt too wide) in paragraph at lines 8086--8087
[]|\T1/lmr/bx/n/8 Method|  
 []


Overfull \hbox (9.01263pt too wide) in paragraph at lines 8105--8105
[]|\T1/lmr/bx/n/8 Score|  
 []


Overfull \hbox (19.40686pt too wide) in paragraph at lines 8105--8106
[]|\T1/lmr/bx/n/8 Method|  
 []


Overfull \hbox (9.01263pt too wide) in paragraph at lines 8123--8123
[]|\T1/lmr/bx/n/8 Score|  
 []


Overfull \hbox (19.40686pt too wide) in paragraph at lines 8123--8124
[]|\T1/lmr/bx/n/8 Method|  
 []

ignored error: Infinite glue shrinkage found in box being split [124]
Overfull \hbox (9.01263pt too wide) in paragraph at lines 8144--8144
[]|\T1/lmr/bx/n/8 Score|  
 []


Overfull \hbox (19.40686pt too wide) in paragraph at lines 8144--8145
[]|\T1/lmr/bx/n/8 Method|  
 []


Overfull \hbox (9.01263pt too wide) in paragraph at lines 8163--8163
[]|\T1/lmr/bx/n/8 Score|  
 []


Overfull \hbox (19.40686pt too wide) in paragraph at lines 8163--8164
[]|\T1/lmr/bx/n/8 Method|  
 []


Overfull \hbox (9.01263pt too wide) in paragraph at lines 8182--8182
[]|\T1/lmr/bx/n/8 Score|  
 []


Overfull \hbox (19.40686pt too wide) in paragraph at lines 8182--8183
[]|\T1/lmr/bx/n/8 Method|  
 []


Overfull \hbox (9.01263pt too wide) in paragraph at lines 8201--8201
[]|\T1/lmr/bx/n/8 Score|  
 []


Overfull \hbox (19.40686pt too wide) in paragraph at lines 8201--8202
[]|\T1/lmr/bx/n/8 Method|  
 []

ignored error: Infinite glue shrinkage found in box being split [125]
Overfull \hbox (9.01263pt too wide) in paragraph at lines 8219--8219
[]|\T1/lmr/bx/n/8 Score|  
 []


Overfull \hbox (19.40686pt too wide) in paragraph at lines 8219--8220
[]|\T1/lmr/bx/n/8 Method|  
 []


Overfull \hbox (9.01263pt too wide) in paragraph at lines 8238--8238
[]|\T1/lmr/bx/n/8 Score|  
 []


Overfull \hbox (19.40686pt too wide) in paragraph at lines 8238--8239
[]|\T1/lmr/bx/n/8 Method|  
 []


Overfull \hbox (9.01263pt too wide) in paragraph at lines 8256--8256
[]|\T1/lmr/bx/n/8 Score|  
 []


Overfull \hbox (19.40686pt too wide) in paragraph at lines 8256--8257
[]|\T1/lmr/bx/n/8 Method|  
 []


Overfull \hbox (9.01263pt too wide) in paragraph at lines 8274--8274
[]|\T1/lmr/bx/n/8 Score|  
 []


Overfull \hbox (19.40686pt too wide) in paragraph at lines 8274--8275
[]|\T1/lmr/bx/n/8 Method|  
 []


Overfull \hbox (9.01263pt too wide) in paragraph at lines 8292--8292
[]|\T1/lmr/bx/n/8 Score|  
 []


Overfull \hbox (19.40686pt too wide) in paragraph at lines 8292--8293
[]|\T1/lmr/bx/n/8 Method|  
 []

[126]
Overfull \hbox (1.62512pt too wide) in paragraph at lines 8310--8310
\T1/lmr/bx/n/8 (given)|  
 []


Overfull \hbox (1.62512pt too wide) in paragraph at lines 8310--8310
\T1/lmr/bx/n/8 (given)|  
 []


Overfull \hbox (1.62512pt too wide) in paragraph at lines 8329--8329
\T1/lmr/bx/n/8 (given)|  
 []


Overfull \hbox (1.62512pt too wide) in paragraph at lines 8329--8329
\T1/lmr/bx/n/8 (given)|  
 []


Overfull \hbox (1.62512pt too wide) in paragraph at lines 8351--8351
\T1/lmr/bx/n/8 (given)|  
 []


Overfull \hbox (1.62512pt too wide) in paragraph at lines 8351--8351
\T1/lmr/bx/n/8 (given)|  
 []

ignored error: Infinite glue shrinkage found in box being split [127]
Overfull \hbox (1.62512pt too wide) in paragraph at lines 8370--8370
\T1/lmr/bx/n/8 (given)|  
 []


Overfull \hbox (1.62512pt too wide) in paragraph at lines 8370--8370
\T1/lmr/bx/n/8 (given)|  
 []


Overfull \hbox (1.62512pt too wide) in paragraph at lines 8388--8388
\T1/lmr/bx/n/8 (given)|  
 []


Overfull \hbox (1.62512pt too wide) in paragraph at lines 8388--8388
\T1/lmr/bx/n/8 (given)|  
 []


Overfull \hbox (1.62512pt too wide) in paragraph at lines 8406--8406
\T1/lmr/bx/n/8 (given)|  
 []


Overfull \hbox (1.62512pt too wide) in paragraph at lines 8406--8406
\T1/lmr/bx/n/8 (given)|  
 []


Overfull \hbox (1.62512pt too wide) in paragraph at lines 8426--8426
\T1/lmr/bx/n/8 (given)|  
 []


Overfull \hbox (1.62512pt too wide) in paragraph at lines 8426--8426
\T1/lmr/bx/n/8 (given)|  
 []

[128]
Overfull \hbox (1.62512pt too wide) in paragraph at lines 8445--8445
\T1/lmr/bx/n/8 (given)|  
 []


Overfull \hbox (1.62512pt too wide) in paragraph at lines 8445--8445
\T1/lmr/bx/n/8 (given)|  
 []


Overfull \hbox (9.01263pt too wide) in paragraph at lines 8462--8462
[]|\T1/lmr/bx/n/8 Score|  
 []


Overfull \hbox (19.40686pt too wide) in paragraph at lines 8462--8463
[]|\T1/lmr/bx/n/8 Method|  
 []


Overfull \hbox (9.01263pt too wide) in paragraph at lines 8480--8480
[]|\T1/lmr/bx/n/8 Score|  
 []


Overfull \hbox (19.40686pt too wide) in paragraph at lines 8480--8481
[]|\T1/lmr/bx/n/8 Method|  
 []

[129] (./control.aux)
 ***********
LaTeX2e <2025-11-01>
L3 programming layer <2025-10-24>
 ***********

LaTeX Warning: There were multiply-defined labels.

 ) 
Here is how much of TeX's memory you used:
 14375 strings out of 469519
 222125 string characters out of 5467979
 778419 words of memory out of 5000000
 41959 multiletter control sequences out of 15000+600000
 690848 words of font info for 87 fonts, out of 8000000 for 9000
 14 hyphenation exceptions out of 8191
 89i,7n,93p,740b,607s stack positions out of 10000i,1000n,20000p,200000b,200000s
<c:/Users/eoar0001/AppData/Roaming/TinyTeX/texmf-dist/fonts/type1/public/lm/lmbx10.pfb><c:/Users/eoar0001/AppData/Roaming/TinyTeX/texmf-dist/fonts/type1/public/lm/lmbx12.pfb><c:/Users/eoar0001/AppData/Roaming/TinyTeX/texmf-dist/fonts/type1/public/lm/lmbx7.pfb><c:/Users/eoar0001/AppData/Roaming/TinyTeX/texmf-dist/fonts/type1/public/lm/lmbx8.pfb><c:/Users/eoar0001/AppData/Roaming/TinyTeX/texmf-dist/fonts/type1/public/lm/lmr10.pfb><c:/Users/eoar0001/AppData/Roaming/TinyTeX/texmf-dist/fonts/type1/public/lm/lmr17.pfb><c:/Users/eoar0001/AppData/Roaming/TinyTeX/texmf-dist/fonts/type1/public/lm/lmr7.pfb><c:/Users/eoar0001/AppData/Roaming/TinyTeX/texmf-dist/fonts/type1/public/lm/lmr8.pfb><c:/Users/eoar0001/AppData/Roaming/TinyTeX/texmf-dist/fonts/type1/public/lm/lmri10.pfb>
Output written on control.pdf (129 pages, 591129 bytes).
PDF statistics:
 1703 PDF objects out of 1728 (max. 8388607)
 1513 compressed objects within 16 object streams
 831 named destinations out of 1000 (max. 500000)
 256 words of extra memory for PDF output out of 10000 (max. 10000000)

