This is pdfTeX, Version 3.141592653-2.6-1.40.28 (TeX Live 2025) (preloaded format=pdflatex 2025.11.10)  10 NOV 2025 11:38
entering extended mode
 restricted \write18 enabled.
 %&-line parsing enabled.
**results_interviewsummary.tex
(./results_interviewsummary.tex
LaTeX2e <2025-11-01>
L3 programming layer <2025-10-24>
(c:/Users/eoar0001/AppData/Roaming/TinyTeX/texmf-dist/tex/latex/base/article.cls
Document Class: article 2025/01/22 v1.4n Standard LaTeX document class
(c:/Users/eoar0001/AppData/Roaming/TinyTeX/texmf-dist/tex/latex/base/size10.clo
File: size10.clo 2025/01/22 v1.4n Standard LaTeX file (size option)
)
\c@part=\count275
\c@section=\count276
\c@subsection=\count277
\c@subsubsection=\count278
\c@paragraph=\count279
\c@subparagraph=\count280
\c@figure=\count281
\c@table=\count282
\abovecaptionskip=\skip49
\belowcaptionskip=\skip50
\bibindent=\dimen148
) (c:/Users/eoar0001/AppData/Roaming/TinyTeX/texmf-dist/tex/latex/amsmath/amsmath.sty
Package: amsmath 2025/07/09 v2.17z AMS math features
\@mathmargin=\skip51
For additional information on amsmath, use the `?' option.
(c:/Users/eoar0001/AppData/Roaming/TinyTeX/texmf-dist/tex/latex/amsmath/amstext.sty
Package: amstext 2024/11/17 v2.01 AMS text
(c:/Users/eoar0001/AppData/Roaming/TinyTeX/texmf-dist/tex/latex/amsmath/amsgen.sty
File: amsgen.sty 1999/11/30 v2.0 generic functions
\@emptytoks=\toks17
\ex@=\dimen149
)) (c:/Users/eoar0001/AppData/Roaming/TinyTeX/texmf-dist/tex/latex/amsmath/amsbsy.sty
Package: amsbsy 1999/11/29 v1.2d Bold Symbols
\pmbraise@=\dimen150
) (c:/Users/eoar0001/AppData/Roaming/TinyTeX/texmf-dist/tex/latex/amsmath/amsopn.sty
Package: amsopn 2022/04/08 v2.04 operator names
)
\inf@bad=\count283
LaTeX Info: Redefining \frac on input line 233.
\uproot@=\count284
\leftroot@=\count285
LaTeX Info: Redefining \overline on input line 398.
LaTeX Info: Redefining \colon on input line 409.
\classnum@=\count286
\DOTSCASE@=\count287
LaTeX Info: Redefining \ldots on input line 495.
LaTeX Info: Redefining \dots on input line 498.
LaTeX Info: Redefining \cdots on input line 619.
\Mathstrutbox@=\box53
\strutbox@=\box54
LaTeX Info: Redefining \big on input line 721.
LaTeX Info: Redefining \Big on input line 722.
LaTeX Info: Redefining \bigg on input line 723.
LaTeX Info: Redefining \Bigg on input line 724.
\big@size=\dimen151
LaTeX Font Info:    Redeclaring font encoding OML on input line 742.
LaTeX Font Info:    Redeclaring font encoding OMS on input line 743.
\macc@depth=\count288
LaTeX Info: Redefining \bmod on input line 904.
LaTeX Info: Redefining \pmod on input line 909.
LaTeX Info: Redefining \smash on input line 939.
LaTeX Info: Redefining \relbar on input line 969.
LaTeX Info: Redefining \Relbar on input line 970.
\c@MaxMatrixCols=\count289
\dotsspace@=\muskip17
\c@parentequation=\count290
\dspbrk@lvl=\count291
\tag@help=\toks18
\row@=\count292
\column@=\count293
\maxfields@=\count294
\andhelp@=\toks19
\eqnshift@=\dimen152
\alignsep@=\dimen153
\tagshift@=\dimen154
\tagwidth@=\dimen155
\totwidth@=\dimen156
\lineht@=\dimen157
\@envbody=\toks20
\multlinegap=\skip52
\multlinetaggap=\skip53
\mathdisplay@stack=\toks21
LaTeX Info: Redefining \[ on input line 2950.
LaTeX Info: Redefining \] on input line 2951.
) (c:/Users/eoar0001/AppData/Roaming/TinyTeX/texmf-dist/tex/latex/amsfonts/amssymb.sty
Package: amssymb 2013/01/14 v3.01 AMS font symbols
(c:/Users/eoar0001/AppData/Roaming/TinyTeX/texmf-dist/tex/latex/amsfonts/amsfonts.sty
Package: amsfonts 2013/01/14 v3.01 Basic AMSFonts support
\symAMSa=\mathgroup4
\symAMSb=\mathgroup5
LaTeX Font Info:    Redeclaring math symbol \hbar on input line 98.
LaTeX Font Info:    Overwriting math alphabet `\mathfrak' in version `bold'
(Font)                  U/euf/m/n --> U/euf/b/n on input line 106.
)) (c:/Users/eoar0001/AppData/Roaming/TinyTeX/texmf-dist/tex/generic/iftex/iftex.sty
Package: iftex 2024/12/12 v1.0g TeX engine tests
) (c:/Users/eoar0001/AppData/Roaming/TinyTeX/texmf-dist/tex/latex/base/fontenc.sty
Package: fontenc 2025/07/18 v2.1d Standard LaTeX package
) (c:/Users/eoar0001/AppData/Roaming/TinyTeX/texmf-dist/tex/latex/base/inputenc.sty
Package: inputenc 2024/02/08 v1.3d Input encoding file
\inpenc@prehook=\toks22
\inpenc@posthook=\toks23
) (c:/Users/eoar0001/AppData/Roaming/TinyTeX/texmf-dist/tex/latex/base/textcomp.sty
Package: textcomp 2024/04/24 v2.1b Standard LaTeX package
) (c:/Users/eoar0001/AppData/Roaming/TinyTeX/texmf-dist/tex/latex/lm/lmodern.sty
Package: lmodern 2015/05/01 v1.6.1 Latin Modern Fonts
LaTeX Font Info:    Overwriting symbol font `operators' in version `normal'
(Font)                  OT1/cmr/m/n --> OT1/lmr/m/n on input line 22.
LaTeX Font Info:    Overwriting symbol font `letters' in version `normal'
(Font)                  OML/cmm/m/it --> OML/lmm/m/it on input line 23.
LaTeX Font Info:    Overwriting symbol font `symbols' in version `normal'
(Font)                  OMS/cmsy/m/n --> OMS/lmsy/m/n on input line 24.
LaTeX Font Info:    Overwriting symbol font `largesymbols' in version `normal'
(Font)                  OMX/cmex/m/n --> OMX/lmex/m/n on input line 25.
LaTeX Font Info:    Overwriting symbol font `operators' in version `bold'
(Font)                  OT1/cmr/bx/n --> OT1/lmr/bx/n on input line 26.
LaTeX Font Info:    Overwriting symbol font `letters' in version `bold'
(Font)                  OML/cmm/b/it --> OML/lmm/b/it on input line 27.
LaTeX Font Info:    Overwriting symbol font `symbols' in version `bold'
(Font)                  OMS/cmsy/b/n --> OMS/lmsy/b/n on input line 28.
LaTeX Font Info:    Overwriting symbol font `largesymbols' in version `bold'
(Font)                  OMX/cmex/m/n --> OMX/lmex/m/n on input line 29.
LaTeX Font Info:    Overwriting math alphabet `\mathbf' in version `normal'
(Font)                  OT1/cmr/bx/n --> OT1/lmr/bx/n on input line 31.
LaTeX Font Info:    Overwriting math alphabet `\mathsf' in version `normal'
(Font)                  OT1/cmss/m/n --> OT1/lmss/m/n on input line 32.
LaTeX Font Info:    Overwriting math alphabet `\mathit' in version `normal'
(Font)                  OT1/cmr/m/it --> OT1/lmr/m/it on input line 33.
LaTeX Font Info:    Overwriting math alphabet `\mathtt' in version `normal'
(Font)                  OT1/cmtt/m/n --> OT1/lmtt/m/n on input line 34.
LaTeX Font Info:    Overwriting math alphabet `\mathbf' in version `bold'
(Font)                  OT1/cmr/bx/n --> OT1/lmr/bx/n on input line 35.
LaTeX Font Info:    Overwriting math alphabet `\mathsf' in version `bold'
(Font)                  OT1/cmss/bx/n --> OT1/lmss/bx/n on input line 36.
LaTeX Font Info:    Overwriting math alphabet `\mathit' in version `bold'
(Font)                  OT1/cmr/bx/it --> OT1/lmr/bx/it on input line 37.
LaTeX Font Info:    Overwriting math alphabet `\mathtt' in version `bold'
(Font)                  OT1/cmtt/m/n --> OT1/lmtt/m/n on input line 38.
) (c:/Users/eoar0001/AppData/Roaming/TinyTeX/texmf-dist/tex/latex/xcolor/xcolor.sty
Package: xcolor 2024/09/29 v3.02 LaTeX color extensions (UK)
(c:/Users/eoar0001/AppData/Roaming/TinyTeX/texmf-dist/tex/latex/graphics-cfg/color.cfg
File: color.cfg 2016/01/02 v1.6 sample color configuration
)
Package xcolor Info: Driver file: pdftex.def on input line 274.
(c:/Users/eoar0001/AppData/Roaming/TinyTeX/texmf-dist/tex/latex/graphics-def/pdftex.def
File: pdftex.def 2025/09/29 v1.2d Graphics/color driver for pdftex
) (c:/Users/eoar0001/AppData/Roaming/TinyTeX/texmf-dist/tex/latex/graphics/mathcolor.ltx)
Package xcolor Info: Model `cmy' substituted by `cmy0' on input line 1349.
Package xcolor Info: Model `hsb' substituted by `rgb' on input line 1353.
Package xcolor Info: Model `RGB' extended on input line 1365.
Package xcolor Info: Model `HTML' substituted by `rgb' on input line 1367.
Package xcolor Info: Model `Hsb' substituted by `hsb' on input line 1368.
Package xcolor Info: Model `tHsb' substituted by `hsb' on input line 1369.
Package xcolor Info: Model `HSB' substituted by `hsb' on input line 1370.
Package xcolor Info: Model `Gray' substituted by `gray' on input line 1371.
Package xcolor Info: Model `wave' substituted by `hsb' on input line 1372.
) (c:/Users/eoar0001/AppData/Roaming/TinyTeX/texmf-dist/tex/latex/geometry/geometry.sty
Package: geometry 2020/01/02 v5.9 Page Geometry
(c:/Users/eoar0001/AppData/Roaming/TinyTeX/texmf-dist/tex/latex/graphics/keyval.sty
Package: keyval 2022/05/29 v1.15 key=value parser (DPC)
\KV@toks@=\toks24
) (c:/Users/eoar0001/AppData/Roaming/TinyTeX/texmf-dist/tex/generic/iftex/ifvtex.sty
Package: ifvtex 2019/10/25 v1.7 ifvtex legacy package. Use iftex instead.
)
\Gm@cnth=\count295
\Gm@cntv=\count296
\c@Gm@tempcnt=\count297
\Gm@bindingoffset=\dimen158
\Gm@wd@mp=\dimen159
\Gm@odd@mp=\dimen160
\Gm@even@mp=\dimen161
\Gm@layoutwidth=\dimen162
\Gm@layoutheight=\dimen163
\Gm@layouthoffset=\dimen164
\Gm@layoutvoffset=\dimen165
\Gm@dimlist=\toks25
) (c:/Users/eoar0001/AppData/Roaming/TinyTeX/texmf-dist/tex/latex/graphics/graphicx.sty
Package: graphicx 2024/12/31 v1.2e Enhanced LaTeX Graphics (DPC,SPQR)
(c:/Users/eoar0001/AppData/Roaming/TinyTeX/texmf-dist/tex/latex/graphics/graphics.sty
Package: graphics 2024/08/06 v1.4g Standard LaTeX Graphics (DPC,SPQR)
(c:/Users/eoar0001/AppData/Roaming/TinyTeX/texmf-dist/tex/latex/graphics/trig.sty
Package: trig 2023/12/02 v1.11 sin cos tan (DPC)
) (c:/Users/eoar0001/AppData/Roaming/TinyTeX/texmf-dist/tex/latex/graphics-cfg/graphics.cfg
File: graphics.cfg 2016/06/04 v1.11 sample graphics configuration
)
Package graphics Info: Driver file: pdftex.def on input line 106.
)
\Gin@req@height=\dimen166
\Gin@req@width=\dimen167
) (c:/Users/eoar0001/AppData/Roaming/TinyTeX/texmf-dist/tex/latex/booktabs/booktabs.sty
Package: booktabs 2020/01/12 v1.61803398 Publication quality tables
\heavyrulewidth=\dimen168
\lightrulewidth=\dimen169
\cmidrulewidth=\dimen170
\belowrulesep=\dimen171
\belowbottomsep=\dimen172
\aboverulesep=\dimen173
\abovetopsep=\dimen174
\cmidrulesep=\dimen175
\cmidrulekern=\dimen176
\defaultaddspace=\dimen177
\@cmidla=\count298
\@cmidlb=\count299
\@aboverulesep=\dimen178
\@belowrulesep=\dimen179
\@thisruleclass=\count300
\@lastruleclass=\count301
\@thisrulewidth=\dimen180
) (c:/Users/eoar0001/AppData/Roaming/TinyTeX/texmf-dist/tex/latex/tools/longtable.sty
Package: longtable 2025-10-13 v4.24 Multi-page Table package (DPC)
\LTleft=\skip54
\LTright=\skip55
\LTpre=\skip56
\LTpost=\skip57
\LTchunksize=\count302
\LTcapwidth=\dimen181
\LT@head=\box55
\LT@firsthead=\box56
\LT@foot=\box57
\LT@lastfoot=\box58
\LT@gbox=\box59
\LT@cols=\count303
\LT@rows=\count304
\c@LT@tables=\count305
\c@LT@chunks=\count306
\LT@p@ftn=\toks26
) (c:/Users/eoar0001/AppData/Roaming/TinyTeX/texmf-dist/tex/latex/tools/array.sty
Package: array 2025/09/25 v2.6n Tabular extension package (FMi)
\col@sep=\dimen182
\ar@mcellbox=\box60
\extrarowheight=\dimen183
\NC@list=\toks27
\extratabsurround=\skip58
\backup@length=\skip59
\ar@cellbox=\box61
) (c:/Users/eoar0001/AppData/Roaming/TinyTeX/texmf-dist/tex/latex/multirow/multirow.sty
Package: multirow 2024/11/12 v2.9 Span multiple rows of a table
\multirow@colwidth=\skip60
\multirow@cntb=\count307
\multirow@dima=\skip61
\bigstrutjot=\dimen184
) (c:/Users/eoar0001/AppData/Roaming/TinyTeX/texmf-dist/tex/latex/wrapfig/wrapfig.sty
\wrapoverhang=\dimen185
\WF@size=\dimen186
\c@WF@wrappedlines=\count308
\WF@box=\box62
\WF@everypar=\toks28
Package: wrapfig 2003/01/31  v 3.6
) (c:/Users/eoar0001/AppData/Roaming/TinyTeX/texmf-dist/tex/latex/float/float.sty
Package: float 2001/11/08 v1.3d Float enhancements (AL)
\c@float@type=\count309
\float@exts=\toks29
\float@box=\box63
\@float@everytoks=\toks30
\@floatcapt=\box64
) (c:/Users/eoar0001/AppData/Roaming/TinyTeX/texmf-dist/tex/latex/colortbl/colortbl.sty
Package: colortbl 2024/10/29 v1.0k Color table columns (DPC)
\everycr=\toks31
\minrowclearance=\skip62
\rownum=\count310
) (c:/Users/eoar0001/AppData/Roaming/TinyTeX/texmf-dist/tex/latex/pdflscape/pdflscape.sty
Package: pdflscape 2025-06-23 v0.14 Display of landscape pages in PDF
(c:/Users/eoar0001/AppData/Roaming/TinyTeX/texmf-dist/tex/latex/pdflscape/pdflscape-nometadata.sty
Package: pdflscape-nometadata 2025-06-23 v0.14 Display of landscape pages in PDF (HO)
(c:/Users/eoar0001/AppData/Roaming/TinyTeX/texmf-dist/tex/latex/graphics/lscape.sty
Package: lscape 2020/05/28 v3.02 Landscape Pages (DPC)
)
Package pdflscape Info: Auto-detected driver: pdftex on input line 81.
)) (c:/Users/eoar0001/AppData/Roaming/TinyTeX/texmf-dist/tex/latex/tabu/tabu.sty
Package: tabu 2019/01/11 v2.9 - flexible LaTeX tabulars (FC+tabu-fixed)
(c:/Users/eoar0001/AppData/Roaming/TinyTeX/texmf-dist/tex/latex/varwidth/varwidth.sty
Package: varwidth 2009/03/30 ver 0.92;  Variable-width minipages
\@vwid@box=\box65
\sift@deathcycles=\count311
\@vwid@loff=\dimen187
\@vwid@roff=\dimen188
)
==> First Aid for varwidth.sty applied!
\c@taburow=\count312
\tabu@nbcols=\count313
\tabu@cnt=\count314
\tabu@Xcol=\count315
\tabu@alloc=\count316
\tabu@nested=\count317
\tabu@target=\dimen189
\tabu@spreadtarget=\dimen190
\tabu@naturalX=\dimen191
\tabucolX=\dimen192
\tabu@Xsum=\dimen193
\extrarowdepth=\dimen194
\abovetabulinesep=\dimen195
\belowtabulinesep=\dimen196
\tabustrutrule=\dimen197
\tabu@thebody=\toks32
\tabu@footnotes=\toks33
\tabu@box=\box66
\tabu@arstrutbox=\box67
\tabu@hleads=\box68
\tabu@vleads=\box69
\tabu@cellskip=\skip63
) (c:/Users/eoar0001/AppData/Roaming/TinyTeX/texmf-dist/tex/latex/threeparttable/threeparttable.sty
Package: threeparttable 2003/06/13  v 3.0
\@tempboxb=\box70
) (c:/Users/eoar0001/AppData/Roaming/TinyTeX/texmf-dist/tex/latex/threeparttablex/threeparttablex.sty
Package: threeparttablex 2013/07/23 v0.3 by daleif
(c:/Users/eoar0001/AppData/Roaming/TinyTeX/texmf-dist/tex/latex/environ/environ.sty
Package: environ 2014/05/04 v0.3 A new way to define environments
(c:/Users/eoar0001/AppData/Roaming/TinyTeX/texmf-dist/tex/latex/trimspaces/trimspaces.sty
Package: trimspaces 2009/09/17 v1.1 Trim spaces around a token list
))
\TPTL@width=\skip64
) (c:/Users/eoar0001/AppData/Roaming/TinyTeX/texmf-dist/tex/generic/ulem/ulem.sty
\UL@box=\box71
\UL@hyphenbox=\box72
\UL@skip=\skip65
\UL@hook=\toks34
\UL@height=\dimen198
\UL@pe=\count318
\UL@pixel=\dimen199
\ULC@box=\box73
Package: ulem 2019/11/18
\ULdepth=\dimen256
) (c:/Users/eoar0001/AppData/Roaming/TinyTeX/texmf-dist/tex/latex/makecell/makecell.sty
Package: makecell 2009/08/03 V0.1e Managing of Tab Column Heads and Cells
\rotheadsize=\dimen257
\c@nlinenum=\count319
\TeXr@lab=\toks35
) (c:/Users/eoar0001/AppData/Roaming/TinyTeX/texmf-dist/tex/latex/bookmark/bookmark.sty
Package: bookmark 2023-12-10 v1.31 PDF bookmarks (HO)
(c:/Users/eoar0001/AppData/Roaming/TinyTeX/texmf-dist/tex/latex/hyperref/hyperref.sty
Package: hyperref 2025-07-12 v7.01o Hypertext links for LaTeX
(c:/Users/eoar0001/AppData/Roaming/TinyTeX/texmf-dist/tex/latex/kvsetkeys/kvsetkeys.sty
Package: kvsetkeys 2022-10-05 v1.19 Key value parser (HO)
) (c:/Users/eoar0001/AppData/Roaming/TinyTeX/texmf-dist/tex/generic/kvdefinekeys/kvdefinekeys.sty
Package: kvdefinekeys 2019-12-19 v1.6 Define keys (HO)
) (c:/Users/eoar0001/AppData/Roaming/TinyTeX/texmf-dist/tex/generic/pdfescape/pdfescape.sty
Package: pdfescape 2019/12/09 v1.15 Implements pdfTeX's escape features (HO)
(c:/Users/eoar0001/AppData/Roaming/TinyTeX/texmf-dist/tex/generic/ltxcmds/ltxcmds.sty
Package: ltxcmds 2023-12-04 v1.26 LaTeX kernel commands for general use (HO)
) (c:/Users/eoar0001/AppData/Roaming/TinyTeX/texmf-dist/tex/generic/pdftexcmds/pdftexcmds.sty
Package: pdftexcmds 2020-06-27 v0.33 Utility functions of pdfTeX for LuaTeX (HO)
(c:/Users/eoar0001/AppData/Roaming/TinyTeX/texmf-dist/tex/generic/infwarerr/infwarerr.sty
Package: infwarerr 2019/12/03 v1.5 Providing info/warning/error messages (HO)
)
Package pdftexcmds Info: \pdf@primitive is available.
Package pdftexcmds Info: \pdf@ifprimitive is available.
Package pdftexcmds Info: \pdfdraftmode found.
)) (c:/Users/eoar0001/AppData/Roaming/TinyTeX/texmf-dist/tex/latex/hycolor/hycolor.sty
Package: hycolor 2020-01-27 v1.10 Color options for hyperref/bookmark (HO)
) (c:/Users/eoar0001/AppData/Roaming/TinyTeX/texmf-dist/tex/latex/hyperref/nameref.sty
Package: nameref 2025-06-21 v2.57 Cross-referencing by name of section
(c:/Users/eoar0001/AppData/Roaming/TinyTeX/texmf-dist/tex/latex/refcount/refcount.sty
Package: refcount 2019/12/15 v3.6 Data extraction from label references (HO)
) (c:/Users/eoar0001/AppData/Roaming/TinyTeX/texmf-dist/tex/generic/gettitlestring/gettitlestring.sty
Package: gettitlestring 2019/12/15 v1.6 Cleanup title references (HO)
(c:/Users/eoar0001/AppData/Roaming/TinyTeX/texmf-dist/tex/latex/kvoptions/kvoptions.sty
Package: kvoptions 2022-06-15 v3.15 Key value format for package options (HO)
))
\c@section@level=\count320
) (c:/Users/eoar0001/AppData/Roaming/TinyTeX/texmf-dist/tex/latex/etoolbox/etoolbox.sty
Package: etoolbox 2025/10/02 v2.5m e-TeX tools for LaTeX (JAW)
\etb@tempcnta=\count321
) (c:/Users/eoar0001/AppData/Roaming/TinyTeX/texmf-dist/tex/generic/stringenc/stringenc.sty
Package: stringenc 2019/11/29 v1.12 Convert strings between diff. encodings (HO)
)
\@linkdim=\dimen258
\Hy@linkcounter=\count322
\Hy@pagecounter=\count323
(c:/Users/eoar0001/AppData/Roaming/TinyTeX/texmf-dist/tex/latex/hyperref/pd1enc.def
File: pd1enc.def 2025-07-12 v7.01o Hyperref: PDFDocEncoding definition (HO)
Now handling font encoding PD1 ...
... no UTF-8 mapping file for font encoding PD1
) (c:/Users/eoar0001/AppData/Roaming/TinyTeX/texmf-dist/tex/generic/intcalc/intcalc.sty
Package: intcalc 2019/12/15 v1.3 Expandable calculations with integers (HO)
)
\Hy@SavedSpaceFactor=\count324
(c:/Users/eoar0001/AppData/Roaming/TinyTeX/texmf-dist/tex/latex/hyperref/puenc.def
File: puenc.def 2025-07-12 v7.01o Hyperref: PDF Unicode definition (HO)
Now handling font encoding PU ...
... no UTF-8 mapping file for font encoding PU
)
Package hyperref Info: Option `unicode' set `true' on input line 4066.
Package hyperref Info: Hyper figures OFF on input line 4195.
Package hyperref Info: Link nesting OFF on input line 4200.
Package hyperref Info: Hyper index ON on input line 4203.
Package hyperref Info: Plain pages OFF on input line 4210.
Package hyperref Info: Backreferencing OFF on input line 4215.
Package hyperref Info: Implicit mode ON; LaTeX internals redefined.
Package hyperref Info: Bookmarks ON on input line 4462.
\c@Hy@tempcnt=\count325
(c:/Users/eoar0001/AppData/Roaming/TinyTeX/texmf-dist/tex/latex/url/url.sty
\Urlmuskip=\muskip18
Package: url 2013/09/16  ver 3.4  Verb mode for urls, etc.
)
LaTeX Info: Redefining \url on input line 4801.
\XeTeXLinkMargin=\dimen259
(c:/Users/eoar0001/AppData/Roaming/TinyTeX/texmf-dist/tex/generic/bitset/bitset.sty
Package: bitset 2019/12/09 v1.3 Handle bit-vector datatype (HO)
(c:/Users/eoar0001/AppData/Roaming/TinyTeX/texmf-dist/tex/generic/bigintcalc/bigintcalc.sty
Package: bigintcalc 2019/12/15 v1.5 Expandable calculations on big integers (HO)
))
\Fld@menulength=\count326
\Field@Width=\dimen260
\Fld@charsize=\dimen261
Package hyperref Info: Hyper figures OFF on input line 6078.
Package hyperref Info: Link nesting OFF on input line 6083.
Package hyperref Info: Hyper index ON on input line 6086.
Package hyperref Info: backreferencing OFF on input line 6093.
Package hyperref Info: Link coloring OFF on input line 6098.
Package hyperref Info: Link coloring with OCG OFF on input line 6103.
Package hyperref Info: PDF/A mode OFF on input line 6108.
\Hy@abspage=\count327
\c@Item=\count328
\c@Hfootnote=\count329
)
Package hyperref Info: Driver (autodetected): hpdftex.
(c:/Users/eoar0001/AppData/Roaming/TinyTeX/texmf-dist/tex/latex/hyperref/hpdftex.def
File: hpdftex.def 2025-07-12 v7.01o Hyperref driver for pdfTeX
\Fld@listcount=\count330
\c@bookmark@seq@number=\count331
(c:/Users/eoar0001/AppData/Roaming/TinyTeX/texmf-dist/tex/latex/rerunfilecheck/rerunfilecheck.sty
Package: rerunfilecheck 2025-06-21 v1.11 Rerun checks for auxiliary files (HO)
(c:/Users/eoar0001/AppData/Roaming/TinyTeX/texmf-dist/tex/generic/uniquecounter/uniquecounter.sty
Package: uniquecounter 2019/12/15 v1.4 Provide unlimited unique counter (HO)
)
Package uniquecounter Info: New unique counter `rerunfilecheck' on input line 284.
)
\Hy@SectionHShift=\skip66
) (c:/Users/eoar0001/AppData/Roaming/TinyTeX/texmf-dist/tex/latex/bookmark/bkm-pdftex.def
File: bkm-pdftex.def 2023-12-10 v1.31 bookmark driver for pdfTeX and luaTeX (HO)
\BKM@id=\count332
))
LaTeX Font Info:    Trying to load font information for T1+lmr on input line 86.
(c:/Users/eoar0001/AppData/Roaming/TinyTeX/texmf-dist/tex/latex/lm/t1lmr.fd
File: t1lmr.fd 2015/05/01 v1.6.1 Font defs for Latin Modern
) (c:/Users/eoar0001/AppData/Roaming/TinyTeX/texmf-dist/tex/latex/l3backend/l3backend-pdftex.def
File: l3backend-pdftex.def 2025-10-09 L3 backend support: PDF output (pdfTeX)
\l__color_backend_stack_int=\count333
) (./results_interviewsummary.aux

LaTeX Warning: Label `tab:unnamed-chunk-2' multiply defined.


LaTeX Warning: Label `tab:unnamed-chunk-2' multiply defined.


LaTeX Warning: Label `tab:unnamed-chunk-2' multiply defined.


LaTeX Warning: Label `tab:unnamed-chunk-2' multiply defined.


LaTeX Warning: Label `tab:unnamed-chunk-2' multiply defined.


LaTeX Warning: Label `tab:unnamed-chunk-2' multiply defined.


LaTeX Warning: Label `tab:unnamed-chunk-2' multiply defined.


LaTeX Warning: Label `tab:unnamed-chunk-2' multiply defined.


LaTeX Warning: Label `tab:unnamed-chunk-2' multiply defined.


LaTeX Warning: Label `tab:unnamed-chunk-2' multiply defined.


LaTeX Warning: Label `tab:unnamed-chunk-2' multiply defined.


LaTeX Warning: Label `tab:unnamed-chunk-2' multiply defined.


LaTeX Warning: Label `tab:unnamed-chunk-2' multiply defined.


LaTeX Warning: Label `tab:unnamed-chunk-2' multiply defined.


LaTeX Warning: Label `tab:unnamed-chunk-2' multiply defined.


LaTeX Warning: Label `tab:unnamed-chunk-2' multiply defined.


LaTeX Warning: Label `tab:unnamed-chunk-2' multiply defined.


LaTeX Warning: Label `tab:unnamed-chunk-2' multiply defined.


LaTeX Warning: Label `tab:unnamed-chunk-2' multiply defined.


LaTeX Warning: Label `tab:unnamed-chunk-2' multiply defined.


LaTeX Warning: Label `tab:unnamed-chunk-2' multiply defined.


LaTeX Warning: Label `tab:unnamed-chunk-2' multiply defined.


LaTeX Warning: Label `tab:unnamed-chunk-2' multiply defined.


LaTeX Warning: Label `tab:unnamed-chunk-2' multiply defined.


LaTeX Warning: Label `tab:unnamed-chunk-2' multiply defined.


LaTeX Warning: Label `tab:unnamed-chunk-2' multiply defined.


LaTeX Warning: Label `tab:unnamed-chunk-2' multiply defined.


LaTeX Warning: Label `tab:unnamed-chunk-2' multiply defined.


LaTeX Warning: Label `tab:unnamed-chunk-2' multiply defined.


LaTeX Warning: Label `tab:unnamed-chunk-2' multiply defined.


LaTeX Warning: Label `tab:unnamed-chunk-2' multiply defined.


LaTeX Warning: Label `tab:unnamed-chunk-2' multiply defined.


LaTeX Warning: Label `tab:unnamed-chunk-2' multiply defined.


LaTeX Warning: Label `tab:unnamed-chunk-2' multiply defined.


LaTeX Warning: Label `tab:unnamed-chunk-2' multiply defined.


LaTeX Warning: Label `tab:unnamed-chunk-2' multiply defined.


LaTeX Warning: Label `tab:unnamed-chunk-2' multiply defined.


LaTeX Warning: Label `tab:unnamed-chunk-2' multiply defined.


LaTeX Warning: Label `tab:unnamed-chunk-2' multiply defined.


LaTeX Warning: Label `tab:unnamed-chunk-2' multiply defined.


LaTeX Warning: Label `tab:unnamed-chunk-2' multiply defined.


LaTeX Warning: Label `tab:unnamed-chunk-2' multiply defined.


LaTeX Warning: Label `tab:unnamed-chunk-2' multiply defined.


LaTeX Warning: Label `tab:unnamed-chunk-2' multiply defined.


LaTeX Warning: Label `tab:unnamed-chunk-2' multiply defined.


LaTeX Warning: Label `tab:unnamed-chunk-2' multiply defined.


LaTeX Warning: Label `tab:unnamed-chunk-2' multiply defined.


LaTeX Warning: Label `tab:unnamed-chunk-2' multiply defined.


LaTeX Warning: Label `tab:unnamed-chunk-2' multiply defined.


LaTeX Warning: Label `tab:unnamed-chunk-2' multiply defined.


LaTeX Warning: Label `tab:unnamed-chunk-2' multiply defined.


LaTeX Warning: Label `tab:unnamed-chunk-2' multiply defined.


LaTeX Warning: Label `tab:unnamed-chunk-2' multiply defined.


LaTeX Warning: Label `tab:unnamed-chunk-2' multiply defined.


LaTeX Warning: Label `tab:unnamed-chunk-2' multiply defined.


LaTeX Warning: Label `tab:unnamed-chunk-2' multiply defined.


LaTeX Warning: Label `tab:unnamed-chunk-2' multiply defined.


LaTeX Warning: Label `tab:unnamed-chunk-2' multiply defined.


LaTeX Warning: Label `tab:unnamed-chunk-2' multiply defined.


LaTeX Warning: Label `tab:unnamed-chunk-2' multiply defined.


LaTeX Warning: Label `tab:unnamed-chunk-2' multiply defined.


LaTeX Warning: Label `tab:unnamed-chunk-2' multiply defined.


LaTeX Warning: Label `tab:unnamed-chunk-2' multiply defined.


LaTeX Warning: Label `tab:unnamed-chunk-2' multiply defined.


LaTeX Warning: Label `tab:unnamed-chunk-2' multiply defined.


LaTeX Warning: Label `tab:unnamed-chunk-2' multiply defined.


LaTeX Warning: Label `tab:unnamed-chunk-2' multiply defined.


LaTeX Warning: Label `tab:unnamed-chunk-2' multiply defined.


LaTeX Warning: Label `tab:unnamed-chunk-2' multiply defined.


LaTeX Warning: Label `tab:unnamed-chunk-2' multiply defined.


LaTeX Warning: Label `tab:unnamed-chunk-2' multiply defined.


LaTeX Warning: Label `tab:unnamed-chunk-2' multiply defined.


LaTeX Warning: Label `tab:unnamed-chunk-2' multiply defined.


LaTeX Warning: Label `tab:unnamed-chunk-2' multiply defined.


LaTeX Warning: Label `tab:unnamed-chunk-2' multiply defined.


LaTeX Warning: Label `tab:unnamed-chunk-2' multiply defined.


LaTeX Warning: Label `tab:unnamed-chunk-2' multiply defined.


LaTeX Warning: Label `tab:unnamed-chunk-2' multiply defined.


LaTeX Warning: Label `tab:unnamed-chunk-2' multiply defined.


LaTeX Warning: Label `tab:unnamed-chunk-2' multiply defined.


LaTeX Warning: Label `tab:unnamed-chunk-2' multiply defined.


LaTeX Warning: Label `tab:unnamed-chunk-2' multiply defined.


LaTeX Warning: Label `tab:unnamed-chunk-2' multiply defined.


LaTeX Warning: Label `tab:unnamed-chunk-2' multiply defined.


LaTeX Warning: Label `tab:unnamed-chunk-2' multiply defined.


LaTeX Warning: Label `tab:unnamed-chunk-2' multiply defined.


LaTeX Warning: Label `tab:unnamed-chunk-2' multiply defined.


LaTeX Warning: Label `tab:unnamed-chunk-2' multiply defined.


LaTeX Warning: Label `tab:unnamed-chunk-2' multiply defined.


LaTeX Warning: Label `tab:unnamed-chunk-2' multiply defined.


LaTeX Warning: Label `tab:unnamed-chunk-2' multiply defined.


LaTeX Warning: Label `tab:unnamed-chunk-2' multiply defined.


LaTeX Warning: Label `tab:unnamed-chunk-2' multiply defined.


LaTeX Warning: Label `tab:unnamed-chunk-2' multiply defined.


LaTeX Warning: Label `tab:unnamed-chunk-2' multiply defined.


LaTeX Warning: Label `tab:unnamed-chunk-2' multiply defined.


LaTeX Warning: Label `tab:unnamed-chunk-2' multiply defined.


LaTeX Warning: Label `tab:unnamed-chunk-2' multiply defined.


LaTeX Warning: Label `tab:unnamed-chunk-2' multiply defined.


LaTeX Warning: Label `tab:unnamed-chunk-2' multiply defined.


LaTeX Warning: Label `tab:unnamed-chunk-2' multiply defined.


LaTeX Warning: Label `tab:unnamed-chunk-2' multiply defined.


LaTeX Warning: Label `tab:unnamed-chunk-2' multiply defined.


LaTeX Warning: Label `tab:unnamed-chunk-2' multiply defined.


LaTeX Warning: Label `tab:unnamed-chunk-2' multiply defined.


LaTeX Warning: Label `tab:unnamed-chunk-2' multiply defined.


LaTeX Warning: Label `tab:unnamed-chunk-2' multiply defined.


LaTeX Warning: Label `tab:unnamed-chunk-2' multiply defined.


LaTeX Warning: Label `tab:unnamed-chunk-2' multiply defined.


LaTeX Warning: Label `tab:unnamed-chunk-2' multiply defined.


LaTeX Warning: Label `tab:unnamed-chunk-2' multiply defined.


LaTeX Warning: Label `tab:unnamed-chunk-2' multiply defined.


LaTeX Warning: Label `tab:unnamed-chunk-2' multiply defined.


LaTeX Warning: Label `tab:unnamed-chunk-2' multiply defined.


LaTeX Warning: Label `tab:unnamed-chunk-2' multiply defined.


LaTeX Warning: Label `tab:unnamed-chunk-2' multiply defined.


LaTeX Warning: Label `tab:unnamed-chunk-2' multiply defined.


LaTeX Warning: Label `tab:unnamed-chunk-2' multiply defined.


LaTeX Warning: Label `tab:unnamed-chunk-2' multiply defined.


LaTeX Warning: Label `tab:unnamed-chunk-2' multiply defined.


LaTeX Warning: Label `tab:unnamed-chunk-2' multiply defined.


LaTeX Warning: Label `tab:unnamed-chunk-2' multiply defined.


LaTeX Warning: Label `tab:unnamed-chunk-2' multiply defined.


LaTeX Warning: Label `tab:unnamed-chunk-2' multiply defined.


LaTeX Warning: Label `tab:unnamed-chunk-2' multiply defined.


LaTeX Warning: Label `tab:unnamed-chunk-2' multiply defined.


LaTeX Warning: Label `tab:unnamed-chunk-2' multiply defined.


LaTeX Warning: Label `tab:unnamed-chunk-2' multiply defined.


LaTeX Warning: Label `tab:unnamed-chunk-2' multiply defined.


LaTeX Warning: Label `tab:unnamed-chunk-2' multiply defined.


LaTeX Warning: Label `tab:unnamed-chunk-2' multiply defined.


LaTeX Warning: Label `tab:unnamed-chunk-2' multiply defined.


LaTeX Warning: Label `tab:unnamed-chunk-2' multiply defined.


LaTeX Warning: Label `tab:unnamed-chunk-2' multiply defined.


LaTeX Warning: Label `tab:unnamed-chunk-2' multiply defined.


LaTeX Warning: Label `tab:unnamed-chunk-2' multiply defined.


LaTeX Warning: Label `tab:unnamed-chunk-2' multiply defined.


LaTeX Warning: Label `tab:unnamed-chunk-2' multiply defined.


LaTeX Warning: Label `tab:unnamed-chunk-2' multiply defined.


LaTeX Warning: Label `tab:unnamed-chunk-2' multiply defined.


LaTeX Warning: Label `tab:unnamed-chunk-2' multiply defined.


LaTeX Warning: Label `tab:unnamed-chunk-2' multiply defined.


LaTeX Warning: Label `tab:unnamed-chunk-2' multiply defined.


LaTeX Warning: Label `tab:unnamed-chunk-2' multiply defined.


LaTeX Warning: Label `tab:unnamed-chunk-2' multiply defined.


LaTeX Warning: Label `tab:unnamed-chunk-2' multiply defined.


LaTeX Warning: Label `tab:unnamed-chunk-2' multiply defined.


LaTeX Warning: Label `tab:unnamed-chunk-2' multiply defined.


LaTeX Warning: Label `tab:unnamed-chunk-2' multiply defined.


LaTeX Warning: Label `tab:unnamed-chunk-2' multiply defined.


LaTeX Warning: Label `tab:unnamed-chunk-2' multiply defined.


LaTeX Warning: Label `tab:unnamed-chunk-2' multiply defined.


LaTeX Warning: Label `tab:unnamed-chunk-2' multiply defined.


LaTeX Warning: Label `tab:unnamed-chunk-2' multiply defined.


LaTeX Warning: Label `tab:unnamed-chunk-2' multiply defined.


LaTeX Warning: Label `tab:unnamed-chunk-2' multiply defined.


LaTeX Warning: Label `tab:unnamed-chunk-2' multiply defined.


LaTeX Warning: Label `tab:unnamed-chunk-2' multiply defined.


LaTeX Warning: Label `tab:unnamed-chunk-2' multiply defined.


LaTeX Warning: Label `tab:unnamed-chunk-2' multiply defined.


LaTeX Warning: Label `tab:unnamed-chunk-2' multiply defined.


LaTeX Warning: Label `tab:unnamed-chunk-2' multiply defined.


LaTeX Warning: Label `tab:unnamed-chunk-2' multiply defined.


LaTeX Warning: Label `tab:unnamed-chunk-2' multiply defined.


LaTeX Warning: Label `tab:unnamed-chunk-2' multiply defined.


LaTeX Warning: Label `tab:unnamed-chunk-2' multiply defined.


LaTeX Warning: Label `tab:unnamed-chunk-2' multiply defined.


LaTeX Warning: Label `tab:unnamed-chunk-2' multiply defined.


LaTeX Warning: Label `tab:unnamed-chunk-2' multiply defined.


LaTeX Warning: Label `tab:unnamed-chunk-2' multiply defined.


LaTeX Warning: Label `tab:unnamed-chunk-2' multiply defined.


LaTeX Warning: Label `tab:unnamed-chunk-2' multiply defined.


LaTeX Warning: Label `tab:unnamed-chunk-2' multiply defined.


LaTeX Warning: Label `tab:unnamed-chunk-2' multiply defined.


LaTeX Warning: Label `tab:unnamed-chunk-2' multiply defined.


LaTeX Warning: Label `tab:unnamed-chunk-2' multiply defined.


LaTeX Warning: Label `tab:unnamed-chunk-2' multiply defined.


LaTeX Warning: Label `tab:unnamed-chunk-2' multiply defined.


LaTeX Warning: Label `tab:unnamed-chunk-2' multiply defined.


LaTeX Warning: Label `tab:unnamed-chunk-2' multiply defined.


LaTeX Warning: Label `tab:unnamed-chunk-2' multiply defined.


LaTeX Warning: Label `tab:unnamed-chunk-2' multiply defined.


LaTeX Warning: Label `tab:unnamed-chunk-2' multiply defined.


LaTeX Warning: Label `tab:unnamed-chunk-2' multiply defined.


LaTeX Warning: Label `tab:unnamed-chunk-2' multiply defined.


LaTeX Warning: Label `tab:unnamed-chunk-2' multiply defined.


LaTeX Warning: Label `tab:unnamed-chunk-2' multiply defined.


LaTeX Warning: Label `tab:unnamed-chunk-2' multiply defined.


LaTeX Warning: Label `tab:unnamed-chunk-2' multiply defined.


LaTeX Warning: Label `tab:unnamed-chunk-2' multiply defined.


LaTeX Warning: Label `tab:unnamed-chunk-2' multiply defined.


LaTeX Warning: Label `tab:unnamed-chunk-2' multiply defined.


LaTeX Warning: Label `tab:unnamed-chunk-2' multiply defined.


LaTeX Warning: Label `tab:unnamed-chunk-2' multiply defined.


LaTeX Warning: Label `tab:unnamed-chunk-2' multiply defined.


LaTeX Warning: Label `tab:unnamed-chunk-2' multiply defined.


LaTeX Warning: Label `tab:unnamed-chunk-2' multiply defined.


LaTeX Warning: Label `tab:unnamed-chunk-2' multiply defined.


LaTeX Warning: Label `tab:unnamed-chunk-2' multiply defined.


LaTeX Warning: Label `tab:unnamed-chunk-2' multiply defined.


LaTeX Warning: Label `tab:unnamed-chunk-2' multiply defined.


LaTeX Warning: Label `tab:unnamed-chunk-2' multiply defined.


LaTeX Warning: Label `tab:unnamed-chunk-2' multiply defined.


LaTeX Warning: Label `tab:unnamed-chunk-2' multiply defined.


LaTeX Warning: Label `tab:unnamed-chunk-2' multiply defined.


LaTeX Warning: Label `tab:unnamed-chunk-2' multiply defined.


LaTeX Warning: Label `tab:unnamed-chunk-2' multiply defined.


LaTeX Warning: Label `tab:unnamed-chunk-2' multiply defined.


LaTeX Warning: Label `tab:unnamed-chunk-2' multiply defined.


LaTeX Warning: Label `tab:unnamed-chunk-2' multiply defined.


LaTeX Warning: Label `tab:unnamed-chunk-2' multiply defined.


LaTeX Warning: Label `tab:unnamed-chunk-2' multiply defined.


LaTeX Warning: Label `tab:unnamed-chunk-2' multiply defined.


LaTeX Warning: Label `tab:unnamed-chunk-2' multiply defined.


LaTeX Warning: Label `tab:unnamed-chunk-2' multiply defined.


LaTeX Warning: Label `tab:unnamed-chunk-2' multiply defined.


LaTeX Warning: Label `tab:unnamed-chunk-2' multiply defined.


LaTeX Warning: Label `tab:unnamed-chunk-2' multiply defined.


LaTeX Warning: Label `tab:unnamed-chunk-2' multiply defined.


LaTeX Warning: Label `tab:unnamed-chunk-2' multiply defined.


LaTeX Warning: Label `tab:unnamed-chunk-2' multiply defined.


LaTeX Warning: Label `tab:unnamed-chunk-2' multiply defined.


LaTeX Warning: Label `tab:unnamed-chunk-2' multiply defined.


LaTeX Warning: Label `tab:unnamed-chunk-2' multiply defined.


LaTeX Warning: Label `tab:unnamed-chunk-2' multiply defined.


LaTeX Warning: Label `tab:unnamed-chunk-2' multiply defined.


LaTeX Warning: Label `tab:unnamed-chunk-2' multiply defined.


LaTeX Warning: Label `tab:unnamed-chunk-2' multiply defined.


LaTeX Warning: Label `tab:unnamed-chunk-2' multiply defined.


LaTeX Warning: Label `tab:unnamed-chunk-2' multiply defined.


LaTeX Warning: Label `tab:unnamed-chunk-2' multiply defined.


LaTeX Warning: Label `tab:unnamed-chunk-2' multiply defined.


LaTeX Warning: Label `tab:unnamed-chunk-2' multiply defined.


LaTeX Warning: Label `tab:unnamed-chunk-2' multiply defined.


LaTeX Warning: Label `tab:unnamed-chunk-2' multiply defined.


LaTeX Warning: Label `tab:unnamed-chunk-2' multiply defined.


LaTeX Warning: Label `tab:unnamed-chunk-2' multiply defined.


LaTeX Warning: Label `tab:unnamed-chunk-2' multiply defined.


LaTeX Warning: Label `tab:unnamed-chunk-2' multiply defined.


LaTeX Warning: Label `tab:unnamed-chunk-2' multiply defined.


LaTeX Warning: Label `tab:unnamed-chunk-2' multiply defined.


LaTeX Warning: Label `tab:unnamed-chunk-2' multiply defined.


LaTeX Warning: Label `tab:unnamed-chunk-2' multiply defined.


LaTeX Warning: Label `tab:unnamed-chunk-2' multiply defined.


LaTeX Warning: Label `tab:unnamed-chunk-2' multiply defined.


LaTeX Warning: Label `tab:unnamed-chunk-2' multiply defined.


LaTeX Warning: Label `tab:unnamed-chunk-2' multiply defined.


LaTeX Warning: Label `tab:unnamed-chunk-2' multiply defined.


LaTeX Warning: Label `tab:unnamed-chunk-2' multiply defined.


LaTeX Warning: Label `tab:unnamed-chunk-2' multiply defined.


LaTeX Warning: Label `tab:unnamed-chunk-2' multiply defined.


LaTeX Warning: Label `tab:unnamed-chunk-2' multiply defined.


LaTeX Warning: Label `tab:unnamed-chunk-2' multiply defined.


LaTeX Warning: Label `tab:unnamed-chunk-2' multiply defined.


LaTeX Warning: Label `tab:unnamed-chunk-2' multiply defined.


LaTeX Warning: Label `tab:unnamed-chunk-2' multiply defined.


LaTeX Warning: Label `tab:unnamed-chunk-2' multiply defined.


LaTeX Warning: Label `tab:unnamed-chunk-2' multiply defined.


LaTeX Warning: Label `tab:unnamed-chunk-2' multiply defined.


LaTeX Warning: Label `tab:unnamed-chunk-2' multiply defined.


LaTeX Warning: Label `tab:unnamed-chunk-2' multiply defined.


LaTeX Warning: Label `tab:unnamed-chunk-2' multiply defined.


LaTeX Warning: Label `tab:unnamed-chunk-2' multiply defined.


LaTeX Warning: Label `tab:unnamed-chunk-2' multiply defined.


LaTeX Warning: Label `tab:unnamed-chunk-2' multiply defined.


LaTeX Warning: Label `tab:unnamed-chunk-2' multiply defined.


LaTeX Warning: Label `tab:unnamed-chunk-2' multiply defined.


LaTeX Warning: Label `tab:unnamed-chunk-2' multiply defined.


LaTeX Warning: Label `tab:unnamed-chunk-2' multiply defined.


LaTeX Warning: Label `tab:unnamed-chunk-2' multiply defined.


LaTeX Warning: Label `tab:unnamed-chunk-2' multiply defined.


LaTeX Warning: Label `tab:unnamed-chunk-2' multiply defined.


LaTeX Warning: Label `tab:unnamed-chunk-2' multiply defined.


LaTeX Warning: Label `tab:unnamed-chunk-2' multiply defined.


LaTeX Warning: Label `tab:unnamed-chunk-2' multiply defined.


LaTeX Warning: Label `tab:unnamed-chunk-2' multiply defined.


LaTeX Warning: Label `tab:unnamed-chunk-2' multiply defined.


LaTeX Warning: Label `tab:unnamed-chunk-2' multiply defined.


LaTeX Warning: Label `tab:unnamed-chunk-2' multiply defined.


LaTeX Warning: Label `tab:unnamed-chunk-2' multiply defined.


LaTeX Warning: Label `tab:unnamed-chunk-2' multiply defined.


LaTeX Warning: Label `tab:unnamed-chunk-2' multiply defined.


LaTeX Warning: Label `tab:unnamed-chunk-2' multiply defined.


LaTeX Warning: Label `tab:unnamed-chunk-2' multiply defined.


LaTeX Warning: Label `tab:unnamed-chunk-2' multiply defined.


LaTeX Warning: Label `tab:unnamed-chunk-2' multiply defined.


LaTeX Warning: Label `tab:unnamed-chunk-2' multiply defined.


LaTeX Warning: Label `tab:unnamed-chunk-2' multiply defined.


LaTeX Warning: Label `tab:unnamed-chunk-2' multiply defined.


LaTeX Warning: Label `tab:unnamed-chunk-2' multiply defined.


LaTeX Warning: Label `tab:unnamed-chunk-2' multiply defined.


LaTeX Warning: Label `tab:unnamed-chunk-2' multiply defined.


LaTeX Warning: Label `tab:unnamed-chunk-2' multiply defined.


LaTeX Warning: Label `tab:unnamed-chunk-2' multiply defined.


LaTeX Warning: Label `tab:unnamed-chunk-2' multiply defined.


LaTeX Warning: Label `tab:unnamed-chunk-2' multiply defined.


LaTeX Warning: Label `tab:unnamed-chunk-2' multiply defined.


LaTeX Warning: Label `tab:unnamed-chunk-2' multiply defined.


LaTeX Warning: Label `tab:unnamed-chunk-2' multiply defined.


LaTeX Warning: Label `tab:unnamed-chunk-2' multiply defined.


LaTeX Warning: Label `tab:unnamed-chunk-2' multiply defined.


LaTeX Warning: Label `tab:unnamed-chunk-2' multiply defined.


LaTeX Warning: Label `tab:unnamed-chunk-2' multiply defined.


LaTeX Warning: Label `tab:unnamed-chunk-2' multiply defined.


LaTeX Warning: Label `tab:unnamed-chunk-2' multiply defined.


LaTeX Warning: Label `tab:unnamed-chunk-2' multiply defined.


LaTeX Warning: Label `tab:unnamed-chunk-2' multiply defined.


LaTeX Warning: Label `tab:unnamed-chunk-2' multiply defined.


LaTeX Warning: Label `tab:unnamed-chunk-2' multiply defined.


LaTeX Warning: Label `tab:unnamed-chunk-2' multiply defined.


LaTeX Warning: Label `tab:unnamed-chunk-2' multiply defined.


LaTeX Warning: Label `tab:unnamed-chunk-2' multiply defined.


LaTeX Warning: Label `tab:unnamed-chunk-2' multiply defined.


LaTeX Warning: Label `tab:unnamed-chunk-2' multiply defined.


LaTeX Warning: Label `tab:unnamed-chunk-2' multiply defined.


LaTeX Warning: Label `tab:unnamed-chunk-2' multiply defined.


LaTeX Warning: Label `tab:unnamed-chunk-2' multiply defined.


LaTeX Warning: Label `tab:unnamed-chunk-2' multiply defined.


LaTeX Warning: Label `tab:unnamed-chunk-2' multiply defined.


LaTeX Warning: Label `tab:unnamed-chunk-2' multiply defined.


LaTeX Warning: Label `tab:unnamed-chunk-2' multiply defined.


LaTeX Warning: Label `tab:unnamed-chunk-2' multiply defined.

)
\openout1 = `results_interviewsummary.aux'.

LaTeX Font Info:    Checking defaults for OML/cmm/m/it on input line 86.
LaTeX Font Info:    ... okay on input line 86.
LaTeX Font Info:    Checking defaults for OMS/cmsy/m/n on input line 86.
LaTeX Font Info:    ... okay on input line 86.
LaTeX Font Info:    Checking defaults for OT1/cmr/m/n on input line 86.
LaTeX Font Info:    ... okay on input line 86.
LaTeX Font Info:    Checking defaults for T1/cmr/m/n on input line 86.
LaTeX Font Info:    ... okay on input line 86.
LaTeX Font Info:    Checking defaults for TS1/cmr/m/n on input line 86.
LaTeX Font Info:    ... okay on input line 86.
LaTeX Font Info:    Checking defaults for OMX/cmex/m/n on input line 86.
LaTeX Font Info:    ... okay on input line 86.
LaTeX Font Info:    Checking defaults for U/cmr/m/n on input line 86.
LaTeX Font Info:    ... okay on input line 86.
LaTeX Font Info:    Checking defaults for PD1/pdf/m/n on input line 86.
LaTeX Font Info:    ... okay on input line 86.
LaTeX Font Info:    Checking defaults for PU/pdf/m/n on input line 86.
LaTeX Font Info:    ... okay on input line 86.
(c:/Users/eoar0001/AppData/Roaming/TinyTeX/texmf-dist/tex/latex/epstopdf-pkg/epstopdf-base.sty
Package: epstopdf-base 2020-01-24 v2.11 Base part for package epstopdf
Package epstopdf-base Info: Redefining graphics rule for `.eps' on input line 485.
(c:/Users/eoar0001/AppData/Roaming/TinyTeX/texmf-dist/tex/latex/latexconfig/epstopdf-sys.cfg
File: epstopdf-sys.cfg 2010/07/13 v1.3 Configuration of (r)epstopdf for TeX Live
))
*geometry* driver: auto-detecting
*geometry* detected driver: pdftex
*geometry* verbose mode - [ preamble ] result:
* driver: pdftex
* paper: <default>
* layout: <same size as paper>
* layoutoffset:(h,v)=(0.0pt,0.0pt)
* modes: 
* h-part:(L,W,R)=(72.26999pt, 469.75502pt, 72.26999pt)
* v-part:(T,H,B)=(72.26999pt, 650.43001pt, 72.26999pt)
* \paperwidth=614.295pt
* \paperheight=794.96999pt
* \textwidth=469.75502pt
* \textheight=650.43001pt
* \oddsidemargin=0.0pt
* \evensidemargin=0.0pt
* \topmargin=-37.0pt
* \headheight=12.0pt
* \headsep=25.0pt
* \topskip=10.0pt
* \footskip=30.0pt
* \marginparwidth=65.0pt
* \marginparsep=11.0pt
* \columnsep=10.0pt
* \skip\footins=9.0pt plus 4.0pt minus 2.0pt
* \hoffset=0.0pt
* \voffset=0.0pt
* \mag=1000
* \@twocolumnfalse
* \@twosidefalse
* \@mparswitchfalse
* \@reversemarginfalse
* (1in=72.27pt=25.4mm, 1cm=28.453pt)

Package hyperref Info: Link coloring OFF on input line 86.
LaTeX Font Info:    Trying to load font information for OT1+lmr on input line 88.
(c:/Users/eoar0001/AppData/Roaming/TinyTeX/texmf-dist/tex/latex/lm/ot1lmr.fd
File: ot1lmr.fd 2015/05/01 v1.6.1 Font defs for Latin Modern
)
LaTeX Font Info:    Trying to load font information for OML+lmm on input line 88.
(c:/Users/eoar0001/AppData/Roaming/TinyTeX/texmf-dist/tex/latex/lm/omllmm.fd
File: omllmm.fd 2015/05/01 v1.6.1 Font defs for Latin Modern
)
LaTeX Font Info:    Trying to load font information for OMS+lmsy on input line 88.
(c:/Users/eoar0001/AppData/Roaming/TinyTeX/texmf-dist/tex/latex/lm/omslmsy.fd
File: omslmsy.fd 2015/05/01 v1.6.1 Font defs for Latin Modern
)
LaTeX Font Info:    Trying to load font information for OMX+lmex on input line 88.
(c:/Users/eoar0001/AppData/Roaming/TinyTeX/texmf-dist/tex/latex/lm/omxlmex.fd
File: omxlmex.fd 2015/05/01 v1.6.1 Font defs for Latin Modern
)
LaTeX Font Info:    External font `lmex10' loaded for size
(Font)              <12> on input line 88.
LaTeX Font Info:    External font `lmex10' loaded for size
(Font)              <8> on input line 88.
LaTeX Font Info:    External font `lmex10' loaded for size
(Font)              <6> on input line 88.
LaTeX Font Info:    Trying to load font information for U+msa on input line 88.
(c:/Users/eoar0001/AppData/Roaming/TinyTeX/texmf-dist/tex/latex/amsfonts/umsa.fd
File: umsa.fd 2013/01/14 v3.01 AMS symbols A
)
LaTeX Font Info:    Trying to load font information for U+msb on input line 88.
(c:/Users/eoar0001/AppData/Roaming/TinyTeX/texmf-dist/tex/latex/amsfonts/umsb.fd
File: umsb.fd 2013/01/14 v3.01 AMS symbols B
)
Overfull \hbox (19.40686pt too wide) in paragraph at lines 154--155
[]|\T1/lmr/bx/n/8 Method|  
 []

ignored error: Infinite glue shrinkage found in box being split [1

{c:/Users/eoar0001/AppData/Roaming/TinyTeX/texmf-var/fonts/map/pdftex/updmap/pdftex.map}{c:/Users/eoar0001/AppData/Roaming/TinyTeX/texmf-dist/fonts/enc/dvips/lm/lm-ec.enc}]
Overfull \hbox (9.01263pt too wide) in paragraph at lines 183--184
[]|\T1/lmr/bx/n/8 Score 
 []


Overfull \hbox (15.8515pt too wide) in paragraph at lines 183--184
\T1/lmr/bx/n/8 (given)|  
 []


Overfull \hbox (19.40686pt too wide) in paragraph at lines 205--206
[]|\T1/lmr/bx/n/8 Method|  
 []

ignored error: Infinite glue shrinkage found in box being split [2]
Overfull \hbox (9.01263pt too wide) in paragraph at lines 232--233
[]|\T1/lmr/bx/n/8 Score 
 []


Overfull \hbox (15.8515pt too wide) in paragraph at lines 232--233
\T1/lmr/bx/n/8 (given)|  
 []


Overfull \hbox (19.40686pt too wide) in paragraph at lines 254--255
[]|\T1/lmr/bx/n/8 Method|  
 []

ignored error: Infinite glue shrinkage found in box being split [3]
Overfull \hbox (19.40686pt too wide) in paragraph at lines 288--289
[]|\T1/lmr/bx/n/8 Method|  
 []


Overfull \hbox (19.40686pt too wide) in paragraph at lines 327--328
[]|\T1/lmr/bx/n/8 Method|  
 []

ignored error: Infinite glue shrinkage found in box being split [4]
Overfull \hbox (19.40686pt too wide) in paragraph at lines 366--367
[]|\T1/lmr/bx/n/8 Method|  
 []


Package hyperref Warning: Suppressing link with empty target on input line 390.


Overfull \hbox (9.01263pt too wide) in paragraph at lines 397--397
[]|\T1/lmr/bx/n/8 Score|  
 []


Overfull \hbox (19.40686pt too wide) in paragraph at lines 397--398
[]|\T1/lmr/bx/n/8 Method|  
 []

ignored error: Infinite glue shrinkage found in box being split [5]
Overfull \hbox (19.40686pt too wide) in paragraph at lines 416--417
[]|\T1/lmr/bx/n/8 Method|  
 []


Overfull \hbox (9.01263pt too wide) in paragraph at lines 443--444
[]|\T1/lmr/bx/n/8 Score 
 []


Overfull \hbox (15.8515pt too wide) in paragraph at lines 443--444
\T1/lmr/bx/n/8 (given)|  
 []


Overfull \hbox (19.40686pt too wide) in paragraph at lines 465--466
[]|\T1/lmr/bx/n/8 Method|  
 []

ignored error: Infinite glue shrinkage found in box being split [6]
Overfull \hbox (1.62512pt too wide) in paragraph at lines 497--497
\T1/lmr/bx/n/8 (given)|  
 []


Overfull \hbox (1.62512pt too wide) in paragraph at lines 497--497
\T1/lmr/bx/n/8 (given)|  
 []


Overfull \hbox (1.62512pt too wide) in paragraph at lines 516--516
\T1/lmr/bx/n/8 (given)|  
 []


Overfull \hbox (1.62512pt too wide) in paragraph at lines 516--516
\T1/lmr/bx/n/8 (given)|  
 []


Overfull \hbox (19.40686pt too wide) in paragraph at lines 538--539
[]|\T1/lmr/bx/n/8 Method|  
 []

ignored error: Infinite glue shrinkage found in box being split [7]
Overfull \hbox (9.01263pt too wide) in paragraph at lines 568--568
[]|\T1/lmr/bx/n/8 Score|  
 []


Overfull \hbox (19.40686pt too wide) in paragraph at lines 568--569
[]|\T1/lmr/bx/n/8 Method|  
 []


Overfull \hbox (19.40686pt too wide) in paragraph at lines 595--596
[]|\T1/lmr/bx/n/8 Method|  
 []

ignored error: Infinite glue shrinkage found in box being split [8]
Overfull \hbox (9.01263pt too wide) in paragraph at lines 629--629
[]|\T1/lmr/bx/n/8 Score|  
 []


Overfull \hbox (19.40686pt too wide) in paragraph at lines 629--630
[]|\T1/lmr/bx/n/8 Method|  
 []

LaTeX Font Info:    Trying to load font information for TS1+lmr on input line 631.
(c:/Users/eoar0001/AppData/Roaming/TinyTeX/texmf-dist/tex/latex/lm/ts1lmr.fd
File: ts1lmr.fd 2015/05/01 v1.6.1 Font defs for Latin Modern
)
Overfull \hbox (9.01263pt too wide) in paragraph at lines 649--649
[]|\T1/lmr/bx/n/8 Score|  
 []


Overfull \hbox (19.40686pt too wide) in paragraph at lines 649--650
[]|\T1/lmr/bx/n/8 Method|  
 []


Overfull \hbox (9.01263pt too wide) in paragraph at lines 669--669
[]|\T1/lmr/bx/n/8 Score|  
 []


Overfull \hbox (19.40686pt too wide) in paragraph at lines 669--670
[]|\T1/lmr/bx/n/8 Method|  
 []


Overfull \hbox (9.01263pt too wide) in paragraph at lines 690--690
[]|\T1/lmr/bx/n/8 Score|  
 []


Overfull \hbox (19.40686pt too wide) in paragraph at lines 690--691
[]|\T1/lmr/bx/n/8 Method|  
 []

[9{c:/Users/eoar0001/AppData/Roaming/TinyTeX/texmf-dist/fonts/enc/dvips/lm/lm-ts1.enc}]
Overfull \hbox (9.01263pt too wide) in paragraph at lines 707--707
[]|\T1/lmr/bx/n/8 Score|  
 []


Overfull \hbox (19.40686pt too wide) in paragraph at lines 707--708
[]|\T1/lmr/bx/n/8 Method|  
 []


Overfull \hbox (9.01263pt too wide) in paragraph at lines 726--726
[]|\T1/lmr/bx/n/8 Score|  
 []


Overfull \hbox (9.01263pt too wide) in paragraph at lines 747--747
[]|\T1/lmr/bx/n/8 Score|  
 []


Overfull \hbox (19.40686pt too wide) in paragraph at lines 747--748
[]|\T1/lmr/bx/n/8 Method|  
 []

[10]
Overfull \hbox (9.01263pt too wide) in paragraph at lines 766--766
[]|\T1/lmr/bx/n/8 Score|  
 []


Overfull \hbox (19.40686pt too wide) in paragraph at lines 766--767
[]|\T1/lmr/bx/n/8 Method|  
 []


Overfull \hbox (9.01263pt too wide) in paragraph at lines 785--785
[]|\T1/lmr/bx/n/8 Score|  
 []


Overfull \hbox (19.40686pt too wide) in paragraph at lines 785--786
[]|\T1/lmr/bx/n/8 Method|  
 []


Overfull \hbox (9.01263pt too wide) in paragraph at lines 804--804
[]|\T1/lmr/bx/n/8 Score|  
 []


Overfull \hbox (19.40686pt too wide) in paragraph at lines 804--805
[]|\T1/lmr/bx/n/8 Method|  
 []


Overfull \hbox (9.01263pt too wide) in paragraph at lines 822--822
[]|\T1/lmr/bx/n/8 Score|  
 []


Overfull \hbox (19.40686pt too wide) in paragraph at lines 822--823
[]|\T1/lmr/bx/n/8 Method|  
 []

[11]
Overfull \hbox (9.01263pt too wide) in paragraph at lines 843--843
[]|\T1/lmr/bx/n/8 Score|  
 []


Overfull \hbox (19.40686pt too wide) in paragraph at lines 843--844
[]|\T1/lmr/bx/n/8 Method|  
 []


Overfull \hbox (9.01263pt too wide) in paragraph at lines 862--862
[]|\T1/lmr/bx/n/8 Score|  
 []


Overfull \hbox (19.40686pt too wide) in paragraph at lines 862--863
[]|\T1/lmr/bx/n/8 Method|  
 []


Overfull \hbox (9.01263pt too wide) in paragraph at lines 881--881
[]|\T1/lmr/bx/n/8 Score|  
 []


Overfull \hbox (19.40686pt too wide) in paragraph at lines 881--882
[]|\T1/lmr/bx/n/8 Method|  
 []


Overfull \hbox (9.01263pt too wide) in paragraph at lines 899--899
[]|\T1/lmr/bx/n/8 Score|  
 []


Overfull \hbox (19.40686pt too wide) in paragraph at lines 899--900
[]|\T1/lmr/bx/n/8 Method|  
 []


Overfull \hbox (9.01263pt too wide) in paragraph at lines 917--917
[]|\T1/lmr/bx/n/8 Score|  
 []


Overfull \hbox (19.40686pt too wide) in paragraph at lines 917--918
[]|\T1/lmr/bx/n/8 Method|  
 []

[12]
Overfull \hbox (9.01263pt too wide) in paragraph at lines 936--936
[]|\T1/lmr/bx/n/8 Score|  
 []


Overfull \hbox (19.40686pt too wide) in paragraph at lines 936--937
[]|\T1/lmr/bx/n/8 Method|  
 []


Overfull \hbox (9.01263pt too wide) in paragraph at lines 954--954
[]|\T1/lmr/bx/n/8 Score|  
 []


Overfull \hbox (19.40686pt too wide) in paragraph at lines 954--955
[]|\T1/lmr/bx/n/8 Method|  
 []


Overfull \hbox (9.01263pt too wide) in paragraph at lines 972--972
[]|\T1/lmr/bx/n/8 Score|  
 []


Overfull \hbox (19.40686pt too wide) in paragraph at lines 972--973
[]|\T1/lmr/bx/n/8 Method|  
 []


Overfull \hbox (9.01263pt too wide) in paragraph at lines 990--990
[]|\T1/lmr/bx/n/8 Score|  
 []


Overfull \hbox (19.40686pt too wide) in paragraph at lines 990--991
[]|\T1/lmr/bx/n/8 Method|  
 []

ignored error: Infinite glue shrinkage found in box being split [13]
Overfull \hbox (9.01263pt too wide) in paragraph at lines 1008--1008
[]|\T1/lmr/bx/n/8 Score|  
 []


Overfull \hbox (19.40686pt too wide) in paragraph at lines 1008--1009
[]|\T1/lmr/bx/n/8 Method|  
 []


Overfull \hbox (1.62512pt too wide) in paragraph at lines 1027--1027
\T1/lmr/bx/n/8 (given)|  
 []


Overfull \hbox (1.62512pt too wide) in paragraph at lines 1027--1027
\T1/lmr/bx/n/8 (given)|  
 []


Overfull \hbox (1.62512pt too wide) in paragraph at lines 1046--1046
\T1/lmr/bx/n/8 (given)|  
 []


Overfull \hbox (1.62512pt too wide) in paragraph at lines 1046--1046
\T1/lmr/bx/n/8 (given)|  
 []


Overfull \hbox (1.62512pt too wide) in paragraph at lines 1065--1065
\T1/lmr/bx/n/8 (given)|  
 []


Overfull \hbox (1.62512pt too wide) in paragraph at lines 1065--1065
\T1/lmr/bx/n/8 (given)|  
 []

ignored error: Infinite glue shrinkage found in box being split [14]
Overfull \hbox (1.62512pt too wide) in paragraph at lines 1083--1083
\T1/lmr/bx/n/8 (given)|  
 []


Overfull \hbox (1.62512pt too wide) in paragraph at lines 1083--1083
\T1/lmr/bx/n/8 (given)|  
 []


Overfull \hbox (1.62512pt too wide) in paragraph at lines 1101--1101
\T1/lmr/bx/n/8 (given)|  
 []


Overfull \hbox (1.62512pt too wide) in paragraph at lines 1101--1101
\T1/lmr/bx/n/8 (given)|  
 []


Overfull \hbox (1.62512pt too wide) in paragraph at lines 1121--1121
\T1/lmr/bx/n/8 (given)|  
 []


Overfull \hbox (1.62512pt too wide) in paragraph at lines 1121--1121
\T1/lmr/bx/n/8 (given)|  
 []


Overfull \hbox (1.62512pt too wide) in paragraph at lines 1140--1140
\T1/lmr/bx/n/8 (given)|  
 []


Overfull \hbox (1.62512pt too wide) in paragraph at lines 1140--1140
\T1/lmr/bx/n/8 (given)|  
 []

[15]
Overfull \hbox (9.01263pt too wide) in paragraph at lines 1157--1157
[]|\T1/lmr/bx/n/8 Score|  
 []


Overfull \hbox (19.40686pt too wide) in paragraph at lines 1157--1158
[]|\T1/lmr/bx/n/8 Method|  
 []


Overfull \hbox (9.01263pt too wide) in paragraph at lines 1175--1175
[]|\T1/lmr/bx/n/8 Score|  
 []


Overfull \hbox (19.40686pt too wide) in paragraph at lines 1175--1176
[]|\T1/lmr/bx/n/8 Method|  
 []


Overfull \hbox (0.93246pt too wide) in paragraph at lines 1183--1183
\T1/lmr/m/n/8 Slus|  
 []

[16]
Overfull \hbox (19.40686pt too wide) in paragraph at lines 1228--1229
[]|\T1/lmr/bx/n/8 Method|  
 []


Overfull \hbox (19.40686pt too wide) in paragraph at lines 1263--1264
[]|\T1/lmr/bx/n/8 Method|  
 []

[17]
Overfull \hbox (19.40686pt too wide) in paragraph at lines 1296--1297
[]|\T1/lmr/bx/n/8 Method|  
 []


Overfull \hbox (19.40686pt too wide) in paragraph at lines 1330--1331
[]|\T1/lmr/bx/n/8 Method|  
 []

[18]
Overfull \hbox (9.01263pt too wide) in paragraph at lines 1357--1358
[]|\T1/lmr/bx/n/8 Score 
 []


Overfull \hbox (15.8515pt too wide) in paragraph at lines 1357--1358
\T1/lmr/bx/n/8 (given)|  
 []


Overfull \hbox (19.40686pt too wide) in paragraph at lines 1379--1380
[]|\T1/lmr/bx/n/8 Method|  
 []

ignored error: Infinite glue shrinkage found in box being split [19]

Package hyperref Warning: Suppressing link with empty target on input line 1404.


Overfull \hbox (19.40686pt too wide) in paragraph at lines 1419--1420
[]|\T1/lmr/bx/n/8 Method|  
 []


Package hyperref Warning: Suppressing link with empty target on input line 1443.


Overfull \hbox (9.01263pt too wide) in paragraph at lines 1450--1450
[]|\T1/lmr/bx/n/8 Score|  
 []


Overfull \hbox (19.40686pt too wide) in paragraph at lines 1450--1451
[]|\T1/lmr/bx/n/8 Method|  
 []

[20]
Overfull \hbox (19.40686pt too wide) in paragraph at lines 1469--1470
[]|\T1/lmr/bx/n/8 Method|  
 []


Overfull \hbox (19.40686pt too wide) in paragraph at lines 1502--1503
[]|\T1/lmr/bx/n/8 Method|  
 []

[21]
Overfull \hbox (1.62512pt too wide) in paragraph at lines 1534--1534
\T1/lmr/bx/n/8 (given)|  
 []


Overfull \hbox (1.62512pt too wide) in paragraph at lines 1534--1534
\T1/lmr/bx/n/8 (given)|  
 []


Overfull \hbox (1.62512pt too wide) in paragraph at lines 1553--1553
\T1/lmr/bx/n/8 (given)|  
 []


Overfull \hbox (1.62512pt too wide) in paragraph at lines 1553--1553
\T1/lmr/bx/n/8 (given)|  
 []


Overfull \hbox (19.40686pt too wide) in paragraph at lines 1574--1575
[]|\T1/lmr/bx/n/8 Method|  
 []


Overfull \hbox (9.01263pt too wide) in paragraph at lines 1604--1604
[]|\T1/lmr/bx/n/8 Score|  
 []


Overfull \hbox (19.40686pt too wide) in paragraph at lines 1604--1605
[]|\T1/lmr/bx/n/8 Method|  
 []

[22]
Overfull \hbox (19.40686pt too wide) in paragraph at lines 1624--1625
[]|\T1/lmr/bx/n/8 Method|  
 []


Overfull \hbox (9.01263pt too wide) in paragraph at lines 1658--1658
[]|\T1/lmr/bx/n/8 Score|  
 []


Overfull \hbox (19.40686pt too wide) in paragraph at lines 1658--1659
[]|\T1/lmr/bx/n/8 Method|  
 []


Overfull \hbox (9.01263pt too wide) in paragraph at lines 1678--1678
[]|\T1/lmr/bx/n/8 Score|  
 []


Overfull \hbox (19.40686pt too wide) in paragraph at lines 1678--1679
[]|\T1/lmr/bx/n/8 Method|  
 []

[23]
Overfull \hbox (9.01263pt too wide) in paragraph at lines 1699--1699
[]|\T1/lmr/bx/n/8 Score|  
 []


Overfull \hbox (19.40686pt too wide) in paragraph at lines 1699--1700
[]|\T1/lmr/bx/n/8 Method|  
 []


Overfull \hbox (9.01263pt too wide) in paragraph at lines 1720--1720
[]|\T1/lmr/bx/n/8 Score|  
 []


Overfull \hbox (19.40686pt too wide) in paragraph at lines 1720--1721
[]|\T1/lmr/bx/n/8 Method|  
 []


Overfull \hbox (9.01263pt too wide) in paragraph at lines 1737--1737
[]|\T1/lmr/bx/n/8 Score|  
 []


Overfull \hbox (19.40686pt too wide) in paragraph at lines 1737--1738
[]|\T1/lmr/bx/n/8 Method|  
 []


Overfull \hbox (9.01263pt too wide) in paragraph at lines 1756--1756
[]|\T1/lmr/bx/n/8 Score|  
 []

[24]
Overfull \hbox (9.01263pt too wide) in paragraph at lines 1777--1777
[]|\T1/lmr/bx/n/8 Score|  
 []


Overfull \hbox (19.40686pt too wide) in paragraph at lines 1777--1778
[]|\T1/lmr/bx/n/8 Method|  
 []


Overfull \hbox (9.01263pt too wide) in paragraph at lines 1796--1796
[]|\T1/lmr/bx/n/8 Score|  
 []


Overfull \hbox (19.40686pt too wide) in paragraph at lines 1796--1797
[]|\T1/lmr/bx/n/8 Method|  
 []


Overfull \hbox (9.01263pt too wide) in paragraph at lines 1816--1816
[]|\T1/lmr/bx/n/8 Score|  
 []


Overfull \hbox (19.40686pt too wide) in paragraph at lines 1816--1817
[]|\T1/lmr/bx/n/8 Method|  
 []

[25]
Overfull \hbox (9.01263pt too wide) in paragraph at lines 1835--1835
[]|\T1/lmr/bx/n/8 Score|  
 []


Overfull \hbox (19.40686pt too wide) in paragraph at lines 1835--1836
[]|\T1/lmr/bx/n/8 Method|  
 []


Overfull \hbox (9.01263pt too wide) in paragraph at lines 1853--1853
[]|\T1/lmr/bx/n/8 Score|  
 []


Overfull \hbox (19.40686pt too wide) in paragraph at lines 1853--1854
[]|\T1/lmr/bx/n/8 Method|  
 []


Overfull \hbox (9.01263pt too wide) in paragraph at lines 1874--1874
[]|\T1/lmr/bx/n/8 Score|  
 []


Overfull \hbox (19.40686pt too wide) in paragraph at lines 1874--1875
[]|\T1/lmr/bx/n/8 Method|  
 []


Overfull \hbox (9.01263pt too wide) in paragraph at lines 1893--1893
[]|\T1/lmr/bx/n/8 Score|  
 []


Overfull \hbox (19.40686pt too wide) in paragraph at lines 1893--1894
[]|\T1/lmr/bx/n/8 Method|  
 []


Overfull \hbox (9.01263pt too wide) in paragraph at lines 1912--1912
[]|\T1/lmr/bx/n/8 Score|  
 []


Overfull \hbox (19.40686pt too wide) in paragraph at lines 1912--1913
[]|\T1/lmr/bx/n/8 Method|  
 []

[26]
Overfull \hbox (9.01263pt too wide) in paragraph at lines 1931--1931
[]|\T1/lmr/bx/n/8 Score|  
 []


Overfull \hbox (19.40686pt too wide) in paragraph at lines 1931--1932
[]|\T1/lmr/bx/n/8 Method|  
 []


Overfull \hbox (9.01263pt too wide) in paragraph at lines 1949--1949
[]|\T1/lmr/bx/n/8 Score|  
 []


Overfull \hbox (19.40686pt too wide) in paragraph at lines 1949--1950
[]|\T1/lmr/bx/n/8 Method|  
 []


Overfull \hbox (9.01263pt too wide) in paragraph at lines 1968--1968
[]|\T1/lmr/bx/n/8 Score|  
 []


Overfull \hbox (19.40686pt too wide) in paragraph at lines 1968--1969
[]|\T1/lmr/bx/n/8 Method|  
 []


Overfull \hbox (9.01263pt too wide) in paragraph at lines 1986--1986
[]|\T1/lmr/bx/n/8 Score|  
 []


Overfull \hbox (19.40686pt too wide) in paragraph at lines 1986--1987
[]|\T1/lmr/bx/n/8 Method|  
 []


Overfull \hbox (9.01263pt too wide) in paragraph at lines 2004--2004
[]|\T1/lmr/bx/n/8 Score|  
 []


Overfull \hbox (19.40686pt too wide) in paragraph at lines 2004--2005
[]|\T1/lmr/bx/n/8 Method|  
 []

[27]
Overfull \hbox (9.01263pt too wide) in paragraph at lines 2022--2022
[]|\T1/lmr/bx/n/8 Score|  
 []


Overfull \hbox (19.40686pt too wide) in paragraph at lines 2022--2023
[]|\T1/lmr/bx/n/8 Method|  
 []


Overfull \hbox (1.62512pt too wide) in paragraph at lines 2040--2040
\T1/lmr/bx/n/8 (given)|  
 []


Overfull \hbox (1.62512pt too wide) in paragraph at lines 2040--2040
\T1/lmr/bx/n/8 (given)|  
 []


Overfull \hbox (1.62512pt too wide) in paragraph at lines 2059--2059
\T1/lmr/bx/n/8 (given)|  
 []


Overfull \hbox (1.62512pt too wide) in paragraph at lines 2059--2059
\T1/lmr/bx/n/8 (given)|  
 []


Overfull \hbox (1.29726pt too wide) in paragraph at lines 2061--2061
[]|\T1/lmr/m/n/8 1500000|  
 []

ignored error: Infinite glue shrinkage found in box being split [28]
Overfull \hbox (1.62512pt too wide) in paragraph at lines 2078--2078
\T1/lmr/bx/n/8 (given)|  
 []


Overfull \hbox (1.62512pt too wide) in paragraph at lines 2078--2078
\T1/lmr/bx/n/8 (given)|  
 []


Overfull \hbox (1.62512pt too wide) in paragraph at lines 2097--2097
\T1/lmr/bx/n/8 (given)|  
 []


Overfull \hbox (1.62512pt too wide) in paragraph at lines 2097--2097
\T1/lmr/bx/n/8 (given)|  
 []


Overfull \hbox (1.62512pt too wide) in paragraph at lines 2115--2115
\T1/lmr/bx/n/8 (given)|  
 []


Overfull \hbox (1.62512pt too wide) in paragraph at lines 2115--2115
\T1/lmr/bx/n/8 (given)|  
 []


Overfull \hbox (1.62512pt too wide) in paragraph at lines 2133--2133
\T1/lmr/bx/n/8 (given)|  
 []


Overfull \hbox (1.62512pt too wide) in paragraph at lines 2133--2133
\T1/lmr/bx/n/8 (given)|  
 []

[29]
Overfull \hbox (1.62512pt too wide) in paragraph at lines 2153--2153
\T1/lmr/bx/n/8 (given)|  
 []


Overfull \hbox (1.62512pt too wide) in paragraph at lines 2153--2153
\T1/lmr/bx/n/8 (given)|  
 []


Overfull \hbox (1.62512pt too wide) in paragraph at lines 2172--2172
\T1/lmr/bx/n/8 (given)|  
 []


Overfull \hbox (1.62512pt too wide) in paragraph at lines 2172--2172
\T1/lmr/bx/n/8 (given)|  
 []


Overfull \hbox (9.01263pt too wide) in paragraph at lines 2189--2189
[]|\T1/lmr/bx/n/8 Score|  
 []


Overfull \hbox (19.40686pt too wide) in paragraph at lines 2189--2190
[]|\T1/lmr/bx/n/8 Method|  
 []

[30]
Overfull \hbox (9.01263pt too wide) in paragraph at lines 2207--2207
[]|\T1/lmr/bx/n/8 Score|  
 []


Overfull \hbox (19.40686pt too wide) in paragraph at lines 2207--2208
[]|\T1/lmr/bx/n/8 Method|  
 []


Overfull \hbox (19.40686pt too wide) in paragraph at lines 2257--2258
[]|\T1/lmr/bx/n/8 Method|  
 []

ignored error: Infinite glue shrinkage found in box being split [31]
Overfull \hbox (19.40686pt too wide) in paragraph at lines 2292--2293
[]|\T1/lmr/bx/n/8 Method|  
 []

ignored error: Infinite glue shrinkage found in box being split [32]
Overfull \hbox (9.01263pt too wide) in paragraph at lines 2319--2320
[]|\T1/lmr/bx/n/8 Score 
 []


Overfull \hbox (15.8515pt too wide) in paragraph at lines 2319--2320
\T1/lmr/bx/n/8 (given)|  
 []


Overfull \hbox (19.40686pt too wide) in paragraph at lines 2350--2351
[]|\T1/lmr/bx/n/8 Method|  
 []


Overfull \hbox (19.40686pt too wide) in paragraph at lines 2384--2385
[]|\T1/lmr/bx/n/8 Method|  
 []

[33]
Overfull \hbox (19.40686pt too wide) in paragraph at lines 2417--2418
[]|\T1/lmr/bx/n/8 Method|  
 []


Overfull \hbox (19.40686pt too wide) in paragraph at lines 2449--2450
[]|\T1/lmr/bx/n/8 Method|  
 []

[34]

Package hyperref Warning: Suppressing link with empty target on input line 2473.


Overfull \hbox (9.01263pt too wide) in paragraph at lines 2480--2480
[]|\T1/lmr/bx/n/8 Score|  
 []


Overfull \hbox (19.40686pt too wide) in paragraph at lines 2480--2481
[]|\T1/lmr/bx/n/8 Method|  
 []


Overfull \hbox (19.40686pt too wide) in paragraph at lines 2499--2500
[]|\T1/lmr/bx/n/8 Method|  
 []

ignored error: Infinite glue shrinkage found in box being split [35]
Overfull \hbox (19.40686pt too wide) in paragraph at lines 2532--2533
[]|\T1/lmr/bx/n/8 Method|  
 []


Overfull \hbox (1.62512pt too wide) in paragraph at lines 2564--2564
\T1/lmr/bx/n/8 (given)|  
 []


Overfull \hbox (1.62512pt too wide) in paragraph at lines 2564--2564
\T1/lmr/bx/n/8 (given)|  
 []


Overfull \hbox (1.62512pt too wide) in paragraph at lines 2583--2583
\T1/lmr/bx/n/8 (given)|  
 []


Overfull \hbox (1.62512pt too wide) in paragraph at lines 2583--2583
\T1/lmr/bx/n/8 (given)|  
 []

[36]
Overfull \hbox (19.40686pt too wide) in paragraph at lines 2604--2605
[]|\T1/lmr/bx/n/8 Method|  
 []


Overfull \hbox (9.01263pt too wide) in paragraph at lines 2634--2634
[]|\T1/lmr/bx/n/8 Score|  
 []


Overfull \hbox (19.40686pt too wide) in paragraph at lines 2634--2635
[]|\T1/lmr/bx/n/8 Method|  
 []


Overfull \hbox (19.40686pt too wide) in paragraph at lines 2654--2655
[]|\T1/lmr/bx/n/8 Method|  
 []

[37]
Overfull \hbox (9.01263pt too wide) in paragraph at lines 2688--2688
[]|\T1/lmr/bx/n/8 Score|  
 []


Overfull \hbox (19.40686pt too wide) in paragraph at lines 2688--2689
[]|\T1/lmr/bx/n/8 Method|  
 []


Overfull \hbox (9.01263pt too wide) in paragraph at lines 2708--2708
[]|\T1/lmr/bx/n/8 Score|  
 []


Overfull \hbox (19.40686pt too wide) in paragraph at lines 2708--2709
[]|\T1/lmr/bx/n/8 Method|  
 []


Overfull \hbox (9.01263pt too wide) in paragraph at lines 2729--2729
[]|\T1/lmr/bx/n/8 Score|  
 []


Overfull \hbox (19.40686pt too wide) in paragraph at lines 2729--2730
[]|\T1/lmr/bx/n/8 Method|  
 []

[38]
Overfull \hbox (9.01263pt too wide) in paragraph at lines 2750--2750
[]|\T1/lmr/bx/n/8 Score|  
 []


Overfull \hbox (19.40686pt too wide) in paragraph at lines 2750--2751
[]|\T1/lmr/bx/n/8 Method|  
 []


Overfull \hbox (9.01263pt too wide) in paragraph at lines 2767--2767
[]|\T1/lmr/bx/n/8 Score|  
 []


Overfull \hbox (19.40686pt too wide) in paragraph at lines 2767--2768
[]|\T1/lmr/bx/n/8 Method|  
 []


Overfull \hbox (9.01263pt too wide) in paragraph at lines 2786--2786
[]|\T1/lmr/bx/n/8 Score|  
 []


Overfull \hbox (9.01263pt too wide) in paragraph at lines 2807--2807
[]|\T1/lmr/bx/n/8 Score|  
 []


Overfull \hbox (19.40686pt too wide) in paragraph at lines 2807--2808
[]|\T1/lmr/bx/n/8 Method|  
 []

[39]
Overfull \hbox (9.01263pt too wide) in paragraph at lines 2826--2826
[]|\T1/lmr/bx/n/8 Score|  
 []


Overfull \hbox (19.40686pt too wide) in paragraph at lines 2826--2827
[]|\T1/lmr/bx/n/8 Method|  
 []


Overfull \hbox (9.01263pt too wide) in paragraph at lines 2845--2845
[]|\T1/lmr/bx/n/8 Score|  
 []


Overfull \hbox (19.40686pt too wide) in paragraph at lines 2845--2846
[]|\T1/lmr/bx/n/8 Method|  
 []


Overfull \hbox (9.01263pt too wide) in paragraph at lines 2864--2864
[]|\T1/lmr/bx/n/8 Score|  
 []


Overfull \hbox (19.40686pt too wide) in paragraph at lines 2864--2865
[]|\T1/lmr/bx/n/8 Method|  
 []


Overfull \hbox (9.01263pt too wide) in paragraph at lines 2882--2882
[]|\T1/lmr/bx/n/8 Score|  
 []


Overfull \hbox (19.40686pt too wide) in paragraph at lines 2882--2883
[]|\T1/lmr/bx/n/8 Method|  
 []

ignored error: Infinite glue shrinkage found in box being split [40]
Overfull \hbox (9.01263pt too wide) in paragraph at lines 2903--2903
[]|\T1/lmr/bx/n/8 Score|  
 []


Overfull \hbox (19.40686pt too wide) in paragraph at lines 2903--2904
[]|\T1/lmr/bx/n/8 Method|  
 []


Overfull \hbox (9.01263pt too wide) in paragraph at lines 2922--2922
[]|\T1/lmr/bx/n/8 Score|  
 []


Overfull \hbox (19.40686pt too wide) in paragraph at lines 2922--2923
[]|\T1/lmr/bx/n/8 Method|  
 []


Overfull \hbox (9.01263pt too wide) in paragraph at lines 2941--2941
[]|\T1/lmr/bx/n/8 Score|  
 []


Overfull \hbox (19.40686pt too wide) in paragraph at lines 2941--2942
[]|\T1/lmr/bx/n/8 Method|  
 []


Overfull \hbox (9.01263pt too wide) in paragraph at lines 2960--2960
[]|\T1/lmr/bx/n/8 Score|  
 []


Overfull \hbox (19.40686pt too wide) in paragraph at lines 2960--2961
[]|\T1/lmr/bx/n/8 Method|  
 []

ignored error: Infinite glue shrinkage found in box being split [41]
Overfull \hbox (9.01263pt too wide) in paragraph at lines 2978--2978
[]|\T1/lmr/bx/n/8 Score|  
 []


Overfull \hbox (19.40686pt too wide) in paragraph at lines 2978--2979
[]|\T1/lmr/bx/n/8 Method|  
 []


Overfull \hbox (9.01263pt too wide) in paragraph at lines 2997--2997
[]|\T1/lmr/bx/n/8 Score|  
 []


Overfull \hbox (19.40686pt too wide) in paragraph at lines 2997--2998
[]|\T1/lmr/bx/n/8 Method|  
 []


Overfull \hbox (9.01263pt too wide) in paragraph at lines 3015--3015
[]|\T1/lmr/bx/n/8 Score|  
 []


Overfull \hbox (19.40686pt too wide) in paragraph at lines 3015--3016
[]|\T1/lmr/bx/n/8 Method|  
 []


Overfull \hbox (9.01263pt too wide) in paragraph at lines 3033--3033
[]|\T1/lmr/bx/n/8 Score|  
 []


Overfull \hbox (19.40686pt too wide) in paragraph at lines 3033--3034
[]|\T1/lmr/bx/n/8 Method|  
 []


Overfull \hbox (9.01263pt too wide) in paragraph at lines 3051--3051
[]|\T1/lmr/bx/n/8 Score|  
 []


Overfull \hbox (19.40686pt too wide) in paragraph at lines 3051--3052
[]|\T1/lmr/bx/n/8 Method|  
 []

[42]
Overfull \hbox (1.62512pt too wide) in paragraph at lines 3069--3069
\T1/lmr/bx/n/8 (given)|  
 []


Overfull \hbox (1.62512pt too wide) in paragraph at lines 3069--3069
\T1/lmr/bx/n/8 (given)|  
 []


Overfull \hbox (1.62512pt too wide) in paragraph at lines 3088--3088
\T1/lmr/bx/n/8 (given)|  
 []


Overfull \hbox (1.62512pt too wide) in paragraph at lines 3088--3088
\T1/lmr/bx/n/8 (given)|  
 []


Overfull \hbox (1.62512pt too wide) in paragraph at lines 3107--3107
\T1/lmr/bx/n/8 (given)|  
 []


Overfull \hbox (1.62512pt too wide) in paragraph at lines 3107--3107
\T1/lmr/bx/n/8 (given)|  
 []


Overfull \hbox (1.62512pt too wide) in paragraph at lines 3126--3126
\T1/lmr/bx/n/8 (given)|  
 []


Overfull \hbox (1.62512pt too wide) in paragraph at lines 3126--3126
\T1/lmr/bx/n/8 (given)|  
 []

[43]
Overfull \hbox (1.62512pt too wide) in paragraph at lines 3144--3144
\T1/lmr/bx/n/8 (given)|  
 []


Overfull \hbox (1.62512pt too wide) in paragraph at lines 3144--3144
\T1/lmr/bx/n/8 (given)|  
 []


Overfull \hbox (1.62512pt too wide) in paragraph at lines 3162--3162
\T1/lmr/bx/n/8 (given)|  
 []


Overfull \hbox (1.62512pt too wide) in paragraph at lines 3162--3162
\T1/lmr/bx/n/8 (given)|  
 []


Overfull \hbox (1.62512pt too wide) in paragraph at lines 3182--3182
\T1/lmr/bx/n/8 (given)|  
 []


Overfull \hbox (1.62512pt too wide) in paragraph at lines 3182--3182
\T1/lmr/bx/n/8 (given)|  
 []

ignored error: Infinite glue shrinkage found in box being split [44]
Overfull \hbox (1.62512pt too wide) in paragraph at lines 3201--3201
\T1/lmr/bx/n/8 (given)|  
 []


Overfull \hbox (1.62512pt too wide) in paragraph at lines 3201--3201
\T1/lmr/bx/n/8 (given)|  
 []


Overfull \hbox (9.01263pt too wide) in paragraph at lines 3218--3218
[]|\T1/lmr/bx/n/8 Score|  
 []


Overfull \hbox (19.40686pt too wide) in paragraph at lines 3218--3219
[]|\T1/lmr/bx/n/8 Method|  
 []


Overfull \hbox (9.01263pt too wide) in paragraph at lines 3236--3236
[]|\T1/lmr/bx/n/8 Score|  
 []


Overfull \hbox (19.40686pt too wide) in paragraph at lines 3236--3237
[]|\T1/lmr/bx/n/8 Method|  
 []

[45]
Overfull \hbox (19.40686pt too wide) in paragraph at lines 3282--3283
[]|\T1/lmr/bx/n/8 Method|  
 []


Overfull \hbox (19.40686pt too wide) in paragraph at lines 3317--3318
[]|\T1/lmr/bx/n/8 Method|  
 []

ignored error: Infinite glue shrinkage found in box being split [46]
Overfull \hbox (19.40686pt too wide) in paragraph at lines 3350--3351
[]|\T1/lmr/bx/n/8 Method|  
 []


Overfull \hbox (19.40686pt too wide) in paragraph at lines 3384--3385
[]|\T1/lmr/bx/n/8 Method|  
 []

ignored error: Infinite glue shrinkage found in box being split [47]
Overfull \hbox (19.40686pt too wide) in paragraph at lines 3417--3418
[]|\T1/lmr/bx/n/8 Method|  
 []


Overfull \hbox (19.40686pt too wide) in paragraph at lines 3452--3453
[]|\T1/lmr/bx/n/8 Method|  
 []

[48]

Package hyperref Warning: Suppressing link with empty target on input line 3476.


Overfull \hbox (9.01263pt too wide) in paragraph at lines 3483--3483
[]|\T1/lmr/bx/n/8 Score|  
 []


Overfull \hbox (19.40686pt too wide) in paragraph at lines 3483--3484
[]|\T1/lmr/bx/n/8 Method|  
 []


Overfull \hbox (19.40686pt too wide) in paragraph at lines 3506--3507
[]|\T1/lmr/bx/n/8 Method|  
 []

ignored error: Infinite glue shrinkage found in box being split [49]
Overfull \hbox (19.40686pt too wide) in paragraph at lines 3539--3540
[]|\T1/lmr/bx/n/8 Method|  
 []


Overfull \hbox (1.62512pt too wide) in paragraph at lines 3571--3571
\T1/lmr/bx/n/8 (given)|  
 []


Overfull \hbox (1.62512pt too wide) in paragraph at lines 3571--3571
\T1/lmr/bx/n/8 (given)|  
 []

[50]
Overfull \hbox (1.62512pt too wide) in paragraph at lines 3590--3590
\T1/lmr/bx/n/8 (given)|  
 []


Overfull \hbox (1.62512pt too wide) in paragraph at lines 3590--3590
\T1/lmr/bx/n/8 (given)|  
 []


Overfull \hbox (19.40686pt too wide) in paragraph at lines 3611--3612
[]|\T1/lmr/bx/n/8 Method|  
 []


Overfull \hbox (9.01263pt too wide) in paragraph at lines 3641--3641
[]|\T1/lmr/bx/n/8 Score|  
 []


Overfull \hbox (19.40686pt too wide) in paragraph at lines 3641--3642
[]|\T1/lmr/bx/n/8 Method|  
 []


Overfull \hbox (19.40686pt too wide) in paragraph at lines 3661--3662
[]|\T1/lmr/bx/n/8 Method|  
 []

[51]
Overfull \hbox (9.01263pt too wide) in paragraph at lines 3695--3695
[]|\T1/lmr/bx/n/8 Score|  
 []


Overfull \hbox (19.40686pt too wide) in paragraph at lines 3695--3696
[]|\T1/lmr/bx/n/8 Method|  
 []


Overfull \hbox (9.01263pt too wide) in paragraph at lines 3715--3715
[]|\T1/lmr/bx/n/8 Score|  
 []


Overfull \hbox (19.40686pt too wide) in paragraph at lines 3715--3716
[]|\T1/lmr/bx/n/8 Method|  
 []

[52]
Overfull \hbox (9.01263pt too wide) in paragraph at lines 3736--3736
[]|\T1/lmr/bx/n/8 Score|  
 []


Overfull \hbox (19.40686pt too wide) in paragraph at lines 3736--3737
[]|\T1/lmr/bx/n/8 Method|  
 []


Overfull \hbox (9.01263pt too wide) in paragraph at lines 3757--3757
[]|\T1/lmr/bx/n/8 Score|  
 []


Overfull \hbox (19.40686pt too wide) in paragraph at lines 3757--3758
[]|\T1/lmr/bx/n/8 Method|  
 []


Overfull \hbox (9.01263pt too wide) in paragraph at lines 3774--3774
[]|\T1/lmr/bx/n/8 Score|  
 []


Overfull \hbox (19.40686pt too wide) in paragraph at lines 3774--3775
[]|\T1/lmr/bx/n/8 Method|  
 []


Overfull \hbox (9.01263pt too wide) in paragraph at lines 3793--3793
[]|\T1/lmr/bx/n/8 Score|  
 []

ignored error: Infinite glue shrinkage found in box being split [53]
Overfull \hbox (9.01263pt too wide) in paragraph at lines 3814--3814
[]|\T1/lmr/bx/n/8 Score|  
 []


Overfull \hbox (19.40686pt too wide) in paragraph at lines 3814--3815
[]|\T1/lmr/bx/n/8 Method|  
 []


Overfull \hbox (9.01263pt too wide) in paragraph at lines 3833--3833
[]|\T1/lmr/bx/n/8 Score|  
 []


Overfull \hbox (19.40686pt too wide) in paragraph at lines 3833--3834
[]|\T1/lmr/bx/n/8 Method|  
 []


Overfull \hbox (9.01263pt too wide) in paragraph at lines 3852--3852
[]|\T1/lmr/bx/n/8 Score|  
 []


Overfull \hbox (19.40686pt too wide) in paragraph at lines 3852--3853
[]|\T1/lmr/bx/n/8 Method|  
 []


Overfull \hbox (9.01263pt too wide) in paragraph at lines 3871--3871
[]|\T1/lmr/bx/n/8 Score|  
 []


Overfull \hbox (19.40686pt too wide) in paragraph at lines 3871--3872
[]|\T1/lmr/bx/n/8 Method|  
 []


Overfull \hbox (9.01263pt too wide) in paragraph at lines 3889--3889
[]|\T1/lmr/bx/n/8 Score|  
 []


Overfull \hbox (19.40686pt too wide) in paragraph at lines 3889--3890
[]|\T1/lmr/bx/n/8 Method|  
 []

[54]
Overfull \hbox (9.01263pt too wide) in paragraph at lines 3910--3910
[]|\T1/lmr/bx/n/8 Score|  
 []


Overfull \hbox (19.40686pt too wide) in paragraph at lines 3910--3911
[]|\T1/lmr/bx/n/8 Method|  
 []


Overfull \hbox (9.01263pt too wide) in paragraph at lines 3929--3929
[]|\T1/lmr/bx/n/8 Score|  
 []


Overfull \hbox (19.40686pt too wide) in paragraph at lines 3929--3930
[]|\T1/lmr/bx/n/8 Method|  
 []


Overfull \hbox (9.01263pt too wide) in paragraph at lines 3948--3948
[]|\T1/lmr/bx/n/8 Score|  
 []


Overfull \hbox (19.40686pt too wide) in paragraph at lines 3948--3949
[]|\T1/lmr/bx/n/8 Method|  
 []

ignored error: Infinite glue shrinkage found in box being split [55]
Overfull \hbox (9.01263pt too wide) in paragraph at lines 3968--3968
[]|\T1/lmr/bx/n/8 Score|  
 []


Overfull \hbox (19.40686pt too wide) in paragraph at lines 3968--3969
[]|\T1/lmr/bx/n/8 Method|  
 []


Overfull \hbox (9.01263pt too wide) in paragraph at lines 3986--3986
[]|\T1/lmr/bx/n/8 Score|  
 []


Overfull \hbox (19.40686pt too wide) in paragraph at lines 3986--3987
[]|\T1/lmr/bx/n/8 Method|  
 []


Overfull \hbox (9.01263pt too wide) in paragraph at lines 4005--4005
[]|\T1/lmr/bx/n/8 Score|  
 []


Overfull \hbox (19.40686pt too wide) in paragraph at lines 4005--4006
[]|\T1/lmr/bx/n/8 Method|  
 []


Overfull \hbox (9.01263pt too wide) in paragraph at lines 4023--4023
[]|\T1/lmr/bx/n/8 Score|  
 []


Overfull \hbox (19.40686pt too wide) in paragraph at lines 4023--4024
[]|\T1/lmr/bx/n/8 Method|  
 []

[56]
Overfull \hbox (9.01263pt too wide) in paragraph at lines 4041--4041
[]|\T1/lmr/bx/n/8 Score|  
 []


Overfull \hbox (19.40686pt too wide) in paragraph at lines 4041--4042
[]|\T1/lmr/bx/n/8 Method|  
 []


Overfull \hbox (9.01263pt too wide) in paragraph at lines 4059--4059
[]|\T1/lmr/bx/n/8 Score|  
 []


Overfull \hbox (19.40686pt too wide) in paragraph at lines 4059--4060
[]|\T1/lmr/bx/n/8 Method|  
 []


Overfull \hbox (1.62512pt too wide) in paragraph at lines 4077--4077
\T1/lmr/bx/n/8 (given)|  
 []


Overfull \hbox (1.62512pt too wide) in paragraph at lines 4077--4077
\T1/lmr/bx/n/8 (given)|  
 []


Overfull \hbox (1.62512pt too wide) in paragraph at lines 4096--4096
\T1/lmr/bx/n/8 (given)|  
 []


Overfull \hbox (1.62512pt too wide) in paragraph at lines 4096--4096
\T1/lmr/bx/n/8 (given)|  
 []

ignored error: Infinite glue shrinkage found in box being split [57]
Overfull \hbox (1.62512pt too wide) in paragraph at lines 4115--4115
\T1/lmr/bx/n/8 (given)|  
 []


Overfull \hbox (1.62512pt too wide) in paragraph at lines 4115--4115
\T1/lmr/bx/n/8 (given)|  
 []


Overfull \hbox (1.62512pt too wide) in paragraph at lines 4134--4134
\T1/lmr/bx/n/8 (given)|  
 []


Overfull \hbox (1.62512pt too wide) in paragraph at lines 4134--4134
\T1/lmr/bx/n/8 (given)|  
 []


Overfull \hbox (1.62512pt too wide) in paragraph at lines 4152--4152
\T1/lmr/bx/n/8 (given)|  
 []


Overfull \hbox (1.62512pt too wide) in paragraph at lines 4152--4152
\T1/lmr/bx/n/8 (given)|  
 []


Overfull \hbox (1.62512pt too wide) in paragraph at lines 4170--4170
\T1/lmr/bx/n/8 (given)|  
 []


Overfull \hbox (1.62512pt too wide) in paragraph at lines 4170--4170
\T1/lmr/bx/n/8 (given)|  
 []

[58]
Overfull \hbox (1.62512pt too wide) in paragraph at lines 4190--4190
\T1/lmr/bx/n/8 (given)|  
 []


Overfull \hbox (1.62512pt too wide) in paragraph at lines 4190--4190
\T1/lmr/bx/n/8 (given)|  
 []


Overfull \hbox (1.62512pt too wide) in paragraph at lines 4209--4209
\T1/lmr/bx/n/8 (given)|  
 []


Overfull \hbox (1.62512pt too wide) in paragraph at lines 4209--4209
\T1/lmr/bx/n/8 (given)|  
 []


Overfull \hbox (9.01263pt too wide) in paragraph at lines 4226--4226
[]|\T1/lmr/bx/n/8 Score|  
 []


Overfull \hbox (19.40686pt too wide) in paragraph at lines 4226--4227
[]|\T1/lmr/bx/n/8 Method|  
 []


Overfull \hbox (9.01263pt too wide) in paragraph at lines 4244--4244
[]|\T1/lmr/bx/n/8 Score|  
 []


Overfull \hbox (19.40686pt too wide) in paragraph at lines 4244--4245
[]|\T1/lmr/bx/n/8 Method|  
 []

ignored error: Infinite glue shrinkage found in box being split [59]
Overfull \hbox (19.40686pt too wide) in paragraph at lines 4288--4289
[]|\T1/lmr/bx/n/8 Method|  
 []

ignored error: Infinite glue shrinkage found in box being split [60]
Overfull \hbox (9.01263pt too wide) in paragraph at lines 4317--4318
[]|\T1/lmr/bx/n/8 Score 
 []


Overfull \hbox (15.8515pt too wide) in paragraph at lines 4317--4318
\T1/lmr/bx/n/8 (given)|  
 []


Overfull \hbox (19.40686pt too wide) in paragraph at lines 4345--4346
[]|\T1/lmr/bx/n/8 Method|  
 []

ignored error: Infinite glue shrinkage found in box being split [61]
Overfull \hbox (9.01263pt too wide) in paragraph at lines 4372--4373
[]|\T1/lmr/bx/n/8 Score 
 []


Overfull \hbox (15.8515pt too wide) in paragraph at lines 4372--4373
\T1/lmr/bx/n/8 (given)|  
 []


Overfull \hbox (19.40686pt too wide) in paragraph at lines 4400--4401
[]|\T1/lmr/bx/n/8 Method|  
 []

ignored error: Infinite glue shrinkage found in box being split [62]
Overfull \hbox (19.40686pt too wide) in paragraph at lines 4434--4435
[]|\T1/lmr/bx/n/8 Method|  
 []


Overfull \hbox (19.40686pt too wide) in paragraph at lines 4467--4468
[]|\T1/lmr/bx/n/8 Method|  
 []

ignored error: Infinite glue shrinkage found in box being split [63]
Overfull \hbox (19.40686pt too wide) in paragraph at lines 4506--4507
[]|\T1/lmr/bx/n/8 Method|  
 []


Package hyperref Warning: Suppressing link with empty target on input line 4530.


Overfull \hbox (9.01263pt too wide) in paragraph at lines 4537--4537
[]|\T1/lmr/bx/n/8 Score|  
 []


Overfull \hbox (19.40686pt too wide) in paragraph at lines 4537--4538
[]|\T1/lmr/bx/n/8 Method|  
 []

[64]
Overfull \hbox (19.40686pt too wide) in paragraph at lines 4556--4557
[]|\T1/lmr/bx/n/8 Method|  
 []


Overfull \hbox (19.40686pt too wide) in paragraph at lines 4589--4590
[]|\T1/lmr/bx/n/8 Method|  
 []

[65]
Overfull \hbox (1.62512pt too wide) in paragraph at lines 4621--4621
\T1/lmr/bx/n/8 (given)|  
 []


Overfull \hbox (1.62512pt too wide) in paragraph at lines 4621--4621
\T1/lmr/bx/n/8 (given)|  
 []


Overfull \hbox (1.62512pt too wide) in paragraph at lines 4640--4640
\T1/lmr/bx/n/8 (given)|  
 []


Overfull \hbox (1.62512pt too wide) in paragraph at lines 4640--4640
\T1/lmr/bx/n/8 (given)|  
 []


Overfull \hbox (1.29726pt too wide) in paragraph at lines 4642--4642
[]|\T1/lmr/m/n/8 1000000|  
 []


Overfull \hbox (19.40686pt too wide) in paragraph at lines 4661--4662
[]|\T1/lmr/bx/n/8 Method|  
 []

ignored error: Infinite glue shrinkage found in box being split [66]
Overfull \hbox (9.01263pt too wide) in paragraph at lines 4688--4689
[]|\T1/lmr/bx/n/8 Score 
 []


Overfull \hbox (15.8515pt too wide) in paragraph at lines 4688--4689
\T1/lmr/bx/n/8 (given)|  
 []


Overfull \hbox (9.01263pt too wide) in paragraph at lines 4707--4707
[]|\T1/lmr/bx/n/8 Score|  
 []


Overfull \hbox (19.40686pt too wide) in paragraph at lines 4707--4708
[]|\T1/lmr/bx/n/8 Method|  
 []


Overfull \hbox (19.40686pt too wide) in paragraph at lines 4727--4728
[]|\T1/lmr/bx/n/8 Method|  
 []

[67]
Overfull \hbox (9.01263pt too wide) in paragraph at lines 4761--4761
[]|\T1/lmr/bx/n/8 Score|  
 []


Overfull \hbox (19.40686pt too wide) in paragraph at lines 4761--4762
[]|\T1/lmr/bx/n/8 Method|  
 []


Overfull \hbox (9.01263pt too wide) in paragraph at lines 4781--4781
[]|\T1/lmr/bx/n/8 Score|  
 []


Overfull \hbox (19.40686pt too wide) in paragraph at lines 4781--4782
[]|\T1/lmr/bx/n/8 Method|  
 []


Overfull \hbox (9.01263pt too wide) in paragraph at lines 4802--4802
[]|\T1/lmr/bx/n/8 Score|  
 []


Overfull \hbox (19.40686pt too wide) in paragraph at lines 4802--4803
[]|\T1/lmr/bx/n/8 Method|  
 []


Overfull \hbox (9.01263pt too wide) in paragraph at lines 4823--4823
[]|\T1/lmr/bx/n/8 Score|  
 []


Overfull \hbox (19.40686pt too wide) in paragraph at lines 4823--4824
[]|\T1/lmr/bx/n/8 Method|  
 []

ignored error: Infinite glue shrinkage found in box being split [68]
Overfull \hbox (9.01263pt too wide) in paragraph at lines 4840--4840
[]|\T1/lmr/bx/n/8 Score|  
 []


Overfull \hbox (19.40686pt too wide) in paragraph at lines 4840--4841
[]|\T1/lmr/bx/n/8 Method|  
 []


Overfull \hbox (9.01263pt too wide) in paragraph at lines 4859--4859
[]|\T1/lmr/bx/n/8 Score|  
 []


Overfull \hbox (9.01263pt too wide) in paragraph at lines 4880--4880
[]|\T1/lmr/bx/n/8 Score|  
 []


Overfull \hbox (19.40686pt too wide) in paragraph at lines 4880--4881
[]|\T1/lmr/bx/n/8 Method|  
 []


Overfull \hbox (9.01263pt too wide) in paragraph at lines 4899--4899
[]|\T1/lmr/bx/n/8 Score|  
 []


Overfull \hbox (19.40686pt too wide) in paragraph at lines 4899--4900
[]|\T1/lmr/bx/n/8 Method|  
 []

[69]
Overfull \hbox (9.01263pt too wide) in paragraph at lines 4918--4918
[]|\T1/lmr/bx/n/8 Score|  
 []


Overfull \hbox (19.40686pt too wide) in paragraph at lines 4918--4919
[]|\T1/lmr/bx/n/8 Method|  
 []


Overfull \hbox (9.01263pt too wide) in paragraph at lines 4937--4937
[]|\T1/lmr/bx/n/8 Score|  
 []


Overfull \hbox (19.40686pt too wide) in paragraph at lines 4937--4938
[]|\T1/lmr/bx/n/8 Method|  
 []


Overfull \hbox (9.01263pt too wide) in paragraph at lines 4955--4955
[]|\T1/lmr/bx/n/8 Score|  
 []


Overfull \hbox (19.40686pt too wide) in paragraph at lines 4955--4956
[]|\T1/lmr/bx/n/8 Method|  
 []


Overfull \hbox (9.01263pt too wide) in paragraph at lines 4976--4976
[]|\T1/lmr/bx/n/8 Score|  
 []


Overfull \hbox (19.40686pt too wide) in paragraph at lines 4976--4977
[]|\T1/lmr/bx/n/8 Method|  
 []


Overfull \hbox (9.01263pt too wide) in paragraph at lines 4995--4995
[]|\T1/lmr/bx/n/8 Score|  
 []


Overfull \hbox (19.40686pt too wide) in paragraph at lines 4995--4996
[]|\T1/lmr/bx/n/8 Method|  
 []

[70]
Overfull \hbox (9.01263pt too wide) in paragraph at lines 5014--5014
[]|\T1/lmr/bx/n/8 Score|  
 []


Overfull \hbox (19.40686pt too wide) in paragraph at lines 5014--5015
[]|\T1/lmr/bx/n/8 Method|  
 []


Overfull \hbox (9.01263pt too wide) in paragraph at lines 5033--5033
[]|\T1/lmr/bx/n/8 Score|  
 []


Overfull \hbox (19.40686pt too wide) in paragraph at lines 5033--5034
[]|\T1/lmr/bx/n/8 Method|  
 []


Overfull \hbox (9.01263pt too wide) in paragraph at lines 5051--5051
[]|\T1/lmr/bx/n/8 Score|  
 []


Overfull \hbox (19.40686pt too wide) in paragraph at lines 5051--5052
[]|\T1/lmr/bx/n/8 Method|  
 []


Overfull \hbox (9.01263pt too wide) in paragraph at lines 5070--5070
[]|\T1/lmr/bx/n/8 Score|  
 []


Overfull \hbox (19.40686pt too wide) in paragraph at lines 5070--5071
[]|\T1/lmr/bx/n/8 Method|  
 []


Overfull \hbox (9.01263pt too wide) in paragraph at lines 5088--5088
[]|\T1/lmr/bx/n/8 Score|  
 []


Overfull \hbox (19.40686pt too wide) in paragraph at lines 5088--5089
[]|\T1/lmr/bx/n/8 Method|  
 []

[71]
Overfull \hbox (9.01263pt too wide) in paragraph at lines 5106--5106
[]|\T1/lmr/bx/n/8 Score|  
 []


Overfull \hbox (19.40686pt too wide) in paragraph at lines 5106--5107
[]|\T1/lmr/bx/n/8 Method|  
 []


Overfull \hbox (9.01263pt too wide) in paragraph at lines 5124--5124
[]|\T1/lmr/bx/n/8 Score|  
 []


Overfull \hbox (19.40686pt too wide) in paragraph at lines 5124--5125
[]|\T1/lmr/bx/n/8 Method|  
 []


Overfull \hbox (1.62512pt too wide) in paragraph at lines 5142--5142
\T1/lmr/bx/n/8 (given)|  
 []


Overfull \hbox (1.62512pt too wide) in paragraph at lines 5142--5142
\T1/lmr/bx/n/8 (given)|  
 []


Overfull \hbox (1.62512pt too wide) in paragraph at lines 5161--5161
\T1/lmr/bx/n/8 (given)|  
 []


Overfull \hbox (1.62512pt too wide) in paragraph at lines 5161--5161
\T1/lmr/bx/n/8 (given)|  
 []

[72]
Overfull \hbox (1.62512pt too wide) in paragraph at lines 5180--5180
\T1/lmr/bx/n/8 (given)|  
 []


Overfull \hbox (1.62512pt too wide) in paragraph at lines 5180--5180
\T1/lmr/bx/n/8 (given)|  
 []


Overfull \hbox (1.62512pt too wide) in paragraph at lines 5199--5199
\T1/lmr/bx/n/8 (given)|  
 []


Overfull \hbox (1.62512pt too wide) in paragraph at lines 5199--5199
\T1/lmr/bx/n/8 (given)|  
 []


Overfull \hbox (1.62512pt too wide) in paragraph at lines 5217--5217
\T1/lmr/bx/n/8 (given)|  
 []


Overfull \hbox (1.62512pt too wide) in paragraph at lines 5217--5217
\T1/lmr/bx/n/8 (given)|  
 []


Overfull \hbox (1.62512pt too wide) in paragraph at lines 5235--5235
\T1/lmr/bx/n/8 (given)|  
 []


Overfull \hbox (1.62512pt too wide) in paragraph at lines 5235--5235
\T1/lmr/bx/n/8 (given)|  
 []

[73]
Overfull \hbox (1.62512pt too wide) in paragraph at lines 5255--5255
\T1/lmr/bx/n/8 (given)|  
 []


Overfull \hbox (1.62512pt too wide) in paragraph at lines 5255--5255
\T1/lmr/bx/n/8 (given)|  
 []


Overfull \hbox (1.62512pt too wide) in paragraph at lines 5275--5275
\T1/lmr/bx/n/8 (given)|  
 []


Overfull \hbox (1.62512pt too wide) in paragraph at lines 5275--5275
\T1/lmr/bx/n/8 (given)|  
 []


Overfull \hbox (9.01263pt too wide) in paragraph at lines 5292--5292
[]|\T1/lmr/bx/n/8 Score|  
 []


Overfull \hbox (19.40686pt too wide) in paragraph at lines 5292--5293
[]|\T1/lmr/bx/n/8 Method|  
 []


Overfull \hbox (9.01263pt too wide) in paragraph at lines 5310--5310
[]|\T1/lmr/bx/n/8 Score|  
 []


Overfull \hbox (19.40686pt too wide) in paragraph at lines 5310--5311
[]|\T1/lmr/bx/n/8 Method|  
 []

[74]
Overfull \hbox (19.40686pt too wide) in paragraph at lines 5355--5356
[]|\T1/lmr/bx/n/8 Method|  
 []

ignored error: Infinite glue shrinkage found in box being split [75]
Overfull \hbox (9.01263pt too wide) in paragraph at lines 5384--5385
[]|\T1/lmr/bx/n/8 Score 
 []


Overfull \hbox (15.8515pt too wide) in paragraph at lines 5384--5385
\T1/lmr/bx/n/8 (given)|  
 []


Overfull \hbox (19.40686pt too wide) in paragraph at lines 5406--5407
[]|\T1/lmr/bx/n/8 Method|  
 []


Overfull \hbox (9.01263pt too wide) in paragraph at lines 5433--5434
[]|\T1/lmr/bx/n/8 Score 
 []


Overfull \hbox (15.8515pt too wide) in paragraph at lines 5433--5434
\T1/lmr/bx/n/8 (given)|  
 []

ignored error: Infinite glue shrinkage found in box being split [76]
Overfull \hbox (19.40686pt too wide) in paragraph at lines 5455--5456
[]|\T1/lmr/bx/n/8 Method|  
 []


Overfull \hbox (19.40686pt too wide) in paragraph at lines 5489--5490
[]|\T1/lmr/bx/n/8 Method|  
 []

ignored error: Infinite glue shrinkage found in box being split [77]
Overfull \hbox (19.40686pt too wide) in paragraph at lines 5522--5523
[]|\T1/lmr/bx/n/8 Method|  
 []


Overfull \hbox (19.40686pt too wide) in paragraph at lines 5562--5563
[]|\T1/lmr/bx/n/8 Method|  
 []

ignored error: Infinite glue shrinkage found in box being split [78]

Package hyperref Warning: Suppressing link with empty target on input line 5586.


Overfull \hbox (9.01263pt too wide) in paragraph at lines 5593--5593
[]|\T1/lmr/bx/n/8 Score|  
 []


Overfull \hbox (19.40686pt too wide) in paragraph at lines 5593--5594
[]|\T1/lmr/bx/n/8 Method|  
 []


Overfull \hbox (19.40686pt too wide) in paragraph at lines 5612--5613
[]|\T1/lmr/bx/n/8 Method|  
 []

ignored error: Infinite glue shrinkage found in box being split [79]
Overfull \hbox (19.40686pt too wide) in paragraph at lines 5645--5646
[]|\T1/lmr/bx/n/8 Method|  
 []


Overfull \hbox (1.62512pt too wide) in paragraph at lines 5677--5677
\T1/lmr/bx/n/8 (given)|  
 []


Overfull \hbox (1.62512pt too wide) in paragraph at lines 5677--5677
\T1/lmr/bx/n/8 (given)|  
 []


Overfull \hbox (1.62512pt too wide) in paragraph at lines 5698--5698
\T1/lmr/bx/n/8 (given)|  
 []


Overfull \hbox (1.62512pt too wide) in paragraph at lines 5698--5698
\T1/lmr/bx/n/8 (given)|  
 []

[80]
Overfull \hbox (19.40686pt too wide) in paragraph at lines 5719--5720
[]|\T1/lmr/bx/n/8 Method|  
 []


Overfull \hbox (9.01263pt too wide) in paragraph at lines 5749--5749
[]|\T1/lmr/bx/n/8 Score|  
 []


Overfull \hbox (19.40686pt too wide) in paragraph at lines 5749--5750
[]|\T1/lmr/bx/n/8 Method|  
 []


Overfull \hbox (19.40686pt too wide) in paragraph at lines 5769--5770
[]|\T1/lmr/bx/n/8 Method|  
 []

[81]
Overfull \hbox (9.01263pt too wide) in paragraph at lines 5803--5803
[]|\T1/lmr/bx/n/8 Score|  
 []


Overfull \hbox (19.40686pt too wide) in paragraph at lines 5803--5804
[]|\T1/lmr/bx/n/8 Method|  
 []


Overfull \hbox (9.01263pt too wide) in paragraph at lines 5823--5823
[]|\T1/lmr/bx/n/8 Score|  
 []


Overfull \hbox (19.40686pt too wide) in paragraph at lines 5823--5824
[]|\T1/lmr/bx/n/8 Method|  
 []


Overfull \hbox (9.01263pt too wide) in paragraph at lines 5844--5844
[]|\T1/lmr/bx/n/8 Score|  
 []


Overfull \hbox (19.40686pt too wide) in paragraph at lines 5844--5845
[]|\T1/lmr/bx/n/8 Method|  
 []

[82]
Overfull \hbox (9.01263pt too wide) in paragraph at lines 5865--5865
[]|\T1/lmr/bx/n/8 Score|  
 []


Overfull \hbox (19.40686pt too wide) in paragraph at lines 5865--5866
[]|\T1/lmr/bx/n/8 Method|  
 []


Overfull \hbox (9.01263pt too wide) in paragraph at lines 5882--5882
[]|\T1/lmr/bx/n/8 Score|  
 []


Overfull \hbox (19.40686pt too wide) in paragraph at lines 5882--5883
[]|\T1/lmr/bx/n/8 Method|  
 []


Overfull \hbox (9.01263pt too wide) in paragraph at lines 5901--5901
[]|\T1/lmr/bx/n/8 Score|  
 []


Overfull \hbox (9.01263pt too wide) in paragraph at lines 5922--5922
[]|\T1/lmr/bx/n/8 Score|  
 []


Overfull \hbox (19.40686pt too wide) in paragraph at lines 5922--5923
[]|\T1/lmr/bx/n/8 Method|  
 []

[83]
Overfull \hbox (9.01263pt too wide) in paragraph at lines 5941--5941
[]|\T1/lmr/bx/n/8 Score|  
 []


Overfull \hbox (19.40686pt too wide) in paragraph at lines 5941--5942
[]|\T1/lmr/bx/n/8 Method|  
 []


Overfull \hbox (9.01263pt too wide) in paragraph at lines 5960--5960
[]|\T1/lmr/bx/n/8 Score|  
 []


Overfull \hbox (19.40686pt too wide) in paragraph at lines 5960--5961
[]|\T1/lmr/bx/n/8 Method|  
 []


Overfull \hbox (9.01263pt too wide) in paragraph at lines 5979--5979
[]|\T1/lmr/bx/n/8 Score|  
 []


Overfull \hbox (19.40686pt too wide) in paragraph at lines 5979--5980
[]|\T1/lmr/bx/n/8 Method|  
 []


Overfull \hbox (9.01263pt too wide) in paragraph at lines 5997--5997
[]|\T1/lmr/bx/n/8 Score|  
 []


Overfull \hbox (19.40686pt too wide) in paragraph at lines 5997--5998
[]|\T1/lmr/bx/n/8 Method|  
 []

ignored error: Infinite glue shrinkage found in box being split [84]
Overfull \hbox (9.01263pt too wide) in paragraph at lines 6018--6018
[]|\T1/lmr/bx/n/8 Score|  
 []


Overfull \hbox (19.40686pt too wide) in paragraph at lines 6018--6019
[]|\T1/lmr/bx/n/8 Method|  
 []


Overfull \hbox (9.01263pt too wide) in paragraph at lines 6037--6037
[]|\T1/lmr/bx/n/8 Score|  
 []


Overfull \hbox (19.40686pt too wide) in paragraph at lines 6037--6038
[]|\T1/lmr/bx/n/8 Method|  
 []


Overfull \hbox (9.01263pt too wide) in paragraph at lines 6056--6056
[]|\T1/lmr/bx/n/8 Score|  
 []


Overfull \hbox (19.40686pt too wide) in paragraph at lines 6056--6057
[]|\T1/lmr/bx/n/8 Method|  
 []


Overfull \hbox (9.01263pt too wide) in paragraph at lines 6075--6075
[]|\T1/lmr/bx/n/8 Score|  
 []


Overfull \hbox (19.40686pt too wide) in paragraph at lines 6075--6076
[]|\T1/lmr/bx/n/8 Method|  
 []


Overfull \hbox (9.01263pt too wide) in paragraph at lines 6093--6093
[]|\T1/lmr/bx/n/8 Score|  
 []


Overfull \hbox (19.40686pt too wide) in paragraph at lines 6093--6094
[]|\T1/lmr/bx/n/8 Method|  
 []

[85]
Overfull \hbox (9.01263pt too wide) in paragraph at lines 6112--6112
[]|\T1/lmr/bx/n/8 Score|  
 []


Overfull \hbox (19.40686pt too wide) in paragraph at lines 6112--6113
[]|\T1/lmr/bx/n/8 Method|  
 []


Overfull \hbox (9.01263pt too wide) in paragraph at lines 6130--6130
[]|\T1/lmr/bx/n/8 Score|  
 []


Overfull \hbox (19.40686pt too wide) in paragraph at lines 6130--6131
[]|\T1/lmr/bx/n/8 Method|  
 []


Overfull \hbox (9.01263pt too wide) in paragraph at lines 6148--6148
[]|\T1/lmr/bx/n/8 Score|  
 []


Overfull \hbox (19.40686pt too wide) in paragraph at lines 6148--6149
[]|\T1/lmr/bx/n/8 Method|  
 []


Overfull \hbox (9.01263pt too wide) in paragraph at lines 6166--6166
[]|\T1/lmr/bx/n/8 Score|  
 []


Overfull \hbox (19.40686pt too wide) in paragraph at lines 6166--6167
[]|\T1/lmr/bx/n/8 Method|  
 []

[86]
Overfull \hbox (1.62512pt too wide) in paragraph at lines 6184--6184
\T1/lmr/bx/n/8 (given)|  
 []


Overfull \hbox (1.62512pt too wide) in paragraph at lines 6184--6184
\T1/lmr/bx/n/8 (given)|  
 []


Overfull \hbox (1.62512pt too wide) in paragraph at lines 6203--6203
\T1/lmr/bx/n/8 (given)|  
 []


Overfull \hbox (1.62512pt too wide) in paragraph at lines 6203--6203
\T1/lmr/bx/n/8 (given)|  
 []


Overfull \hbox (17.3523pt too wide) in paragraph at lines 6205--6206
[]|\T1/lmr/m/n/8 Million_sek_season|  
 []


Overfull \hbox (1.62512pt too wide) in paragraph at lines 6222--6222
\T1/lmr/bx/n/8 (given)|  
 []


Overfull \hbox (1.62512pt too wide) in paragraph at lines 6222--6222
\T1/lmr/bx/n/8 (given)|  
 []

ignored error: Infinite glue shrinkage found in box being split [87]
Overfull \hbox (1.62512pt too wide) in paragraph at lines 6241--6241
\T1/lmr/bx/n/8 (given)|  
 []


Overfull \hbox (1.62512pt too wide) in paragraph at lines 6241--6241
\T1/lmr/bx/n/8 (given)|  
 []


Overfull \hbox (1.62512pt too wide) in paragraph at lines 6259--6259
\T1/lmr/bx/n/8 (given)|  
 []


Overfull \hbox (1.62512pt too wide) in paragraph at lines 6259--6259
\T1/lmr/bx/n/8 (given)|  
 []


Overfull \hbox (1.62512pt too wide) in paragraph at lines 6277--6277
\T1/lmr/bx/n/8 (given)|  
 []


Overfull \hbox (1.62512pt too wide) in paragraph at lines 6277--6277
\T1/lmr/bx/n/8 (given)|  
 []

[88]
Overfull \hbox (1.62512pt too wide) in paragraph at lines 6297--6297
\T1/lmr/bx/n/8 (given)|  
 []


Overfull \hbox (1.62512pt too wide) in paragraph at lines 6297--6297
\T1/lmr/bx/n/8 (given)|  
 []


Overfull \hbox (1.62512pt too wide) in paragraph at lines 6316--6316
\T1/lmr/bx/n/8 (given)|  
 []


Overfull \hbox (1.62512pt too wide) in paragraph at lines 6316--6316
\T1/lmr/bx/n/8 (given)|  
 []


Overfull \hbox (9.01263pt too wide) in paragraph at lines 6333--6333
[]|\T1/lmr/bx/n/8 Score|  
 []


Overfull \hbox (19.40686pt too wide) in paragraph at lines 6333--6334
[]|\T1/lmr/bx/n/8 Method|  
 []


Overfull \hbox (9.01263pt too wide) in paragraph at lines 6351--6351
[]|\T1/lmr/bx/n/8 Score|  
 []


Overfull \hbox (19.40686pt too wide) in paragraph at lines 6351--6352
[]|\T1/lmr/bx/n/8 Method|  
 []

ignored error: Infinite glue shrinkage found in box being split [89]
Overfull \hbox (19.40686pt too wide) in paragraph at lines 6399--6400
[]|\T1/lmr/bx/n/8 Method|  
 []

ignored error: Infinite glue shrinkage found in box being split [90]
Overfull \hbox (9.01263pt too wide) in paragraph at lines 6428--6429
[]|\T1/lmr/bx/n/8 Score 
 []


Overfull \hbox (15.8515pt too wide) in paragraph at lines 6428--6429
\T1/lmr/bx/n/8 (given)|  
 []


Overfull \hbox (19.40686pt too wide) in paragraph at lines 6450--6451
[]|\T1/lmr/bx/n/8 Method|  
 []


Overfull \hbox (9.01263pt too wide) in paragraph at lines 6477--6478
[]|\T1/lmr/bx/n/8 Score 
 []


Overfull \hbox (15.8515pt too wide) in paragraph at lines 6477--6478
\T1/lmr/bx/n/8 (given)|  
 []

ignored error: Infinite glue shrinkage found in box being split [91]
Overfull \hbox (19.40686pt too wide) in paragraph at lines 6499--6500
[]|\T1/lmr/bx/n/8 Method|  
 []


Overfull \hbox (19.40686pt too wide) in paragraph at lines 6533--6534
[]|\T1/lmr/bx/n/8 Method|  
 []

ignored error: Infinite glue shrinkage found in box being split [92]
Overfull \hbox (9.01263pt too wide) in paragraph at lines 6560--6561
[]|\T1/lmr/bx/n/8 Score 
 []


Overfull \hbox (15.8515pt too wide) in paragraph at lines 6560--6561
\T1/lmr/bx/n/8 (given)|  
 []


Overfull \hbox (19.40686pt too wide) in paragraph at lines 6584--6585
[]|\T1/lmr/bx/n/8 Method|  
 []

ignored error: Infinite glue shrinkage found in box being split [93]
Overfull \hbox (19.40686pt too wide) in paragraph at lines 6617--6618
[]|\T1/lmr/bx/n/8 Method|  
 []


Package hyperref Warning: Suppressing link with empty target on input line 6641.


Overfull \hbox (9.01263pt too wide) in paragraph at lines 6648--6648
[]|\T1/lmr/bx/n/8 Score|  
 []


Overfull \hbox (19.40686pt too wide) in paragraph at lines 6648--6649
[]|\T1/lmr/bx/n/8 Method|  
 []


Overfull \hbox (19.40686pt too wide) in paragraph at lines 6667--6668
[]|\T1/lmr/bx/n/8 Method|  
 []

ignored error: Infinite glue shrinkage found in box being split [94]
Overfull \hbox (9.01263pt too wide) in paragraph at lines 6694--6695
[]|\T1/lmr/bx/n/8 Score 
 []


Overfull \hbox (15.8515pt too wide) in paragraph at lines 6694--6695
\T1/lmr/bx/n/8 (given)|  
 []


Overfull \hbox (19.40686pt too wide) in paragraph at lines 6716--6717
[]|\T1/lmr/bx/n/8 Method|  
 []

ignored error: Infinite glue shrinkage found in box being split [95]
Overfull \hbox (1.62512pt too wide) in paragraph at lines 6748--6748
\T1/lmr/bx/n/8 (given)|  
 []


Overfull \hbox (1.62512pt too wide) in paragraph at lines 6748--6748
\T1/lmr/bx/n/8 (given)|  
 []


Overfull \hbox (1.62512pt too wide) in paragraph at lines 6767--6767
\T1/lmr/bx/n/8 (given)|  
 []


Overfull \hbox (1.62512pt too wide) in paragraph at lines 6767--6767
\T1/lmr/bx/n/8 (given)|  
 []


Overfull \hbox (19.40686pt too wide) in paragraph at lines 6788--6789
[]|\T1/lmr/bx/n/8 Method|  
 []

ignored error: Infinite glue shrinkage found in box being split [96]
Overfull \hbox (9.01263pt too wide) in paragraph at lines 6818--6818
[]|\T1/lmr/bx/n/8 Score|  
 []


Overfull \hbox (19.40686pt too wide) in paragraph at lines 6818--6819
[]|\T1/lmr/bx/n/8 Method|  
 []


Overfull \hbox (19.40686pt too wide) in paragraph at lines 6838--6839
[]|\T1/lmr/bx/n/8 Method|  
 []

[97]
Overfull \hbox (9.01263pt too wide) in paragraph at lines 6872--6872
[]|\T1/lmr/bx/n/8 Score 
 []


Overfull \hbox (7.73927pt too wide) in paragraph at lines 6872--6872
\T1/lmr/bx/n/8 (self)|  
 []


Overfull \hbox (9.01263pt too wide) in paragraph at lines 6872--6873
[]|\T1/lmr/bx/n/8 Score 
 []


Overfull \hbox (15.8515pt too wide) in paragraph at lines 6872--6873
\T1/lmr/bx/n/8 (given)|  
 []


Overfull \hbox (9.01263pt too wide) in paragraph at lines 6886--6887
[]|\T1/lmr/bx/n/8 Score 
 []


Overfull \hbox (15.8515pt too wide) in paragraph at lines 6886--6887
\T1/lmr/bx/n/8 (given)|  
 []


Overfull \hbox (9.01263pt too wide) in paragraph at lines 6909--6909
[]|\T1/lmr/bx/n/8 Score|  
 []


Overfull \hbox (19.40686pt too wide) in paragraph at lines 6909--6910
[]|\T1/lmr/bx/n/8 Method|  
 []


Overfull \hbox (9.01263pt too wide) in paragraph at lines 6930--6930
[]|\T1/lmr/bx/n/8 Score|  
 []


Overfull \hbox (19.40686pt too wide) in paragraph at lines 6930--6931
[]|\T1/lmr/bx/n/8 Method|  
 []

ignored error: Infinite glue shrinkage found in box being split [98]
Overfull \hbox (9.01263pt too wide) in paragraph at lines 6951--6951
[]|\T1/lmr/bx/n/8 Score|  
 []


Overfull \hbox (19.40686pt too wide) in paragraph at lines 6951--6952
[]|\T1/lmr/bx/n/8 Method|  
 []


Overfull \hbox (9.01263pt too wide) in paragraph at lines 6968--6968
[]|\T1/lmr/bx/n/8 Score|  
 []


Overfull \hbox (19.40686pt too wide) in paragraph at lines 6968--6969
[]|\T1/lmr/bx/n/8 Method|  
 []


Overfull \hbox (9.01263pt too wide) in paragraph at lines 6987--6987
[]|\T1/lmr/bx/n/8 Score|  
 []


Overfull \hbox (9.01263pt too wide) in paragraph at lines 7008--7008
[]|\T1/lmr/bx/n/8 Score|  
 []


Overfull \hbox (19.40686pt too wide) in paragraph at lines 7008--7009
[]|\T1/lmr/bx/n/8 Method|  
 []

[99]
Overfull \hbox (9.01263pt too wide) in paragraph at lines 7027--7027
[]|\T1/lmr/bx/n/8 Score|  
 []


Overfull \hbox (19.40686pt too wide) in paragraph at lines 7027--7028
[]|\T1/lmr/bx/n/8 Method|  
 []


Overfull \hbox (9.01263pt too wide) in paragraph at lines 7046--7046
[]|\T1/lmr/bx/n/8 Score|  
 []


Overfull \hbox (19.40686pt too wide) in paragraph at lines 7046--7047
[]|\T1/lmr/bx/n/8 Method|  
 []


Overfull \hbox (9.01263pt too wide) in paragraph at lines 7065--7065
[]|\T1/lmr/bx/n/8 Score|  
 []


Overfull \hbox (19.40686pt too wide) in paragraph at lines 7065--7066
[]|\T1/lmr/bx/n/8 Method|  
 []


Overfull \hbox (9.01263pt too wide) in paragraph at lines 7083--7083
[]|\T1/lmr/bx/n/8 Score|  
 []


Overfull \hbox (19.40686pt too wide) in paragraph at lines 7083--7084
[]|\T1/lmr/bx/n/8 Method|  
 []

ignored error: Infinite glue shrinkage found in box being split [100]
Overfull \hbox (9.01263pt too wide) in paragraph at lines 7104--7104
[]|\T1/lmr/bx/n/8 Score|  
 []


Overfull \hbox (19.40686pt too wide) in paragraph at lines 7104--7105
[]|\T1/lmr/bx/n/8 Method|  
 []


Overfull \hbox (9.01263pt too wide) in paragraph at lines 7123--7123
[]|\T1/lmr/bx/n/8 Score|  
 []


Overfull \hbox (19.40686pt too wide) in paragraph at lines 7123--7124
[]|\T1/lmr/bx/n/8 Method|  
 []


Overfull \hbox (9.01263pt too wide) in paragraph at lines 7142--7142
[]|\T1/lmr/bx/n/8 Score|  
 []


Overfull \hbox (19.40686pt too wide) in paragraph at lines 7142--7143
[]|\T1/lmr/bx/n/8 Method|  
 []


Overfull \hbox (9.01263pt too wide) in paragraph at lines 7161--7161
[]|\T1/lmr/bx/n/8 Score|  
 []


Overfull \hbox (19.40686pt too wide) in paragraph at lines 7161--7162
[]|\T1/lmr/bx/n/8 Method|  
 []

ignored error: Infinite glue shrinkage found in box being split [101]
Overfull \hbox (9.01263pt too wide) in paragraph at lines 7179--7179
[]|\T1/lmr/bx/n/8 Score|  
 []


Overfull \hbox (19.40686pt too wide) in paragraph at lines 7179--7180
[]|\T1/lmr/bx/n/8 Method|  
 []


Overfull \hbox (9.01263pt too wide) in paragraph at lines 7198--7198
[]|\T1/lmr/bx/n/8 Score|  
 []


Overfull \hbox (19.40686pt too wide) in paragraph at lines 7198--7199
[]|\T1/lmr/bx/n/8 Method|  
 []


Overfull \hbox (9.01263pt too wide) in paragraph at lines 7216--7216
[]|\T1/lmr/bx/n/8 Score|  
 []


Overfull \hbox (19.40686pt too wide) in paragraph at lines 7216--7217
[]|\T1/lmr/bx/n/8 Method|  
 []


Overfull \hbox (9.01263pt too wide) in paragraph at lines 7234--7234
[]|\T1/lmr/bx/n/8 Score|  
 []


Overfull \hbox (19.40686pt too wide) in paragraph at lines 7234--7235
[]|\T1/lmr/bx/n/8 Method|  
 []


Overfull \hbox (9.01263pt too wide) in paragraph at lines 7252--7252
[]|\T1/lmr/bx/n/8 Score|  
 []


Overfull \hbox (19.40686pt too wide) in paragraph at lines 7252--7253
[]|\T1/lmr/bx/n/8 Method|  
 []

[102]
Overfull \hbox (1.62512pt too wide) in paragraph at lines 7270--7270
\T1/lmr/bx/n/8 (given)|  
 []


Overfull \hbox (1.62512pt too wide) in paragraph at lines 7270--7270
\T1/lmr/bx/n/8 (given)|  
 []


Overfull \hbox (1.62512pt too wide) in paragraph at lines 7289--7289
\T1/lmr/bx/n/8 (given)|  
 []


Overfull \hbox (1.62512pt too wide) in paragraph at lines 7289--7289
\T1/lmr/bx/n/8 (given)|  
 []


Overfull \hbox (1.62512pt too wide) in paragraph at lines 7311--7311
\T1/lmr/bx/n/8 (given)|  
 []


Overfull \hbox (1.62512pt too wide) in paragraph at lines 7311--7311
\T1/lmr/bx/n/8 (given)|  
 []

ignored error: Infinite glue shrinkage found in box being split [103]
Overfull \hbox (1.62512pt too wide) in paragraph at lines 7330--7330
\T1/lmr/bx/n/8 (given)|  
 []


Overfull \hbox (1.62512pt too wide) in paragraph at lines 7330--7330
\T1/lmr/bx/n/8 (given)|  
 []


Overfull \hbox (1.62512pt too wide) in paragraph at lines 7348--7348
\T1/lmr/bx/n/8 (given)|  
 []


Overfull \hbox (1.62512pt too wide) in paragraph at lines 7348--7348
\T1/lmr/bx/n/8 (given)|  
 []


Overfull \hbox (1.62512pt too wide) in paragraph at lines 7366--7366
\T1/lmr/bx/n/8 (given)|  
 []


Overfull \hbox (1.62512pt too wide) in paragraph at lines 7366--7366
\T1/lmr/bx/n/8 (given)|  
 []


Overfull \hbox (1.62512pt too wide) in paragraph at lines 7386--7386
\T1/lmr/bx/n/8 (given)|  
 []


Overfull \hbox (1.62512pt too wide) in paragraph at lines 7386--7386
\T1/lmr/bx/n/8 (given)|  
 []

[104]
Overfull \hbox (1.62512pt too wide) in paragraph at lines 7405--7405
\T1/lmr/bx/n/8 (given)|  
 []


Overfull \hbox (1.62512pt too wide) in paragraph at lines 7405--7405
\T1/lmr/bx/n/8 (given)|  
 []


Overfull \hbox (9.01263pt too wide) in paragraph at lines 7422--7422
[]|\T1/lmr/bx/n/8 Score|  
 []


Overfull \hbox (19.40686pt too wide) in paragraph at lines 7422--7423
[]|\T1/lmr/bx/n/8 Method|  
 []


Overfull \hbox (9.01263pt too wide) in paragraph at lines 7440--7440
[]|\T1/lmr/bx/n/8 Score|  
 []


Overfull \hbox (19.40686pt too wide) in paragraph at lines 7440--7441
[]|\T1/lmr/bx/n/8 Method|  
 []

[105] (./results_interviewsummary.aux)
 ***********
LaTeX2e <2025-11-01>
L3 programming layer <2025-10-24>
 ***********

LaTeX Warning: There were multiply-defined labels.

 ) 
Here is how much of TeX's memory you used:
 14409 strings out of 469519
 217395 string characters out of 5467979
 674258 words of memory out of 5000000
 42086 multiletter control sequences out of 15000+600000
 668203 words of font info for 68 fonts, out of 8000000 for 9000
 14 hyphenation exceptions out of 8191
 89i,7n,93p,757b,603s stack positions out of 10000i,1000n,20000p,200000b,200000s
<c:/Users/eoar0001/AppData/Roaming/TinyTeX/texmf-dist/fonts/type1/public/lm/lmbx10.pfb><c:/Users/eoar0001/AppData/Roaming/TinyTeX/texmf-dist/fonts/type1/public/lm/lmbx12.pfb><c:/Users/eoar0001/AppData/Roaming/TinyTeX/texmf-dist/fonts/type1/public/lm/lmbx8.pfb><c:/Users/eoar0001/AppData/Roaming/TinyTeX/texmf-dist/fonts/type1/public/lm/lmr10.pfb><c:/Users/eoar0001/AppData/Roaming/TinyTeX/texmf-dist/fonts/type1/public/lm/lmr12.pfb><c:/Users/eoar0001/AppData/Roaming/TinyTeX/texmf-dist/fonts/type1/public/lm/lmr17.pfb><c:/Users/eoar0001/AppData/Roaming/TinyTeX/texmf-dist/fonts/type1/public/lm/lmr8.pfb>
Output written on results_interviewsummary.pdf (105 pages, 426714 bytes).
PDF statistics:
 2260 PDF objects out of 2487 (max. 8388607)
 2116 compressed objects within 22 object streams
 755 named destinations out of 1000 (max. 500000)
 2529 words of extra memory for PDF output out of 10000 (max. 10000000)

