This is pdfTeX, Version 3.141592653-2.6-1.40.29 (TeX Live 2026) (preloaded format=pdflatex 2026.4.21)  23 APR 2026 14:30
entering extended mode
 restricted \write18 enabled.
 %&-line parsing enabled.
**SuppInfo_A.tex
(./SuppInfo_A.tex
LaTeX2e <2025-11-01>
L3 programming layer <2026-03-20>
(c:/Users/eoar0001/AppData/Roaming/TinyTeX/texmf-dist/tex/latex/base/article.cls
Document Class: article 2025/01/22 v1.4n Standard LaTeX document class
(c:/Users/eoar0001/AppData/Roaming/TinyTeX/texmf-dist/tex/latex/base/size10.clo
File: size10.clo 2025/01/22 v1.4n Standard LaTeX file (size option)
)
\c@part=\count275
\c@section=\count276
\c@subsection=\count277
\c@subsubsection=\count278
\c@paragraph=\count279
\c@subparagraph=\count280
\c@figure=\count281
\c@table=\count282
\abovecaptionskip=\skip49
\belowcaptionskip=\skip50
\bibindent=\dimen150
) (c:/Users/eoar0001/AppData/Roaming/TinyTeX/texmf-dist/tex/latex/xcolor/xcolor.sty
Package: xcolor 2024/09/29 v3.02 LaTeX color extensions (UK)
(c:/Users/eoar0001/AppData/Roaming/TinyTeX/texmf-dist/tex/latex/graphics-cfg/color.cfg
File: color.cfg 2016/01/02 v1.6 sample color configuration
)
Package xcolor Info: Driver file: pdftex.def on input line 274.
(c:/Users/eoar0001/AppData/Roaming/TinyTeX/texmf-dist/tex/latex/graphics-def/pdftex.def
File: pdftex.def 2025/09/29 v1.2d Graphics/color driver for pdftex
) (c:/Users/eoar0001/AppData/Roaming/TinyTeX/texmf-dist/tex/latex/graphics/mathcolor.ltx)
Package xcolor Info: Model `cmy' substituted by `cmy0' on input line 1349.
Package xcolor Info: Model `hsb' substituted by `rgb' on input line 1353.
Package xcolor Info: Model `RGB' extended on input line 1365.
Package xcolor Info: Model `HTML' substituted by `rgb' on input line 1367.
Package xcolor Info: Model `Hsb' substituted by `hsb' on input line 1368.
Package xcolor Info: Model `tHsb' substituted by `hsb' on input line 1369.
Package xcolor Info: Model `HSB' substituted by `hsb' on input line 1370.
Package xcolor Info: Model `Gray' substituted by `gray' on input line 1371.
Package xcolor Info: Model `wave' substituted by `hsb' on input line 1372.
) (c:/Users/eoar0001/AppData/Roaming/TinyTeX/texmf-dist/tex/latex/geometry/geometry.sty
Package: geometry 2026/03/07 v6.0 Page Geometry
(c:/Users/eoar0001/AppData/Roaming/TinyTeX/texmf-dist/tex/latex/graphics/keyval.sty
Package: keyval 2022/05/29 v1.15 key=value parser (DPC)
\KV@toks@=\toks17
) (c:/Users/eoar0001/AppData/Roaming/TinyTeX/texmf-dist/tex/generic/iftex/ifvtex.sty
Package: ifvtex 2019/10/25 v1.7 ifvtex legacy package. Use iftex instead.
(c:/Users/eoar0001/AppData/Roaming/TinyTeX/texmf-dist/tex/generic/iftex/iftex.sty
Package: iftex 2024/12/12 v1.0g TeX engine tests
))
\Gm@cnth=\count283
\Gm@cntv=\count284
\c@Gm@tempcnt=\count285
\Gm@bindingoffset=\dimen151
\Gm@wd@mp=\dimen152
\Gm@odd@mp=\dimen153
\Gm@even@mp=\dimen154
\Gm@layoutwidth=\dimen155
\Gm@layoutheight=\dimen156
\Gm@layouthoffset=\dimen157
\Gm@layoutvoffset=\dimen158
\Gm@dimlist=\toks18
) (c:/Users/eoar0001/AppData/Roaming/TinyTeX/texmf-dist/tex/latex/amsmath/amsmath.sty
Package: amsmath 2025/07/09 v2.17z AMS math features
\@mathmargin=\skip51
For additional information on amsmath, use the `?' option.
(c:/Users/eoar0001/AppData/Roaming/TinyTeX/texmf-dist/tex/latex/amsmath/amstext.sty
Package: amstext 2024/11/17 v2.01 AMS text
(c:/Users/eoar0001/AppData/Roaming/TinyTeX/texmf-dist/tex/latex/amsmath/amsgen.sty
File: amsgen.sty 1999/11/30 v2.0 generic functions
\@emptytoks=\toks19
\ex@=\dimen159
)) (c:/Users/eoar0001/AppData/Roaming/TinyTeX/texmf-dist/tex/latex/amsmath/amsbsy.sty
Package: amsbsy 1999/11/29 v1.2d Bold Symbols
\pmbraise@=\dimen160
) (c:/Users/eoar0001/AppData/Roaming/TinyTeX/texmf-dist/tex/latex/amsmath/amsopn.sty
Package: amsopn 2022/04/08 v2.04 operator names
)
\inf@bad=\count286
LaTeX Info: Redefining \frac on input line 233.
\uproot@=\count287
\leftroot@=\count288
LaTeX Info: Redefining \overline on input line 398.
LaTeX Info: Redefining \colon on input line 409.
\classnum@=\count289
\DOTSCASE@=\count290
LaTeX Info: Redefining \ldots on input line 495.
LaTeX Info: Redefining \dots on input line 498.
LaTeX Info: Redefining \cdots on input line 619.
\Mathstrutbox@=\box53
\strutbox@=\box54
LaTeX Info: Redefining \big on input line 721.
LaTeX Info: Redefining \Big on input line 722.
LaTeX Info: Redefining \bigg on input line 723.
LaTeX Info: Redefining \Bigg on input line 724.
\big@size=\dimen161
LaTeX Font Info:    Redeclaring font encoding OML on input line 742.
LaTeX Font Info:    Redeclaring font encoding OMS on input line 743.
\macc@depth=\count291
LaTeX Info: Redefining \bmod on input line 904.
LaTeX Info: Redefining \pmod on input line 909.
LaTeX Info: Redefining \smash on input line 939.
LaTeX Info: Redefining \relbar on input line 969.
LaTeX Info: Redefining \Relbar on input line 970.
\c@MaxMatrixCols=\count292
\dotsspace@=\muskip17
\c@parentequation=\count293
\dspbrk@lvl=\count294
\tag@help=\toks20
\row@=\count295
\column@=\count296
\maxfields@=\count297
\andhelp@=\toks21
\eqnshift@=\dimen162
\alignsep@=\dimen163
\tagshift@=\dimen164
\tagwidth@=\dimen165
\totwidth@=\dimen166
\lineht@=\dimen167
\@envbody=\toks22
\multlinegap=\skip52
\multlinetaggap=\skip53
\mathdisplay@stack=\toks23
LaTeX Info: Redefining \[ on input line 2950.
LaTeX Info: Redefining \] on input line 2951.
) (c:/Users/eoar0001/AppData/Roaming/TinyTeX/texmf-dist/tex/latex/amsfonts/amssymb.sty
Package: amssymb 2013/01/14 v3.01 AMS font symbols
(c:/Users/eoar0001/AppData/Roaming/TinyTeX/texmf-dist/tex/latex/amsfonts/amsfonts.sty
Package: amsfonts 2013/01/14 v3.01 Basic AMSFonts support
\symAMSa=\mathgroup4
\symAMSb=\mathgroup5
LaTeX Font Info:    Redeclaring math symbol \hbar on input line 98.
LaTeX Font Info:    Overwriting math alphabet `\mathfrak' in version `bold'
(Font)                  U/euf/m/n --> U/euf/b/n on input line 106.
)) (c:/Users/eoar0001/AppData/Roaming/TinyTeX/texmf-dist/tex/latex/base/fontenc.sty
Package: fontenc 2025/07/18 v2.1d Standard LaTeX package
) (c:/Users/eoar0001/AppData/Roaming/TinyTeX/texmf-dist/tex/latex/base/inputenc.sty
Package: inputenc 2024/02/08 v1.3d Input encoding file
\inpenc@prehook=\toks24
\inpenc@posthook=\toks25
) (c:/Users/eoar0001/AppData/Roaming/TinyTeX/texmf-dist/tex/latex/base/textcomp.sty
Package: textcomp 2024/04/24 v2.1b Standard LaTeX package
) (c:/Users/eoar0001/AppData/Roaming/TinyTeX/texmf-dist/tex/latex/lm/lmodern.sty
Package: lmodern 2015/05/01 v1.6.1 Latin Modern Fonts
LaTeX Font Info:    Overwriting symbol font `operators' in version `normal'
(Font)                  OT1/cmr/m/n --> OT1/lmr/m/n on input line 22.
LaTeX Font Info:    Overwriting symbol font `letters' in version `normal'
(Font)                  OML/cmm/m/it --> OML/lmm/m/it on input line 23.
LaTeX Font Info:    Overwriting symbol font `symbols' in version `normal'
(Font)                  OMS/cmsy/m/n --> OMS/lmsy/m/n on input line 24.
LaTeX Font Info:    Overwriting symbol font `largesymbols' in version `normal'
(Font)                  OMX/cmex/m/n --> OMX/lmex/m/n on input line 25.
LaTeX Font Info:    Overwriting symbol font `operators' in version `bold'
(Font)                  OT1/cmr/bx/n --> OT1/lmr/bx/n on input line 26.
LaTeX Font Info:    Overwriting symbol font `letters' in version `bold'
(Font)                  OML/cmm/b/it --> OML/lmm/b/it on input line 27.
LaTeX Font Info:    Overwriting symbol font `symbols' in version `bold'
(Font)                  OMS/cmsy/b/n --> OMS/lmsy/b/n on input line 28.
LaTeX Font Info:    Overwriting symbol font `largesymbols' in version `bold'
(Font)                  OMX/cmex/m/n --> OMX/lmex/m/n on input line 29.
LaTeX Font Info:    Overwriting math alphabet `\mathbf' in version `normal'
(Font)                  OT1/cmr/bx/n --> OT1/lmr/bx/n on input line 31.
LaTeX Font Info:    Overwriting math alphabet `\mathsf' in version `normal'
(Font)                  OT1/cmss/m/n --> OT1/lmss/m/n on input line 32.
LaTeX Font Info:    Overwriting math alphabet `\mathit' in version `normal'
(Font)                  OT1/cmr/m/it --> OT1/lmr/m/it on input line 33.
LaTeX Font Info:    Overwriting math alphabet `\mathtt' in version `normal'
(Font)                  OT1/cmtt/m/n --> OT1/lmtt/m/n on input line 34.
LaTeX Font Info:    Overwriting math alphabet `\mathbf' in version `bold'
(Font)                  OT1/cmr/bx/n --> OT1/lmr/bx/n on input line 35.
LaTeX Font Info:    Overwriting math alphabet `\mathsf' in version `bold'
(Font)                  OT1/cmss/bx/n --> OT1/lmss/bx/n on input line 36.
LaTeX Font Info:    Overwriting math alphabet `\mathit' in version `bold'
(Font)                  OT1/cmr/bx/it --> OT1/lmr/bx/it on input line 37.
LaTeX Font Info:    Overwriting math alphabet `\mathtt' in version `bold'
(Font)                  OT1/cmtt/m/n --> OT1/lmtt/m/n on input line 38.
) (c:/Users/eoar0001/AppData/Roaming/TinyTeX/texmf-dist/tex/latex/graphics/graphicx.sty
Package: graphicx 2024/12/31 v1.2e Enhanced LaTeX Graphics (DPC,SPQR)
(c:/Users/eoar0001/AppData/Roaming/TinyTeX/texmf-dist/tex/latex/graphics/graphics.sty
Package: graphics 2024/08/06 v1.4g Standard LaTeX Graphics (DPC,SPQR)
(c:/Users/eoar0001/AppData/Roaming/TinyTeX/texmf-dist/tex/latex/graphics/trig.sty
Package: trig 2023/12/02 v1.11 sin cos tan (DPC)
) (c:/Users/eoar0001/AppData/Roaming/TinyTeX/texmf-dist/tex/latex/graphics-cfg/graphics.cfg
File: graphics.cfg 2016/06/04 v1.11 sample graphics configuration
)
Package graphics Info: Driver file: pdftex.def on input line 106.
)
\Gin@req@height=\dimen168
\Gin@req@width=\dimen169
)
\pandoc@box=\box55
(c:/Users/eoar0001/AppData/Roaming/TinyTeX/texmf-dist/tex/latex/pdfpages/pdfpages.sty
Package: pdfpages 2026/03/30 v0.6h Insert pages of external PDF documents (AM)
(c:/Users/eoar0001/AppData/Roaming/TinyTeX/texmf-dist/tex/latex/base/ifthen.sty
Package: ifthen 2024/03/16 v1.1e Standard LaTeX ifthen package (DPC)
) (c:/Users/eoar0001/AppData/Roaming/TinyTeX/texmf-dist/tex/latex/tools/calc.sty
Package: calc 2025/03/01 v4.3b Infix arithmetic (KKT,FJ)
\calc@Acount=\count298
\calc@Bcount=\count299
\calc@Adimen=\dimen170
\calc@Bdimen=\dimen171
\calc@Askip=\skip54
\calc@Bskip=\skip55
LaTeX Info: Redefining \setlength on input line 86.
LaTeX Info: Redefining \addtolength on input line 87.
\calc@Ccount=\count300
\calc@Cskip=\skip56
) (c:/Users/eoar0001/AppData/Roaming/TinyTeX/texmf-dist/tex/latex/eso-pic/eso-pic.sty
Package: eso-pic 2025/12/10 v3.0d eso-pic (RN)
\ESO@tempdima=\dimen172
\ESO@tempdimb=\dimen173
) (c:/Users/eoar0001/AppData/Roaming/TinyTeX/texmf-dist/tex/latex/etoolbox/etoolbox.sty
Package: etoolbox 2025/10/02 v2.5m e-TeX tools for LaTeX (JAW)
\etb@tempcnta=\count301
)
\AM@pagewidth=\dimen174
\AM@pageheight=\dimen175
\AM@fboxrule=\dimen176
(c:/Users/eoar0001/AppData/Roaming/TinyTeX/texmf-dist/tex/latex/pdfpages/pppdftex.def
File: pppdftex.def 2026/03/30 v0.6h Pdfpages driver for pdfTeX (AM)
)
\pdfpages@includegraphics@status=\count302
\AM@pagebox=\box56
\AM@global@opts=\toks26
\AM@pagecnt=\count303
\AM@toc@title=\toks27
\AM@lof@heading=\toks28
\c@AM@survey=\count304
\AM@templatesizebox=\box57
) (c:/Users/eoar0001/AppData/Roaming/TinyTeX/texmf-dist/tex/latex/tocbibind/tocbibind.sty
Package: tocbibind 2010/10/13 v1.5k extra ToC listings
Package tocbibind Info: The document has section divisions on input line 50.

Package tocbibind Note: Using section or other style headings.

) (c:/Users/eoar0001/AppData/Roaming/TinyTeX/texmf-dist/tex/latex/booktabs/booktabs.sty
Package: booktabs 2020/01/12 v1.61803398 Publication quality tables
\heavyrulewidth=\dimen177
\lightrulewidth=\dimen178
\cmidrulewidth=\dimen179
\belowrulesep=\dimen180
\belowbottomsep=\dimen181
\aboverulesep=\dimen182
\abovetopsep=\dimen183
\cmidrulesep=\dimen184
\cmidrulekern=\dimen185
\defaultaddspace=\dimen186
\@cmidla=\count305
\@cmidlb=\count306
\@aboverulesep=\dimen187
\@belowrulesep=\dimen188
\@thisruleclass=\count307
\@lastruleclass=\count308
\@thisrulewidth=\dimen189
) (c:/Users/eoar0001/AppData/Roaming/TinyTeX/texmf-dist/tex/latex/tools/longtable.sty
Package: longtable 2025-10-13 v4.24 Multi-page Table package (DPC)
\LTleft=\skip57
\LTright=\skip58
\LTpre=\skip59
\LTpost=\skip60
\LTchunksize=\count309
\LTcapwidth=\dimen190
\LT@head=\box58
\LT@firsthead=\box59
\LT@foot=\box60
\LT@lastfoot=\box61
\LT@gbox=\box62
\LT@cols=\count310
\LT@rows=\count311
\c@LT@tables=\count312
\c@LT@chunks=\count313
\LT@p@ftn=\toks29
) (c:/Users/eoar0001/AppData/Roaming/TinyTeX/texmf-dist/tex/latex/tools/array.sty
Package: array 2025/09/25 v2.6n Tabular extension package (FMi)
\col@sep=\dimen191
\ar@mcellbox=\box63
\extrarowheight=\dimen192
\NC@list=\toks30
\extratabsurround=\skip61
\backup@length=\skip62
\ar@cellbox=\box64
) (c:/Users/eoar0001/AppData/Roaming/TinyTeX/texmf-dist/tex/latex/multirow/multirow.sty
Package: multirow 2024/11/12 v2.9 Span multiple rows of a table
\multirow@colwidth=\skip63
\multirow@cntb=\count314
\multirow@dima=\skip64
\bigstrutjot=\dimen193
) (c:/Users/eoar0001/AppData/Roaming/TinyTeX/texmf-dist/tex/latex/wrapfig/wrapfig.sty
\wrapoverhang=\dimen194
\WF@size=\dimen195
\c@WF@wrappedlines=\count315
\WF@box=\box65
\WF@everypar=\toks31
Package: wrapfig 2003/01/31  v 3.6
) (c:/Users/eoar0001/AppData/Roaming/TinyTeX/texmf-dist/tex/latex/float/float.sty
Package: float 2001/11/08 v1.3d Float enhancements (AL)
\c@float@type=\count316
\float@exts=\toks32
\float@box=\box66
\@float@everytoks=\toks33
\@floatcapt=\box67
) (c:/Users/eoar0001/AppData/Roaming/TinyTeX/texmf-dist/tex/latex/colortbl/colortbl.sty
Package: colortbl 2024/10/29 v1.0k Color table columns (DPC)
\everycr=\toks34
\minrowclearance=\skip65
\rownum=\count317
) (c:/Users/eoar0001/AppData/Roaming/TinyTeX/texmf-dist/tex/latex/pdflscape/pdflscape.sty
Package: pdflscape 2025-06-23 v0.14 Display of landscape pages in PDF
(c:/Users/eoar0001/AppData/Roaming/TinyTeX/texmf-dist/tex/latex/pdflscape/pdflscape-nometadata.sty
Package: pdflscape-nometadata 2025-06-23 v0.14 Display of landscape pages in PDF (HO)
(c:/Users/eoar0001/AppData/Roaming/TinyTeX/texmf-dist/tex/latex/graphics/lscape.sty
Package: lscape 2020/05/28 v3.02 Landscape Pages (DPC)
)
Package pdflscape Info: Auto-detected driver: pdftex on input line 81.
)) (c:/Users/eoar0001/AppData/Roaming/TinyTeX/texmf-dist/tex/latex/tabu/tabu.sty
Package: tabu 2019/01/11 v2.9 - flexible LaTeX tabulars (FC+tabu-fixed)
(c:/Users/eoar0001/AppData/Roaming/TinyTeX/texmf-dist/tex/latex/varwidth/varwidth.sty
Package: varwidth 2009/03/30 ver 0.92;  Variable-width minipages
\@vwid@box=\box68
\sift@deathcycles=\count318
\@vwid@loff=\dimen196
\@vwid@roff=\dimen197
)
==> First Aid for varwidth.sty applied!
\c@taburow=\count319
\tabu@nbcols=\count320
\tabu@cnt=\count321
\tabu@Xcol=\count322
\tabu@alloc=\count323
\tabu@nested=\count324
\tabu@target=\dimen198
\tabu@spreadtarget=\dimen199
\tabu@naturalX=\dimen256
\tabucolX=\dimen257
\tabu@Xsum=\dimen258
\extrarowdepth=\dimen259
\abovetabulinesep=\dimen260
\belowtabulinesep=\dimen261
\tabustrutrule=\dimen262
\tabu@thebody=\toks35
\tabu@footnotes=\toks36
\tabu@box=\box69
\tabu@arstrutbox=\box70
\tabu@hleads=\box71
\tabu@vleads=\box72
\tabu@cellskip=\skip66
) (c:/Users/eoar0001/AppData/Roaming/TinyTeX/texmf-dist/tex/latex/threeparttable/threeparttable.sty
Package: threeparttable 2003/06/13  v 3.0
\@tempboxb=\box73
) (c:/Users/eoar0001/AppData/Roaming/TinyTeX/texmf-dist/tex/latex/threeparttablex/threeparttablex.sty
Package: threeparttablex 2013/07/23 v0.3 by daleif
(c:/Users/eoar0001/AppData/Roaming/TinyTeX/texmf-dist/tex/latex/environ/environ.sty
Package: environ 2014/05/04 v0.3 A new way to define environments
(c:/Users/eoar0001/AppData/Roaming/TinyTeX/texmf-dist/tex/latex/trimspaces/trimspaces.sty
Package: trimspaces 2009/09/17 v1.1 Trim spaces around a token list
))
\TPTL@width=\skip67
) (c:/Users/eoar0001/AppData/Roaming/TinyTeX/texmf-dist/tex/generic/ulem/ulem.sty
\UL@box=\box74
\UL@hyphenbox=\box75
\UL@skip=\skip68
\UL@hook=\toks37
\UL@height=\dimen263
\UL@pe=\count325
\UL@pixel=\dimen264
\ULC@box=\box76
Package: ulem 2019/11/18
\ULdepth=\dimen265
) (c:/Users/eoar0001/AppData/Roaming/TinyTeX/texmf-dist/tex/latex/makecell/makecell.sty
Package: makecell 2009/08/03 V0.1e Managing of Tab Column Heads and Cells
\rotheadsize=\dimen266
\c@nlinenum=\count326
\TeXr@lab=\toks38
) (c:/Users/eoar0001/AppData/Roaming/TinyTeX/texmf-dist/tex/latex/bookmark/bookmark.sty
Package: bookmark 2023-12-10 v1.31 PDF bookmarks (HO)
(c:/Users/eoar0001/AppData/Roaming/TinyTeX/texmf-dist/tex/latex/hyperref/hyperref.sty
Package: hyperref 2026-01-29 v7.01p Hypertext links for LaTeX
(c:/Users/eoar0001/AppData/Roaming/TinyTeX/texmf-dist/tex/latex/kvsetkeys/kvsetkeys.sty
Package: kvsetkeys 2022-10-05 v1.19 Key value parser (HO)
) (c:/Users/eoar0001/AppData/Roaming/TinyTeX/texmf-dist/tex/generic/kvdefinekeys/kvdefinekeys.sty
Package: kvdefinekeys 2019-12-19 v1.6 Define keys (HO)
) (c:/Users/eoar0001/AppData/Roaming/TinyTeX/texmf-dist/tex/generic/pdfescape/pdfescape.sty
Package: pdfescape 2019/12/09 v1.15 Implements pdfTeX's escape features (HO)
(c:/Users/eoar0001/AppData/Roaming/TinyTeX/texmf-dist/tex/generic/ltxcmds/ltxcmds.sty
Package: ltxcmds 2023-12-04 v1.26 LaTeX kernel commands for general use (HO)
) (c:/Users/eoar0001/AppData/Roaming/TinyTeX/texmf-dist/tex/generic/pdftexcmds/pdftexcmds.sty
Package: pdftexcmds 2020-06-27 v0.33 Utility functions of pdfTeX for LuaTeX (HO)
(c:/Users/eoar0001/AppData/Roaming/TinyTeX/texmf-dist/tex/generic/infwarerr/infwarerr.sty
Package: infwarerr 2019/12/03 v1.5 Providing info/warning/error messages (HO)
)
Package pdftexcmds Info: \pdf@primitive is available.
Package pdftexcmds Info: \pdf@ifprimitive is available.
Package pdftexcmds Info: \pdfdraftmode found.
)) (c:/Users/eoar0001/AppData/Roaming/TinyTeX/texmf-dist/tex/latex/hycolor/hycolor.sty
Package: hycolor 2020-01-27 v1.10 Color options for hyperref/bookmark (HO)
) (c:/Users/eoar0001/AppData/Roaming/TinyTeX/texmf-dist/tex/latex/hyperref/nameref.sty
Package: nameref 2026-01-29 v2.58 Cross-referencing by name of section
(c:/Users/eoar0001/AppData/Roaming/TinyTeX/texmf-dist/tex/latex/refcount/refcount.sty
Package: refcount 2019/12/15 v3.6 Data extraction from label references (HO)
) (c:/Users/eoar0001/AppData/Roaming/TinyTeX/texmf-dist/tex/generic/gettitlestring/gettitlestring.sty
Package: gettitlestring 2019/12/15 v1.6 Cleanup title references (HO)
(c:/Users/eoar0001/AppData/Roaming/TinyTeX/texmf-dist/tex/latex/kvoptions/kvoptions.sty
Package: kvoptions 2022-06-15 v3.15 Key value format for package options (HO)
))
\c@section@level=\count327
) (c:/Users/eoar0001/AppData/Roaming/TinyTeX/texmf-dist/tex/generic/stringenc/stringenc.sty
Package: stringenc 2019/11/29 v1.12 Convert strings between diff. encodings (HO)
)
\@linkdim=\dimen267
\Hy@linkcounter=\count328
\Hy@pagecounter=\count329
(c:/Users/eoar0001/AppData/Roaming/TinyTeX/texmf-dist/tex/latex/hyperref/pd1enc.def
File: pd1enc.def 2026-01-29 v7.01p Hyperref: PDFDocEncoding definition (HO)
Now handling font encoding PD1 ...
... no UTF-8 mapping file for font encoding PD1
) (c:/Users/eoar0001/AppData/Roaming/TinyTeX/texmf-dist/tex/generic/intcalc/intcalc.sty
Package: intcalc 2019/12/15 v1.3 Expandable calculations with integers (HO)
)
\Hy@SavedSpaceFactor=\count330
(c:/Users/eoar0001/AppData/Roaming/TinyTeX/texmf-dist/tex/latex/hyperref/puenc.def
File: puenc.def 2026-01-29 v7.01p Hyperref: PDF Unicode definition (HO)
Now handling font encoding PU ...
... no UTF-8 mapping file for font encoding PU
)
Package hyperref Info: Option `unicode' set `true' on input line 4072.
Package hyperref Info: Hyper figures OFF on input line 4201.
Package hyperref Info: Link nesting OFF on input line 4206.
Package hyperref Info: Hyper index ON on input line 4209.
Package hyperref Info: Plain pages OFF on input line 4216.
Package hyperref Info: Backreferencing OFF on input line 4221.
Package hyperref Info: Implicit mode ON; LaTeX internals redefined.
Package hyperref Info: Bookmarks ON on input line 4468.
\c@Hy@tempcnt=\count331
(c:/Users/eoar0001/AppData/Roaming/TinyTeX/texmf-dist/tex/latex/url/url.sty
\Urlmuskip=\muskip18
Package: url 2013/09/16  ver 3.4  Verb mode for urls, etc.
)
LaTeX Info: Redefining \url on input line 4807.
\XeTeXLinkMargin=\dimen268
(c:/Users/eoar0001/AppData/Roaming/TinyTeX/texmf-dist/tex/generic/bitset/bitset.sty
Package: bitset 2019/12/09 v1.3 Handle bit-vector datatype (HO)
(c:/Users/eoar0001/AppData/Roaming/TinyTeX/texmf-dist/tex/generic/bigintcalc/bigintcalc.sty
Package: bigintcalc 2019/12/15 v1.5 Expandable calculations on big integers (HO)
))
\Fld@menulength=\count332
\Field@Width=\dimen269
\Fld@charsize=\dimen270
Package hyperref Info: Hyper figures OFF on input line 6084.
Package hyperref Info: Link nesting OFF on input line 6089.
Package hyperref Info: Hyper index ON on input line 6092.
Package hyperref Info: backreferencing OFF on input line 6099.
Package hyperref Info: Link coloring OFF on input line 6104.
Package hyperref Info: Link coloring with OCG OFF on input line 6109.
Package hyperref Info: PDF/A mode OFF on input line 6114.
\Hy@abspage=\count333
\c@Item=\count334
\c@Hfootnote=\count335
)
Package hyperref Info: Driver (autodetected): hpdftex.
(c:/Users/eoar0001/AppData/Roaming/TinyTeX/texmf-dist/tex/latex/hyperref/hpdftex.def
File: hpdftex.def 2026-01-29 v7.01p Hyperref driver for pdfTeX
\Fld@listcount=\count336
\c@bookmark@seq@number=\count337
(c:/Users/eoar0001/AppData/Roaming/TinyTeX/texmf-dist/tex/latex/rerunfilecheck/rerunfilecheck.sty
Package: rerunfilecheck 2025-06-21 v1.11 Rerun checks for auxiliary files (HO)
(c:/Users/eoar0001/AppData/Roaming/TinyTeX/texmf-dist/tex/generic/uniquecounter/uniquecounter.sty
Package: uniquecounter 2019/12/15 v1.4 Provide unlimited unique counter (HO)
)
Package uniquecounter Info: New unique counter `rerunfilecheck' on input line 284.
)
\Hy@SectionHShift=\skip69
) (c:/Users/eoar0001/AppData/Roaming/TinyTeX/texmf-dist/tex/latex/bookmark/bkm-pdftex.def
File: bkm-pdftex.def 2023-12-10 v1.31 bookmark driver for pdfTeX and luaTeX (HO)
\BKM@id=\count338
))
LaTeX Font Info:    Trying to load font information for T1+lmr on input line 92.
(c:/Users/eoar0001/AppData/Roaming/TinyTeX/texmf-dist/tex/latex/lm/t1lmr.fd
File: t1lmr.fd 2015/05/01 v1.6.1 Font defs for Latin Modern
) (c:/Users/eoar0001/AppData/Roaming/TinyTeX/texmf-dist/tex/latex/l3backend/l3backend-pdftex.def
File: l3backend-pdftex.def 2026-02-18 L3 backend support: PDF output (pdfTeX)
\l__color_backend_stack_int=\count339
) (./SuppInfo_A.aux

LaTeX Warning: Label `tab:unnamed-chunk-17' multiply defined.


LaTeX Warning: Label `tab:unnamed-chunk-17' multiply defined.


LaTeX Warning: Label `tab:unnamed-chunk-17' multiply defined.


LaTeX Warning: Label `tab:unnamed-chunk-17' multiply defined.


LaTeX Warning: Label `tab:unnamed-chunk-17' multiply defined.


LaTeX Warning: Label `tab:unnamed-chunk-17' multiply defined.


LaTeX Warning: Label `tab:unnamed-chunk-17' multiply defined.


LaTeX Warning: Label `tab:unnamed-chunk-17' multiply defined.


LaTeX Warning: Label `tab:unnamed-chunk-17' multiply defined.


LaTeX Warning: Label `tab:unnamed-chunk-17' multiply defined.


LaTeX Warning: Label `tab:unnamed-chunk-17' multiply defined.


LaTeX Warning: Label `tab:unnamed-chunk-17' multiply defined.


LaTeX Warning: Label `tab:unnamed-chunk-17' multiply defined.


LaTeX Warning: Label `tab:unnamed-chunk-17' multiply defined.


LaTeX Warning: Label `tab:unnamed-chunk-17' multiply defined.


LaTeX Warning: Label `tab:unnamed-chunk-17' multiply defined.


LaTeX Warning: Label `tab:unnamed-chunk-17' multiply defined.


LaTeX Warning: Label `tab:unnamed-chunk-17' multiply defined.


LaTeX Warning: Label `tab:unnamed-chunk-17' multiply defined.


LaTeX Warning: Label `tab:unnamed-chunk-17' multiply defined.


LaTeX Warning: Label `tab:unnamed-chunk-17' multiply defined.


LaTeX Warning: Label `tab:unnamed-chunk-17' multiply defined.


LaTeX Warning: Label `tab:unnamed-chunk-17' multiply defined.


LaTeX Warning: Label `tab:unnamed-chunk-17' multiply defined.


LaTeX Warning: Label `tab:unnamed-chunk-17' multiply defined.


LaTeX Warning: Label `tab:unnamed-chunk-17' multiply defined.


LaTeX Warning: Label `tab:unnamed-chunk-17' multiply defined.


LaTeX Warning: Label `tab:unnamed-chunk-17' multiply defined.


LaTeX Warning: Label `tab:unnamed-chunk-17' multiply defined.


LaTeX Warning: Label `tab:unnamed-chunk-17' multiply defined.


LaTeX Warning: Label `tab:unnamed-chunk-17' multiply defined.


LaTeX Warning: Label `tab:unnamed-chunk-17' multiply defined.


LaTeX Warning: Label `tab:unnamed-chunk-17' multiply defined.


LaTeX Warning: Label `tab:unnamed-chunk-17' multiply defined.


LaTeX Warning: Label `tab:unnamed-chunk-17' multiply defined.


LaTeX Warning: Label `tab:unnamed-chunk-17' multiply defined.


LaTeX Warning: Label `tab:unnamed-chunk-17' multiply defined.


LaTeX Warning: Label `tab:unnamed-chunk-17' multiply defined.


LaTeX Warning: Label `tab:unnamed-chunk-17' multiply defined.


LaTeX Warning: Label `tab:unnamed-chunk-17' multiply defined.


LaTeX Warning: Label `tab:unnamed-chunk-17' multiply defined.


LaTeX Warning: Label `tab:unnamed-chunk-17' multiply defined.


LaTeX Warning: Label `tab:unnamed-chunk-17' multiply defined.


LaTeX Warning: Label `tab:unnamed-chunk-17' multiply defined.


LaTeX Warning: Label `tab:unnamed-chunk-17' multiply defined.


LaTeX Warning: Label `tab:unnamed-chunk-17' multiply defined.


LaTeX Warning: Label `tab:unnamed-chunk-17' multiply defined.


LaTeX Warning: Label `tab:unnamed-chunk-17' multiply defined.


LaTeX Warning: Label `tab:unnamed-chunk-17' multiply defined.


LaTeX Warning: Label `tab:unnamed-chunk-17' multiply defined.


LaTeX Warning: Label `tab:unnamed-chunk-17' multiply defined.


LaTeX Warning: Label `tab:unnamed-chunk-17' multiply defined.


LaTeX Warning: Label `tab:unnamed-chunk-17' multiply defined.


LaTeX Warning: Label `tab:unnamed-chunk-17' multiply defined.


LaTeX Warning: Label `tab:unnamed-chunk-17' multiply defined.


LaTeX Warning: Label `tab:unnamed-chunk-17' multiply defined.


LaTeX Warning: Label `tab:unnamed-chunk-17' multiply defined.


LaTeX Warning: Label `tab:unnamed-chunk-17' multiply defined.


LaTeX Warning: Label `tab:unnamed-chunk-17' multiply defined.


LaTeX Warning: Label `tab:unnamed-chunk-17' multiply defined.


LaTeX Warning: Label `tab:unnamed-chunk-17' multiply defined.


LaTeX Warning: Label `tab:unnamed-chunk-17' multiply defined.


LaTeX Warning: Label `tab:unnamed-chunk-17' multiply defined.


LaTeX Warning: Label `tab:unnamed-chunk-17' multiply defined.


LaTeX Warning: Label `tab:unnamed-chunk-17' multiply defined.


LaTeX Warning: Label `tab:unnamed-chunk-17' multiply defined.


LaTeX Warning: Label `tab:unnamed-chunk-17' multiply defined.


LaTeX Warning: Label `tab:unnamed-chunk-17' multiply defined.


LaTeX Warning: Label `tab:unnamed-chunk-17' multiply defined.


LaTeX Warning: Label `tab:unnamed-chunk-17' multiply defined.


LaTeX Warning: Label `tab:unnamed-chunk-17' multiply defined.


LaTeX Warning: Label `tab:unnamed-chunk-17' multiply defined.


LaTeX Warning: Label `tab:unnamed-chunk-17' multiply defined.


LaTeX Warning: Label `tab:unnamed-chunk-17' multiply defined.


LaTeX Warning: Label `tab:unnamed-chunk-17' multiply defined.


LaTeX Warning: Label `tab:unnamed-chunk-17' multiply defined.


LaTeX Warning: Label `tab:unnamed-chunk-17' multiply defined.


LaTeX Warning: Label `tab:unnamed-chunk-17' multiply defined.


LaTeX Warning: Label `tab:unnamed-chunk-17' multiply defined.


LaTeX Warning: Label `tab:unnamed-chunk-17' multiply defined.


LaTeX Warning: Label `tab:unnamed-chunk-17' multiply defined.


LaTeX Warning: Label `tab:unnamed-chunk-17' multiply defined.


LaTeX Warning: Label `tab:unnamed-chunk-17' multiply defined.


LaTeX Warning: Label `tab:unnamed-chunk-17' multiply defined.


LaTeX Warning: Label `tab:unnamed-chunk-17' multiply defined.


LaTeX Warning: Label `tab:unnamed-chunk-17' multiply defined.


LaTeX Warning: Label `tab:unnamed-chunk-17' multiply defined.


LaTeX Warning: Label `tab:unnamed-chunk-17' multiply defined.


LaTeX Warning: Label `tab:unnamed-chunk-17' multiply defined.


LaTeX Warning: Label `tab:unnamed-chunk-17' multiply defined.


LaTeX Warning: Label `tab:unnamed-chunk-17' multiply defined.


LaTeX Warning: Label `tab:unnamed-chunk-17' multiply defined.


LaTeX Warning: Label `tab:unnamed-chunk-17' multiply defined.


LaTeX Warning: Label `tab:unnamed-chunk-17' multiply defined.


LaTeX Warning: Label `tab:unnamed-chunk-17' multiply defined.


LaTeX Warning: Label `tab:unnamed-chunk-17' multiply defined.


LaTeX Warning: Label `tab:unnamed-chunk-17' multiply defined.


LaTeX Warning: Label `tab:unnamed-chunk-17' multiply defined.


LaTeX Warning: Label `tab:unnamed-chunk-17' multiply defined.


LaTeX Warning: Label `tab:unnamed-chunk-17' multiply defined.


LaTeX Warning: Label `tab:unnamed-chunk-17' multiply defined.


LaTeX Warning: Label `tab:unnamed-chunk-17' multiply defined.


LaTeX Warning: Label `tab:unnamed-chunk-17' multiply defined.


LaTeX Warning: Label `tab:unnamed-chunk-17' multiply defined.


LaTeX Warning: Label `tab:unnamed-chunk-17' multiply defined.


LaTeX Warning: Label `tab:unnamed-chunk-17' multiply defined.


LaTeX Warning: Label `tab:unnamed-chunk-17' multiply defined.


LaTeX Warning: Label `tab:unnamed-chunk-17' multiply defined.


LaTeX Warning: Label `tab:unnamed-chunk-17' multiply defined.


LaTeX Warning: Label `tab:unnamed-chunk-17' multiply defined.


LaTeX Warning: Label `tab:unnamed-chunk-17' multiply defined.


LaTeX Warning: Label `tab:unnamed-chunk-17' multiply defined.


LaTeX Warning: Label `tab:unnamed-chunk-17' multiply defined.


LaTeX Warning: Label `tab:unnamed-chunk-17' multiply defined.


LaTeX Warning: Label `tab:unnamed-chunk-17' multiply defined.


LaTeX Warning: Label `tab:unnamed-chunk-17' multiply defined.


LaTeX Warning: Label `tab:unnamed-chunk-17' multiply defined.


LaTeX Warning: Label `tab:unnamed-chunk-17' multiply defined.


LaTeX Warning: Label `tab:unnamed-chunk-17' multiply defined.


LaTeX Warning: Label `tab:unnamed-chunk-17' multiply defined.


LaTeX Warning: Label `tab:unnamed-chunk-17' multiply defined.


LaTeX Warning: Label `tab:unnamed-chunk-17' multiply defined.


LaTeX Warning: Label `tab:unnamed-chunk-17' multiply defined.


LaTeX Warning: Label `tab:unnamed-chunk-17' multiply defined.


LaTeX Warning: Label `tab:unnamed-chunk-17' multiply defined.


LaTeX Warning: Label `tab:unnamed-chunk-17' multiply defined.


LaTeX Warning: Label `tab:unnamed-chunk-17' multiply defined.


LaTeX Warning: Label `tab:unnamed-chunk-17' multiply defined.


LaTeX Warning: Label `tab:unnamed-chunk-17' multiply defined.


LaTeX Warning: Label `tab:unnamed-chunk-17' multiply defined.


LaTeX Warning: Label `tab:unnamed-chunk-17' multiply defined.


LaTeX Warning: Label `tab:unnamed-chunk-17' multiply defined.


LaTeX Warning: Label `tab:unnamed-chunk-17' multiply defined.


LaTeX Warning: Label `tab:unnamed-chunk-17' multiply defined.


LaTeX Warning: Label `tab:unnamed-chunk-17' multiply defined.


LaTeX Warning: Label `tab:unnamed-chunk-17' multiply defined.


LaTeX Warning: Label `tab:unnamed-chunk-17' multiply defined.


LaTeX Warning: Label `tab:unnamed-chunk-17' multiply defined.


LaTeX Warning: Label `tab:unnamed-chunk-17' multiply defined.


LaTeX Warning: Label `tab:unnamed-chunk-17' multiply defined.


LaTeX Warning: Label `tab:unnamed-chunk-17' multiply defined.


LaTeX Warning: Label `tab:unnamed-chunk-17' multiply defined.


LaTeX Warning: Label `tab:unnamed-chunk-17' multiply defined.


LaTeX Warning: Label `tab:unnamed-chunk-17' multiply defined.


LaTeX Warning: Label `tab:unnamed-chunk-17' multiply defined.


LaTeX Warning: Label `tab:unnamed-chunk-17' multiply defined.


LaTeX Warning: Label `tab:unnamed-chunk-17' multiply defined.


LaTeX Warning: Label `tab:unnamed-chunk-17' multiply defined.


LaTeX Warning: Label `tab:unnamed-chunk-17' multiply defined.


LaTeX Warning: Label `tab:unnamed-chunk-17' multiply defined.


LaTeX Warning: Label `tab:unnamed-chunk-17' multiply defined.


LaTeX Warning: Label `tab:unnamed-chunk-17' multiply defined.


LaTeX Warning: Label `tab:unnamed-chunk-17' multiply defined.


LaTeX Warning: Label `tab:unnamed-chunk-17' multiply defined.


LaTeX Warning: Label `tab:unnamed-chunk-17' multiply defined.


LaTeX Warning: Label `tab:unnamed-chunk-17' multiply defined.


LaTeX Warning: Label `tab:unnamed-chunk-17' multiply defined.


LaTeX Warning: Label `tab:unnamed-chunk-17' multiply defined.


LaTeX Warning: Label `tab:unnamed-chunk-17' multiply defined.


LaTeX Warning: Label `tab:unnamed-chunk-17' multiply defined.


LaTeX Warning: Label `tab:unnamed-chunk-17' multiply defined.


LaTeX Warning: Label `tab:unnamed-chunk-17' multiply defined.


LaTeX Warning: Label `tab:unnamed-chunk-17' multiply defined.


LaTeX Warning: Label `tab:unnamed-chunk-17' multiply defined.


LaTeX Warning: Label `tab:unnamed-chunk-17' multiply defined.


LaTeX Warning: Label `tab:unnamed-chunk-17' multiply defined.


LaTeX Warning: Label `tab:unnamed-chunk-17' multiply defined.


LaTeX Warning: Label `tab:unnamed-chunk-17' multiply defined.


LaTeX Warning: Label `tab:unnamed-chunk-17' multiply defined.


LaTeX Warning: Label `tab:unnamed-chunk-17' multiply defined.


LaTeX Warning: Label `tab:unnamed-chunk-17' multiply defined.


LaTeX Warning: Label `tab:unnamed-chunk-17' multiply defined.


LaTeX Warning: Label `tab:unnamed-chunk-17' multiply defined.


LaTeX Warning: Label `tab:unnamed-chunk-17' multiply defined.


LaTeX Warning: Label `tab:unnamed-chunk-17' multiply defined.


LaTeX Warning: Label `tab:unnamed-chunk-17' multiply defined.


LaTeX Warning: Label `tab:unnamed-chunk-17' multiply defined.


LaTeX Warning: Label `tab:unnamed-chunk-17' multiply defined.


LaTeX Warning: Label `tab:unnamed-chunk-17' multiply defined.


LaTeX Warning: Label `tab:unnamed-chunk-17' multiply defined.


LaTeX Warning: Label `tab:unnamed-chunk-17' multiply defined.


LaTeX Warning: Label `tab:unnamed-chunk-17' multiply defined.


LaTeX Warning: Label `tab:unnamed-chunk-17' multiply defined.


LaTeX Warning: Label `tab:unnamed-chunk-17' multiply defined.


LaTeX Warning: Label `tab:unnamed-chunk-17' multiply defined.


LaTeX Warning: Label `tab:unnamed-chunk-17' multiply defined.


LaTeX Warning: Label `tab:unnamed-chunk-17' multiply defined.


LaTeX Warning: Label `tab:unnamed-chunk-17' multiply defined.


LaTeX Warning: Label `tab:unnamed-chunk-17' multiply defined.


LaTeX Warning: Label `tab:unnamed-chunk-17' multiply defined.


LaTeX Warning: Label `tab:unnamed-chunk-17' multiply defined.


LaTeX Warning: Label `tab:unnamed-chunk-17' multiply defined.


LaTeX Warning: Label `tab:unnamed-chunk-17' multiply defined.


LaTeX Warning: Label `tab:unnamed-chunk-17' multiply defined.


LaTeX Warning: Label `tab:unnamed-chunk-17' multiply defined.


LaTeX Warning: Label `tab:unnamed-chunk-17' multiply defined.


LaTeX Warning: Label `tab:unnamed-chunk-17' multiply defined.


LaTeX Warning: Label `tab:unnamed-chunk-17' multiply defined.


LaTeX Warning: Label `tab:unnamed-chunk-17' multiply defined.


LaTeX Warning: Label `tab:unnamed-chunk-17' multiply defined.


LaTeX Warning: Label `tab:unnamed-chunk-17' multiply defined.


LaTeX Warning: Label `tab:unnamed-chunk-17' multiply defined.


LaTeX Warning: Label `tab:unnamed-chunk-17' multiply defined.


LaTeX Warning: Label `tab:unnamed-chunk-17' multiply defined.


LaTeX Warning: Label `tab:unnamed-chunk-17' multiply defined.


LaTeX Warning: Label `tab:unnamed-chunk-17' multiply defined.


LaTeX Warning: Label `tab:unnamed-chunk-17' multiply defined.


LaTeX Warning: Label `tab:unnamed-chunk-17' multiply defined.


LaTeX Warning: Label `tab:unnamed-chunk-17' multiply defined.


LaTeX Warning: Label `tab:unnamed-chunk-17' multiply defined.


LaTeX Warning: Label `tab:unnamed-chunk-17' multiply defined.


LaTeX Warning: Label `tab:unnamed-chunk-17' multiply defined.


LaTeX Warning: Label `tab:unnamed-chunk-17' multiply defined.


LaTeX Warning: Label `tab:unnamed-chunk-17' multiply defined.


LaTeX Warning: Label `tab:unnamed-chunk-17' multiply defined.


LaTeX Warning: Label `tab:unnamed-chunk-17' multiply defined.


LaTeX Warning: Label `tab:unnamed-chunk-17' multiply defined.


LaTeX Warning: Label `tab:unnamed-chunk-17' multiply defined.


LaTeX Warning: Label `tab:unnamed-chunk-17' multiply defined.


LaTeX Warning: Label `tab:unnamed-chunk-17' multiply defined.


LaTeX Warning: Label `tab:unnamed-chunk-17' multiply defined.


LaTeX Warning: Label `tab:unnamed-chunk-17' multiply defined.


LaTeX Warning: Label `tab:unnamed-chunk-17' multiply defined.


LaTeX Warning: Label `tab:unnamed-chunk-17' multiply defined.


LaTeX Warning: Label `tab:unnamed-chunk-17' multiply defined.


LaTeX Warning: Label `tab:unnamed-chunk-17' multiply defined.


LaTeX Warning: Label `tab:unnamed-chunk-17' multiply defined.


LaTeX Warning: Label `tab:unnamed-chunk-17' multiply defined.


LaTeX Warning: Label `tab:unnamed-chunk-17' multiply defined.


LaTeX Warning: Label `tab:unnamed-chunk-17' multiply defined.


LaTeX Warning: Label `tab:unnamed-chunk-17' multiply defined.


LaTeX Warning: Label `tab:unnamed-chunk-17' multiply defined.


LaTeX Warning: Label `tab:unnamed-chunk-17' multiply defined.


LaTeX Warning: Label `tab:unnamed-chunk-17' multiply defined.


LaTeX Warning: Label `tab:unnamed-chunk-17' multiply defined.


LaTeX Warning: Label `tab:unnamed-chunk-17' multiply defined.


LaTeX Warning: Label `tab:unnamed-chunk-17' multiply defined.


LaTeX Warning: Label `tab:unnamed-chunk-17' multiply defined.


LaTeX Warning: Label `tab:unnamed-chunk-17' multiply defined.


LaTeX Warning: Label `tab:unnamed-chunk-17' multiply defined.


LaTeX Warning: Label `tab:unnamed-chunk-17' multiply defined.


LaTeX Warning: Label `tab:unnamed-chunk-17' multiply defined.


LaTeX Warning: Label `tab:unnamed-chunk-17' multiply defined.


LaTeX Warning: Label `tab:unnamed-chunk-17' multiply defined.


LaTeX Warning: Label `tab:unnamed-chunk-17' multiply defined.


LaTeX Warning: Label `tab:unnamed-chunk-17' multiply defined.


LaTeX Warning: Label `tab:unnamed-chunk-17' multiply defined.


LaTeX Warning: Label `tab:unnamed-chunk-17' multiply defined.


LaTeX Warning: Label `tab:unnamed-chunk-17' multiply defined.


LaTeX Warning: Label `tab:unnamed-chunk-17' multiply defined.


LaTeX Warning: Label `tab:unnamed-chunk-17' multiply defined.


LaTeX Warning: Label `tab:unnamed-chunk-17' multiply defined.


LaTeX Warning: Label `tab:unnamed-chunk-17' multiply defined.


LaTeX Warning: Label `tab:unnamed-chunk-17' multiply defined.


LaTeX Warning: Label `tab:unnamed-chunk-17' multiply defined.


LaTeX Warning: Label `tab:unnamed-chunk-17' multiply defined.


LaTeX Warning: Label `tab:unnamed-chunk-17' multiply defined.


LaTeX Warning: Label `tab:unnamed-chunk-17' multiply defined.


LaTeX Warning: Label `tab:unnamed-chunk-17' multiply defined.


LaTeX Warning: Label `tab:unnamed-chunk-17' multiply defined.


LaTeX Warning: Label `tab:unnamed-chunk-17' multiply defined.


LaTeX Warning: Label `tab:unnamed-chunk-17' multiply defined.


LaTeX Warning: Label `tab:unnamed-chunk-17' multiply defined.


LaTeX Warning: Label `tab:unnamed-chunk-17' multiply defined.


LaTeX Warning: Label `tab:unnamed-chunk-17' multiply defined.


LaTeX Warning: Label `tab:unnamed-chunk-17' multiply defined.


LaTeX Warning: Label `tab:unnamed-chunk-17' multiply defined.


LaTeX Warning: Label `tab:unnamed-chunk-17' multiply defined.


LaTeX Warning: Label `tab:unnamed-chunk-17' multiply defined.


LaTeX Warning: Label `tab:unnamed-chunk-17' multiply defined.


LaTeX Warning: Label `tab:unnamed-chunk-17' multiply defined.


LaTeX Warning: Label `tab:unnamed-chunk-17' multiply defined.


LaTeX Warning: Label `tab:unnamed-chunk-17' multiply defined.


LaTeX Warning: Label `tab:unnamed-chunk-17' multiply defined.


LaTeX Warning: Label `tab:unnamed-chunk-17' multiply defined.


LaTeX Warning: Label `tab:unnamed-chunk-17' multiply defined.


LaTeX Warning: Label `tab:unnamed-chunk-17' multiply defined.


LaTeX Warning: Label `tab:unnamed-chunk-17' multiply defined.


LaTeX Warning: Label `tab:unnamed-chunk-17' multiply defined.


LaTeX Warning: Label `tab:unnamed-chunk-17' multiply defined.


LaTeX Warning: Label `tab:unnamed-chunk-17' multiply defined.


LaTeX Warning: Label `tab:unnamed-chunk-17' multiply defined.


LaTeX Warning: Label `tab:unnamed-chunk-17' multiply defined.


LaTeX Warning: Label `tab:unnamed-chunk-17' multiply defined.


LaTeX Warning: Label `tab:unnamed-chunk-17' multiply defined.


LaTeX Warning: Label `tab:unnamed-chunk-17' multiply defined.


LaTeX Warning: Label `tab:unnamed-chunk-17' multiply defined.


LaTeX Warning: Label `tab:unnamed-chunk-17' multiply defined.


LaTeX Warning: Label `tab:unnamed-chunk-17' multiply defined.


LaTeX Warning: Label `tab:unnamed-chunk-17' multiply defined.


LaTeX Warning: Label `tab:unnamed-chunk-17' multiply defined.


LaTeX Warning: Label `tab:unnamed-chunk-17' multiply defined.


LaTeX Warning: Label `tab:unnamed-chunk-17' multiply defined.


LaTeX Warning: Label `tab:unnamed-chunk-17' multiply defined.


LaTeX Warning: Label `tab:unnamed-chunk-17' multiply defined.


LaTeX Warning: Label `tab:unnamed-chunk-17' multiply defined.


LaTeX Warning: Label `tab:unnamed-chunk-17' multiply defined.


LaTeX Warning: Label `tab:unnamed-chunk-17' multiply defined.


LaTeX Warning: Label `tab:unnamed-chunk-17' multiply defined.


LaTeX Warning: Label `tab:unnamed-chunk-17' multiply defined.


LaTeX Warning: Label `tab:unnamed-chunk-17' multiply defined.


LaTeX Warning: Label `tab:unnamed-chunk-17' multiply defined.


LaTeX Warning: Label `tab:unnamed-chunk-17' multiply defined.


LaTeX Warning: Label `tab:unnamed-chunk-17' multiply defined.


LaTeX Warning: Label `tab:unnamed-chunk-17' multiply defined.


LaTeX Warning: Label `tab:unnamed-chunk-17' multiply defined.


LaTeX Warning: Label `tab:unnamed-chunk-17' multiply defined.


LaTeX Warning: Label `tab:unnamed-chunk-17' multiply defined.


LaTeX Warning: Label `tab:unnamed-chunk-17' multiply defined.


LaTeX Warning: Label `tab:unnamed-chunk-17' multiply defined.


LaTeX Warning: Label `tab:unnamed-chunk-17' multiply defined.


LaTeX Warning: Label `tab:unnamed-chunk-17' multiply defined.


LaTeX Warning: Label `tab:unnamed-chunk-17' multiply defined.


LaTeX Warning: Label `tab:unnamed-chunk-17' multiply defined.


LaTeX Warning: Label `tab:unnamed-chunk-17' multiply defined.


LaTeX Warning: Label `tab:unnamed-chunk-17' multiply defined.


LaTeX Warning: Label `tab:unnamed-chunk-17' multiply defined.


LaTeX Warning: Label `tab:unnamed-chunk-17' multiply defined.


LaTeX Warning: Label `tab:unnamed-chunk-17' multiply defined.


LaTeX Warning: Label `tab:unnamed-chunk-17' multiply defined.


LaTeX Warning: Label `tab:unnamed-chunk-17' multiply defined.


LaTeX Warning: Label `tab:unnamed-chunk-17' multiply defined.


LaTeX Warning: Label `tab:unnamed-chunk-17' multiply defined.


LaTeX Warning: Label `tab:unnamed-chunk-17' multiply defined.


LaTeX Warning: Label `tab:unnamed-chunk-17' multiply defined.


LaTeX Warning: Label `tab:unnamed-chunk-17' multiply defined.


LaTeX Warning: Label `tab:unnamed-chunk-17' multiply defined.


LaTeX Warning: Label `tab:unnamed-chunk-17' multiply defined.


LaTeX Warning: Label `tab:unnamed-chunk-17' multiply defined.


LaTeX Warning: Label `tab:unnamed-chunk-17' multiply defined.


LaTeX Warning: Label `tab:unnamed-chunk-17' multiply defined.


LaTeX Warning: Label `tab:unnamed-chunk-17' multiply defined.


LaTeX Warning: Label `tab:unnamed-chunk-17' multiply defined.


LaTeX Warning: Label `tab:unnamed-chunk-17' multiply defined.


LaTeX Warning: Label `tab:unnamed-chunk-17' multiply defined.


LaTeX Warning: Label `tab:unnamed-chunk-17' multiply defined.


LaTeX Warning: Label `tab:unnamed-chunk-17' multiply defined.

)
\openout1 = `SuppInfo_A.aux'.

LaTeX Font Info:    Checking defaults for OML/cmm/m/it on input line 92.
LaTeX Font Info:    ... okay on input line 92.
LaTeX Font Info:    Checking defaults for OMS/cmsy/m/n on input line 92.
LaTeX Font Info:    ... okay on input line 92.
LaTeX Font Info:    Checking defaults for OT1/cmr/m/n on input line 92.
LaTeX Font Info:    ... okay on input line 92.
LaTeX Font Info:    Checking defaults for T1/cmr/m/n on input line 92.
LaTeX Font Info:    ... okay on input line 92.
LaTeX Font Info:    Checking defaults for TS1/cmr/m/n on input line 92.
LaTeX Font Info:    ... okay on input line 92.
LaTeX Font Info:    Checking defaults for OMX/cmex/m/n on input line 92.
LaTeX Font Info:    ... okay on input line 92.
LaTeX Font Info:    Checking defaults for U/cmr/m/n on input line 92.
LaTeX Font Info:    ... okay on input line 92.
LaTeX Font Info:    Checking defaults for PD1/pdf/m/n on input line 92.
LaTeX Font Info:    ... okay on input line 92.
LaTeX Font Info:    Checking defaults for PU/pdf/m/n on input line 92.
LaTeX Font Info:    ... okay on input line 92.
(c:/Users/eoar0001/AppData/Roaming/TinyTeX/texmf-dist/tex/latex/epstopdf-pkg/epstopdf-base.sty
Package: epstopdf-base 2020-01-24 v2.11 Base part for package epstopdf
Package epstopdf-base Info: Redefining graphics rule for `.eps' on input line 485.
(c:/Users/eoar0001/AppData/Roaming/TinyTeX/texmf-dist/tex/latex/latexconfig/epstopdf-sys.cfg
File: epstopdf-sys.cfg 2010/07/13 v1.3 Configuration of (r)epstopdf for TeX Live
))
*geometry* driver: auto-detecting
*geometry* detected driver: pdftex
*geometry* verbose mode - [ preamble ] result:
* driver: pdftex
* paper: <default>
* layout: <same size as paper>
* layoutoffset:(h,v)=(0.0pt,0.0pt)
* modes: 
* h-part:(L,W,R)=(72.26999pt, 469.75502pt, 72.26999pt)
* v-part:(T,H,B)=(72.26999pt, 650.43001pt, 72.26999pt)
* \paperwidth=614.295pt
* \paperheight=794.96999pt
* \textwidth=469.75502pt
* \textheight=650.43001pt
* \oddsidemargin=0.0pt
* \evensidemargin=0.0pt
* \topmargin=-37.0pt
* \headheight=12.0pt
* \headsep=25.0pt
* \topskip=10.0pt
* \footskip=30.0pt
* \marginparwidth=65.0pt
* \marginparsep=11.0pt
* \columnsep=10.0pt
* \skip\footins=9.0pt plus 4.0pt minus 2.0pt
* \hoffset=0.0pt
* \voffset=0.0pt
* \mag=1000
* \@twocolumnfalse
* \@twosidefalse
* \@mparswitchfalse
* \@reversemarginfalse
* (1in=72.27pt=25.4mm, 1cm=28.453pt)

Package hyperref Info: Link coloring OFF on input line 92.
LaTeX Font Info:    Trying to load font information for OT1+lmr on input line 94.
(c:/Users/eoar0001/AppData/Roaming/TinyTeX/texmf-dist/tex/latex/lm/ot1lmr.fd
File: ot1lmr.fd 2015/05/01 v1.6.1 Font defs for Latin Modern
)
LaTeX Font Info:    Trying to load font information for OML+lmm on input line 94.
(c:/Users/eoar0001/AppData/Roaming/TinyTeX/texmf-dist/tex/latex/lm/omllmm.fd
File: omllmm.fd 2015/05/01 v1.6.1 Font defs for Latin Modern
)
LaTeX Font Info:    Trying to load font information for OMS+lmsy on input line 94.
(c:/Users/eoar0001/AppData/Roaming/TinyTeX/texmf-dist/tex/latex/lm/omslmsy.fd
File: omslmsy.fd 2015/05/01 v1.6.1 Font defs for Latin Modern
)
LaTeX Font Info:    Trying to load font information for OMX+lmex on input line 94.
(c:/Users/eoar0001/AppData/Roaming/TinyTeX/texmf-dist/tex/latex/lm/omxlmex.fd
File: omxlmex.fd 2015/05/01 v1.6.1 Font defs for Latin Modern
)
LaTeX Font Info:    External font `lmex10' loaded for size
(Font)              <12> on input line 94.
LaTeX Font Info:    External font `lmex10' loaded for size
(Font)              <8> on input line 94.
LaTeX Font Info:    External font `lmex10' loaded for size
(Font)              <6> on input line 94.
LaTeX Font Info:    Trying to load font information for U+msa on input line 94.
(c:/Users/eoar0001/AppData/Roaming/TinyTeX/texmf-dist/tex/latex/amsfonts/umsa.fd
File: umsa.fd 2013/01/14 v3.01 AMS symbols A
)
LaTeX Font Info:    Trying to load font information for U+msb on input line 94.
(c:/Users/eoar0001/AppData/Roaming/TinyTeX/texmf-dist/tex/latex/amsfonts/umsb.fd
File: umsb.fd 2013/01/14 v3.01 AMS symbols B
)
LaTeX Font Info:    External font `lmex10' loaded for size
(Font)              <10> on input line 95.
LaTeX Font Info:    External font `lmex10' loaded for size
(Font)              <7> on input line 95.
LaTeX Font Info:    External font `lmex10' loaded for size
(Font)              <5> on input line 95.
(./SuppInfo_A.toc)
\tf@toc=\write3
\openout3 = `SuppInfo_A.toc'.

[1

{c:/Users/eoar0001/AppData/Roaming/TinyTeX/texmf-var/fonts/map/pdftex/updmap/pdftex.map}{c:/Users/eoar0001/AppData/Roaming/TinyTeX/texmf-dist/fonts/enc/dvips/lm/lm-ec.enc}]
LaTeX Font Info:    Trying to load font information for TS1+lmr on input line 130.
(c:/Users/eoar0001/AppData/Roaming/TinyTeX/texmf-dist/tex/latex/lm/ts1lmr.fd
File: ts1lmr.fd 2015/05/01 v1.6.1 Font defs for Latin Modern
) [2{c:/Users/eoar0001/AppData/Roaming/TinyTeX/texmf-dist/fonts/enc/dvips/lm/lm-ts1.enc}]
Overfull \hbox (6.02213pt too wide) in paragraph at lines 239--239
[]|\T1/lmr/bx/n/7 Exp2|  
 []


Overfull \hbox (6.02213pt too wide) in paragraph at lines 239--239
[]|\T1/lmr/bx/n/7 Exp3|  
 []


Overfull \hbox (6.86812pt too wide) in paragraph at lines 239--239
 []|\T1/lmr/bx/n/7 mean|
 []


ignored: Infinite glue shrinkage found in box being split [3]
ignored: Infinite glue shrinkage found in box being split [4]
ignored: Infinite glue shrinkage found in box being split [5]
ignored: Infinite glue shrinkage found in box being split [6] [7]

Package hyperref Warning: Suppressing link with empty target on input line 382.


Package hyperref Warning: Suppressing link with empty target on input line 401.

[8] [9]
pdfTeX warning (ext4): destination with the same identifier (name{table.1}) has been already used, duplicate ignored
<to be read again> 
                   \relax 
l.489 \end{longtable}
                     
Overfull \hbox (19.40686pt too wide) in paragraph at lines 531--532
[]|\T1/lmr/bx/n/8 Method|  
 []


pdfTeX warning (ext4): destination with the same identifier (name{table.2}) has been already used, duplicate ignored
<to be read again> 
                   \relax 
l.550 \end{longtable}
                     
ignored: Infinite glue shrinkage found in box being split [10]
Overfull \hbox (9.01263pt too wide) in paragraph at lines 560--561
[]|\T1/lmr/bx/n/8 Score 
 []


Overfull \hbox (15.8515pt too wide) in paragraph at lines 560--561
\T1/lmr/bx/n/8 (given)|  
 []


pdfTeX warning (ext4): destination with the same identifier (name{table.3}) has been already used, duplicate ignored
<to be read again> 
                   \relax 
l.566 \end{longtable}
                     
Overfull \hbox (19.40686pt too wide) in paragraph at lines 582--583
[]|\T1/lmr/bx/n/8 Method|  
 []


ignored: Infinite glue shrinkage found in box being split [11]
Overfull \hbox (9.01263pt too wide) in paragraph at lines 609--610
[]|\T1/lmr/bx/n/8 Score 
 []


Overfull \hbox (15.8515pt too wide) in paragraph at lines 609--610
\T1/lmr/bx/n/8 (given)|  
 []


Overfull \hbox (19.40686pt too wide) in paragraph at lines 631--632
[]|\T1/lmr/bx/n/8 Method|  
 []


Overfull \hbox (19.40686pt too wide) in paragraph at lines 665--666
[]|\T1/lmr/bx/n/8 Method|  
 []

[12]
Overfull \hbox (19.40686pt too wide) in paragraph at lines 704--705
[]|\T1/lmr/bx/n/8 Method|  
 []

[13]
Overfull \hbox (19.40686pt too wide) in paragraph at lines 743--744
[]|\T1/lmr/bx/n/8 Method|  
 []


Package hyperref Warning: Suppressing link with empty target on input line 767.


Overfull \hbox (9.01263pt too wide) in paragraph at lines 774--774
[]|\T1/lmr/bx/n/8 Score|  
 []


Overfull \hbox (19.40686pt too wide) in paragraph at lines 774--775
[]|\T1/lmr/bx/n/8 Method|  
 []


Overfull \hbox (19.40686pt too wide) in paragraph at lines 793--794
[]|\T1/lmr/bx/n/8 Method|  
 []


ignored: Infinite glue shrinkage found in box being split [14]
Overfull \hbox (9.01263pt too wide) in paragraph at lines 820--821
[]|\T1/lmr/bx/n/8 Score 
 []


Overfull \hbox (15.8515pt too wide) in paragraph at lines 820--821
\T1/lmr/bx/n/8 (given)|  
 []


Overfull \hbox (19.40686pt too wide) in paragraph at lines 842--843
[]|\T1/lmr/bx/n/8 Method|  
 []

[15]
Overfull \hbox (1.62512pt too wide) in paragraph at lines 874--874
\T1/lmr/bx/n/8 (given)|  
 []


Overfull \hbox (1.62512pt too wide) in paragraph at lines 874--874
\T1/lmr/bx/n/8 (given)|  
 []


Overfull \hbox (1.62512pt too wide) in paragraph at lines 893--893
\T1/lmr/bx/n/8 (given)|  
 []


Overfull \hbox (1.62512pt too wide) in paragraph at lines 893--893
\T1/lmr/bx/n/8 (given)|  
 []


Overfull \hbox (19.40686pt too wide) in paragraph at lines 915--916
[]|\T1/lmr/bx/n/8 Method|  
 []


Overfull \hbox (9.01263pt too wide) in paragraph at lines 945--945
[]|\T1/lmr/bx/n/8 Score|  
 []


Overfull \hbox (19.40686pt too wide) in paragraph at lines 945--946
[]|\T1/lmr/bx/n/8 Method|  
 []

[16]
Overfull \hbox (19.40686pt too wide) in paragraph at lines 972--973
[]|\T1/lmr/bx/n/8 Method|  
 []


Overfull \hbox (9.01263pt too wide) in paragraph at lines 1006--1006
[]|\T1/lmr/bx/n/8 Score|  
 []


Overfull \hbox (19.40686pt too wide) in paragraph at lines 1006--1007
[]|\T1/lmr/bx/n/8 Method|  
 []


ignored: Infinite glue shrinkage found in box being split [17]
Overfull \hbox (9.01263pt too wide) in paragraph at lines 1026--1026
[]|\T1/lmr/bx/n/8 Score|  
 []


Overfull \hbox (19.40686pt too wide) in paragraph at lines 1026--1027
[]|\T1/lmr/bx/n/8 Method|  
 []


Overfull \hbox (9.01263pt too wide) in paragraph at lines 1046--1046
[]|\T1/lmr/bx/n/8 Score|  
 []


Overfull \hbox (19.40686pt too wide) in paragraph at lines 1046--1047
[]|\T1/lmr/bx/n/8 Method|  
 []


Overfull \hbox (9.01263pt too wide) in paragraph at lines 1067--1067
[]|\T1/lmr/bx/n/8 Score|  
 []


Overfull \hbox (19.40686pt too wide) in paragraph at lines 1067--1068
[]|\T1/lmr/bx/n/8 Method|  
 []


Overfull \hbox (9.01263pt too wide) in paragraph at lines 1084--1084
[]|\T1/lmr/bx/n/8 Score|  
 []


Overfull \hbox (19.40686pt too wide) in paragraph at lines 1084--1085
[]|\T1/lmr/bx/n/8 Method|  
 []


ignored: Infinite glue shrinkage found in box being split [18]
Overfull \hbox (9.01263pt too wide) in paragraph at lines 1103--1103
[]|\T1/lmr/bx/n/8 Score|  
 []


Overfull \hbox (9.01263pt too wide) in paragraph at lines 1124--1124
[]|\T1/lmr/bx/n/8 Score|  
 []


Overfull \hbox (19.40686pt too wide) in paragraph at lines 1124--1125
[]|\T1/lmr/bx/n/8 Method|  
 []


Overfull \hbox (9.01263pt too wide) in paragraph at lines 1143--1143
[]|\T1/lmr/bx/n/8 Score|  
 []


Overfull \hbox (19.40686pt too wide) in paragraph at lines 1143--1144
[]|\T1/lmr/bx/n/8 Method|  
 []


Overfull \hbox (9.01263pt too wide) in paragraph at lines 1162--1162
[]|\T1/lmr/bx/n/8 Score|  
 []


Overfull \hbox (19.40686pt too wide) in paragraph at lines 1162--1163
[]|\T1/lmr/bx/n/8 Method|  
 []

[19]
Overfull \hbox (9.01263pt too wide) in paragraph at lines 1181--1181
[]|\T1/lmr/bx/n/8 Score|  
 []


Overfull \hbox (19.40686pt too wide) in paragraph at lines 1181--1182
[]|\T1/lmr/bx/n/8 Method|  
 []


Overfull \hbox (9.01263pt too wide) in paragraph at lines 1199--1199
[]|\T1/lmr/bx/n/8 Score|  
 []


Overfull \hbox (19.40686pt too wide) in paragraph at lines 1199--1200
[]|\T1/lmr/bx/n/8 Method|  
 []


Overfull \hbox (9.01263pt too wide) in paragraph at lines 1220--1220
[]|\T1/lmr/bx/n/8 Score|  
 []


Overfull \hbox (19.40686pt too wide) in paragraph at lines 1220--1221
[]|\T1/lmr/bx/n/8 Method|  
 []


Overfull \hbox (9.01263pt too wide) in paragraph at lines 1239--1239
[]|\T1/lmr/bx/n/8 Score|  
 []


Overfull \hbox (19.40686pt too wide) in paragraph at lines 1239--1240
[]|\T1/lmr/bx/n/8 Method|  
 []

[20]
Overfull \hbox (9.01263pt too wide) in paragraph at lines 1258--1258
[]|\T1/lmr/bx/n/8 Score|  
 []


Overfull \hbox (19.40686pt too wide) in paragraph at lines 1258--1259
[]|\T1/lmr/bx/n/8 Method|  
 []


Overfull \hbox (9.01263pt too wide) in paragraph at lines 1276--1276
[]|\T1/lmr/bx/n/8 Score|  
 []


Overfull \hbox (19.40686pt too wide) in paragraph at lines 1276--1277
[]|\T1/lmr/bx/n/8 Method|  
 []


Overfull \hbox (9.01263pt too wide) in paragraph at lines 1294--1294
[]|\T1/lmr/bx/n/8 Score|  
 []


Overfull \hbox (19.40686pt too wide) in paragraph at lines 1294--1295
[]|\T1/lmr/bx/n/8 Method|  
 []


Overfull \hbox (9.01263pt too wide) in paragraph at lines 1313--1313
[]|\T1/lmr/bx/n/8 Score|  
 []


Overfull \hbox (19.40686pt too wide) in paragraph at lines 1313--1314
[]|\T1/lmr/bx/n/8 Method|  
 []


Overfull \hbox (9.01263pt too wide) in paragraph at lines 1331--1331
[]|\T1/lmr/bx/n/8 Score|  
 []


Overfull \hbox (19.40686pt too wide) in paragraph at lines 1331--1332
[]|\T1/lmr/bx/n/8 Method|  
 []

[21]
Overfull \hbox (9.01263pt too wide) in paragraph at lines 1349--1349
[]|\T1/lmr/bx/n/8 Score|  
 []


Overfull \hbox (19.40686pt too wide) in paragraph at lines 1349--1350
[]|\T1/lmr/bx/n/8 Method|  
 []


Overfull \hbox (9.01263pt too wide) in paragraph at lines 1367--1367
[]|\T1/lmr/bx/n/8 Score|  
 []


Overfull \hbox (19.40686pt too wide) in paragraph at lines 1367--1368
[]|\T1/lmr/bx/n/8 Method|  
 []


Overfull \hbox (9.01263pt too wide) in paragraph at lines 1385--1385
[]|\T1/lmr/bx/n/8 Score|  
 []


Overfull \hbox (19.40686pt too wide) in paragraph at lines 1385--1386
[]|\T1/lmr/bx/n/8 Method|  
 []


Overfull \hbox (1.62512pt too wide) in paragraph at lines 1404--1404
\T1/lmr/bx/n/8 (given)|  
 []


Overfull \hbox (1.62512pt too wide) in paragraph at lines 1404--1404
\T1/lmr/bx/n/8 (given)|  
 []


ignored: Infinite glue shrinkage found in box being split [22]
Overfull \hbox (1.62512pt too wide) in paragraph at lines 1423--1423
\T1/lmr/bx/n/8 (given)|  
 []


Overfull \hbox (1.62512pt too wide) in paragraph at lines 1423--1423
\T1/lmr/bx/n/8 (given)|  
 []


Overfull \hbox (1.62512pt too wide) in paragraph at lines 1442--1442
\T1/lmr/bx/n/8 (given)|  
 []


Overfull \hbox (1.62512pt too wide) in paragraph at lines 1442--1442
\T1/lmr/bx/n/8 (given)|  
 []


Overfull \hbox (1.62512pt too wide) in paragraph at lines 1460--1460
\T1/lmr/bx/n/8 (given)|  
 []


Overfull \hbox (1.62512pt too wide) in paragraph at lines 1460--1460
\T1/lmr/bx/n/8 (given)|  
 []


Overfull \hbox (1.62512pt too wide) in paragraph at lines 1478--1478
\T1/lmr/bx/n/8 (given)|  
 []


Overfull \hbox (1.62512pt too wide) in paragraph at lines 1478--1478
\T1/lmr/bx/n/8 (given)|  
 []

[23]
Overfull \hbox (1.62512pt too wide) in paragraph at lines 1498--1498
\T1/lmr/bx/n/8 (given)|  
 []


Overfull \hbox (1.62512pt too wide) in paragraph at lines 1498--1498
\T1/lmr/bx/n/8 (given)|  
 []


Overfull \hbox (1.62512pt too wide) in paragraph at lines 1517--1517
\T1/lmr/bx/n/8 (given)|  
 []


Overfull \hbox (1.62512pt too wide) in paragraph at lines 1517--1517
\T1/lmr/bx/n/8 (given)|  
 []


Overfull \hbox (9.01263pt too wide) in paragraph at lines 1534--1534
[]|\T1/lmr/bx/n/8 Score|  
 []


Overfull \hbox (19.40686pt too wide) in paragraph at lines 1534--1535
[]|\T1/lmr/bx/n/8 Method|  
 []

[24]
Overfull \hbox (9.01263pt too wide) in paragraph at lines 1552--1552
[]|\T1/lmr/bx/n/8 Score|  
 []


Overfull \hbox (19.40686pt too wide) in paragraph at lines 1552--1553
[]|\T1/lmr/bx/n/8 Method|  
 []


Overfull \hbox (0.93246pt too wide) in paragraph at lines 1560--1560
\T1/lmr/m/n/8 Slus|  
 []


Overfull \hbox (9.01263pt too wide) in paragraph at lines 1578--1578
[]|\T1/lmr/bx/n/8 Score|  
 []


Overfull \hbox (19.40686pt too wide) in paragraph at lines 1578--1579
[]|\T1/lmr/bx/n/8 Method|  
 []


Overfull \hbox (9.01263pt too wide) in paragraph at lines 1595--1595
[]|\T1/lmr/bx/n/8 Score|  
 []


Overfull \hbox (19.40686pt too wide) in paragraph at lines 1595--1596
[]|\T1/lmr/bx/n/8 Method|  
 []


ignored: Infinite glue shrinkage found in box being split [25]
Overfull \hbox (19.40686pt too wide) in paragraph at lines 1634--1635
[]|\T1/lmr/bx/n/8 Method|  
 []


Overfull \hbox (19.40686pt too wide) in paragraph at lines 1669--1670
[]|\T1/lmr/bx/n/8 Method|  
 []

[26]
Overfull \hbox (19.40686pt too wide) in paragraph at lines 1702--1703
[]|\T1/lmr/bx/n/8 Method|  
 []


Overfull \hbox (19.40686pt too wide) in paragraph at lines 1736--1737
[]|\T1/lmr/bx/n/8 Method|  
 []

[27]
Overfull \hbox (9.01263pt too wide) in paragraph at lines 1763--1764
[]|\T1/lmr/bx/n/8 Score 
 []


Overfull \hbox (15.8515pt too wide) in paragraph at lines 1763--1764
\T1/lmr/bx/n/8 (given)|  
 []


Overfull \hbox (19.40686pt too wide) in paragraph at lines 1785--1786
[]|\T1/lmr/bx/n/8 Method|  
 []


ignored: Infinite glue shrinkage found in box being split [28]

Package hyperref Warning: Suppressing link with empty target on input line 1810.


Overfull \hbox (19.40686pt too wide) in paragraph at lines 1825--1826
[]|\T1/lmr/bx/n/8 Method|  
 []


Package hyperref Warning: Suppressing link with empty target on input line 1849.


Overfull \hbox (9.01263pt too wide) in paragraph at lines 1856--1856
[]|\T1/lmr/bx/n/8 Score|  
 []


Overfull \hbox (19.40686pt too wide) in paragraph at lines 1856--1857
[]|\T1/lmr/bx/n/8 Method|  
 []

[29]
Overfull \hbox (19.40686pt too wide) in paragraph at lines 1875--1876
[]|\T1/lmr/bx/n/8 Method|  
 []


Overfull \hbox (19.40686pt too wide) in paragraph at lines 1908--1909
[]|\T1/lmr/bx/n/8 Method|  
 []

[30]
Overfull \hbox (1.62512pt too wide) in paragraph at lines 1940--1940
\T1/lmr/bx/n/8 (given)|  
 []


Overfull \hbox (1.62512pt too wide) in paragraph at lines 1940--1940
\T1/lmr/bx/n/8 (given)|  
 []


Overfull \hbox (1.62512pt too wide) in paragraph at lines 1959--1959
\T1/lmr/bx/n/8 (given)|  
 []


Overfull \hbox (1.62512pt too wide) in paragraph at lines 1959--1959
\T1/lmr/bx/n/8 (given)|  
 []


Overfull \hbox (19.40686pt too wide) in paragraph at lines 1980--1981
[]|\T1/lmr/bx/n/8 Method|  
 []


Overfull \hbox (9.01263pt too wide) in paragraph at lines 2010--2010
[]|\T1/lmr/bx/n/8 Score|  
 []


Overfull \hbox (19.40686pt too wide) in paragraph at lines 2010--2011
[]|\T1/lmr/bx/n/8 Method|  
 []

[31]
Overfull \hbox (19.40686pt too wide) in paragraph at lines 2030--2031
[]|\T1/lmr/bx/n/8 Method|  
 []


Overfull \hbox (9.01263pt too wide) in paragraph at lines 2064--2064
[]|\T1/lmr/bx/n/8 Score|  
 []


Overfull \hbox (19.40686pt too wide) in paragraph at lines 2064--2065
[]|\T1/lmr/bx/n/8 Method|  
 []


Overfull \hbox (9.01263pt too wide) in paragraph at lines 2084--2084
[]|\T1/lmr/bx/n/8 Score|  
 []


Overfull \hbox (19.40686pt too wide) in paragraph at lines 2084--2085
[]|\T1/lmr/bx/n/8 Method|  
 []

[32]
Overfull \hbox (9.01263pt too wide) in paragraph at lines 2105--2105
[]|\T1/lmr/bx/n/8 Score|  
 []


Overfull \hbox (19.40686pt too wide) in paragraph at lines 2105--2106
[]|\T1/lmr/bx/n/8 Method|  
 []


Overfull \hbox (9.01263pt too wide) in paragraph at lines 2126--2126
[]|\T1/lmr/bx/n/8 Score|  
 []


Overfull \hbox (19.40686pt too wide) in paragraph at lines 2126--2127
[]|\T1/lmr/bx/n/8 Method|  
 []


Overfull \hbox (9.01263pt too wide) in paragraph at lines 2143--2143
[]|\T1/lmr/bx/n/8 Score|  
 []


Overfull \hbox (19.40686pt too wide) in paragraph at lines 2143--2144
[]|\T1/lmr/bx/n/8 Method|  
 []


Overfull \hbox (9.01263pt too wide) in paragraph at lines 2162--2162
[]|\T1/lmr/bx/n/8 Score|  
 []

[33]
Overfull \hbox (9.01263pt too wide) in paragraph at lines 2183--2183
[]|\T1/lmr/bx/n/8 Score|  
 []


Overfull \hbox (19.40686pt too wide) in paragraph at lines 2183--2184
[]|\T1/lmr/bx/n/8 Method|  
 []


Overfull \hbox (9.01263pt too wide) in paragraph at lines 2202--2202
[]|\T1/lmr/bx/n/8 Score|  
 []


Overfull \hbox (19.40686pt too wide) in paragraph at lines 2202--2203
[]|\T1/lmr/bx/n/8 Method|  
 []


Overfull \hbox (9.01263pt too wide) in paragraph at lines 2222--2222
[]|\T1/lmr/bx/n/8 Score|  
 []


Overfull \hbox (19.40686pt too wide) in paragraph at lines 2222--2223
[]|\T1/lmr/bx/n/8 Method|  
 []


ignored: Infinite glue shrinkage found in box being split [34]
Overfull \hbox (9.01263pt too wide) in paragraph at lines 2241--2241
[]|\T1/lmr/bx/n/8 Score|  
 []


Overfull \hbox (19.40686pt too wide) in paragraph at lines 2241--2242
[]|\T1/lmr/bx/n/8 Method|  
 []


Overfull \hbox (9.01263pt too wide) in paragraph at lines 2259--2259
[]|\T1/lmr/bx/n/8 Score|  
 []


Overfull \hbox (19.40686pt too wide) in paragraph at lines 2259--2260
[]|\T1/lmr/bx/n/8 Method|  
 []


Overfull \hbox (9.01263pt too wide) in paragraph at lines 2280--2280
[]|\T1/lmr/bx/n/8 Score|  
 []


Overfull \hbox (19.40686pt too wide) in paragraph at lines 2280--2281
[]|\T1/lmr/bx/n/8 Method|  
 []


Overfull \hbox (9.01263pt too wide) in paragraph at lines 2299--2299
[]|\T1/lmr/bx/n/8 Score|  
 []


Overfull \hbox (19.40686pt too wide) in paragraph at lines 2299--2300
[]|\T1/lmr/bx/n/8 Method|  
 []


Overfull \hbox (9.01263pt too wide) in paragraph at lines 2318--2318
[]|\T1/lmr/bx/n/8 Score|  
 []


Overfull \hbox (19.40686pt too wide) in paragraph at lines 2318--2319
[]|\T1/lmr/bx/n/8 Method|  
 []

[35]
Overfull \hbox (9.01263pt too wide) in paragraph at lines 2337--2337
[]|\T1/lmr/bx/n/8 Score|  
 []


Overfull \hbox (19.40686pt too wide) in paragraph at lines 2337--2338
[]|\T1/lmr/bx/n/8 Method|  
 []


Overfull \hbox (9.01263pt too wide) in paragraph at lines 2355--2355
[]|\T1/lmr/bx/n/8 Score|  
 []


Overfull \hbox (19.40686pt too wide) in paragraph at lines 2355--2356
[]|\T1/lmr/bx/n/8 Method|  
 []


Overfull \hbox (9.01263pt too wide) in paragraph at lines 2374--2374
[]|\T1/lmr/bx/n/8 Score|  
 []


Overfull \hbox (19.40686pt too wide) in paragraph at lines 2374--2375
[]|\T1/lmr/bx/n/8 Method|  
 []


Overfull \hbox (9.01263pt too wide) in paragraph at lines 2392--2392
[]|\T1/lmr/bx/n/8 Score|  
 []


Overfull \hbox (19.40686pt too wide) in paragraph at lines 2392--2393
[]|\T1/lmr/bx/n/8 Method|  
 []


ignored: Infinite glue shrinkage found in box being split [36]
Overfull \hbox (9.01263pt too wide) in paragraph at lines 2410--2410
[]|\T1/lmr/bx/n/8 Score|  
 []


Overfull \hbox (19.40686pt too wide) in paragraph at lines 2410--2411
[]|\T1/lmr/bx/n/8 Method|  
 []


Overfull \hbox (9.01263pt too wide) in paragraph at lines 2428--2428
[]|\T1/lmr/bx/n/8 Score|  
 []


Overfull \hbox (19.40686pt too wide) in paragraph at lines 2428--2429
[]|\T1/lmr/bx/n/8 Method|  
 []


Overfull \hbox (1.62512pt too wide) in paragraph at lines 2446--2446
\T1/lmr/bx/n/8 (given)|  
 []


Overfull \hbox (1.62512pt too wide) in paragraph at lines 2446--2446
\T1/lmr/bx/n/8 (given)|  
 []


Overfull \hbox (1.62512pt too wide) in paragraph at lines 2465--2465
\T1/lmr/bx/n/8 (given)|  
 []


Overfull \hbox (1.62512pt too wide) in paragraph at lines 2465--2465
\T1/lmr/bx/n/8 (given)|  
 []


Overfull \hbox (1.29726pt too wide) in paragraph at lines 2467--2467
[]|\T1/lmr/m/n/8 1500000|  
 []


ignored: Infinite glue shrinkage found in box being split [37]
Overfull \hbox (1.62512pt too wide) in paragraph at lines 2484--2484
\T1/lmr/bx/n/8 (given)|  
 []


Overfull \hbox (1.62512pt too wide) in paragraph at lines 2484--2484
\T1/lmr/bx/n/8 (given)|  
 []


Overfull \hbox (1.62512pt too wide) in paragraph at lines 2503--2503
\T1/lmr/bx/n/8 (given)|  
 []


Overfull \hbox (1.62512pt too wide) in paragraph at lines 2503--2503
\T1/lmr/bx/n/8 (given)|  
 []


Overfull \hbox (1.62512pt too wide) in paragraph at lines 2521--2521
\T1/lmr/bx/n/8 (given)|  
 []


Overfull \hbox (1.62512pt too wide) in paragraph at lines 2521--2521
\T1/lmr/bx/n/8 (given)|  
 []


Overfull \hbox (1.62512pt too wide) in paragraph at lines 2539--2539
\T1/lmr/bx/n/8 (given)|  
 []


Overfull \hbox (1.62512pt too wide) in paragraph at lines 2539--2539
\T1/lmr/bx/n/8 (given)|  
 []

[38]
Overfull \hbox (1.62512pt too wide) in paragraph at lines 2559--2559
\T1/lmr/bx/n/8 (given)|  
 []


Overfull \hbox (1.62512pt too wide) in paragraph at lines 2559--2559
\T1/lmr/bx/n/8 (given)|  
 []


Overfull \hbox (1.62512pt too wide) in paragraph at lines 2578--2578
\T1/lmr/bx/n/8 (given)|  
 []


Overfull \hbox (1.62512pt too wide) in paragraph at lines 2578--2578
\T1/lmr/bx/n/8 (given)|  
 []


Overfull \hbox (9.01263pt too wide) in paragraph at lines 2595--2595
[]|\T1/lmr/bx/n/8 Score|  
 []


Overfull \hbox (19.40686pt too wide) in paragraph at lines 2595--2596
[]|\T1/lmr/bx/n/8 Method|  
 []

[39]
Overfull \hbox (9.01263pt too wide) in paragraph at lines 2613--2613
[]|\T1/lmr/bx/n/8 Score|  
 []


Overfull \hbox (19.40686pt too wide) in paragraph at lines 2613--2614
[]|\T1/lmr/bx/n/8 Method|  
 []


Overfull \hbox (9.01263pt too wide) in paragraph at lines 2633--2633
[]|\T1/lmr/bx/n/8 Score|  
 []


Overfull \hbox (19.40686pt too wide) in paragraph at lines 2633--2634
[]|\T1/lmr/bx/n/8 Method|  
 []


Overfull \hbox (9.01263pt too wide) in paragraph at lines 2650--2650
[]|\T1/lmr/bx/n/8 Score|  
 []


Overfull \hbox (19.40686pt too wide) in paragraph at lines 2650--2651
[]|\T1/lmr/bx/n/8 Method|  
 []

[40]
Overfull \hbox (19.40686pt too wide) in paragraph at lines 2693--2694
[]|\T1/lmr/bx/n/8 Method|  
 []


Overfull \hbox (19.40686pt too wide) in paragraph at lines 2728--2729
[]|\T1/lmr/bx/n/8 Method|  
 []

[41]
Overfull \hbox (9.01263pt too wide) in paragraph at lines 2755--2756
[]|\T1/lmr/bx/n/8 Score 
 []


Overfull \hbox (15.8515pt too wide) in paragraph at lines 2755--2756
\T1/lmr/bx/n/8 (given)|  
 []


Overfull \hbox (19.40686pt too wide) in paragraph at lines 2786--2787
[]|\T1/lmr/bx/n/8 Method|  
 []


ignored: Infinite glue shrinkage found in box being split [42]
Overfull \hbox (19.40686pt too wide) in paragraph at lines 2820--2821
[]|\T1/lmr/bx/n/8 Method|  
 []


Overfull \hbox (19.40686pt too wide) in paragraph at lines 2853--2854
[]|\T1/lmr/bx/n/8 Method|  
 []


ignored: Infinite glue shrinkage found in box being split [43]
Overfull \hbox (19.40686pt too wide) in paragraph at lines 2885--2886
[]|\T1/lmr/bx/n/8 Method|  
 []


Package hyperref Warning: Suppressing link with empty target on input line 2909.


Overfull \hbox (9.01263pt too wide) in paragraph at lines 2916--2916
[]|\T1/lmr/bx/n/8 Score|  
 []


Overfull \hbox (19.40686pt too wide) in paragraph at lines 2916--2917
[]|\T1/lmr/bx/n/8 Method|  
 []


ignored: Infinite glue shrinkage found in box being split [44]
Overfull \hbox (19.40686pt too wide) in paragraph at lines 2935--2936
[]|\T1/lmr/bx/n/8 Method|  
 []


Overfull \hbox (19.40686pt too wide) in paragraph at lines 2968--2969
[]|\T1/lmr/bx/n/8 Method|  
 []


ignored: Infinite glue shrinkage found in box being split [45]
Overfull \hbox (1.62512pt too wide) in paragraph at lines 3000--3000
\T1/lmr/bx/n/8 (given)|  
 []


Overfull \hbox (1.62512pt too wide) in paragraph at lines 3000--3000
\T1/lmr/bx/n/8 (given)|  
 []


Overfull \hbox (1.62512pt too wide) in paragraph at lines 3019--3019
\T1/lmr/bx/n/8 (given)|  
 []


Overfull \hbox (1.62512pt too wide) in paragraph at lines 3019--3019
\T1/lmr/bx/n/8 (given)|  
 []


Overfull \hbox (19.40686pt too wide) in paragraph at lines 3040--3041
[]|\T1/lmr/bx/n/8 Method|  
 []


ignored: Infinite glue shrinkage found in box being split [46]
Overfull \hbox (9.01263pt too wide) in paragraph at lines 3070--3070
[]|\T1/lmr/bx/n/8 Score|  
 []


Overfull \hbox (19.40686pt too wide) in paragraph at lines 3070--3071
[]|\T1/lmr/bx/n/8 Method|  
 []


Overfull \hbox (19.40686pt too wide) in paragraph at lines 3090--3091
[]|\T1/lmr/bx/n/8 Method|  
 []


Overfull \hbox (9.01263pt too wide) in paragraph at lines 3124--3124
[]|\T1/lmr/bx/n/8 Score|  
 []


Overfull \hbox (19.40686pt too wide) in paragraph at lines 3124--3125
[]|\T1/lmr/bx/n/8 Method|  
 []

[47]
Overfull \hbox (9.01263pt too wide) in paragraph at lines 3144--3144
[]|\T1/lmr/bx/n/8 Score|  
 []


Overfull \hbox (19.40686pt too wide) in paragraph at lines 3144--3145
[]|\T1/lmr/bx/n/8 Method|  
 []


Overfull \hbox (9.01263pt too wide) in paragraph at lines 3165--3165
[]|\T1/lmr/bx/n/8 Score|  
 []


Overfull \hbox (19.40686pt too wide) in paragraph at lines 3165--3166
[]|\T1/lmr/bx/n/8 Method|  
 []


Overfull \hbox (9.01263pt too wide) in paragraph at lines 3186--3186
[]|\T1/lmr/bx/n/8 Score|  
 []


Overfull \hbox (19.40686pt too wide) in paragraph at lines 3186--3187
[]|\T1/lmr/bx/n/8 Method|  
 []


Overfull \hbox (9.01263pt too wide) in paragraph at lines 3203--3203
[]|\T1/lmr/bx/n/8 Score|  
 []


Overfull \hbox (19.40686pt too wide) in paragraph at lines 3203--3204
[]|\T1/lmr/bx/n/8 Method|  
 []

[48]
Overfull \hbox (9.01263pt too wide) in paragraph at lines 3222--3222
[]|\T1/lmr/bx/n/8 Score|  
 []


Overfull \hbox (9.01263pt too wide) in paragraph at lines 3243--3243
[]|\T1/lmr/bx/n/8 Score|  
 []


Overfull \hbox (19.40686pt too wide) in paragraph at lines 3243--3244
[]|\T1/lmr/bx/n/8 Method|  
 []


Overfull \hbox (9.01263pt too wide) in paragraph at lines 3262--3262
[]|\T1/lmr/bx/n/8 Score|  
 []


Overfull \hbox (19.40686pt too wide) in paragraph at lines 3262--3263
[]|\T1/lmr/bx/n/8 Method|  
 []


Overfull \hbox (9.01263pt too wide) in paragraph at lines 3281--3281
[]|\T1/lmr/bx/n/8 Score|  
 []


Overfull \hbox (19.40686pt too wide) in paragraph at lines 3281--3282
[]|\T1/lmr/bx/n/8 Method|  
 []

[49]
Overfull \hbox (9.01263pt too wide) in paragraph at lines 3300--3300
[]|\T1/lmr/bx/n/8 Score|  
 []


Overfull \hbox (19.40686pt too wide) in paragraph at lines 3300--3301
[]|\T1/lmr/bx/n/8 Method|  
 []


Overfull \hbox (9.01263pt too wide) in paragraph at lines 3318--3318
[]|\T1/lmr/bx/n/8 Score|  
 []


Overfull \hbox (19.40686pt too wide) in paragraph at lines 3318--3319
[]|\T1/lmr/bx/n/8 Method|  
 []


Overfull \hbox (9.01263pt too wide) in paragraph at lines 3339--3339
[]|\T1/lmr/bx/n/8 Score|  
 []


Overfull \hbox (19.40686pt too wide) in paragraph at lines 3339--3340
[]|\T1/lmr/bx/n/8 Method|  
 []


Overfull \hbox (9.01263pt too wide) in paragraph at lines 3358--3358
[]|\T1/lmr/bx/n/8 Score|  
 []


Overfull \hbox (19.40686pt too wide) in paragraph at lines 3358--3359
[]|\T1/lmr/bx/n/8 Method|  
 []

[50]
Overfull \hbox (9.01263pt too wide) in paragraph at lines 3377--3377
[]|\T1/lmr/bx/n/8 Score|  
 []


Overfull \hbox (19.40686pt too wide) in paragraph at lines 3377--3378
[]|\T1/lmr/bx/n/8 Method|  
 []


Overfull \hbox (9.01263pt too wide) in paragraph at lines 3396--3396
[]|\T1/lmr/bx/n/8 Score|  
 []


Overfull \hbox (19.40686pt too wide) in paragraph at lines 3396--3397
[]|\T1/lmr/bx/n/8 Method|  
 []


Overfull \hbox (9.01263pt too wide) in paragraph at lines 3414--3414
[]|\T1/lmr/bx/n/8 Score|  
 []


Overfull \hbox (19.40686pt too wide) in paragraph at lines 3414--3415
[]|\T1/lmr/bx/n/8 Method|  
 []


Overfull \hbox (9.01263pt too wide) in paragraph at lines 3433--3433
[]|\T1/lmr/bx/n/8 Score|  
 []


Overfull \hbox (19.40686pt too wide) in paragraph at lines 3433--3434
[]|\T1/lmr/bx/n/8 Method|  
 []


ignored: Infinite glue shrinkage found in box being split [51]
Overfull \hbox (9.01263pt too wide) in paragraph at lines 3451--3451
[]|\T1/lmr/bx/n/8 Score|  
 []


Overfull \hbox (19.40686pt too wide) in paragraph at lines 3451--3452
[]|\T1/lmr/bx/n/8 Method|  
 []


Overfull \hbox (9.01263pt too wide) in paragraph at lines 3469--3469
[]|\T1/lmr/bx/n/8 Score|  
 []


Overfull \hbox (19.40686pt too wide) in paragraph at lines 3469--3470
[]|\T1/lmr/bx/n/8 Method|  
 []


Overfull \hbox (9.01263pt too wide) in paragraph at lines 3487--3487
[]|\T1/lmr/bx/n/8 Score|  
 []


Overfull \hbox (19.40686pt too wide) in paragraph at lines 3487--3488
[]|\T1/lmr/bx/n/8 Method|  
 []


Overfull \hbox (1.62512pt too wide) in paragraph at lines 3505--3505
\T1/lmr/bx/n/8 (given)|  
 []


Overfull \hbox (1.62512pt too wide) in paragraph at lines 3505--3505
\T1/lmr/bx/n/8 (given)|  
 []


Overfull \hbox (1.62512pt too wide) in paragraph at lines 3524--3524
\T1/lmr/bx/n/8 (given)|  
 []


Overfull \hbox (1.62512pt too wide) in paragraph at lines 3524--3524
\T1/lmr/bx/n/8 (given)|  
 []

[52]
Overfull \hbox (1.62512pt too wide) in paragraph at lines 3543--3543
\T1/lmr/bx/n/8 (given)|  
 []


Overfull \hbox (1.62512pt too wide) in paragraph at lines 3543--3543
\T1/lmr/bx/n/8 (given)|  
 []


Overfull \hbox (1.62512pt too wide) in paragraph at lines 3562--3562
\T1/lmr/bx/n/8 (given)|  
 []


Overfull \hbox (1.62512pt too wide) in paragraph at lines 3562--3562
\T1/lmr/bx/n/8 (given)|  
 []


Overfull \hbox (1.62512pt too wide) in paragraph at lines 3580--3580
\T1/lmr/bx/n/8 (given)|  
 []


Overfull \hbox (1.62512pt too wide) in paragraph at lines 3580--3580
\T1/lmr/bx/n/8 (given)|  
 []


ignored: Infinite glue shrinkage found in box being split [53]
Overfull \hbox (1.62512pt too wide) in paragraph at lines 3598--3598
\T1/lmr/bx/n/8 (given)|  
 []


Overfull \hbox (1.62512pt too wide) in paragraph at lines 3598--3598
\T1/lmr/bx/n/8 (given)|  
 []


Overfull \hbox (1.62512pt too wide) in paragraph at lines 3618--3618
\T1/lmr/bx/n/8 (given)|  
 []


Overfull \hbox (1.62512pt too wide) in paragraph at lines 3618--3618
\T1/lmr/bx/n/8 (given)|  
 []


Overfull \hbox (1.62512pt too wide) in paragraph at lines 3637--3637
\T1/lmr/bx/n/8 (given)|  
 []


Overfull \hbox (1.62512pt too wide) in paragraph at lines 3637--3637
\T1/lmr/bx/n/8 (given)|  
 []


Overfull \hbox (9.01263pt too wide) in paragraph at lines 3654--3654
[]|\T1/lmr/bx/n/8 Score|  
 []


Overfull \hbox (19.40686pt too wide) in paragraph at lines 3654--3655
[]|\T1/lmr/bx/n/8 Method|  
 []


ignored: Infinite glue shrinkage found in box being split [54]
Overfull \hbox (9.01263pt too wide) in paragraph at lines 3672--3672
[]|\T1/lmr/bx/n/8 Score|  
 []


Overfull \hbox (19.40686pt too wide) in paragraph at lines 3672--3673
[]|\T1/lmr/bx/n/8 Method|  
 []


Overfull \hbox (9.01263pt too wide) in paragraph at lines 3692--3692
[]|\T1/lmr/bx/n/8 Score|  
 []


Overfull \hbox (19.40686pt too wide) in paragraph at lines 3692--3693
[]|\T1/lmr/bx/n/8 Method|  
 []


Overfull \hbox (9.01263pt too wide) in paragraph at lines 3709--3709
[]|\T1/lmr/bx/n/8 Score|  
 []


Overfull \hbox (19.40686pt too wide) in paragraph at lines 3709--3710
[]|\T1/lmr/bx/n/8 Method|  
 []

[55]
Overfull \hbox (19.40686pt too wide) in paragraph at lines 3747--3748
[]|\T1/lmr/bx/n/8 Method|  
 []


Overfull \hbox (19.40686pt too wide) in paragraph at lines 3782--3783
[]|\T1/lmr/bx/n/8 Method|  
 []


ignored: Infinite glue shrinkage found in box being split [56]
Overfull \hbox (9.01263pt too wide) in paragraph at lines 3809--3810
[]|\T1/lmr/bx/n/8 Score 
 []


Overfull \hbox (15.8515pt too wide) in paragraph at lines 3809--3810
\T1/lmr/bx/n/8 (given)|  
 []


Overfull \hbox (19.40686pt too wide) in paragraph at lines 3831--3832
[]|\T1/lmr/bx/n/8 Method|  
 []

[57]
Overfull \hbox (19.40686pt too wide) in paragraph at lines 3865--3866
[]|\T1/lmr/bx/n/8 Method|  
 []


Overfull \hbox (19.40686pt too wide) in paragraph at lines 3898--3899
[]|\T1/lmr/bx/n/8 Method|  
 []


ignored: Infinite glue shrinkage found in box being split [58]
Overfull \hbox (19.40686pt too wide) in paragraph at lines 3933--3934
[]|\T1/lmr/bx/n/8 Method|  
 []


Package hyperref Warning: Suppressing link with empty target on input line 3957.


Overfull \hbox (9.01263pt too wide) in paragraph at lines 3964--3964
[]|\T1/lmr/bx/n/8 Score|  
 []


Overfull \hbox (19.40686pt too wide) in paragraph at lines 3964--3965
[]|\T1/lmr/bx/n/8 Method|  
 []


Overfull \hbox (19.40686pt too wide) in paragraph at lines 3987--3988
[]|\T1/lmr/bx/n/8 Method|  
 []


ignored: Infinite glue shrinkage found in box being split [59]
Overfull \hbox (19.40686pt too wide) in paragraph at lines 4020--4021
[]|\T1/lmr/bx/n/8 Method|  
 []


Overfull \hbox (1.62512pt too wide) in paragraph at lines 4052--4052
\T1/lmr/bx/n/8 (given)|  
 []


Overfull \hbox (1.62512pt too wide) in paragraph at lines 4052--4052
\T1/lmr/bx/n/8 (given)|  
 []

[60]
Overfull \hbox (1.62512pt too wide) in paragraph at lines 4071--4071
\T1/lmr/bx/n/8 (given)|  
 []


Overfull \hbox (1.62512pt too wide) in paragraph at lines 4071--4071
\T1/lmr/bx/n/8 (given)|  
 []


Overfull \hbox (19.40686pt too wide) in paragraph at lines 4092--4093
[]|\T1/lmr/bx/n/8 Method|  
 []


Overfull \hbox (9.01263pt too wide) in paragraph at lines 4122--4122
[]|\T1/lmr/bx/n/8 Score|  
 []


Overfull \hbox (19.40686pt too wide) in paragraph at lines 4122--4123
[]|\T1/lmr/bx/n/8 Method|  
 []

[61]
Overfull \hbox (19.40686pt too wide) in paragraph at lines 4142--4143
[]|\T1/lmr/bx/n/8 Method|  
 []


Overfull \hbox (9.01263pt too wide) in paragraph at lines 4176--4176
[]|\T1/lmr/bx/n/8 Score|  
 []


Overfull \hbox (19.40686pt too wide) in paragraph at lines 4176--4177
[]|\T1/lmr/bx/n/8 Method|  
 []


Overfull \hbox (9.01263pt too wide) in paragraph at lines 4196--4196
[]|\T1/lmr/bx/n/8 Score|  
 []


Overfull \hbox (19.40686pt too wide) in paragraph at lines 4196--4197
[]|\T1/lmr/bx/n/8 Method|  
 []

[62]
Overfull \hbox (9.01263pt too wide) in paragraph at lines 4217--4217
[]|\T1/lmr/bx/n/8 Score|  
 []


Overfull \hbox (19.40686pt too wide) in paragraph at lines 4217--4218
[]|\T1/lmr/bx/n/8 Method|  
 []


Overfull \hbox (9.01263pt too wide) in paragraph at lines 4238--4238
[]|\T1/lmr/bx/n/8 Score|  
 []


Overfull \hbox (19.40686pt too wide) in paragraph at lines 4238--4239
[]|\T1/lmr/bx/n/8 Method|  
 []


Overfull \hbox (9.01263pt too wide) in paragraph at lines 4255--4255
[]|\T1/lmr/bx/n/8 Score|  
 []


Overfull \hbox (19.40686pt too wide) in paragraph at lines 4255--4256
[]|\T1/lmr/bx/n/8 Method|  
 []


Overfull \hbox (9.01263pt too wide) in paragraph at lines 4274--4274
[]|\T1/lmr/bx/n/8 Score|  
 []

[63]
Overfull \hbox (9.01263pt too wide) in paragraph at lines 4295--4295
[]|\T1/lmr/bx/n/8 Score|  
 []


Overfull \hbox (19.40686pt too wide) in paragraph at lines 4295--4296
[]|\T1/lmr/bx/n/8 Method|  
 []


Overfull \hbox (9.01263pt too wide) in paragraph at lines 4314--4314
[]|\T1/lmr/bx/n/8 Score|  
 []


Overfull \hbox (19.40686pt too wide) in paragraph at lines 4314--4315
[]|\T1/lmr/bx/n/8 Method|  
 []


Overfull \hbox (9.01263pt too wide) in paragraph at lines 4333--4333
[]|\T1/lmr/bx/n/8 Score|  
 []


Overfull \hbox (19.40686pt too wide) in paragraph at lines 4333--4334
[]|\T1/lmr/bx/n/8 Method|  
 []


Overfull \hbox (9.01263pt too wide) in paragraph at lines 4352--4352
[]|\T1/lmr/bx/n/8 Score|  
 []


Overfull \hbox (19.40686pt too wide) in paragraph at lines 4352--4353
[]|\T1/lmr/bx/n/8 Method|  
 []

[64]
Overfull \hbox (9.01263pt too wide) in paragraph at lines 4370--4370
[]|\T1/lmr/bx/n/8 Score|  
 []


Overfull \hbox (19.40686pt too wide) in paragraph at lines 4370--4371
[]|\T1/lmr/bx/n/8 Method|  
 []


Overfull \hbox (9.01263pt too wide) in paragraph at lines 4391--4391
[]|\T1/lmr/bx/n/8 Score|  
 []


Overfull \hbox (19.40686pt too wide) in paragraph at lines 4391--4392
[]|\T1/lmr/bx/n/8 Method|  
 []


Overfull \hbox (9.01263pt too wide) in paragraph at lines 4410--4410
[]|\T1/lmr/bx/n/8 Score|  
 []


Overfull \hbox (19.40686pt too wide) in paragraph at lines 4410--4411
[]|\T1/lmr/bx/n/8 Method|  
 []


Overfull \hbox (9.01263pt too wide) in paragraph at lines 4429--4429
[]|\T1/lmr/bx/n/8 Score|  
 []


Overfull \hbox (19.40686pt too wide) in paragraph at lines 4429--4430
[]|\T1/lmr/bx/n/8 Method|  
 []


ignored: Infinite glue shrinkage found in box being split [65]
Overfull \hbox (9.01263pt too wide) in paragraph at lines 4449--4449
[]|\T1/lmr/bx/n/8 Score|  
 []


Overfull \hbox (19.40686pt too wide) in paragraph at lines 4449--4450
[]|\T1/lmr/bx/n/8 Method|  
 []


Overfull \hbox (9.01263pt too wide) in paragraph at lines 4467--4467
[]|\T1/lmr/bx/n/8 Score|  
 []


Overfull \hbox (19.40686pt too wide) in paragraph at lines 4467--4468
[]|\T1/lmr/bx/n/8 Method|  
 []


Overfull \hbox (9.01263pt too wide) in paragraph at lines 4486--4486
[]|\T1/lmr/bx/n/8 Score|  
 []


Overfull \hbox (19.40686pt too wide) in paragraph at lines 4486--4487
[]|\T1/lmr/bx/n/8 Method|  
 []


Overfull \hbox (9.01263pt too wide) in paragraph at lines 4504--4504
[]|\T1/lmr/bx/n/8 Score|  
 []


Overfull \hbox (19.40686pt too wide) in paragraph at lines 4504--4505
[]|\T1/lmr/bx/n/8 Method|  
 []

[66]
Overfull \hbox (9.01263pt too wide) in paragraph at lines 4522--4522
[]|\T1/lmr/bx/n/8 Score|  
 []


Overfull \hbox (19.40686pt too wide) in paragraph at lines 4522--4523
[]|\T1/lmr/bx/n/8 Method|  
 []


Overfull \hbox (9.01263pt too wide) in paragraph at lines 4540--4540
[]|\T1/lmr/bx/n/8 Score|  
 []


Overfull \hbox (19.40686pt too wide) in paragraph at lines 4540--4541
[]|\T1/lmr/bx/n/8 Method|  
 []


Overfull \hbox (1.62512pt too wide) in paragraph at lines 4558--4558
\T1/lmr/bx/n/8 (given)|  
 []


Overfull \hbox (1.62512pt too wide) in paragraph at lines 4558--4558
\T1/lmr/bx/n/8 (given)|  
 []


Overfull \hbox (1.62512pt too wide) in paragraph at lines 4577--4577
\T1/lmr/bx/n/8 (given)|  
 []


Overfull \hbox (1.62512pt too wide) in paragraph at lines 4577--4577
\T1/lmr/bx/n/8 (given)|  
 []

[67]
Overfull \hbox (1.62512pt too wide) in paragraph at lines 4596--4596
\T1/lmr/bx/n/8 (given)|  
 []


Overfull \hbox (1.62512pt too wide) in paragraph at lines 4596--4596
\T1/lmr/bx/n/8 (given)|  
 []


Overfull \hbox (1.62512pt too wide) in paragraph at lines 4615--4615
\T1/lmr/bx/n/8 (given)|  
 []


Overfull \hbox (1.62512pt too wide) in paragraph at lines 4615--4615
\T1/lmr/bx/n/8 (given)|  
 []


Overfull \hbox (1.62512pt too wide) in paragraph at lines 4633--4633
\T1/lmr/bx/n/8 (given)|  
 []


Overfull \hbox (1.62512pt too wide) in paragraph at lines 4633--4633
\T1/lmr/bx/n/8 (given)|  
 []


Overfull \hbox (1.62512pt too wide) in paragraph at lines 4651--4651
\T1/lmr/bx/n/8 (given)|  
 []


Overfull \hbox (1.62512pt too wide) in paragraph at lines 4651--4651
\T1/lmr/bx/n/8 (given)|  
 []


Overfull \hbox (1.62512pt too wide) in paragraph at lines 4671--4671
\T1/lmr/bx/n/8 (given)|  
 []


Overfull \hbox (1.62512pt too wide) in paragraph at lines 4671--4671
\T1/lmr/bx/n/8 (given)|  
 []

[68]
Overfull \hbox (1.62512pt too wide) in paragraph at lines 4690--4690
\T1/lmr/bx/n/8 (given)|  
 []


Overfull \hbox (1.62512pt too wide) in paragraph at lines 4690--4690
\T1/lmr/bx/n/8 (given)|  
 []


Overfull \hbox (9.01263pt too wide) in paragraph at lines 4707--4707
[]|\T1/lmr/bx/n/8 Score|  
 []


Overfull \hbox (19.40686pt too wide) in paragraph at lines 4707--4708
[]|\T1/lmr/bx/n/8 Method|  
 []


Overfull \hbox (9.01263pt too wide) in paragraph at lines 4725--4725
[]|\T1/lmr/bx/n/8 Score|  
 []


Overfull \hbox (19.40686pt too wide) in paragraph at lines 4725--4726
[]|\T1/lmr/bx/n/8 Method|  
 []


ignored: Infinite glue shrinkage found in box being split [69]
Overfull \hbox (9.01263pt too wide) in paragraph at lines 4745--4745
[]|\T1/lmr/bx/n/8 Score|  
 []


Overfull \hbox (19.40686pt too wide) in paragraph at lines 4745--4746
[]|\T1/lmr/bx/n/8 Method|  
 []


Overfull \hbox (9.01263pt too wide) in paragraph at lines 4762--4762
[]|\T1/lmr/bx/n/8 Score|  
 []


Overfull \hbox (19.40686pt too wide) in paragraph at lines 4762--4763
[]|\T1/lmr/bx/n/8 Method|  
 []


Overfull \hbox (19.40686pt too wide) in paragraph at lines 4799--4800
[]|\T1/lmr/bx/n/8 Method|  
 []


ignored: Infinite glue shrinkage found in box being split [70]
Overfull \hbox (9.01263pt too wide) in paragraph at lines 4828--4829
[]|\T1/lmr/bx/n/8 Score 
 []


Overfull \hbox (15.8515pt too wide) in paragraph at lines 4828--4829
\T1/lmr/bx/n/8 (given)|  
 []

[71]
Overfull \hbox (19.40686pt too wide) in paragraph at lines 4856--4857
[]|\T1/lmr/bx/n/8 Method|  
 []


Overfull \hbox (9.01263pt too wide) in paragraph at lines 4883--4884
[]|\T1/lmr/bx/n/8 Score 
 []


Overfull \hbox (15.8515pt too wide) in paragraph at lines 4883--4884
\T1/lmr/bx/n/8 (given)|  
 []


Overfull \hbox (19.40686pt too wide) in paragraph at lines 4911--4912
[]|\T1/lmr/bx/n/8 Method|  
 []

[72]
Overfull \hbox (19.40686pt too wide) in paragraph at lines 4945--4946
[]|\T1/lmr/bx/n/8 Method|  
 []


ignored: Infinite glue shrinkage found in box being split [73]
Overfull \hbox (19.40686pt too wide) in paragraph at lines 4978--4979
[]|\T1/lmr/bx/n/8 Method|  
 []


Overfull \hbox (19.40686pt too wide) in paragraph at lines 5017--5018
[]|\T1/lmr/bx/n/8 Method|  
 []


ignored: Infinite glue shrinkage found in box being split [74]

Package hyperref Warning: Suppressing link with empty target on input line 5041.


Overfull \hbox (9.01263pt too wide) in paragraph at lines 5048--5048
[]|\T1/lmr/bx/n/8 Score|  
 []


Overfull \hbox (19.40686pt too wide) in paragraph at lines 5048--5049
[]|\T1/lmr/bx/n/8 Method|  
 []


Overfull \hbox (19.40686pt too wide) in paragraph at lines 5067--5068
[]|\T1/lmr/bx/n/8 Method|  
 []


Overfull \hbox (19.40686pt too wide) in paragraph at lines 5100--5101
[]|\T1/lmr/bx/n/8 Method|  
 []

[75]
Overfull \hbox (1.62512pt too wide) in paragraph at lines 5132--5132
\T1/lmr/bx/n/8 (given)|  
 []


Overfull \hbox (1.62512pt too wide) in paragraph at lines 5132--5132
\T1/lmr/bx/n/8 (given)|  
 []


Overfull \hbox (1.62512pt too wide) in paragraph at lines 5151--5151
\T1/lmr/bx/n/8 (given)|  
 []


Overfull \hbox (1.62512pt too wide) in paragraph at lines 5151--5151
\T1/lmr/bx/n/8 (given)|  
 []


Overfull \hbox (1.29726pt too wide) in paragraph at lines 5153--5153
[]|\T1/lmr/m/n/8 1000000|  
 []


Overfull \hbox (19.40686pt too wide) in paragraph at lines 5172--5173
[]|\T1/lmr/bx/n/8 Method|  
 []

[76]
Overfull \hbox (9.01263pt too wide) in paragraph at lines 5199--5200
[]|\T1/lmr/bx/n/8 Score 
 []


Overfull \hbox (15.8515pt too wide) in paragraph at lines 5199--5200
\T1/lmr/bx/n/8 (given)|  
 []


Overfull \hbox (9.01263pt too wide) in paragraph at lines 5218--5218
[]|\T1/lmr/bx/n/8 Score|  
 []


Overfull \hbox (19.40686pt too wide) in paragraph at lines 5218--5219
[]|\T1/lmr/bx/n/8 Method|  
 []


Overfull \hbox (19.40686pt too wide) in paragraph at lines 5238--5239
[]|\T1/lmr/bx/n/8 Method|  
 []

[77]
Overfull \hbox (9.01263pt too wide) in paragraph at lines 5272--5272
[]|\T1/lmr/bx/n/8 Score|  
 []


Overfull \hbox (19.40686pt too wide) in paragraph at lines 5272--5273
[]|\T1/lmr/bx/n/8 Method|  
 []


Overfull \hbox (9.01263pt too wide) in paragraph at lines 5292--5292
[]|\T1/lmr/bx/n/8 Score|  
 []


Overfull \hbox (19.40686pt too wide) in paragraph at lines 5292--5293
[]|\T1/lmr/bx/n/8 Method|  
 []


Overfull \hbox (9.01263pt too wide) in paragraph at lines 5313--5313
[]|\T1/lmr/bx/n/8 Score|  
 []


Overfull \hbox (19.40686pt too wide) in paragraph at lines 5313--5314
[]|\T1/lmr/bx/n/8 Method|  
 []

[78]
Overfull \hbox (9.01263pt too wide) in paragraph at lines 5334--5334
[]|\T1/lmr/bx/n/8 Score|  
 []


Overfull \hbox (19.40686pt too wide) in paragraph at lines 5334--5335
[]|\T1/lmr/bx/n/8 Method|  
 []


Overfull \hbox (9.01263pt too wide) in paragraph at lines 5351--5351
[]|\T1/lmr/bx/n/8 Score|  
 []


Overfull \hbox (19.40686pt too wide) in paragraph at lines 5351--5352
[]|\T1/lmr/bx/n/8 Method|  
 []


Overfull \hbox (9.01263pt too wide) in paragraph at lines 5370--5370
[]|\T1/lmr/bx/n/8 Score|  
 []


Overfull \hbox (9.01263pt too wide) in paragraph at lines 5391--5391
[]|\T1/lmr/bx/n/8 Score|  
 []


Overfull \hbox (19.40686pt too wide) in paragraph at lines 5391--5392
[]|\T1/lmr/bx/n/8 Method|  
 []

[79]
Overfull \hbox (9.01263pt too wide) in paragraph at lines 5410--5410
[]|\T1/lmr/bx/n/8 Score|  
 []


Overfull \hbox (19.40686pt too wide) in paragraph at lines 5410--5411
[]|\T1/lmr/bx/n/8 Method|  
 []


Overfull \hbox (9.01263pt too wide) in paragraph at lines 5429--5429
[]|\T1/lmr/bx/n/8 Score|  
 []


Overfull \hbox (19.40686pt too wide) in paragraph at lines 5429--5430
[]|\T1/lmr/bx/n/8 Method|  
 []


Overfull \hbox (9.01263pt too wide) in paragraph at lines 5448--5448
[]|\T1/lmr/bx/n/8 Score|  
 []


Overfull \hbox (19.40686pt too wide) in paragraph at lines 5448--5449
[]|\T1/lmr/bx/n/8 Method|  
 []


Overfull \hbox (9.01263pt too wide) in paragraph at lines 5466--5466
[]|\T1/lmr/bx/n/8 Score|  
 []


Overfull \hbox (19.40686pt too wide) in paragraph at lines 5466--5467
[]|\T1/lmr/bx/n/8 Method|  
 []

[80]
Overfull \hbox (9.01263pt too wide) in paragraph at lines 5487--5487
[]|\T1/lmr/bx/n/8 Score|  
 []


Overfull \hbox (19.40686pt too wide) in paragraph at lines 5487--5488
[]|\T1/lmr/bx/n/8 Method|  
 []


Overfull \hbox (9.01263pt too wide) in paragraph at lines 5506--5506
[]|\T1/lmr/bx/n/8 Score|  
 []


Overfull \hbox (19.40686pt too wide) in paragraph at lines 5506--5507
[]|\T1/lmr/bx/n/8 Method|  
 []


Overfull \hbox (9.01263pt too wide) in paragraph at lines 5525--5525
[]|\T1/lmr/bx/n/8 Score|  
 []


Overfull \hbox (19.40686pt too wide) in paragraph at lines 5525--5526
[]|\T1/lmr/bx/n/8 Method|  
 []


Overfull \hbox (9.01263pt too wide) in paragraph at lines 5544--5544
[]|\T1/lmr/bx/n/8 Score|  
 []


Overfull \hbox (19.40686pt too wide) in paragraph at lines 5544--5545
[]|\T1/lmr/bx/n/8 Method|  
 []


Overfull \hbox (9.01263pt too wide) in paragraph at lines 5562--5562
[]|\T1/lmr/bx/n/8 Score|  
 []


Overfull \hbox (19.40686pt too wide) in paragraph at lines 5562--5563
[]|\T1/lmr/bx/n/8 Method|  
 []

[81]
Overfull \hbox (9.01263pt too wide) in paragraph at lines 5581--5581
[]|\T1/lmr/bx/n/8 Score|  
 []


Overfull \hbox (19.40686pt too wide) in paragraph at lines 5581--5582
[]|\T1/lmr/bx/n/8 Method|  
 []


Overfull \hbox (9.01263pt too wide) in paragraph at lines 5599--5599
[]|\T1/lmr/bx/n/8 Score|  
 []


Overfull \hbox (19.40686pt too wide) in paragraph at lines 5599--5600
[]|\T1/lmr/bx/n/8 Method|  
 []


Overfull \hbox (9.01263pt too wide) in paragraph at lines 5617--5617
[]|\T1/lmr/bx/n/8 Score|  
 []


Overfull \hbox (19.40686pt too wide) in paragraph at lines 5617--5618
[]|\T1/lmr/bx/n/8 Method|  
 []


Overfull \hbox (9.01263pt too wide) in paragraph at lines 5635--5635
[]|\T1/lmr/bx/n/8 Score|  
 []


Overfull \hbox (19.40686pt too wide) in paragraph at lines 5635--5636
[]|\T1/lmr/bx/n/8 Method|  
 []


ignored: Infinite glue shrinkage found in box being split [82]
Overfull \hbox (1.62512pt too wide) in paragraph at lines 5653--5653
\T1/lmr/bx/n/8 (given)|  
 []


Overfull \hbox (1.62512pt too wide) in paragraph at lines 5653--5653
\T1/lmr/bx/n/8 (given)|  
 []


Overfull \hbox (1.62512pt too wide) in paragraph at lines 5672--5672
\T1/lmr/bx/n/8 (given)|  
 []


Overfull \hbox (1.62512pt too wide) in paragraph at lines 5672--5672
\T1/lmr/bx/n/8 (given)|  
 []


Overfull \hbox (1.62512pt too wide) in paragraph at lines 5691--5691
\T1/lmr/bx/n/8 (given)|  
 []


Overfull \hbox (1.62512pt too wide) in paragraph at lines 5691--5691
\T1/lmr/bx/n/8 (given)|  
 []


Overfull \hbox (1.62512pt too wide) in paragraph at lines 5710--5710
\T1/lmr/bx/n/8 (given)|  
 []


Overfull \hbox (1.62512pt too wide) in paragraph at lines 5710--5710
\T1/lmr/bx/n/8 (given)|  
 []


ignored: Infinite glue shrinkage found in box being split [83]
Overfull \hbox (1.62512pt too wide) in paragraph at lines 5728--5728
\T1/lmr/bx/n/8 (given)|  
 []


Overfull \hbox (1.62512pt too wide) in paragraph at lines 5728--5728
\T1/lmr/bx/n/8 (given)|  
 []


Overfull \hbox (1.62512pt too wide) in paragraph at lines 5746--5746
\T1/lmr/bx/n/8 (given)|  
 []


Overfull \hbox (1.62512pt too wide) in paragraph at lines 5746--5746
\T1/lmr/bx/n/8 (given)|  
 []


Overfull \hbox (1.62512pt too wide) in paragraph at lines 5766--5766
\T1/lmr/bx/n/8 (given)|  
 []


Overfull \hbox (1.62512pt too wide) in paragraph at lines 5766--5766
\T1/lmr/bx/n/8 (given)|  
 []


Overfull \hbox (1.62512pt too wide) in paragraph at lines 5786--5786
\T1/lmr/bx/n/8 (given)|  
 []


Overfull \hbox (1.62512pt too wide) in paragraph at lines 5786--5786
\T1/lmr/bx/n/8 (given)|  
 []

[84]
Overfull \hbox (9.01263pt too wide) in paragraph at lines 5803--5803
[]|\T1/lmr/bx/n/8 Score|  
 []


Overfull \hbox (19.40686pt too wide) in paragraph at lines 5803--5804
[]|\T1/lmr/bx/n/8 Method|  
 []


Overfull \hbox (9.01263pt too wide) in paragraph at lines 5821--5821
[]|\T1/lmr/bx/n/8 Score|  
 []


Overfull \hbox (19.40686pt too wide) in paragraph at lines 5821--5822
[]|\T1/lmr/bx/n/8 Method|  
 []


Overfull \hbox (9.01263pt too wide) in paragraph at lines 5841--5841
[]|\T1/lmr/bx/n/8 Score|  
 []


Overfull \hbox (19.40686pt too wide) in paragraph at lines 5841--5842
[]|\T1/lmr/bx/n/8 Method|  
 []


Overfull \hbox (9.01263pt too wide) in paragraph at lines 5858--5858
[]|\T1/lmr/bx/n/8 Score|  
 []


Overfull \hbox (19.40686pt too wide) in paragraph at lines 5858--5859
[]|\T1/lmr/bx/n/8 Method|  
 []


ignored: Infinite glue shrinkage found in box being split [85]
Overfull \hbox (19.40686pt too wide) in paragraph at lines 5896--5897
[]|\T1/lmr/bx/n/8 Method|  
 []


ignored: Infinite glue shrinkage found in box being split [86]
Overfull \hbox (9.01263pt too wide) in paragraph at lines 5925--5926
[]|\T1/lmr/bx/n/8 Score 
 []


Overfull \hbox (15.8515pt too wide) in paragraph at lines 5925--5926
\T1/lmr/bx/n/8 (given)|  
 []


Overfull \hbox (19.40686pt too wide) in paragraph at lines 5947--5948
[]|\T1/lmr/bx/n/8 Method|  
 []


Overfull \hbox (9.01263pt too wide) in paragraph at lines 5974--5975
[]|\T1/lmr/bx/n/8 Score 
 []


Overfull \hbox (15.8515pt too wide) in paragraph at lines 5974--5975
\T1/lmr/bx/n/8 (given)|  
 []


ignored: Infinite glue shrinkage found in box being split [87]
Overfull \hbox (19.40686pt too wide) in paragraph at lines 5996--5997
[]|\T1/lmr/bx/n/8 Method|  
 []


Overfull \hbox (19.40686pt too wide) in paragraph at lines 6030--6031
[]|\T1/lmr/bx/n/8 Method|  
 []


ignored: Infinite glue shrinkage found in box being split [88]
Overfull \hbox (19.40686pt too wide) in paragraph at lines 6063--6064
[]|\T1/lmr/bx/n/8 Method|  
 []


Overfull \hbox (19.40686pt too wide) in paragraph at lines 6103--6104
[]|\T1/lmr/bx/n/8 Method|  
 []


ignored: Infinite glue shrinkage found in box being split [89]

Package hyperref Warning: Suppressing link with empty target on input line 6127.


Overfull \hbox (9.01263pt too wide) in paragraph at lines 6134--6134
[]|\T1/lmr/bx/n/8 Score|  
 []


Overfull \hbox (19.40686pt too wide) in paragraph at lines 6134--6135
[]|\T1/lmr/bx/n/8 Method|  
 []


Overfull \hbox (19.40686pt too wide) in paragraph at lines 6153--6154
[]|\T1/lmr/bx/n/8 Method|  
 []


ignored: Infinite glue shrinkage found in box being split [90]
Overfull \hbox (19.40686pt too wide) in paragraph at lines 6186--6187
[]|\T1/lmr/bx/n/8 Method|  
 []


Overfull \hbox (1.62512pt too wide) in paragraph at lines 6218--6218
\T1/lmr/bx/n/8 (given)|  
 []


Overfull \hbox (1.62512pt too wide) in paragraph at lines 6218--6218
\T1/lmr/bx/n/8 (given)|  
 []


Overfull \hbox (1.62512pt too wide) in paragraph at lines 6239--6239
\T1/lmr/bx/n/8 (given)|  
 []


Overfull \hbox (1.62512pt too wide) in paragraph at lines 6239--6239
\T1/lmr/bx/n/8 (given)|  
 []

[91]
Overfull \hbox (19.40686pt too wide) in paragraph at lines 6260--6261
[]|\T1/lmr/bx/n/8 Method|  
 []


Overfull \hbox (9.01263pt too wide) in paragraph at lines 6290--6290
[]|\T1/lmr/bx/n/8 Score|  
 []


Overfull \hbox (19.40686pt too wide) in paragraph at lines 6290--6291
[]|\T1/lmr/bx/n/8 Method|  
 []


Overfull \hbox (19.40686pt too wide) in paragraph at lines 6310--6311
[]|\T1/lmr/bx/n/8 Method|  
 []

[92]
Overfull \hbox (9.01263pt too wide) in paragraph at lines 6344--6344
[]|\T1/lmr/bx/n/8 Score|  
 []


Overfull \hbox (19.40686pt too wide) in paragraph at lines 6344--6345
[]|\T1/lmr/bx/n/8 Method|  
 []


Overfull \hbox (9.01263pt too wide) in paragraph at lines 6364--6364
[]|\T1/lmr/bx/n/8 Score|  
 []


Overfull \hbox (19.40686pt too wide) in paragraph at lines 6364--6365
[]|\T1/lmr/bx/n/8 Method|  
 []


Overfull \hbox (9.01263pt too wide) in paragraph at lines 6385--6385
[]|\T1/lmr/bx/n/8 Score|  
 []


Overfull \hbox (19.40686pt too wide) in paragraph at lines 6385--6386
[]|\T1/lmr/bx/n/8 Method|  
 []

[93]
Overfull \hbox (9.01263pt too wide) in paragraph at lines 6406--6406
[]|\T1/lmr/bx/n/8 Score|  
 []


Overfull \hbox (19.40686pt too wide) in paragraph at lines 6406--6407
[]|\T1/lmr/bx/n/8 Method|  
 []


Overfull \hbox (9.01263pt too wide) in paragraph at lines 6423--6423
[]|\T1/lmr/bx/n/8 Score|  
 []


Overfull \hbox (19.40686pt too wide) in paragraph at lines 6423--6424
[]|\T1/lmr/bx/n/8 Method|  
 []


Overfull \hbox (9.01263pt too wide) in paragraph at lines 6442--6442
[]|\T1/lmr/bx/n/8 Score|  
 []


Overfull \hbox (9.01263pt too wide) in paragraph at lines 6463--6463
[]|\T1/lmr/bx/n/8 Score|  
 []


Overfull \hbox (19.40686pt too wide) in paragraph at lines 6463--6464
[]|\T1/lmr/bx/n/8 Method|  
 []

[94]
Overfull \hbox (9.01263pt too wide) in paragraph at lines 6482--6482
[]|\T1/lmr/bx/n/8 Score|  
 []


Overfull \hbox (19.40686pt too wide) in paragraph at lines 6482--6483
[]|\T1/lmr/bx/n/8 Method|  
 []


Overfull \hbox (9.01263pt too wide) in paragraph at lines 6501--6501
[]|\T1/lmr/bx/n/8 Score|  
 []


Overfull \hbox (19.40686pt too wide) in paragraph at lines 6501--6502
[]|\T1/lmr/bx/n/8 Method|  
 []


Overfull \hbox (9.01263pt too wide) in paragraph at lines 6520--6520
[]|\T1/lmr/bx/n/8 Score|  
 []


Overfull \hbox (19.40686pt too wide) in paragraph at lines 6520--6521
[]|\T1/lmr/bx/n/8 Method|  
 []


Overfull \hbox (9.01263pt too wide) in paragraph at lines 6538--6538
[]|\T1/lmr/bx/n/8 Score|  
 []


Overfull \hbox (19.40686pt too wide) in paragraph at lines 6538--6539
[]|\T1/lmr/bx/n/8 Method|  
 []

[95]
Overfull \hbox (9.01263pt too wide) in paragraph at lines 6559--6559
[]|\T1/lmr/bx/n/8 Score|  
 []


Overfull \hbox (19.40686pt too wide) in paragraph at lines 6559--6560
[]|\T1/lmr/bx/n/8 Method|  
 []


Overfull \hbox (9.01263pt too wide) in paragraph at lines 6578--6578
[]|\T1/lmr/bx/n/8 Score|  
 []


Overfull \hbox (19.40686pt too wide) in paragraph at lines 6578--6579
[]|\T1/lmr/bx/n/8 Method|  
 []


Overfull \hbox (9.01263pt too wide) in paragraph at lines 6597--6597
[]|\T1/lmr/bx/n/8 Score|  
 []


Overfull \hbox (19.40686pt too wide) in paragraph at lines 6597--6598
[]|\T1/lmr/bx/n/8 Method|  
 []


Overfull \hbox (9.01263pt too wide) in paragraph at lines 6616--6616
[]|\T1/lmr/bx/n/8 Score|  
 []


Overfull \hbox (19.40686pt too wide) in paragraph at lines 6616--6617
[]|\T1/lmr/bx/n/8 Method|  
 []

[96]
Overfull \hbox (9.01263pt too wide) in paragraph at lines 6634--6634
[]|\T1/lmr/bx/n/8 Score|  
 []


Overfull \hbox (19.40686pt too wide) in paragraph at lines 6634--6635
[]|\T1/lmr/bx/n/8 Method|  
 []


Overfull \hbox (9.01263pt too wide) in paragraph at lines 6653--6653
[]|\T1/lmr/bx/n/8 Score|  
 []


Overfull \hbox (19.40686pt too wide) in paragraph at lines 6653--6654
[]|\T1/lmr/bx/n/8 Method|  
 []


Overfull \hbox (9.01263pt too wide) in paragraph at lines 6671--6671
[]|\T1/lmr/bx/n/8 Score|  
 []


Overfull \hbox (19.40686pt too wide) in paragraph at lines 6671--6672
[]|\T1/lmr/bx/n/8 Method|  
 []


Overfull \hbox (9.01263pt too wide) in paragraph at lines 6689--6689
[]|\T1/lmr/bx/n/8 Score|  
 []


Overfull \hbox (19.40686pt too wide) in paragraph at lines 6689--6690
[]|\T1/lmr/bx/n/8 Method|  
 []


Overfull \hbox (9.01263pt too wide) in paragraph at lines 6707--6707
[]|\T1/lmr/bx/n/8 Score|  
 []


Overfull \hbox (19.40686pt too wide) in paragraph at lines 6707--6708
[]|\T1/lmr/bx/n/8 Method|  
 []

[97]
Overfull \hbox (1.62512pt too wide) in paragraph at lines 6725--6725
\T1/lmr/bx/n/8 (given)|  
 []


Overfull \hbox (1.62512pt too wide) in paragraph at lines 6725--6725
\T1/lmr/bx/n/8 (given)|  
 []


Overfull \hbox (1.62512pt too wide) in paragraph at lines 6744--6744
\T1/lmr/bx/n/8 (given)|  
 []


Overfull \hbox (1.62512pt too wide) in paragraph at lines 6744--6744
\T1/lmr/bx/n/8 (given)|  
 []


Overfull \hbox (17.3523pt too wide) in paragraph at lines 6746--6747
[]|\T1/lmr/m/n/8 Million_sek_season|  
 []


Overfull \hbox (1.62512pt too wide) in paragraph at lines 6763--6763
\T1/lmr/bx/n/8 (given)|  
 []


Overfull \hbox (1.62512pt too wide) in paragraph at lines 6763--6763
\T1/lmr/bx/n/8 (given)|  
 []


ignored: Infinite glue shrinkage found in box being split [98]
Overfull \hbox (1.62512pt too wide) in paragraph at lines 6782--6782
\T1/lmr/bx/n/8 (given)|  
 []


Overfull \hbox (1.62512pt too wide) in paragraph at lines 6782--6782
\T1/lmr/bx/n/8 (given)|  
 []


Overfull \hbox (1.62512pt too wide) in paragraph at lines 6800--6800
\T1/lmr/bx/n/8 (given)|  
 []


Overfull \hbox (1.62512pt too wide) in paragraph at lines 6800--6800
\T1/lmr/bx/n/8 (given)|  
 []


Overfull \hbox (1.62512pt too wide) in paragraph at lines 6818--6818
\T1/lmr/bx/n/8 (given)|  
 []


Overfull \hbox (1.62512pt too wide) in paragraph at lines 6818--6818
\T1/lmr/bx/n/8 (given)|  
 []

[99]
Overfull \hbox (1.62512pt too wide) in paragraph at lines 6838--6838
\T1/lmr/bx/n/8 (given)|  
 []


Overfull \hbox (1.62512pt too wide) in paragraph at lines 6838--6838
\T1/lmr/bx/n/8 (given)|  
 []


Overfull \hbox (1.62512pt too wide) in paragraph at lines 6857--6857
\T1/lmr/bx/n/8 (given)|  
 []


Overfull \hbox (1.62512pt too wide) in paragraph at lines 6857--6857
\T1/lmr/bx/n/8 (given)|  
 []


Overfull \hbox (9.01263pt too wide) in paragraph at lines 6874--6874
[]|\T1/lmr/bx/n/8 Score|  
 []


Overfull \hbox (19.40686pt too wide) in paragraph at lines 6874--6875
[]|\T1/lmr/bx/n/8 Method|  
 []


Overfull \hbox (9.01263pt too wide) in paragraph at lines 6892--6892
[]|\T1/lmr/bx/n/8 Score|  
 []


Overfull \hbox (19.40686pt too wide) in paragraph at lines 6892--6893
[]|\T1/lmr/bx/n/8 Method|  
 []


ignored: Infinite glue shrinkage found in box being split [100]
Overfull \hbox (9.01263pt too wide) in paragraph at lines 6912--6912
[]|\T1/lmr/bx/n/8 Score|  
 []


Overfull \hbox (19.40686pt too wide) in paragraph at lines 6912--6913
[]|\T1/lmr/bx/n/8 Method|  
 []


Overfull \hbox (9.01263pt too wide) in paragraph at lines 6929--6929
[]|\T1/lmr/bx/n/8 Score|  
 []


Overfull \hbox (19.40686pt too wide) in paragraph at lines 6929--6930
[]|\T1/lmr/bx/n/8 Method|  
 []


Overfull \hbox (19.40686pt too wide) in paragraph at lines 6969--6970
[]|\T1/lmr/bx/n/8 Method|  
 []


ignored: Infinite glue shrinkage found in box being split [101]
Overfull \hbox (9.01263pt too wide) in paragraph at lines 6998--6999
[]|\T1/lmr/bx/n/8 Score 
 []


Overfull \hbox (15.8515pt too wide) in paragraph at lines 6998--6999
\T1/lmr/bx/n/8 (given)|  
 []


Overfull \hbox (19.40686pt too wide) in paragraph at lines 7020--7021
[]|\T1/lmr/bx/n/8 Method|  
 []


ignored: Infinite glue shrinkage found in box being split [102]
Overfull \hbox (9.01263pt too wide) in paragraph at lines 7047--7048
[]|\T1/lmr/bx/n/8 Score 
 []


Overfull \hbox (15.8515pt too wide) in paragraph at lines 7047--7048
\T1/lmr/bx/n/8 (given)|  
 []


Overfull \hbox (19.40686pt too wide) in paragraph at lines 7069--7070
[]|\T1/lmr/bx/n/8 Method|  
 []


ignored: Infinite glue shrinkage found in box being split [103]
Overfull \hbox (19.40686pt too wide) in paragraph at lines 7103--7104
[]|\T1/lmr/bx/n/8 Method|  
 []


Overfull \hbox (9.01263pt too wide) in paragraph at lines 7130--7131
[]|\T1/lmr/bx/n/8 Score 
 []


Overfull \hbox (15.8515pt too wide) in paragraph at lines 7130--7131
\T1/lmr/bx/n/8 (given)|  
 []

[104]
Overfull \hbox (19.40686pt too wide) in paragraph at lines 7154--7155
[]|\T1/lmr/bx/n/8 Method|  
 []


Overfull \hbox (19.40686pt too wide) in paragraph at lines 7187--7188
[]|\T1/lmr/bx/n/8 Method|  
 []


ignored: Infinite glue shrinkage found in box being split [105]

Package hyperref Warning: Suppressing link with empty target on input line 7211.


Overfull \hbox (9.01263pt too wide) in paragraph at lines 7218--7218
[]|\T1/lmr/bx/n/8 Score|  
 []


Overfull \hbox (19.40686pt too wide) in paragraph at lines 7218--7219
[]|\T1/lmr/bx/n/8 Method|  
 []


Overfull \hbox (19.40686pt too wide) in paragraph at lines 7237--7238
[]|\T1/lmr/bx/n/8 Method|  
 []


Overfull \hbox (9.01263pt too wide) in paragraph at lines 7264--7265
[]|\T1/lmr/bx/n/8 Score 
 []


Overfull \hbox (15.8515pt too wide) in paragraph at lines 7264--7265
\T1/lmr/bx/n/8 (given)|  
 []


Overfull \hbox (19.40686pt too wide) in paragraph at lines 7286--7287
[]|\T1/lmr/bx/n/8 Method|  
 []

[106]
Overfull \hbox (1.62512pt too wide) in paragraph at lines 7318--7318
\T1/lmr/bx/n/8 (given)|  
 []


Overfull \hbox (1.62512pt too wide) in paragraph at lines 7318--7318
\T1/lmr/bx/n/8 (given)|  
 []


Overfull \hbox (1.62512pt too wide) in paragraph at lines 7337--7337
\T1/lmr/bx/n/8 (given)|  
 []


Overfull \hbox (1.62512pt too wide) in paragraph at lines 7337--7337
\T1/lmr/bx/n/8 (given)|  
 []

[107]
Overfull \hbox (19.40686pt too wide) in paragraph at lines 7358--7359
[]|\T1/lmr/bx/n/8 Method|  
 []


Overfull \hbox (9.01263pt too wide) in paragraph at lines 7388--7388
[]|\T1/lmr/bx/n/8 Score|  
 []


Overfull \hbox (19.40686pt too wide) in paragraph at lines 7388--7389
[]|\T1/lmr/bx/n/8 Method|  
 []


Overfull \hbox (19.40686pt too wide) in paragraph at lines 7408--7409
[]|\T1/lmr/bx/n/8 Method|  
 []

[108]
Overfull \hbox (9.01263pt too wide) in paragraph at lines 7442--7442
[]|\T1/lmr/bx/n/8 Score 
 []


Overfull \hbox (7.73927pt too wide) in paragraph at lines 7442--7442
\T1/lmr/bx/n/8 (self)|  
 []


Overfull \hbox (9.01263pt too wide) in paragraph at lines 7442--7443
[]|\T1/lmr/bx/n/8 Score 
 []


Overfull \hbox (15.8515pt too wide) in paragraph at lines 7442--7443
\T1/lmr/bx/n/8 (given)|  
 []


Overfull \hbox (9.01263pt too wide) in paragraph at lines 7456--7457
[]|\T1/lmr/bx/n/8 Score 
 []


Overfull \hbox (15.8515pt too wide) in paragraph at lines 7456--7457
\T1/lmr/bx/n/8 (given)|  
 []


Overfull \hbox (9.01263pt too wide) in paragraph at lines 7479--7479
[]|\T1/lmr/bx/n/8 Score|  
 []


Overfull \hbox (19.40686pt too wide) in paragraph at lines 7479--7480
[]|\T1/lmr/bx/n/8 Method|  
 []

[109]
Overfull \hbox (9.01263pt too wide) in paragraph at lines 7500--7500
[]|\T1/lmr/bx/n/8 Score|  
 []


Overfull \hbox (19.40686pt too wide) in paragraph at lines 7500--7501
[]|\T1/lmr/bx/n/8 Method|  
 []


Overfull \hbox (9.01263pt too wide) in paragraph at lines 7521--7521
[]|\T1/lmr/bx/n/8 Score|  
 []


Overfull \hbox (19.40686pt too wide) in paragraph at lines 7521--7522
[]|\T1/lmr/bx/n/8 Method|  
 []


Overfull \hbox (9.01263pt too wide) in paragraph at lines 7538--7538
[]|\T1/lmr/bx/n/8 Score|  
 []


Overfull \hbox (19.40686pt too wide) in paragraph at lines 7538--7539
[]|\T1/lmr/bx/n/8 Method|  
 []

[110]
Overfull \hbox (9.01263pt too wide) in paragraph at lines 7557--7557
[]|\T1/lmr/bx/n/8 Score|  
 []


Overfull \hbox (9.01263pt too wide) in paragraph at lines 7578--7578
[]|\T1/lmr/bx/n/8 Score|  
 []


Overfull \hbox (19.40686pt too wide) in paragraph at lines 7578--7579
[]|\T1/lmr/bx/n/8 Method|  
 []


Overfull \hbox (9.01263pt too wide) in paragraph at lines 7597--7597
[]|\T1/lmr/bx/n/8 Score|  
 []


Overfull \hbox (19.40686pt too wide) in paragraph at lines 7597--7598
[]|\T1/lmr/bx/n/8 Method|  
 []


Overfull \hbox (9.01263pt too wide) in paragraph at lines 7616--7616
[]|\T1/lmr/bx/n/8 Score|  
 []


Overfull \hbox (19.40686pt too wide) in paragraph at lines 7616--7617
[]|\T1/lmr/bx/n/8 Method|  
 []

[111]
Overfull \hbox (9.01263pt too wide) in paragraph at lines 7635--7635
[]|\T1/lmr/bx/n/8 Score|  
 []


Overfull \hbox (19.40686pt too wide) in paragraph at lines 7635--7636
[]|\T1/lmr/bx/n/8 Method|  
 []


Overfull \hbox (9.01263pt too wide) in paragraph at lines 7653--7653
[]|\T1/lmr/bx/n/8 Score|  
 []


Overfull \hbox (19.40686pt too wide) in paragraph at lines 7653--7654
[]|\T1/lmr/bx/n/8 Method|  
 []


Overfull \hbox (9.01263pt too wide) in paragraph at lines 7674--7674
[]|\T1/lmr/bx/n/8 Score|  
 []


Overfull \hbox (19.40686pt too wide) in paragraph at lines 7674--7675
[]|\T1/lmr/bx/n/8 Method|  
 []


Overfull \hbox (9.01263pt too wide) in paragraph at lines 7693--7693
[]|\T1/lmr/bx/n/8 Score|  
 []


Overfull \hbox (19.40686pt too wide) in paragraph at lines 7693--7694
[]|\T1/lmr/bx/n/8 Method|  
 []


Overfull \hbox (9.01263pt too wide) in paragraph at lines 7712--7712
[]|\T1/lmr/bx/n/8 Score|  
 []


Overfull \hbox (19.40686pt too wide) in paragraph at lines 7712--7713
[]|\T1/lmr/bx/n/8 Method|  
 []

[112]
Overfull \hbox (9.01263pt too wide) in paragraph at lines 7731--7731
[]|\T1/lmr/bx/n/8 Score|  
 []


Overfull \hbox (19.40686pt too wide) in paragraph at lines 7731--7732
[]|\T1/lmr/bx/n/8 Method|  
 []


Overfull \hbox (9.01263pt too wide) in paragraph at lines 7749--7749
[]|\T1/lmr/bx/n/8 Score|  
 []


Overfull \hbox (19.40686pt too wide) in paragraph at lines 7749--7750
[]|\T1/lmr/bx/n/8 Method|  
 []


Overfull \hbox (9.01263pt too wide) in paragraph at lines 7768--7768
[]|\T1/lmr/bx/n/8 Score|  
 []


Overfull \hbox (19.40686pt too wide) in paragraph at lines 7768--7769
[]|\T1/lmr/bx/n/8 Method|  
 []


Overfull \hbox (9.01263pt too wide) in paragraph at lines 7786--7786
[]|\T1/lmr/bx/n/8 Score|  
 []


Overfull \hbox (19.40686pt too wide) in paragraph at lines 7786--7787
[]|\T1/lmr/bx/n/8 Method|  
 []

[113]
Overfull \hbox (9.01263pt too wide) in paragraph at lines 7804--7804
[]|\T1/lmr/bx/n/8 Score|  
 []


Overfull \hbox (19.40686pt too wide) in paragraph at lines 7804--7805
[]|\T1/lmr/bx/n/8 Method|  
 []


Overfull \hbox (9.01263pt too wide) in paragraph at lines 7822--7822
[]|\T1/lmr/bx/n/8 Score|  
 []


Overfull \hbox (19.40686pt too wide) in paragraph at lines 7822--7823
[]|\T1/lmr/bx/n/8 Method|  
 []


Overfull \hbox (1.62512pt too wide) in paragraph at lines 7840--7840
\T1/lmr/bx/n/8 (given)|  
 []


Overfull \hbox (1.62512pt too wide) in paragraph at lines 7840--7840
\T1/lmr/bx/n/8 (given)|  
 []


Overfull \hbox (1.62512pt too wide) in paragraph at lines 7859--7859
\T1/lmr/bx/n/8 (given)|  
 []


Overfull \hbox (1.62512pt too wide) in paragraph at lines 7859--7859
\T1/lmr/bx/n/8 (given)|  
 []


ignored: Infinite glue shrinkage found in box being split [114]
Overfull \hbox (1.62512pt too wide) in paragraph at lines 7881--7881
\T1/lmr/bx/n/8 (given)|  
 []


Overfull \hbox (1.62512pt too wide) in paragraph at lines 7881--7881
\T1/lmr/bx/n/8 (given)|  
 []


Overfull \hbox (1.62512pt too wide) in paragraph at lines 7900--7900
\T1/lmr/bx/n/8 (given)|  
 []


Overfull \hbox (1.62512pt too wide) in paragraph at lines 7900--7900
\T1/lmr/bx/n/8 (given)|  
 []


Overfull \hbox (1.62512pt too wide) in paragraph at lines 7918--7918
\T1/lmr/bx/n/8 (given)|  
 []


Overfull \hbox (1.62512pt too wide) in paragraph at lines 7918--7918
\T1/lmr/bx/n/8 (given)|  
 []


Overfull \hbox (1.62512pt too wide) in paragraph at lines 7936--7936
\T1/lmr/bx/n/8 (given)|  
 []


Overfull \hbox (1.62512pt too wide) in paragraph at lines 7936--7936
\T1/lmr/bx/n/8 (given)|  
 []

[115]
Overfull \hbox (1.62512pt too wide) in paragraph at lines 7956--7956
\T1/lmr/bx/n/8 (given)|  
 []


Overfull \hbox (1.62512pt too wide) in paragraph at lines 7956--7956
\T1/lmr/bx/n/8 (given)|  
 []


Overfull \hbox (1.62512pt too wide) in paragraph at lines 7975--7975
\T1/lmr/bx/n/8 (given)|  
 []


Overfull \hbox (1.62512pt too wide) in paragraph at lines 7975--7975
\T1/lmr/bx/n/8 (given)|  
 []


Overfull \hbox (9.01263pt too wide) in paragraph at lines 7992--7992
[]|\T1/lmr/bx/n/8 Score|  
 []


Overfull \hbox (19.40686pt too wide) in paragraph at lines 7992--7993
[]|\T1/lmr/bx/n/8 Method|  
 []

[116]
Overfull \hbox (9.01263pt too wide) in paragraph at lines 8010--8010
[]|\T1/lmr/bx/n/8 Score|  
 []


Overfull \hbox (19.40686pt too wide) in paragraph at lines 8010--8011
[]|\T1/lmr/bx/n/8 Method|  
 []


Overfull \hbox (9.01263pt too wide) in paragraph at lines 8030--8030
[]|\T1/lmr/bx/n/8 Score|  
 []


Overfull \hbox (19.40686pt too wide) in paragraph at lines 8030--8031
[]|\T1/lmr/bx/n/8 Method|  
 []


Overfull \hbox (9.01263pt too wide) in paragraph at lines 8047--8047
[]|\T1/lmr/bx/n/8 Score|  
 []


Overfull \hbox (19.40686pt too wide) in paragraph at lines 8047--8048
[]|\T1/lmr/bx/n/8 Method|  
 []

[117] (./SuppInfo_A.aux)
 ***********
LaTeX2e <2025-11-01>
L3 programming layer <2026-03-20>
 ***********

LaTeX Warning: There were multiply-defined labels.

 ) 
Here is how much of TeX's memory you used:
 15171 strings out of 469339
 232753 string characters out of 5464315
 799035 words of memory out of 5000000
 42950 multiletter control sequences out of 15000+600000
 693863 words of font info for 88 fonts, out of 8000000 for 9000
 14 hyphenation exceptions out of 8191
 89i,11n,93p,743b,612s stack positions out of 10000i,1000n,20000p,200000b,200000s
<c:/Users/eoar0001/AppData/Roaming/TinyTeX/texmf-dist/fonts/type1/public/lm/lmbx10.pfb><c:/Users/eoar0001/AppData/Roaming/TinyTeX/texmf-dist/fonts/type1/public/lm/lmbx12.pfb><c:/Users/eoar0001/AppData/Roaming/TinyTeX/texmf-dist/fonts/type1/public/lm/lmbx7.pfb><c:/Users/eoar0001/AppData/Roaming/TinyTeX/texmf-dist/fonts/type1/public/lm/lmbx8.pfb><c:/Users/eoar0001/AppData/Roaming/TinyTeX/texmf-dist/fonts/type1/public/lm/lmr10.pfb><c:/Users/eoar0001/AppData/Roaming/TinyTeX/texmf-dist/fonts/type1/public/lm/lmr12.pfb><c:/Users/eoar0001/AppData/Roaming/TinyTeX/texmf-dist/fonts/type1/public/lm/lmr17.pfb><c:/Users/eoar0001/AppData/Roaming/TinyTeX/texmf-dist/fonts/type1/public/lm/lmr7.pfb><c:/Users/eoar0001/AppData/Roaming/TinyTeX/texmf-dist/fonts/type1/public/lm/lmr8.pfb><c:/Users/eoar0001/AppData/Roaming/TinyTeX/texmf-dist/fonts/type1/public/lm/lmri10.pfb>
Output written on SuppInfo_A.pdf (117 pages, 522294 bytes).
PDF statistics:
 1459 PDF objects out of 1728 (max. 8388607)
 1304 compressed objects within 14 object streams
 794 named destinations out of 1000 (max. 500000)
 97 words of extra memory for PDF output out of 10000 (max. 10000000)

